H10.0,H10.5,H11.0,H11.5,H12.0,H12.5,H13.0,H13.5,H14.0,H14.5,H15.0,H15.5,H16.0,H16.5,H17.0,H17.5,H18.0,H18.5,H19.0,H19.5,H20.0,H20.5,H21.0,H21.5,H22.0,H22.5,H23.0,H23.5,H24.0,H24.5,H25.0,H25.5,H26.0,H26.5,H27.0,H27.5,H28.0,H28.5,H29.0,H29.5,H30.0,H30.5,H31.0,H31.5,H32.0,H32.5,H33.0,H33.5,H34.0,H34.5,H35.0,H35.5,H36.0,H36.5,H37.0,H37.5,H38.0,H38.5,H39.0,H39.5,H40.0,H40.5,H41.0,H41.5,H42.0,H42.5,H43.0,H43.5,H44.0,H44.5,H45.0,H45.5,H46.0,H46.5,H47.0,H47.5,H48.0,H48.5,H49.0,H49.5,H50.0,H50.5,H51.0,H51.5,H52.0,H52.5,H53.0,H53.5,H54.0,H54.5,H55.0,H55.5,H56.0,H56.5,H57.0,H57.5,H58.0,H58.5,H59.0,H59.5,H60.0,H60.5,H61.0,H61.5,H62.0,H62.5,H63.0,H63.5,H64.0,H64.5,H65.0,H65.5,H66.0,H66.5,H67.0,H67.5,H68.0,H68.5,H69.0,H69.5,H70.0,H70.5,H71.0,H71.5,H72.0,H72.5,H73.0,H73.5,H74.0,H74.5,H75.0,H75.5,H76.0,H76.5,H77.0,H77.5,H78.0,H78.5,H79.0,H79.5,H80.0,H80.5,H81.0,H81.5,H82.0,H82.5,H83.0,H83.5,H84.0,H84.5,H85.0,H85.5,H86.0,H86.5,H87.0,H87.5,H88.0,H88.5,H89.0,H89.5,H90.0,H90.5,H91.0,H91.5,H92.0,H92.5,H93.0,H93.5,H94.0,H94.5,H95.0,H95.5,H96.0,H96.5,H97.0,H97.5,H98.0,H98.5,H99.0,H99.5,H100.0
-2.199818357666e+03,-1.962587436738e+03,-1.759609143431e+03,-1.584764984462e+03,-1.433225115992e+03,-1.301138480973e+03,-1.185406078943e+03,-1.083512905327e+03,-9.934018896167e+02,-9.133782950517e+02,-8.420364805277e+02,-7.782032637736e+02,-7.208937377791e+02,-6.692765197731e+02,-6.226462096380e+02,-5.804014054065e+02,-5.420270363100e+02,-5.070800754298e+02,-4.751779163971e+02,-4.459888640370e+02,-4.192243129727e+02,-3.946322820484e+02,-3.719920439105e+02,-3.511096439281e+02,-3.318141449748e+02,-3.139544675082e+02,-2.973967201129e+02,-2.820219359089e+02,-2.677241462273e+02,-2.544087356699e+02,-2.419910328317e+02,-2.303950991182e+02,-2.195526846624e+02,-2.094023256768e+02,-1.998885619011e+02,-1.909612563474e+02,-1.825750024426e+02,-1.746886060533e+02,-1.672646318503e+02,-1.602690051006e+02,-1.536706613354e+02,-1.474412374719e+02,-1.415547989172e+02,-1.359875979763e+02,-1.307178595560e+02,-1.257255907224e+02,-1.209924111477e+02,-1.165014018861e+02,-1.122369702686e+02,-1.081847289946e+02,-1.043313877567e+02,-1.006646559458e+02,-9.717315517109e+01,-9.384634048852e+01,-9.067442936880e+01,-8.764833755394e+01,-8.475962105478e+01,-8.200042363061e+01,-7.936342916989e+01,-7.684181845871e+01,-7.442922988300e+01,-7.211972366309e+01,-6.990774926422e+01,-6.778811566810e+01,-6.575596422488e+01,-6.380674383622e+01,-6.193618824724e+01,-6.014029524814e+01,-5.841530760732e+01,-5.675769557549e+01,-5.516414081660e+01,-5.363152163537e+01,-5.215689938424e+01,-5.073750594395e+01,-4.937073218228e+01,-4.805411730492e+01,-4.678533902070e+01,-4.556220445110e+01,-4.438264172052e+01,-4.324469216989e+01,-4.214650314184e+01,-4.108632129000e+01,-4.006248636994e+01,-3.907342547259e+01,-3.811764766497e+01,-3.719373900575e+01,-3.630035790650e+01,-3.543623081147e+01,-3.460014817167e+01,-3.379096069049e+01,-3.300757582063e+01,-3.224895449326e+01,-3.151410806218e+01,-3.080209544736e+01,-3.011202046290e+01,-2.944302931643e+01,-2.879430826738e+01,-2.816508143288e+01,-2.755460873085e+01,-2.696218395070e+01,-2.638713294264e+01,-2.582881191755e+01,-2.528660584975e+01,-2.475992697577e+01,-2.424821338248e+01,-2.375092767885e+01,-2.326755574551e+01,-2.279760555729e+01,-2.234060607364e+01,-2.189610619282e+01,-2.146367376556e+01,-2.104289466452e+01,-2.063337190583e+01,-2.023472481970e+01,-1.984658826673e+01,-1.946861189735e+01,-1.910045945154e+01,-1.874180809642e+01,-1.839234779953e+01,-1.805178073543e+01,-1.771982072378e+01,-1.739619269698e+01,-1.708063219565e+01,-1.677288489024e+01,-1.647270612734e+01,-1.617986049919e+01,-1.589412143509e+01,-1.561527081346e+01,-1.534309859339e+01,-1.507740246446e+01,-1.481798751405e+01,-1.456466591093e+01,-1.431725660431e+01,-1.407558503759e+01,-1.383948287586e+01,-1.360878774650e+01,-1.338334299214e+01,-1.316299743535e+01,-1.294760515436e+01,-1.273702526933e+01,-1.253112173852e+01,-1.232976316392e+01,-1.213282260575e+01,-1.194017740553e+01,-1.175170901708e+01,-1.156730284524e+01,-1.138684809173e+01,-1.121023760799e+01,-1.103736775448e+01,-1.086813826618e+01,-1.070245212404e+01,-1.054021543197e+01,-1.038133729921e+01,-1.022572972776e+01,-1.007330750460e+01,-9.923988098541e+00,-9.777691561454e+00,-9.634340433619e+00,-9.493859653080e+00,-9.356176468759e+00,-9.221220357183e+00,-9.088922942637e+00,-8.959217920599e+00,-8.832040984291e+00,-8.707329754215e+00,-8.585023710537e+00,-8.465064128175e+00,-8.347394014492e+00,-8.231958049457e+00,-8.118702528174e+00,-8.007575305670e+00,-7.898525743846e+00,-7.791504660488e+00,-7.686464280258e+00,-7.583358187570e+00,-7.482141281275e+00,-7.382769731072e+00,-7.285200935576e+00,-7.189393481967e+00,-7.095307107161e+00,-7.002902660428e+00
-5.506680734433e+02,-4.912795672351e+02,-4.404646789943e+02,-3.966921378740e+02,-3.587531433923e+02,-3.256838332173e+02,-2.967085503162e+02,-2.711977893273e+02,-2.486366514023e+02,-2.286009209579e+02,-2.107387379234e+02,-1.947564240708e+02,-1.804074255600e+02,-1.674836158739e+02,-1.558084028778e+02,-1.452312265406e+02,-1.356231371513e+02,-1.268732193193e+02,-1.188856827001e+02,-1.115774817822e+02,-1.048763581339e+02,-9.871922198664e+01,-9.305080792958e+01,-8.782255319017e+01,-8.299165760293e+01,-7.852029258106e+01,-7.437493285477e+01,-7.052578980265e+01,-6.694632920626e+01,-6.361285944135e+01,-6.050417866119e+01,-5.760127156875e+01,-5.488704801979e+01,-5.234611703205e+01,-4.996459085962e+01,-4.772991467681e+01,-4.563071814187e+01,-4.365668570771e+01,-4.179844304032e+01,-4.004745731416e+01,-3.839594949364e+01,-3.683681699194e+01,-3.536356534494e+01,-3.397024771296e+01,-3.265141122341e+01,-3.140204928415e+01,-3.021755912703e+01,-2.909370394104e+01,-2.802657904096e+01,-2.701258159126e+01,-2.604838346780e+01,-2.513090689423e+01,-2.425730253590e+01,-2.342492977459e+01,-2.263133892097e+01,-2.187425515221e+01,-2.115156398717e+01,-2.046129813432e+01,-1.980162556682e+01,-1.917083869618e+01,-1.856734453077e+01,-1.798965571746e+01,-1.743638238445e+01,-1.690622469066e+01,-1.639796602823e+01,-1.591046680705e+01,-1.544265876750e+01,-1.499353977166e+01,-1.456216902828e+01,-1.414766271136e+01,-1.374918993612e+01,-1.336596905985e+01,-1.299726427814e+01,-1.264238248991e+01,-1.230067040748e+01,-1.197151188994e+01,-1.165432548046e+01,-1.134856212985e+01,-1.105370309068e+01,-1.076925796737e+01,-1.049476290934e+01,-1.022977893545e+01,-9.973890379352e+00,-9.726703444916e+00,-9.487844864240e+00,-9.256960649349e+00,-9.033714930452e+00,-8.817788874008e+00,-8.608879674447e+00,-8.406699613951e+00,-8.210975185126e+00,-8.021446271864e+00,-7.837865384057e+00,-7.659996942208e+00,-7.487616608288e+00,-7.320510659477e+00,-7.158475401724e+00,-7.001316620277e+00,-6.848849064572e+00,-6.700895965067e+00,-6.557288579806e+00,-6.417865768629e+00,-6.282473593283e+00,-6.150964941368e+00,-6.023199172826e+00,-5.899041787299e+00,-5.778364111023e+00,-5.661043001940e+00,-5.546960571864e+00,-5.436003924586e+00,-5.328064908885e+00,-5.223039885497e+00,-5.120829507162e+00,-5.021338510915e+00,-4.924475521862e+00,-4.830152867728e+00,-4.738286403507e+00,-4.648795345603e+00,-4.561602114884e+00,-4.476632188101e+00,-4.393813957190e+00,-4.313078595953e+00,-4.234359933775e+00,-4.157594335796e+00,-4.082720589318e+00,-4.009679796026e+00,-3.938415269679e+00,-3.868872438978e+00,-3.800998755301e+00,-3.734743605048e+00,-3.670058226321e+00,-3.606895629711e+00,-3.545210522952e+00,-3.484959239245e+00,-3.426099669033e+00,-3.368591195061e+00,-3.312394630522e+00,-3.257472160144e+00,-3.203787284038e+00,-3.151304764191e+00,-3.099990573436e+00,-3.049811846773e+00,-3.000736834979e+00,-2.952734860255e+00,-2.905776273953e+00,-2.859832416180e+00,-2.814875577227e+00,-2.770878960718e+00,-2.727816648389e+00,-2.685663566423e+00,-2.644395453263e+00,-2.603988828827e+00,-2.564420965052e+00,-2.525669857722e+00,-2.487714199487e+00,-2.450533354041e+00,-2.414107331398e+00,-2.378416764201e+00,-2.343442885031e+00,-2.309167504660e+00,-2.275572991204e+00,-2.242642250134e+00,-2.210358705130e+00,-2.178706279679e+00,-2.147669379439e+00,-2.117232875322e+00,-2.087382087241e+00,-2.058102768520e+00,-2.029381090917e+00,-2.001203630235e+00,-1.973557352510e+00,-1.946429600729e+00,-1.919808082073e+00,-1.893680855649e+00,-1.868036320695e+00,-1.842863205244e+00,-1.818150555211e+00,-1.793887723899e+00,-1.770064361906e+00,-1.746670407401e+00,-1.723696076776e+00
-2.449973543724e+02,-2.185660130557e+02,-1.959501641588e+02,-1.764684324219e+02,-1.595829174676e+02,-1.448647010332e+02,-1.319686067922e+02,-1.206144903889e+02,-1.105732043968e+02,-1.016559541352e+02,-9.370614288629e+01,-8.659306527977e+01,-8.020698713770e+01,-7.445527549962e+01,-6.925933137732e+01,-6.455214127491e+01,-6.027630947968e+01,-5.638246669709e+01,-5.282797536008e+01,-4.957587036203e+01,-4.659398778005e+01,-4.385424460267e+01,-4.133204044226e+01,-3.900575829712e+01,-3.685634617262e+01,-3.486696501250e+01,-3.302269126637e+01,-3.131026467079e+01,-2.971787360342e+01,-2.823497178566e+01,-2.685212124089e+01,-2.556085732232e+01,-2.435357236375e+01,-2.322341508175e+01,-2.216420336470e+01,-2.117034845927e+01,-2.023678889577e+01,-1.935893275794e+01,-1.853260712256e+01,-1.775401367594e+01,-1.701968966571e+01,-1.632647347123e+01,-1.567147418985e+01,-1.505204470305e+01,-1.446575779092e+01,-1.391038490359e+01,-1.338387726096e+01,-1.288434899546e+01,-1.241006209129e+01,-1.195941290630e+01,-1.153092009066e+01,-1.112321373919e+01,-1.073502564475e+01,-1.036518051161e+01,-1.001258803878e+01,-9.676235769579e+00,-9.355182625579e+00,-9.048553051693e+00,-8.755531707429e+00,-8.475358647102e+00,-8.207324938289e+00,-7.950768672771e+00,-7.705071336667e+00,-7.469654490695e+00,-7.243976744247e+00,-7.027530987858e+00,-6.819841860949e+00,-6.620463432738e+00,-6.428977076442e+00,-6.244989518884e+00,-6.068131049336e+00,-5.898053872787e+00,-5.734430596212e+00,-5.576952832053e+00,-5.425329912585e+00,-5.279287703153e+00,-5.138567506129e+00,-5.002925047762e+00,-4.872129540848e+00,-4.745962816837e+00,-4.624218521584e+00,-4.506701369453e+00,-4.393226451392e+00,-4.283618591781e+00,-4.177711751066e+00,-4.075348470080e+00,-3.976379352883e+00,-3.880662585128e+00,-3.788063485230e+00,-3.698454085818e+00,-3.611712743202e+00,-3.527723772700e+00,-3.446377108107e+00,-3.367567983124e+00,-3.291196633552e+00,-3.217168018540e+00,-3.145391559545e+00,-3.075780895773e+00,-3.008253654894e+00,-2.942731238000e+00,-2.879138617782e+00,-2.817404149013e+00,-2.757459390608e+00,-2.699238938214e+00,-2.642680266897e+00,-2.587723583096e+00,-2.534311685281e+00,-2.482389832715e+00,-2.431905621813e+00,-2.382808869591e+00,-2.335051503751e+00,-2.288587458966e+00,-2.243372579058e+00,-2.199364524506e+00,-2.156522685150e+00,-2.114808097671e+00,-2.074183367564e+00,-2.034612595334e+00,-1.996061306662e+00,-1.958496386300e+00,-1.921886015455e+00,-1.886199612477e+00,-1.851407776684e+00,-1.817482235030e+00,-1.784395791571e+00,-1.752122279514e+00,-1.720636515701e+00,-1.689914257390e+00,-1.659932161215e+00,-1.630667744183e+00,-1.602099346613e+00,-1.574206096880e+00,-1.546967877939e+00,-1.520365295396e+00,-1.494379647177e+00,-1.468992894637e+00,-1.444187635048e+00,-1.419947075390e+00,-1.396255007378e+00,-1.373095783661e+00,-1.350454295122e+00,-1.328315949224e+00,-1.306666649389e+00,-1.285492775259e+00,-1.264781163896e+00,-1.244519091821e+00,-1.224694257853e+00,-1.205294766728e+00,-1.186309113427e+00,-1.167726168211e+00,-1.149535162303e+00,-1.131725674194e+00,-1.114287616563e+00,-1.097211223729e+00,-1.080487039661e+00,-1.064105906494e+00,-1.048058953537e+00,-1.032337586736e+00,-1.016933478590e+00,-1.001838558477e+00,-9.870450033854e-01,-9.725452290273e-01,-9.583318813314e-01,-9.443978282526e-01,-9.307361519374e-01,-9.173401411994e-01,-9.042032842974e-01,-8.913192620016e-01,-8.786819409367e-01,-8.662853671870e-01,-8.541237601539e-01,-8.421915066498e-01,-8.304831552400e-01,-8.189934107756e-01,-8.077171291567e-01,-7.966493122915e-01,-7.857851032477e-01,-7.751197815887e-01,-7.646487588857e-01,-7.543675743983e-01,-7.442718909175e-01
-1.379207380531e+02,-1.230322332108e+02,-1.102929575953e+02,-9.931913599568e+01,-8.980779524354e+01,-8.151734032798e+01,-7.425334053236e+01,-6.785799274652e+01,-6.220221730596e+01,-5.717966332283e+01,-5.270211589829e+01,-4.869594414994e+01,-4.509933004190e+01,-4.186008866633e+01,-3.893394060914e+01,-3.628313281466e+01,-3.387533022199e+01,-3.168271937226e+01,-2.968127911522e+01,-2.785018391778e+01,-2.617131306033e+01,-2.462884488908e+01,-2.320891978181e+01,-2.189935890489e+01,-2.068942851995e+01,-1.956964164333e+01,-1.853159048298e+01,-1.756780434506e+01,-1.667162870762e+01,-1.583712195472e+01,-1.505896689883e+01,-1.433239473958e+01,-1.365311951045e+01,-1.301728140354e+01,-1.242139763255e+01,-1.186231972069e+01,-1.133719627153e+01,-1.084344044250e+01,-1.037870145838e+01,-9.940839604457e+00,-9.527904225708e+00,-9.138114327693e+00,-8.769841441957e+00,-8.421594449198e+00,-8.092006121835e+00,-7.779821163141e+00,-7.483885558180e+00,-7.203137075278e+00,-6.936596781024e+00,-6.683361447672e+00,-6.442596743662e+00,-6.213531123708e+00,-5.995450334331e+00,-5.787692466413e+00,-5.589643492612e+00,-5.400733242107e+00,-5.220431755200e+00,-5.048245984527e+00,-4.883716804538e+00,-4.726416295924e+00,-4.575945276827e+00,-4.431931054787e+00,-4.294025382395e+00,-4.161902585174e+00,-4.035257856728e+00,-3.913805699023e+00,-3.797278495337e+00,-3.685425203241e+00,-3.578010157197e+00,-3.474811969963e+00,-3.375622522930e+00,-3.280246039215e+00,-3.188498230558e+00,-3.100205511680e+00,-3.015204275965e+00,-2.933340227481e+00,-2.854467763525e+00,-2.778449404126e+00,-2.705155264213e+00,-2.634462564818e+00,-2.566255180104e+00,-2.500423217247e+00,-2.436862626649e+00,-2.375474839705e+00,-2.316166432283e+00,-2.258848811706e+00,-2.203437925425e+00,-2.149853989703e+00,-2.098021236797e+00,-2.047867679208e+00,-1.999324889658e+00,-1.952327795717e+00,-1.906814487919e+00,-1.862726040404e+00,-1.820006343134e+00,-1.778601944939e+00,-1.738461906464e+00,-1.699537662430e+00,-1.661782892512e+00,-1.625153400231e+00,-1.589606999302e+00,-1.555103406899e+00,-1.521604143467e+00,-1.489072438442e+00,-1.457473141666e+00,-1.426772640032e+00,-1.396938779017e+00,-1.367940788786e+00,-1.339749214585e+00,-1.312335851134e+00,-1.285673680712e+00,-1.259736814790e+00,-1.234500438926e+00,-1.209940760727e+00,-1.186034960684e+00,-1.162761145744e+00,-1.140098305369e+00,-1.118026269984e+00,-1.096525671676e+00,-1.075577906981e+00,-1.055165101640e+00,-1.035270077212e+00,-1.015876319465e+00,-9.969679483470e-01,-9.785296895532e-01,-9.605468475329e-01,-9.430052798759e-01,-9.258913729873e-01,-9.091920189943e-01,-8.928945938084e-01,-8.769869362505e-01,-8.614573282275e-01,-8.462944758726e-01,-8.314874916027e-01,-8.170258770361e-01,-8.028995067557e-01,-7.890986128157e-01,-7.756137699955e-01,-7.624358817526e-01,-7.495561668300e-01,-7.369661464878e-01,-7.246576323192e-01,-7.126227146552e-01,-7.008537514555e-01,-6.893433577347e-01,-6.780843954582e-01,-6.670699638927e-01,-6.562933903844e-01,-6.457482215536e-01,-6.354282148786e-01,-6.253273306348e-01,-6.154397241995e-01,-6.057597386866e-01,-5.962818978989e-01,-5.870008995790e-01,-5.779116089636e-01,-5.690090525918e-01,-5.602884123824e-01,-5.517450199621e-01,-5.433743512287e-01,-5.351720211398e-01,-5.271337787127e-01,-5.192555022483e-01,-5.115331947208e-01,-5.039629793751e-01,-4.965410954966e-01,-4.892638943515e-01,-4.821278352876e-01,-4.751294819942e-01,-4.682654989116e-01,-4.615326477713e-01,-4.549277842816e-01,-4.484478549399e-01,-4.420898939683e-01,-4.358510203649e-01,-4.297284350781e-01,-4.237194182769e-01,-4.178213267292e-01,-4.120315912813e-01,-4.063477144311e-01,-4.007672679916e-01
-8.831764643601e+01,-7.877536266269e+01,-7.061065268482e+01,-6.357754887721e+01,-5.748186616125e+01,-5.216875512345e+01,-4.751359349062e+01,-4.341523385252e+01,-3.979093825500e+01,-3.657253641665e+01,-3.370348229714e+01,-3.113657764799e+01,-2.883219594704e+01,-2.675688535943e+01,-2.488226143688e+01,-2.318412316009e+01,-2.164174252239e+01,-2.023728997072e+01,-1.895536693692e+01,-1.778262336416e+01,-1.670744310048e+01,-1.571968380953e+01,-1.481046092549e+01,-1.397196736738e+01,-1.319732245141e+01,-1.248044474592e+01,-1.181594465425e+01,-1.119903332785e+01,-1.062544514185e+01,-1.009137149501e+01,-9.593404090339e+00,-9.128486185543e+00,-8.693870570843e+00,-8.287083232662e+00,-7.905891854034e+00,-7.548278430877e+00,-7.212415404940e+00,-6.896644814285e+00,-6.599460027610e+00,-6.319489713565e+00,-6.055483736133e+00,-5.806300717716e+00,-5.570897055280e+00,-5.348317189618e+00,-5.137684978270e+00,-4.938196027535e+00,-4.749110864192e+00,-4.569748850686e+00,-4.399482740981e+00,-4.237733813609e+00,-4.083967507896e+00,-3.937689505214e+00,-3.798442210969e+00,-3.665801578731e+00,-3.539374251857e+00,-3.418794980957e+00,-3.303724287747e+00,-3.193846354394e+00,-3.088867102192e+00,-2.988512452239e+00,-2.892526742818e+00,-2.800671288020e+00,-2.712723067745e+00,-2.628473526465e+00,-2.547727480305e+00,-2.470302116853e+00,-2.396026079697e+00,-2.324738631825e+00,-2.256288886135e+00,-2.190535101741e+00,-2.127344037391e+00,-2.066590357280e+00,-2.008156084744e+00,-1.951930098694e+00,-1.897807669905e+00,-1.845690033011e+00,-1.795483991214e+00,-1.747101550791e+00,-1.700459583001e+00,-1.655479510948e+00,-1.612087019387e+00,-1.570211785576e+00,-1.529787229402e+00,-1.490750281410e+00,-1.453041167104e+00,-1.416603206366e+00,-1.381382626764e+00,-1.347328389685e+00,-1.314392028332e+00,-1.282527496632e+00,-1.251691028271e+00,-1.221841005078e+00,-1.192937834098e+00,-1.164943832648e+00,-1.137823120830e+00,-1.111541520944e+00,-1.086066463283e+00,-1.061366897931e+00,-1.037413212000e+00,-1.014177152064e+00,-9.916317513504e-01,-9.697512613729e-01,-9.485110877616e-01,-9.278877298696e-01,-9.078587240390e-01,-8.884025902121e-01,-8.694987816681e-01,-8.511276377412e-01,-8.332703391973e-01,-8.159088662253e-01,-7.990259588099e-01,-7.826050793366e-01,-7.666303773424e-01,-7.510866561610e-01,-7.359593414630e-01,-7.212344515114e-01,-7.068985690331e-01,-6.929388146517e-01,-6.793428216891e-01,-6.660987123557e-01,-6.531950751911e-01,-6.406209436872e-01,-6.283657760648e-01,-6.164194360450e-01,-6.047721746522e-01,-5.934146129393e-01,-5.823377255859e-01,-5.715328253588e-01,-5.609915483036e-01,-5.507058397091e-01,-5.406679407599e-01,-5.308703758406e-01,-5.213059404896e-01,-5.119676898958e-01,-5.028489279811e-01,-4.939431969999e-01,-4.852442676307e-01,-4.767461295606e-01,-4.684429824776e-01,-4.603292275102e-01,-4.523994590599e-01,-4.446484570059e-01,-4.370711792925e-01,-4.296627548193e-01,-4.224184766802e-01,-4.153337957006e-01,-4.084043142617e-01,-4.016257804199e-01,-3.949940822578e-01,-3.885052425046e-01,-3.821554133878e-01,-3.759408717066e-01,-3.698580141354e-01,-3.639033527042e-01,-3.580735104908e-01,-3.523652174927e-01,-3.467753066710e-01,-3.413007101757e-01,-3.359384557071e-01,-3.306856630447e-01,-3.255395407163e-01,-3.204973828014e-01,-3.155565658806e-01,-3.107145460874e-01,-3.059688562950e-01,-3.013171034131e-01,-2.967569657904e-01,-2.922861907342e-01,-2.879025921089e-01,-2.836040480431e-01,-2.793884987233e-01,-2.752539442723e-01,-2.711984427211e-01,-2.672201080421e-01,-2.633171082706e-01,-2.594876636947e-01,-2.557300451134e-01,-2.520425721695e-01,-2.484236117309e-01,-2.448715763439e-01,-2.413849227410e-01
-6.135018081718e+01,-5.471389710924e+01,-4.903579768918e+01,-4.414480563672e+01,-3.990585717154e+01,-3.621124592948e+01,-3.297428862743e+01,-3.012462919074e+01,-2.760471595451e+01,-2.536712977442e+01,-2.337253688833e+01,-2.158810561616e+01,-1.998627106048e+01,-1.854376341513e+01,-1.724083778298e+01,-1.606065932244e+01,-1.498880910127e+01,-1.401288443757e+01,-1.312217373548e+01,-1.230739042951e+01,-1.156045414025e+01,-1.087430974956e+01,-1.024277711299e+01,-9.660425645171e+00,-9.122469216248e+00,-8.624677702230e+00,-8.163302262412e+00,-7.735011968972e+00,-7.336839878505e+00,-6.966136977103e+00,-6.620532724542e+00,-6.297901138362e+00,-5.996331558801e+00,-5.714103371506e+00,-5.449664095654e+00,-5.201610331091e+00,-4.968671155786e+00,-4.749693618506e+00,-4.543630036428e+00,-4.349526839537e+00,-4.166514759293e+00,-3.993800176381e+00,-3.830657480376e+00,-3.676422299623e+00,-3.530485499959e+00,-3.392287849244e+00,-3.261315271960e+00,-3.137094609734e+00,-3.019189838241e+00,-2.907198679470e+00,-2.800749570151e+00,-2.699498932750e+00,-2.603128726651e+00,-2.511344241020e+00,-2.423872109441e+00,-2.340458509730e+00,-2.260867541037e+00,-2.184879752387e+00,-2.112290812562e+00,-2.042910295767e+00,-1.976560582112e+00,-1.913075854891e+00,-1.852301189812e+00,-1.794091718615e+00,-1.738311868855e+00,-1.684834667606e+00,-1.633541105891e+00,-1.584319554121e+00,-1.537065228451e+00,-1.491679700882e+00,-1.448070449707e+00,-1.406150446220e+00,-1.365837775009e+00,-1.327055284343e+00,-1.289730263555e+00,-1.253794145984e+00,-1.219182234264e+00,-1.185833446498e+00,-1.153690081008e+00,-1.122697599087e+00,-1.092804423205e+00,-1.063961749995e+00,-1.036123376388e+00,-1.009245538562e+00,-9.832867619273e-01,-9.582077217033e-01,-9.339711130163e-01,-9.105415301614e-01,-8.878853539114e-01,-8.659706464942e-01,-8.447670535504e-01,-8.242457126963e-01,-8.043791680335e-01,-7.851412902616e-01,-7.665072019591e-01,-7.484532076764e-01,-7.309567284657e-01,-7.139962405466e-01,-6.975512178323e-01,-6.816020780030e-01,-6.661301319166e-01,-6.511175361028e-01,-6.365472481707e-01,-6.224029848539e-01,-6.086691825908e-01,-5.953309604245e-01,-5.823740851208e-01,-5.697849382678e-01,-5.575504853148e-01,-5.456582463759e-01,-5.340962687322e-01,-5.228531008388e-01,-5.119177678274e-01,-5.012797483611e-01,-4.909289528018e-01,-4.808557025298e-01,-4.710507104249e-01,-4.615050623928e-01,-4.522101999126e-01,-4.431579034742e-01,-4.343402769241e-01,-4.257497326238e-01,-4.173789774123e-01,-4.092209992559e-01,-4.012690546170e-01,-3.935166564570e-01,-3.859575628778e-01,-3.785857662974e-01,-3.713954831977e-01,-3.643811443725e-01,-3.575373856822e-01,-3.508590392298e-01,-3.443411249929e-01,-3.379788428534e-01,-3.317675650318e-01,-3.257028288561e-01,-3.197803298951e-01,-3.139959154112e-01,-3.083455781378e-01,-3.028254503225e-01,-2.974317980660e-01,-2.921610159157e-01,-2.870096217245e-01,-2.819742517194e-01,-2.770516558125e-01,-2.722386931157e-01,-2.675323276732e-01,-2.629296243610e-01,-2.584277449847e-01,-2.540239445430e-01,-2.497155676688e-01,-2.455000452053e-01,-2.413748909446e-01,-2.373376985017e-01,-2.333861383346e-01,-2.295179548725e-01,-2.257309637802e-01,-2.220230493311e-01,-2.183921619023e-01,-2.148363155577e-01,-2.113535857424e-01,-2.079421070677e-01,-2.046000711982e-01,-2.013257248078e-01,-1.981173676316e-01,-1.949733505905e-01,-1.918920740014e-01,-1.888719858444e-01,-1.859115801092e-01,-1.830093952020e-01,-1.801640124250e-01,-1.773740545012e-01,-1.746381841661e-01,-1.719551028112e-01,-1.693235491858e-01,-1.667422981384e-01,-1.642101594138e-01,-1.617259764921e-01,-1.592886254795e-01,-1.568970140292e-01,-1.545500803110e-01
-4.507613030963e+01,-4.019317998678e+01,-3.601540746831e+01,-3.241691132867e+01,-2.929829151103e+01,-2.658028024253e+01,-2.419908094918e+01,-2.210291275634e+01,-2.024941814101e+01,-1.860369670822e+01,-1.713679867541e+01,-1.582455968876e+01,-1.464669172139e+01,-1.358606795138e+01,-1.262815593256e+01,-1.176056508234e+01,-1.097268299280e+01,-1.025538128231e+01,-9.600776270622e+00,-9.002033159961e+00,-8.453204957597e+00,-7.949099309553e+00,-7.485167883174e+00,-7.057414055598e+00,-6.662315551588e+00,-6.296759341498e+00,-5.957986638031e+00,-5.643546252937e+00,-5.351254901993e+00,-5.079163306543e+00,-4.825527148180e+00,-4.588782105856e+00,-4.367522338407e+00,-4.160481876950e+00,-3.966518494503e+00,-3.784599685339e+00,-3.613790442709e+00,-3.453242580599e+00,-3.302185382955e+00,-3.159917395148e+00,-3.025799200369e+00,-2.899247051568e+00,-2.779727248575e+00,-2.666751154438e+00,-2.559870777774e+00,-2.458674848770e+00,-2.362785322546e+00,-2.271854260858e+00,-2.185561047880e+00,-2.103609898927e+00,-2.025727624393e+00,-1.951661623981e+00,-1.881178087354e+00,-1.814060366878e+00,-1.750107514109e+00,-1.689132960713e+00,-1.630963321426e+00,-1.575437311398e+00,-1.522404766350e+00,-1.471725752212e+00,-1.423269753569e+00,-1.376914936438e+00,-1.332547478458e+00,-1.290060952759e+00,-1.249355768324e+00,-1.210338658428e+00,-1.172922210976e+00,-1.137024439297e+00,-1.102568389124e+00,-1.069481777802e+00,-1.037696663502e+00,-1.007149141655e+00,-9.777790650376e-01,-9.495297872566e-01,-9.223479259237e-01,-8.961831436462e-01,-8.709879465979e-01,-8.467174980659e-01,-8.233294455704e-01,-8.007837608951e-01,-7.790425921387e-01,-7.580701261733e-01,-7.378324605883e-01,-7.182974855482e-01,-6.994347734412e-01,-6.812154761638e-01,-6.636122298155e-01,-6.465990658335e-01,-6.301513280898e-01,-6.142455956316e-01,-5.988596106926e-01,-5.839722113918e-01,-5.695632688191e-01,-5.556136283786e-01,-5.421050548291e-01,-5.290201808551e-01,-5.163424589653e-01,-5.040561164037e-01,-4.921461128842e-01,-4.805981009637e-01,-4.693983888601e-01,-4.585339055372e-01,-4.479921679232e-01,-4.377612500912e-01,-4.278297542845e-01,-4.181867836707e-01,-4.088219166880e-01,-3.997251828891e-01,-3.908870401934e-01,-3.822983534490e-01,-3.739503742050e-01,-3.658347216363e-01,-3.579433645622e-01,-3.502686044337e-01,-3.428030592822e-01,-3.355396485643e-01,-3.284715788126e-01,-3.215923300717e-01,-3.148956430738e-01,-3.083755070974e-01,-3.020261484608e-01,-2.958420196288e-01,-2.898177889088e-01,-2.839483306498e-01,-2.782287159676e-01,-2.726542039533e-01,-2.672202333151e-01,-2.619224144467e-01,-2.567565219027e-01,-2.517184872496e-01,-2.468043922609e-01,-2.420104624562e-01,-2.373330609684e-01,-2.327686826873e-01,-2.283139486989e-01,-2.239656010007e-01,-2.197204974551e-01,-2.155756069876e-01,-2.115280050170e-01,-2.075748690982e-01,-2.037134747626e-01,-1.999411915546e-01,-1.962554792628e-01,-1.926538843030e-01,-1.891340362785e-01,-1.856936446999e-01,-1.823304958440e-01,-1.790424497553e-01,-1.758274373843e-01,-1.726834578540e-01,-1.696085758386e-01,-1.666009190621e-01,-1.636586759127e-01,-1.607800931463e-01,-1.579634736969e-01,-1.552071745850e-01,-1.525096049061e-01,-1.498692239077e-01,-1.472845391504e-01,-1.447541047442e-01,-1.422765196548e-01,-1.398504260832e-01,-1.374745079168e-01,-1.351474892336e-01,-1.328681328741e-01,-1.306352390726e-01,-1.284476441396e-01,-1.263042191970e-01,-1.242038689678e-01,-1.221455306121e-01,-1.201281726064e-01,-1.181507936691e-01,-1.162124217322e-01,-1.143121129448e-01,-1.124489507200e-01,-1.106220448209e-01,-1.088305304762e-01,-1.070735675324e-01,-1.053503396387e-01,-1.036600534626e-01,-1.020019379330e-01
-3.450493121660e+01,-3.076066053740e+01,-2.755727675080e+01,-2.479821071967e+01,-2.240721912752e+01,-2.032349992143e+01,-1.849811755664e+01,-1.689135279470e+01,-1.547071444991e+01,-1.420943131672e+01,-1.308529667463e+01,-1.207977457206e+01,-1.117730251139e+01,-1.036474292520e+01,-9.630948384344e+00,-8.966414487000e+00,-8.363000884853e+00,-7.813705643480e+00,-7.312481655323e+00,-6.854086428142e+00,-6.433958518928e+00,-6.048115379518e+00,-5.693068499473e+00,-5.365752590596e+00,-5.063466239993e+00,-4.783821968227e+00,-4.524704032825e+00,-4.284232647414e+00,-4.060733530285e+00,-3.852711897331e+00,-3.658830182230e+00,-3.477888886684e+00,-3.308810070502e+00,-3.150623080333e+00,-3.002452174907e+00,-2.863505767052e+00,-2.733067050698e+00,-2.610485808435e+00,-2.495171236983e+00,-2.386585652762e+00,-2.284238949300e+00,-2.187683712473e+00,-2.096510907984e+00,-2.010346057818e+00,-1.928845852046e+00,-1.851695139777e+00,-1.778604245033e+00,-1.709306576811e+00,-1.643556494312e+00,-1.581127392541e+00,-1.521809990870e+00,-1.465410795211e+00,-1.411750712898e+00,-1.360663810357e+00,-1.311996189530e+00,-1.265604972665e+00,-1.221357389197e+00,-1.179129943760e+00,-1.138807663141e+00,-1.100283416694e+00,-1.063457292160e+00,-1.028236030704e+00,-9.945325137360e-01,-9.622652898308e-01,-9.313581458342e-01,-9.017397143478e-01,-8.733431129525e-01,-8.461056154327e-01,-8.199683497277e-01,-7.948760215081e-01,-7.707766603630e-01,-7.476213866603e-01,-7.253641981377e-01,-7.039617722975e-01,-6.833732852875e-01,-6.635602451199e-01,-6.444863362537e-01,-6.261172774736e-01,-6.084206899292e-01,-5.913659738067e-01,-5.749241957005e-01,-5.590679831991e-01,-5.437714265053e-01,-5.290099882917e-01,-5.147604190296e-01,-5.010006781530e-01,-4.877098613258e-01,-4.748681321434e-01,-4.624566585883e-01,-4.504575540391e-01,-4.388538219089e-01,-4.276293041151e-01,-4.167686330073e-01,-4.062571862687e-01,-3.960810448789e-01,-3.862269537593e-01,-3.766822848489e-01,-3.674350026174e-01,-3.584736316996e-01,-3.497872265134e-01,-3.413653428176e-01,-3.331980109716e-01,-3.252757108198e-01,-3.175893481140e-01,-3.101302323262e-01,-3.028900557877e-01,-2.958608740552e-01,-2.890350874240e-01,-2.824054235185e-01,-2.759649208766e-01,-2.697069134811e-01,-2.636250161666e-01,-2.577131108409e-01,-2.519653334898e-01,-2.463760618938e-01,-2.409399040192e-01,-2.356516870588e-01,-2.305064470527e-01,-2.254994190708e-01,-2.206260279379e-01,-2.158818794287e-01,-2.112627519391e-01,-2.067645886057e-01,-2.023834898129e-01,-1.981157061024e-01,-1.939576314529e-01,-1.899057968849e-01,-1.859568644045e-01,-1.821076212523e-01,-1.783549744288e-01,-1.746959455051e-01,-1.711276656861e-01,-1.676473711092e-01,-1.642523983853e-01,-1.609401803469e-01,-1.577082420004e-01,-1.545541966829e-01,-1.514757423896e-01,-1.484706582793e-01,-1.455368013523e-01,-1.426721032701e-01,-1.398745673297e-01,-1.371422655840e-01,-1.344733360814e-01,-1.318659802391e-01,-1.293184603394e-01,-1.268290971283e-01,-1.243962675304e-01,-1.220184024649e-01,-1.196939847530e-01,-1.174215471240e-01,-1.151996703061e-01,-1.130269811981e-01,-1.109021511261e-01,-1.088238941706e-01,-1.067909655651e-01,-1.048021601686e-01,-1.028563109961e-01,-1.009522878139e-01,-9.908899579699e-02,-9.726537423676e-02,-9.548039530469e-02,-9.373306287103e-02,-9.202241136490e-02,-9.034750468541e-02,-8.870743515825e-02,-8.710132252974e-02,-8.552831300515e-02,-8.398757832541e-02,-8.247831487760e-02,-8.099974284404e-02,-7.955110538368e-02,-7.813166784404e-02,-7.674071700698e-02,-7.537756036144e-02,-7.404152540409e-02,-7.273195896948e-02,-7.144822658284e-02,-7.018971183835e-02,-6.895581580312e-02,-6.774595644029e-02
-2.725142282378e+01,-2.428829070902e+01,-2.175335573639e+01,-1.957016646295e+01,-1.767836201663e+01,-1.602980558554e+01,-1.458575465801e+01,-1.331476309028e+01,-1.219110713466e+01,-1.119359158590e+01,-1.030463501556e+01,-9.509562235401e+00,-8.796052245686e+00,-8.153703960413e+00,-7.573691979633e+00,-7.048491773041e+00,-6.571658802818e+00,-6.137649878843e+00,-5.741677800574e+00,-5.379592425359e+00,-5.047782834350e+00,-4.743096448376e+00,-4.462771840653e+00,-4.204382665974e+00,-3.965790671879e+00,-3.745106154227e+00,-3.540654546988e+00,-3.350948093103e+00,-3.174661730610e+00,-3.010612503424e+00,-2.857741919604e+00,-2.715100787758e+00,-2.581836148283e+00,-2.457179970261e+00,-2.340439355651e+00,-2.230988022225e+00,-2.128258879711e+00,-2.031737547122e+00,-1.940956670418e+00,-1.855490938855e+00,-1.774952698423e+00,-1.698988083314e+00,-1.627273602655e+00,-1.559513112600e+00,-1.495435135724e+00,-1.434790477059e+00,-1.377350099558e+00,-1.322903235182e+00,-1.271255689865e+00,-1.222228332859e+00,-1.175655740236e+00,-1.131384975308e+00,-1.089274498221e+00,-1.049193176213e+00,-1.011019398035e+00,-9.746402712361e-01,-9.399508951691e-01,-9.068537081535e-01,-8.752578882323e-01,-8.450788155249e-01,-8.162375800683e-01,-7.886605333344e-01,-7.622788829553e-01,-7.370283177247e-01,-7.128486688832e-01,-6.896835984278e-01,-6.674803141190e-01,-6.461893087677e-01,-6.257641212028e-01,-6.061611171745e-01,-5.873392883282e-01,-5.692600686955e-01,-5.518871639534e-01,-5.351863973567e-01,-5.191255653509e-01,-5.036743056706e-01,-4.888039760538e-01,-4.744875400594e-01,-4.606994642547e-01,-4.474156205064e-01,-4.346131966605e-01,-4.222706137853e-01,-4.103674479514e-01,-3.988843594620e-01,-3.878030255122e-01,-3.771060781866e-01,-3.667770469420e-01,-3.568003042353e-01,-3.471610158639e-01,-3.378450938636e-01,-3.288391529230e-01,-3.201304697455e-01,-3.117069447547e-01,-3.035570667513e-01,-2.956698795033e-01,-2.880349506632e-01,-2.806423426716e-01,-2.734825853771e-01,-2.665466505547e-01,-2.598259278644e-01,-2.533122023727e-01,-2.469976334486e-01,-2.408747348964e-01,-2.349363563558e-01,-2.291756657638e-01,-2.235861328818e-01,-2.181615137956e-01,-2.128958363093e-01,-2.077833862046e-01,-2.028186942794e-01,-1.979965241352e-01,-1.933118606545e-01,-1.887598991326e-01,-1.843360350112e-01,-1.800358541892e-01,-1.758551238648e-01,-1.717897838767e-01,-1.678359385256e-01,-1.639898488246e-01,-1.602479251767e-01,-1.566067204366e-01,-1.530629233372e-01,-1.496133522727e-01,-1.462549493905e-01,-1.429847750020e-01,-1.398000022767e-01,-1.366979122034e-01,-1.336758888193e-01,-1.307314146647e-01,-1.278620664787e-01,-1.250655111028e-01,-1.223395015864e-01,-1.196818734920e-01,-1.170905413691e-01,-1.145634954102e-01,-1.120987982626e-01,-1.096945819928e-01,-1.073490452013e-01,-1.050604502662e-01,-1.028271207233e-01,-1.006474387663e-01,-9.851984286098e-02,-9.644282547688e-02,-9.441493091425e-02,-9.243475323753e-02,-9.050093429997e-02,-8.861216185592e-02,-8.676716776318e-02,-8.496472625896e-02,-8.320365231794e-02,-8.148280008036e-02,-7.980106134838e-02,-7.815736415178e-02,-7.655067137100e-02,-7.497997942384e-02,-7.344431700662e-02,-7.194274388865e-02,-7.047434976052e-02,-6.903825312747e-02,-6.763360025245e-02,-6.625956414172e-02,-6.491534357241e-02,-6.360016216232e-02,-6.231326747520e-02,-6.105393016494e-02,-5.982144315366e-02,-5.861512084273e-02,-5.743429835700e-02,-5.627833081754e-02,-5.514659264488e-02,-5.403847688916e-02,-5.295339458676e-02,-5.189077414280e-02,-5.085006073692e-02,-4.983071575295e-02,-4.883221623024e-02,-4.785405433624e-02,-4.689573685942e-02,-4.595678472134e-02,-4.503673250739e-02,-4.413512801526e-02
-2.205882743695e+01,-1.965475785256e+01,-1.759824355544e+01,-1.582722824457e+01,-1.429271586873e+01,-1.295563249149e+01,-1.178452956162e+01,-1.075388110966e+01,-9.842806205910e+00,-9.034099922752e+00,-8.313490815228e+00,-7.669066607285e+00,-7.090826067653e+00,-6.570326498581e+00,-6.100404302167e+00,-5.674951897873e+00,-5.288738419908e+00,-4.937264695667e+00,-4.616645248076e+00,-4.323511745580e+00,-4.054933582150e+00,-3.808352214462e+00,-3.581526619368e+00,-3.372487774785e+00,-3.179500514645e+00,-3.001031425029e+00,-2.835721723470e+00,-2.682364259027e+00,-2.539883938337e+00,-2.407321010872e+00,-2.283816746426e+00,-2.168601128236e+00,-2.060982240004e+00,-1.960337094782e+00,-1.866103679468e+00,-1.777774043221e+00,-1.694888270829e+00,-1.617029219294e+00,-1.543817907518e+00,-1.474909468886e+00,-1.409989592534e+00,-1.348771382153e+00,-1.290992586378e+00,-1.236413140340e+00,-1.184812991577e+00,-1.135990162798e+00,-1.089759030988e+00,-1.045948790608e+00,-1.004402081000e+00,-9.649737597447e-01,-9.275297997139e-01,-8.919463045700e-01,-8.581086164175e-01,-8.259105209019e-01,-7.952535219832e-01,-7.660461946552e-01,-7.382035942261e-01,-7.116467250366e-01,-6.863020573784e-01,-6.621010884941e-01,-6.389799456441e-01,-6.168790209262e-01,-5.957426433487e-01,-5.755187740504e-01,-5.561587321589e-01,-5.376169410650e-01,-5.198506976852e-01,-5.028199603982e-01,-4.864871551637e-01,-4.708169972532e-01,-4.557763290286e-01,-4.413339690353e-01,-4.274605765720e-01,-4.141285233406e-01,-4.013117794829e-01,-3.889858048615e-01,-3.771274515237e-01,-3.657148717991e-01,-3.547274340079e-01,-3.441456445503e-01,-3.339510746422e-01,-3.241262940961e-01,-3.146548073845e-01,-3.055209968885e-01,-2.967100677695e-01,-2.882079983686e-01,-2.800014929636e-01,-2.720779383122e-01,-2.644253630002e-01,-2.570323993760e-01,-2.498882484208e-01,-2.429826464126e-01,-2.363058344180e-01,-2.298485291436e-01,-2.236018962517e-01,-2.175575249562e-01,-2.117074045327e-01,-2.060439021560e-01,-2.005597421995e-01,-1.952479868293e-01,-1.901020177471e-01,-1.851155191462e-01,-1.802824615873e-01,-1.755970869750e-01,-1.710538943303e-01,-1.666476264825e-01,-1.623732575047e-01,-1.582259809067e-01,-1.542011985096e-01,-1.502945099579e-01,-1.465017028440e-01,-1.428187433803e-01,-1.392417676127e-01,-1.357670731134e-01,-1.323911111471e-01,-1.291104792623e-01,-1.259219142935e-01,-1.228222857426e-01,-1.198085895194e-01,-1.168779420178e-01,-1.140275745084e-01,-1.112548278273e-01,-1.085571473471e-01,-1.059320782063e-01,-1.033772607916e-01,-1.008904264483e-01,-9.846939341481e-02,-9.611206296075e-02,-9.381641572217e-02,-9.158050822105e-02,-8.940246955665e-02,-8.728049826424e-02,-8.521285932449e-02,-8.319788132406e-02,-8.123395374978e-02,-7.931952441759e-02,-7.745309702237e-02,-7.563322880649e-02,-7.385852833836e-02,-7.212765339578e-02,-7.043930894944e-02,-6.879224523893e-02,-6.718525594011e-02,-6.561717641462e-02,-6.408688204159e-02,-6.259328662401e-02,-6.113534086807e-02,-5.971203093061e-02,-5.832237703171e-02,-5.696543212914e-02,-5.564028065135e-02,-5.434603728635e-02,-5.308184582362e-02,-5.184687804629e-02,-5.064033267162e-02,-4.946143433660e-02,-4.830943262759e-02,-4.718360115078e-02,-4.608323664228e-02,-4.500765811588e-02,-4.395620604586e-02,-4.292824158512e-02,-4.192314581392e-02,-4.094031902179e-02,-3.997918001677e-02,-3.903916546467e-02,-3.811972925385e-02,-3.722034188640e-02,-3.634048989371e-02,-3.547967527485e-02,-3.463741495860e-02,-3.381324028473e-02,-3.300669650846e-02,-3.221734232116e-02,-3.144474939299e-02,-3.068850193048e-02,-2.994819625335e-02,-2.922344038617e-02,-2.851385366633e-02,-2.781906636712e-02,-2.713871933390e-02
-1.821381658779e+01,-1.622361493560e+01,-1.452127809556e+01,-1.305540400561e+01,-1.178540817306e+01,-1.067892457067e+01,-9.709903377155e+00,-8.857200595383e+00,-8.103519891930e+00,-7.434609936811e+00,-6.838649371687e+00,-6.305771082391e+00,-5.827691007287e+00,-5.397416126809e+00,-5.009012997690e+00,-4.657422952433e+00,-4.338313573069e+00,-4.047958553810e+00,-3.783139955330e+00,-3.541068221058e+00,-3.319316386897e+00,-3.115765685152e+00,-2.928560361608e+00,-2.756069966908e+00,-2.596857757680e+00,-2.449654100545e+00,-2.313334006822e+00,-2.186898077603e+00,-2.069456291208e+00,-1.960214154194e+00,-1.858460840160e+00,-1.763558991418e+00,-1.674935931755e+00,-1.592076065192e+00,-1.514514290492e+00,-1.441830272090e+00,-1.373643451817e+00,-1.309608686031e+00,-1.249412429732e+00,-1.192769382011e+00,-1.139419540242e+00,-1.089125597340e+00,-1.041670648671e+00,-9.968561552313e-01,-9.545001444843e-01,-9.144356039703e-01,-8.765090591096e-01,-8.405792968474e-01,-8.065162336879e-01,-7.741998944398e-01,-7.435195054509e-01,-7.143726720812e-01,-6.866646479677e-01,-6.603076684789e-01,-6.352203585053e-01,-6.113271892275e-01,-5.885579955356e-01,-5.668475309235e-01,-5.461350720006e-01,-5.263640519090e-01,-5.074817341781e-01,-4.894389091100e-01,-4.721896232313e-01,-4.556909265020e-01,-4.399026460223e-01,-4.247871753296e-01,-4.103092836980e-01,-3.964359404915e-01,-3.831361538365e-01,-3.703808243384e-01,-3.581426083810e-01,-3.463957962879e-01,-3.351161963476e-01,-3.242810329832e-01,-3.138688481344e-01,-3.038594155405e-01,-2.942336565953e-01,-2.849735675441e-01,-2.760621474329e-01,-2.674833357474e-01,-2.592219505151e-01,-2.512636346513e-01,-2.435948024527e-01,-2.362025933570e-01,-2.290748257000e-01,-2.221999565422e-01,-2.155670417544e-01,-2.091657010075e-01,-2.029860832564e-01,-1.970188361742e-01,-1.912550762403e-01,-1.856863620095e-01,-1.803046681285e-01,-1.751023619213e-01,-1.700721807605e-01,-1.652072115242e-01,-1.605008708379e-01,-1.559468870201e-01,-1.515392827869e-01,-1.472723593569e-01,-1.431406812729e-01,-1.391390623899e-01,-1.352625525103e-01,-1.315064250175e-01,-1.278661650869e-01,-1.243374587406e-01,-1.209161824324e-01,-1.175983933425e-01,-1.143803201553e-01,-1.112583544410e-01,-1.082290424720e-01,-1.052890775564e-01,-1.024352927629e-01,-9.966465408911e-02,-9.697425398210e-02,-9.436130524134e-02,-9.182313523713e-02,-8.935718046062e-02,-8.696098135596e-02,-8.463217744155e-02,-8.236850268281e-02,-8.016778111852e-02,-7.802792271057e-02,-7.594691941765e-02,-7.392284146720e-02,-7.195383382524e-02,-7.003811284284e-02,-6.817396307765e-02,-6.635973427279e-02,-6.459383849124e-02,-6.287474739036e-02,-6.120098963491e-02,-5.957114843485e-02,-5.798385920697e-02,-5.643780734756e-02,-5.493172611607e-02,-5.346439461765e-02,-5.203463588543e-02,-5.064131505083e-02,-4.928333760376e-02,-4.795964773118e-02,-4.666922673696e-02,-4.541109153119e-02,-4.418429319362e-02,-4.298791559847e-02,-4.182107410680e-02,-4.068291431333e-02,-3.957261085486e-02,-3.848936626705e-02,-3.743240989741e-02,-3.640099686125e-02,-3.539440704910e-02,-3.441194417216e-02,-3.345293485504e-02,-3.251672776222e-02,-3.160269276786e-02,-3.071022015561e-02,-2.983871985826e-02,-2.898762072400e-02,-2.815636981938e-02,-2.734443175578e-02,-2.655128805007e-02,-2.577643650537e-02,-2.501939062439e-02,-2.427967903966e-02,-2.355684497444e-02,-2.285044571824e-02,-2.216005213090e-02,-2.148524815940e-02,-2.082563038130e-02,-2.018080755918e-02,-1.955040021999e-02,-1.893404024379e-02,-1.833137047592e-02,-1.774204434713e-02,-1.716572551564e-02,-1.660208751601e-02,-1.605081342856e-02,-1.551159555449e-02,-1.498413511041e-02,-1.446814192747e-02
-1.528705900085e+01,-1.361179942940e+01,-1.217898788694e+01,-1.094532811559e+01,-9.876635287935e+00,-8.945646962922e+00,-8.130420902382e+00,-7.413147157777e+00,-6.779256792341e+00,-6.216745807453e+00,-5.715657086146e+00,-5.267679682133e+00,-4.865836144188e+00,-4.504236547049e+00,-4.177883509398e+00,-3.882516527691e+00,-3.614486858524e+00,-3.370656319385e+00,-3.148314947626e+00,-2.945113623925e+00,-2.759008650748e+00,-2.588215929596e+00,-2.431172899201e+00,-2.286506770356e+00,-2.153007906795e+00,-2.029607422117e+00,-1.915358254093e+00,-1.809419115071e+00,-1.711040832883e+00,-1.619554687659e+00,-1.534362417480e+00,-1.454927631442e+00,-1.380768404269e+00,-1.311450877268e+00,-1.246583708081e+00,-1.185813248113e+00,-1.128819338601e+00,-1.075311637983e+00,-1.025026406598e+00,-9.777236823204e-01,-9.331847993277e-01,-8.912101961109e-01,-8.516174844714e-01,-8.142397345103e-01,-7.789239586844e-01,-7.455297608071e-01,-7.139281359712e-01,-6.840003992921e-01,-6.556372284187e-01,-6.287378090840e-01,-6.032090652603e-01,-5.789649739691e-01,-5.559259425282e-01,-5.340182546826e-01,-5.131735656142e-01,-4.933284502040e-01,-4.744239924275e-01,-4.564054141142e-01,-4.392217398777e-01,-4.228254899077e-01,-4.071724052197e-01,-3.922211920894e-01,-3.779332947125e-01,-3.642726824741e-01,-3.512056592748e-01,-3.387006866216e-01,-3.267282227307e-01,-3.152605745354e-01,-3.042717624409e-01,-2.937373955214e-01,-2.836345588681e-01,-2.739417074430e-01,-2.646385725475e-01,-2.557060719082e-01,-2.471262307258e-01,-2.388821062681e-01,-2.309577199239e-01,-2.233379941690e-01,-2.160086933364e-01,-2.089563707963e-01,-2.021683169968e-01,-1.956325148280e-01,-1.893375943004e-01,-1.832727939907e-01,-1.774279222864e-01,-1.717933232767e-01,-1.663598438383e-01,-1.611188034432e-01,-1.560619660570e-01,-1.511815134851e-01,-1.464700212417e-01,-1.419204350947e-01,-1.375260501297e-01,-1.332804903365e-01,-1.291776901575e-01,-1.252118768222e-01,-1.213775540222e-01,-1.176694865727e-01,-1.140826859775e-01,-1.106123970480e-01,-1.072540851459e-01,-1.040034244503e-01,-1.008562867025e-01,-9.780873084812e-02,-9.485699313723e-02,-9.199747792608e-02,-8.922674896186e-02,-8.654152120612e-02,-8.393865313737e-02,-8.141513947768e-02,-7.896810437455e-02,-7.659479492578e-02,-7.429257511980e-02,-7.205892007438e-02,-6.989141062904e-02,-6.778772821684e-02,-6.574565002906e-02,-6.376304444183e-02,-6.183786668723e-02,-5.996815476662e-02,-5.815202557012e-02,-5.638767121770e-02,-5.467335557737e-02,-5.300741098130e-02,-5.138823510061e-02,-4.981428799079e-02,-4.828408928375e-02,-4.679621552566e-02,-4.534929765038e-02,-4.394201857733e-02,-4.257311093520e-02,-4.124135489155e-02,-3.994557609834e-02,-3.868464373032e-02,-3.745746862611e-02,-3.626300151471e-02,-3.510023133032e-02,-3.396818360757e-02,-3.286591895155e-02,-3.179253158431e-02,-3.074714795382e-02,-2.972892541597e-02,-2.873705096893e-02,-2.777074005518e-02,-2.682923541083e-02,-2.591180597353e-02,-2.501774583629e-02,-2.414637325024e-02,-2.329702967291e-02,-2.246907885615e-02,-2.166190597986e-02,-2.087491681679e-02,-2.010753694249e-02,-1.935921097161e-02,-1.862940183437e-02,-1.791759007938e-02,-1.722327320915e-02,-1.654596504372e-02,-1.588519510944e-02,-1.524050805788e-02,-1.461146310278e-02,-1.399763348898e-02,-1.339860597383e-02,-1.281398033995e-02,-1.224336891951e-02,-1.168639614446e-02,-1.114269811115e-02,-1.061192216424e-02,-1.009372649820e-02,-9.587779771746e-03,-9.093760743148e-03,-8.611357912543e-03,-8.140269187163e-03,-7.680201551234e-03,-7.230870755998e-03,-6.792001016712e-03,-6.363324724266e-03,-5.944582167481e-03,-5.535521264234e-03,-5.135897307101e-03,-4.745472712240e-03
-1.300758115702e+01,-1.157753798893e+01,-1.035458573439e+01,-9.301737988075e+00,-8.389791737287e+00,-7.595457487974e+00,-6.899990649646e+00,-6.288176784038e+00,-5.747570228885e+00,-5.267916552405e+00,-4.840709991250e+00,-4.458851122831e+00,-4.116379750569e+00,-3.808264765521e+00,-3.530237571581e+00,-3.278659094706e+00,-3.050412889977e+00,-2.842818684536e+00,-2.653562028390e+00,-2.480636732957e+00,-2.322297520906e+00,-2.177020878213e+00,-2.043472535990e+00,-1.920480332429e+00,-1.807011470578e+00,-1.702153379513e+00,-1.605097544506e+00,-1.515125796822e+00,-1.431598643817e+00,-1.353945305025e+00,-1.281655175330e+00,-1.214270487195e+00,-1.151379987317e+00,-1.092613467753e+00,-1.037637026388e+00,-9.861489470379e-01,-9.378761077527e-01,-8.925708454525e-01,-8.500082076166e-01,-8.099835416357e-01,-7.723103744046e-01,-7.368185408619e-01,-7.033525345938e-01,-6.717700434976e-01,-6.419406542967e-01,-6.137447005024e-01,-5.870722352552e-01,-5.618221192860e-01,-5.379012015052e-01,-5.152235892877e-01,-4.937099937840e-01,-4.732871401559e-01,-4.538872418968e-01,-4.354475225745e-01,-4.179097881579e-01,-4.012200405222e-01,-3.853281256479e-01,-3.701874197139e-01,-3.557545398629e-01,-3.419890847202e-01,-3.288533983450e-01,-3.163123530147e-01,-3.043331551458e-01,-2.928851638731e-01,-2.819397280978e-01,-2.714700360001e-01,-2.614509773362e-01,-2.518590171518e-01,-2.426720801867e-01,-2.338694446608e-01,-2.254316445878e-01,-2.173403817725e-01,-2.095784422534e-01,-2.021296230678e-01,-1.949786626695e-01,-1.881111771996e-01,-1.815136037277e-01,-1.751731444179e-01,-1.690777185795e-01,-1.632159159386e-01,-1.575769534970e-01,-1.521506372382e-01,-1.469273234869e-01,-1.418978862419e-01,-1.370536844268e-01,-1.323865322443e-01,-1.278886720362e-01,-1.235527476258e-01,-1.193717810589e-01,-1.153391497657e-01,-1.114485656142e-01,-1.076940556553e-01,-1.040699434447e-01,-1.005708323506e-01,-9.719158943584e-02,-9.392733051368e-02,-9.077340634063e-02,-8.772538934794e-02,-8.477906156011e-02,-8.193040305273e-02,-7.917558116516e-02,-7.651094049283e-02,-7.393299329386e-02,-7.143841068916e-02,-6.902401424537e-02,-6.668676811661e-02,-6.442377167850e-02,-6.223225252035e-02,-6.010955993700e-02,-5.805315873459e-02,-5.606062341391e-02,-5.412963270367e-02,-5.225796436459e-02,-5.044349033022e-02,-4.868417209030e-02,-4.697805633766e-02,-4.532327086732e-02,-4.371802067768e-02,-4.216058430719e-02,-4.064931035438e-02,-3.918261418614e-02,-3.775897483160e-02,-3.637693202272e-02,-3.503508340964e-02,-3.373208190780e-02,-3.246663318730e-02,-3.123749329591e-02,-3.004346639306e-02,-2.888340261198e-02,-2.775619602062e-02,-2.666078268751e-02,-2.559613884844e-02,-2.456127915497e-02,-2.355525501960e-02,-2.257715303502e-02,-2.162609347144e-02,-2.070122885124e-02,-1.980174258377e-02,-1.892684767438e-02,-1.807578548923e-02,-1.724782457843e-02,-1.644225956015e-02,-1.565841004686e-02,-1.489561963260e-02,-1.415325491876e-02,-1.343070458724e-02,-1.272737851920e-02,-1.204270694568e-02,-1.137613964634e-02,-1.072714517700e-02,-1.009521013345e-02,-9.479838451711e-03,-8.880550731180e-03,-8.296883596574e-03,-7.728389081530e-03,-7.174634039920e-03,-6.635199586796e-03,-6.109680555581e-03,-5.597684986776e-03,-5.098833633154e-03,-4.612759485881e-03,-4.139107325903e-03,-3.677533284694e-03,-3.227704433826e-03,-2.789298383785e-03,-2.362002901845e-03,-1.945515548654e-03,-1.539543322071e-03,-1.143802324622e-03,-7.580174377018e-04,-3.819220105521e-04,-1.525756519021e-05,3.422264943543e-04,6.907731528085e-04,1.030618049549e-03,1.361989733176e-03,1.685109902200e-03,2.000193643664e-03,2.307449654734e-03,2.607080460684e-03,2.899282624517e-03
-1.119750374268e+01,-9.962118006913e+00,-8.905759862301e+00,-7.996450675408e+00,-7.208941281597e+00,-6.523095390304e+00,-5.922706325320e+00,-5.394619685477e+00,-4.928075063039e+00,-4.514206686923e+00,-4.145660772327e+00,-3.816299532404e+00,-3.520970214857e+00,-3.255323406172e+00,-3.015668999178e+00,-2.798861198611e+00,-2.602206094577e+00,-2.423386903225e+00,-2.260403137441e+00,-2.111520834491e+00,-1.975231612385e+00,-1.850218819719e+00,-1.735329417607e+00,-1.629550514252e+00,-1.531989699961e+00,-1.441858499069e+00,-1.358458388501e+00,-1.281168942523e+00,-1.209437743958e+00,-1.142771768047e+00,-1.080730001626e+00,-1.022917099958e+00,-9.689779180216e-01,-9.185927838194e-01,-8.714734005476e-01,-8.273592840018e-01,-7.860146591583e-01,-7.472257483085e-01,-7.107983958428e-01,-6.765559849633e-01,-6.443376038848e-01,-6.139964288631e-01,-5.853982983329e-01,-5.584204476016e-01,-5.329503883129e-01,-5.088849140508e-01,-4.861292124054e-01,-4.645960750462e-01,-4.442051928390e-01,-4.248825226790e-01,-4.065597222330e-01,-3.891736426314e-01,-3.726658704293e-01,-3.569823176875e-01,-3.420728517029e-01,-3.278909594087e-01,-3.143934465527e-01,-3.015401638795e-01,-2.892937584257e-01,-2.776194501789e-01,-2.664848269440e-01,-2.558596577002e-01,-2.457157248990e-01,-2.360266679499e-01,-2.267678422201e-01,-2.179161897093e-01,-2.094501195673e-01,-2.013493994552e-01,-1.935950550527e-01,-1.861692786790e-01,-1.790553450346e-01,-1.722375334876e-01,-1.657010584069e-01,-1.594320036614e-01,-1.534172629904e-01,-1.476444864888e-01,-1.421020292567e-01,-1.367789054272e-01,-1.316647461601e-01,-1.267497588269e-01,-1.220246909776e-01,-1.174807968461e-01,-1.131098041195e-01,-1.089038858813e-01,-1.048556328162e-01,-1.009580269874e-01,-9.720441884993e-02,-9.358850471416e-02,-9.010430573592e-02,-8.674614906930e-02,-8.350864956185e-02,-8.038669282165e-02,-7.737541974255e-02,-7.447021160142e-02,-7.166667632445e-02,-6.896063576058e-02,-6.634811350576e-02,-6.382532369218e-02,-6.138866049711e-02,-5.903468815221e-02,-5.676013173331e-02,-5.456186849925e-02,-5.243691962580e-02,-5.038244263735e-02,-4.839572418055e-02,-4.647417321693e-02,-4.461531470884e-02,-4.281678361076e-02,-4.107631921470e-02,-3.939175986937e-02,-3.776103796222e-02,-3.618217519808e-02,-3.465327816801e-02,-3.317253414117e-02,-3.173820710463e-02,-3.034863403248e-02,-2.900222134284e-02,-2.769744156216e-02,-2.643283017334e-02,-2.520698262131e-02,-2.401855149235e-02,-2.286624384380e-02,-2.174881866084e-02,-2.066508446738e-02,-1.961389705070e-02,-1.859415730086e-02,-1.760480917385e-02,-1.664483775054e-02,-1.571326739353e-02,-1.480916000562e-02,-1.393161336873e-02,-1.307975956642e-02,-1.225276349080e-02,-1.144982141620e-02,-1.067015964558e-02,-9.913033226379e-03,-9.177724722345e-03,-8.463543048742e-03,-7.769822364903e-03,-7.095921013504e-03,-6.441220515638e-03,-5.805124613902e-03,-5.187058351850e-03,-4.586467207578e-03,-4.002816261345e-03,-3.435589398580e-03,-2.884288557459e-03,-2.348433005072e-03,-1.827558645078e-03,-1.321217362830e-03,-8.289763942559e-04,-3.504177231970e-04,1.148624899721e-04,5.672544600324e-04,1.007135302502e-03,1.434869533373e-03,1.850809552577e-03,2.255296103144e-03,2.648658709305e-03,3.031216101234e-03,3.403276616923e-03,3.765138586459e-03,4.117090707688e-03,4.459412396147e-03,4.792374125865e-03,5.116237758703e-03,5.431256852881e-03,5.737676963950e-03,6.035735934652e-03,6.325664167344e-03,6.607684890441e-03,6.882014413825e-03,7.148862369919e-03,7.408431950089e-03,7.660920129944e-03,7.906517883108e-03,8.145410391458e-03,8.377777244030e-03,8.603792626988e-03,8.823625511018e-03,9.037439827169e-03
-9.736134213734e+00,-8.657850611041e+00,-7.735948674376e+00,-6.942490492890e+00,-6.255417275555e+00,-5.657137100733e+00,-5.133491206421e+00,-4.672987519277e+00,-4.266225549547e+00,-3.905460125312e+00,-3.584267079949e+00,-3.297284651811e+00,-3.040011694662e+00,-2.808648928268e+00,-2.599973095981e+00,-2.411236493217e+00,-2.240086211955e+00,-2.084498821781e+00,-1.942727222267e+00,-1.813257155588e+00,-1.694771432957e+00,-1.586120359372e+00,-1.486297166307e+00,-1.394417509894e+00,-1.309702289592e+00,-1.231463190053e+00,-1.159090466292e+00,-1.092042585801e+00,-1.029837414123e+00,-9.720446883391e-01,-9.182795683314e-01,-8.681970950406e-01,-8.214874142277e-01,-7.778716464833e-01,-7.370983074680e-01,-6.989401967607e-01,-6.631916864904e-01,-6.296663523978e-01,-5.981948997043e-01,-5.686233435094e-01,-5.408114067761e-01,-5.146311085590e-01,-4.899655185813e-01,-4.667076524256e-01,-4.447594929952e-01,-4.240311217156e-01,-4.044399443032e-01,-3.859100003101e-01,-3.683713469378e-01,-3.517595084382e-01,-3.360149809541e-01,-3.210827889561e-01,-3.069120881440e-01,-2.934558054190e-01,-2.806703155473e-01,-2.685151500400e-01,-2.569527334183e-01,-2.459481439540e-01,-2.354688975528e-01,-2.254847527861e-01,-2.159675313554e-01,-2.068909558861e-01,-1.982305035445e-01,-1.899632696173e-01,-1.820678444936e-01,-1.745242008965e-01,-1.673135898271e-01,-1.604184454508e-01,-1.538222978946e-01,-1.475096925831e-01,-1.414661170455e-01,-1.356779338289e-01,-1.301323175690e-01,-1.248171993217e-01,-1.197212148079e-01,-1.148336561994e-01,-1.101444283970e-01,-1.056440093556e-01,-1.013234128324e-01,-9.717415296637e-02,-9.318821359017e-02,-8.935801870177e-02,-8.567640364051e-02,-8.213659078647e-02,-7.873216543492e-02,-7.545705314824e-02,-7.230549931837e-02,-6.927204998060e-02,-6.635153365002e-02,-6.353904428493e-02,-6.082992592250e-02,-5.821975795396e-02,-5.570434114879e-02,-5.327968513046e-02,-5.094199636254e-02,-4.868766686183e-02,-4.651326375217e-02,-4.441551952139e-02,-4.239132281552e-02,-4.043770975223e-02,-3.855185595715e-02,-3.673106899143e-02,-3.497278116025e-02,-3.327454293959e-02,-3.163401669189e-02,-3.004897075413e-02,-2.851727392272e-02,-2.703689025615e-02,-2.560587416719e-02,-2.422236579609e-02,-2.288458668580e-02,-2.159083568259e-02,-2.033948505544e-02,-1.912897687059e-02,-1.795781955051e-02,-1.682458462081e-02,-1.572790364525e-02,-1.466646533299e-02,-1.363901279821e-02,-1.264434096192e-02,-1.168129411030e-02,-1.074876357571e-02,-9.845685530421e-03,-8.971038916593e-03,-8.123843473713e-03,-7.303157866778e-03,-6.508077917301e-03,-5.737734924946e-03,-4.991294072401e-03,-4.267952909288e-03,-3.566939919843e-03,-2.887513158442e-03,-2.228958948192e-03,-1.590590653342e-03,-9.717475076360e-04,-3.717934980493e-04,2.098836949085e-04,7.738737038216e-04,1.320744434594e-03,1.851042984386e-03,2.365296508255e-03,2.864013047981e-03,3.347682328424e-03,3.816776505780e-03,4.271750886997e-03,4.713044617699e-03,5.141081334919e-03,5.556269790050e-03,5.959004445279e-03,6.349666044757e-03,6.728622154813e-03,7.096227682847e-03,7.452825377185e-03,7.798746297634e-03,8.134310268779e-03,8.459826315141e-03,8.775593075642e-03,9.081899198615e-03,9.379023721445e-03,9.667236437056e-03,9.946798238319e-03,1.021796145047e-02,1.048097015508e-02,1.073606049110e-02,1.098346094842e-02,1.122339265069e-02,1.145606962341e-02,1.168169905096e-02,1.190048152472e-02,1.211261128244e-02,1.231827643342e-02,1.251765917697e-02,1.271093601560e-02,1.289827795352e-02,1.307985069004e-02,1.325581480702e-02,1.342632594718e-02,1.359153498423e-02,1.375158818776e-02,1.390662738437e-02,1.405679010701e-02
-8.539238881726e+00,-7.589576868341e+00,-6.777758609562e+00,-6.079153648767e+00,-5.474314653649e+00,-4.947732409951e+00,-4.486924512202e+00,-4.081759634977e+00,-3.723950506507e+00,-3.406669279589e+00,-3.124252786391e+00,-2.871974539878e+00,-2.645866821392e+00,-2.442580715335e+00,-2.259275156221e+00,-2.093528343294e+00,-1.943266539100e+00,-1.806706478259e+00,-1.682308507763e+00,-1.568738243773e+00,-1.464835030890e+00,-1.369585865952e+00,-1.282103737454e+00,-1.201609549751e+00,-1.127416974991e+00,-1.058919705671e+00,-9.955806860995e-01,-9.369229803609e-01,-8.825220014843e-01,-8.319988756962e-01,-7.850147581668e-01,-7.412659473575e-01,-7.004796741593e-01,-6.624104615850e-01,-6.268369697542e-01,-5.935592529154e-01,-5.623963695891e-01,-5.331842947173e-01,-5.057740921309e-01,-4.800303098340e-01,-4.558295688674e-01,-4.330593189968e-01,-4.116167411194e-01,-3.914077738165e-01,-3.723462513454e-01,-3.543531371589e-01,-3.373558430791e-01,-3.212876203643e-01,-3.060870169894e-01,-2.916973915264e-01,-2.780664789885e-01,-2.651459992736e-01,-2.528913063286e-01,-2.412610718738e-01,-2.302170017182e-01,-2.197235779043e-01,-2.097478266216e-01,-2.002591078682e-01,-1.912289260557e-01,-1.826307566345e-01,-1.744398893278e-01,-1.666332850686e-01,-1.591894472196e-01,-1.520883016180e-01,-1.453110884143e-01,-1.388402625858e-01,-1.326594029038e-01,-1.267531277817e-01,-1.211070184591e-01,-1.157075485686e-01,-1.105420186417e-01,-1.055984970185e-01,-1.008657653061e-01,-9.633326879587e-02,-9.199106974565e-02,-8.782980626391e-02,-8.384065377252e-02,-8.001528987335e-02,-7.634586083985e-02,-7.282495219716e-02,-6.944556073865e-02,-6.620106900202e-02,-6.308521996133e-02,-6.009209580066e-02,-5.721609663356e-02,-5.445192122150e-02,-5.179454821263e-02,-4.923921981893e-02,-4.678142579901e-02,-4.441688878259e-02,-4.214155015268e-02,-3.995155749736e-02,-3.784325248668e-02,-3.581315966734e-02,-3.385797577828e-02,-3.197456008340e-02,-3.015992513844e-02,-2.841122819600e-02,-2.672576305497e-02,-2.510095258458e-02,-2.353434163085e-02,-2.202359040113e-02,-2.056646814330e-02,-1.916084738667e-02,-1.780469841771e-02,-1.649608413090e-02,-1.523315513725e-02,-1.401414524124e-02,-1.283736713258e-02,-1.170120834890e-02,-1.060412744559e-02,-9.544650428495e-03,-8.521367364594e-03,-7.532929194047e-03,-6.578044706504e-03,-5.655477710292e-03,-4.764044345805e-03,-3.902610551083e-03,-3.070089657038e-03,-2.265440127444e-03,-1.487663414136e-03,-7.358019315350e-04,-8.937125788220e-06,6.938123339791e-04,1.373292281867e-03,2.030314685877e-03,2.665659202144e-03,3.280074636683e-03,3.874280339927e-03,4.448967526838e-03,5.004800536567e-03,5.542418019393e-03,6.062434069728e-03,6.565439300556e-03,7.052001869918e-03,7.522668449696e-03,7.977965150878e-03,8.418398402523e-03,8.844455792492e-03,9.256606862102e-03,9.655303865615e-03,1.004098249154e-02,1.041406255738e-02,1.077494866121e-02,1.112403080954e-02,1.146168501307e-02,1.178827386048e-02,1.210414705798e-02,1.240964194921e-02,1.270508400930e-02,1.299078732144e-02,1.326705502521e-02,1.353417974898e-02,1.379244402129e-02,1.404212066824e-02,1.428347318772e-02,1.451675611023e-02,1.474221534293e-02,1.496008850221e-02,1.517060522732e-02,1.537398748281e-02,1.557044984623e-02,1.576019978993e-02,1.594343794208e-02,1.612035834241e-02,1.629114868463e-02,1.645599055350e-02,1.661505964536e-02,1.676852598387e-02,1.691655412484e-02,1.705930335690e-02,1.719692788823e-02,1.732957702905e-02,1.745739536544e-02,1.758052292961e-02,1.769909535855e-02,1.781324404901e-02,1.792309630524e-02,1.802877548406e-02,1.813040113012e-02,1.822808910791e-02
-7.546579791060e+00,-6.703547900163e+00,-5.982993623442e+00,-5.363027841872e+00,-4.826367727059e+00,-4.359230340627e+00,-3.950522763042e+00,-3.591241572308e+00,-3.274022238899e+00,-2.992797293851e+00,-2.742534375102e+00,-2.519033593245e+00,-2.318769409712e+00,-2.138766239528e+00,-1.976499838637e+00,-1.829818571375e+00,-1.696880127743e+00,-1.576100337567e+00,-1.466111521986e+00,-1.365728415000e+00,-1.273920130859e+00,-1.189786988315e+00,-1.112541259448e+00,-1.041491104815e+00,-9.760271107076e-01,-9.156109602480e-01,-8.597658627618e-01,-8.080684387724e-01,-7.601418138517e-01,-7.156497218706e-01,-6.742914533758e-01,-6.357975143194e-01,-5.999258845307e-01,-5.664587829636e-01,-5.351998639477e-01,-5.059717803662e-01,-4.786140601486e-01,-4.529812517733e-01,-4.289413000291e-01,-4.063741206826e-01,-3.851703469746e-01,-3.652302242633e-01,-3.464626349768e-01,-3.287842340806e-01,-3.121186834273e-01,-2.963959713480e-01,-2.815518068170e-01,-2.675270803337e-01,-2.542673810692e-01,-2.417225657097e-01,-2.298463720370e-01,-2.185960718671e-01,-2.079321601590e-01,-1.978180739404e-01,-1.882199395954e-01,-1.791063448424e-01,-1.704481323971e-01,-1.622182141669e-01,-1.543914019413e-01,-1.469442541359e-01,-1.398549368353e-01,-1.331030968077e-01,-1.266697472939e-01,-1.205371617352e-01,-1.146887778796e-01,-1.091091096199e-01,-1.037836661271e-01,-9.869887758002e-02,-9.384202669179e-02,-8.920118601233e-02,-8.476516026369e-02,-8.052343366737e-02,-7.646612084006e-02,-7.258392279423e-02,-6.886808630663e-02,-6.531036665063e-02,-6.190299373450e-02,-5.863864010946e-02,-5.551039257303e-02,-5.251172563783e-02,-4.963647673194e-02,-4.687882381951e-02,-4.423326305025e-02,-4.169459004814e-02,-3.925788114529e-02,-3.691847620095e-02,-3.467196270546e-02,-3.251416038004e-02,-3.044110763547e-02,-2.844904839171e-02,-2.653441986509e-02,-2.469384123798e-02,-2.292410282059e-02,-2.122215627764e-02,-1.958510529271e-02,-1.801019684793e-02,-1.649481311047e-02,-1.503646373408e-02,-1.363277878761e-02,-1.228150207328e-02,-1.098048484461e-02,-9.727679969094e-03,-8.521136331924e-03,-7.358993748465e-03,-6.239478079739e-03,-5.160896670582e-03,-4.121634071060e-03,-3.120147975406e-03,-2.154965457732e-03,-1.224679392589e-03,-3.279450910615e-04,5.365228628615e-04,1.369953611980e-03,2.173522829646e-03,2.948355378420e-03,3.695527818706e-03,4.416070773761e-03,5.110971172667e-03,5.781174358600e-03,6.427586086218e-03,7.051074412735e-03,7.652471481245e-03,8.232575222658e-03,8.792150948251e-03,9.331932870040e-03,9.852625538452e-03,1.035490520331e-02,1.083942111101e-02,1.130679672531e-02,1.175763089146e-02,1.219249894021e-02,1.261195373453e-02,1.301652666868e-02,1.340672861083e-02,1.378305080233e-02,1.414596571254e-02,1.449592785043e-02,1.483337454029e-02,1.515872665551e-02,1.547238931853e-02,1.577475256819e-02,1.606619199237e-02,1.634706933822e-02,1.661773308375e-02,1.687851898877e-02,1.712975061882e-02,1.737173984366e-02,1.760478731721e-02,1.782918292931e-02,1.804520624059e-02,1.825312689713e-02,1.845320502522e-02,1.864569161218e-02,1.883082886531e-02,1.900885055741e-02,1.917998235699e-02,1.934444214301e-02,1.950244030866e-02,1.965418004865e-02,1.979985763516e-02,1.993966268267e-02,2.007377839916e-02,2.020238183262e-02,2.032564409918e-02,2.044373060649e-02,2.055680126664e-02,2.066501069926e-02,2.076850842975e-02,2.086743907422e-02,2.096194251989e-02,2.105215409756e-02,2.113820474619e-02,2.122022117380e-02,2.129832600790e-02,2.137263794180e-02,2.144327187517e-02,2.151033904805e-02,2.157394717198e-02,2.163420055310e-02,2.169120021136e-02,2.174504399571e-02
-6.714153728651e+00,-5.960500300828e+00,-5.316446300773e+00,-4.762399909868e+00,-4.282892227726e+00,-3.865587014496e+00,-3.500555821151e+00,-3.179740486713e+00,-2.896549814134e+00,-2.645553601308e+00,-2.422248166543e+00,-2.222874969368e+00,-2.044279072889e+00,-1.883797793330e+00,-1.739172429079e+00,-1.608477784799e+00,-1.490065525214e+00,-1.382518356701e+00,-1.284612746663e+00,-1.195288419043e+00,-1.113623261721e+00,-1.038812581612e+00,-9.701518727953e-01,-9.070224370344e-01,-8.488793335046e-01,-7.952412386679e-01,-7.456818801658e-01,-6.998227733588e-01,-6.573270404161e-01,-6.178941328918e-01,-5.812553104775e-01,-5.471697559723e-01,-5.154212266628e-01,-4.858151597757e-01,-4.581761634705e-01,-4.323458362815e-01,-4.081808672950e-01,-3.855513763295e-01,-3.643394609334e-01,-3.444379212104e-01,-3.257491383369e-01,-3.081840857341e-01,-2.916614567316e-01,-2.761068913392e-01,-2.614522913643e-01,-2.476352118454e-01,-2.345983194603e-01,-2.222889096647e-01,-2.106584754037e-01,-1.996623219293e-01,-1.892592207079e-01,-1.794110995531e-01,-1.700827640005e-01,-1.612416465688e-01,-1.528575807351e-01,-1.449025970777e-01,-1.373507394251e-01,-1.301778977310e-01,-1.233616573447e-01,-1.168811621544e-01,-1.107169903682e-01,-1.048510411015e-01,-9.926643235029e-02,-9.394740621863e-02,-8.887924330541e-02,-8.404818403354e-02,-7.944135645624e-02,-7.504670992177e-02,-7.085295413257e-02,-6.684950282601e-02,-6.302642228036e-02,-5.937438392183e-02,-5.588462087184e-02,-5.254888815347e-02,-4.935942635698e-02,-4.630892830765e-02,-4.339050818115e-02,-4.059767407331e-02,-3.792430211144e-02,-3.536461277120e-02,-3.291314892739e-02,-3.056475600889e-02,-2.831456216957e-02,-2.615796164821e-02,-2.409059813347e-02,-2.210834951098e-02,-2.020731362161e-02,-1.838379497349e-02,-1.663429234706e-02,-1.495548696404e-02,-1.334423190594e-02,-1.179754186303e-02,-1.031258365144e-02,-8.886667347944e-03,-7.517238012121e-03,-6.201867921532e-03,-4.938249271571e-03,-3.724187467378e-03,-2.557594731795e-03,-1.436484151583e-03,-3.589640933280e-04,6.767669911376e-04,1.672425551192e-03,2.629647465429e-03,3.549992388690e-03,4.434947811328e-03,5.285932873802e-03,6.104301952071e-03,6.891348028681e-03,7.648305882369e-03,8.376355058399e-03,9.076622691375e-03,9.750186158497e-03,1.039807558103e-02,1.102127618272e-02,1.162073051697e-02,1.219734057253e-02,1.275196975187e-02,1.328544474922e-02,1.379855732307e-02,1.429206597276e-02,1.476669751964e-02,1.522314861654e-02,1.566208715954e-02,1.608415363549e-02,1.648996239607e-02,1.688010286514e-02,1.725514068308e-02,1.761561879168e-02,1.796205846702e-02,1.829496029296e-02,1.861480509013e-02,1.892205479680e-02,1.921715330572e-02,1.950052725880e-02,1.977258680311e-02,2.003372631100e-02,2.028432506122e-02,2.052474789005e-02,2.075534581007e-02,2.097645659943e-02,2.118840536063e-02,2.139150505946e-02,2.158605702978e-02,2.177235145990e-02,2.195066785498e-02,2.212127547789e-02,2.228443376966e-02,2.244039275015e-02,2.258939340311e-02,2.273166803914e-02,2.286744064545e-02,2.299692721903e-02,2.312033608499e-02,2.323786820034e-02,2.334971744478e-02,2.345607089970e-02,2.355710911208e-02,2.365300634921e-02,2.374393084168e-02,2.383004501616e-02,2.391150571615e-02,2.398846441881e-02,2.406106743554e-02,2.412945610829e-02,2.419376699666e-02,2.425413205709e-02,2.431067881450e-02,2.436353052647e-02,2.441280634288e-02,2.445862145511e-02,2.450108724190e-02,2.454031140847e-02,2.457639812011e-02,2.460944813002e-02,2.463955890242e-02,2.466682473160e-02,2.469133685379e-02,2.471318355658e-02,2.473245028344e-02,2.474921973435e-02
-6.009209817257e+00,-5.331210659266e+00,-4.751911816198e+00,-4.253665577226e+00,-3.822538114114e+00,-3.447417501082e+00,-3.119360772094e+00,-2.831109744833e+00,-2.576727705567e+00,-2.351323787587e+00,-2.150841750930e+00,-1.971896589558e+00,-1.811647028341e+00,-1.667695213181e+00,-1.538007191890e+00,-1.420849425675e+00,-1.314737758995e+00,-1.218396144001e+00,-1.130723056184e+00,-1.050764014510e+00,-9.776889770143e-01,-9.107736531559e-01,-8.493839809388e-01,-7.929631738030e-01,-7.410208657855e-01,-6.931239775103e-01,-6.488890001723e-01,-6.079754530474e-01,-5.700803162588e-01,-5.349332772613e-01,-5.022926588532e-01,-4.719419200559e-01,-4.436866403521e-01,-4.173519129000e-01,-3.927800850127e-01,-3.698287945503e-01,-3.483692590130e-01,-3.282847811587e-01,-3.094694406427e-01,-2.918269458968e-01,-2.752696244409e-01,-2.597175326927e-01,-2.450976705636e-01,-2.313432855230e-01,-2.183932560808e-01,-2.061915440319e-01,-1.946867070138e-01,-1.838314639761e-01,-1.735823071617e-01,-1.638991550483e-01,-1.547450414339e-01,-1.460858363874e-01,-1.378899957501e-01,-1.301283355526e-01,-1.227738286127e-01,-1.158014212176e-01,-1.091878674460e-01,-1.029115793120e-01,-9.695249105498e-02,-9.129193609167e-02,-8.591253536216e-02,-8.079809540854e-02,-7.593351663075e-02,-7.130470827448e-02,-6.689851151537e-02,-6.270262883160e-02,-5.870555919152e-02,-5.489653847915e-02,-5.126548467265e-02,-4.780294737636e-02,-4.450006137853e-02,-4.134850403227e-02,-3.834045595479e-02,-3.546856509122e-02,-3.272591401309e-02,-3.010598983973e-02,-2.760265678238e-02,-2.521013100794e-02,-2.292295757817e-02,-2.073598923481e-02,-1.864436675582e-02,-1.664350124081e-02,-1.472905645766e-02,-1.289693391514e-02,-1.114325805426e-02,-9.464362635258e-03,-7.856778020998e-03,-6.317219291677e-03,-4.842575133171e-03,-3.429897447461e-03,-2.076391637782e-03,-7.794075489846e-04,4.635690870032e-04,1.654924570945e-03,2.796924629095e-03,3.891721387912e-03,4.941359876440e-03,5.947784111921e-03,6.912842797222e-03,7.838294656799e-03,8.725813442015e-03,9.576992582285e-03,1.039334965208e-02,1.117633042953e-02,1.192731278699e-02,1.264761032490e-02,1.333847578600e-02,1.400110426440e-02,1.463663622352e-02,1.524616033553e-02,1.583071615409e-02,1.639129662944e-02,1.692885048420e-02,1.744428444701e-02,1.793846535752e-02,1.841222215674e-02,1.886634776373e-02,1.930160084768e-02,1.971870750167e-02,2.011836282443e-02,2.050123241624e-02,2.086795378901e-02,2.121913771236e-02,2.155536947271e-02,2.187721007429e-02,2.218519737458e-02,2.247984716006e-02,2.276165416587e-02,2.303109304252e-02,2.328861927287e-02,2.353467004198e-02,2.376966506241e-02,2.399400735907e-02,2.420808401350e-02,2.441226687033e-02,2.460691320978e-02,2.479236638659e-02,2.496895643751e-02,2.513700065916e-02,2.529680415779e-02,2.544866037290e-02,2.559285157330e-02,2.572964933559e-02,2.585931499249e-02,2.598210006444e-02,2.609824666987e-02,2.620798791630e-02,2.631154827333e-02,2.640914392838e-02,2.650098312603e-02,2.658726649194e-02,2.666818734164e-02,2.674393197640e-02,2.681467996503e-02,2.688060441251e-02,2.694187221762e-02,2.699864431876e-02,2.705107592900e-02,2.709931676079e-02,2.714351124085e-02,2.718379871599e-02,2.722031364823e-02,2.725318580618e-02,2.728254044255e-02,2.730849846740e-02,2.733117661333e-02,2.735068759368e-02,2.736714025406e-02,2.738063971757e-02,2.739128752397e-02,2.739918176307e-02,2.740441720235e-02,2.740708541023e-02,2.740727487358e-02,2.740507111012e-02,2.740055677693e-02,2.739381177435e-02,2.738491334578e-02,2.737393617335e-02,2.736095246993e-02,2.734603206761e-02
-5.406964213225e+00,-4.793564276988e+00,-4.269559582518e+00,-3.818962066760e+00,-3.429148381336e+00,-3.090051802455e+00,-2.793570686040e+00,-2.533129812602e+00,-2.303351225028e+00,-2.099804513077e+00,-1.918815443792e+00,-1.757317923091e+00,-1.612738473517e+00,-1.482905349492e+00,-1.365976489562e+00,-1.260381992900e+00,-1.164777883702e+00,-1.078008713749e+00,-9.990771336783e-01,-9.271189953117e-01,-8.613828714932e-01,-8.012131248045e-01,-7.460358437254e-01,-6.953471072922e-01,-6.487031508691e-01,-6.057120911243e-01,-5.660269357981e-01,-5.293396567526e-01,-4.953761466515e-01,-4.638919129022e-01,-4.346683890823e-01,-4.075097654223e-01,-3.822402571334e-01,-3.587017433165e-01,-3.367517205339e-01,-3.162615243921e-01,-2.971147800799e-01,-2.792060490599e-01,-2.624396442761e-01,-2.467285905189e-01,-2.319937101921e-01,-2.181628173498e-01,-2.051700065124e-01,-1.929550227362e-01,-1.814627034695e-01,-1.706424827227e-01,-1.604479498629e-01,-1.508364563282e-01,-1.417687644611e-01,-1.332087334362e-01,-1.251230379141e-01,-1.174809156261e-01,-1.102539405746e-01,-1.034158189617e-01,-9.694220531453e-02,-9.081053659217e-02,-8.499988232852e-02,-7.949080909685e-02,-7.426525778315e-02,-6.930643232516e-02,-6.459869878330e-02,-6.012749323407e-02,-5.587923877372e-02,-5.184126886443e-02,-4.800175783673e-02,-4.434965713621e-02,-4.087463682643e-02,-3.756703181294e-02,-3.441779233696e-02,-3.141843836693e-02,-2.856101758657e-02,-2.583806673363e-02,-2.324257608084e-02,-2.076795686816e-02,-1.840801149718e-02,-1.615690629005e-02,-1.400914660333e-02,-1.195955407854e-02,-1.000324581016e-02,-8.135615219446e-03,-6.352314364872e-03,-4.649238027961e-03,-3.022507957438e-03,-1.468459360955e-03,1.637232344889e-05,1.435263633346e-03,2.791314488591e-03,4.087458858553e-03,5.326474741566e-03,6.510993502266e-03,7.643508608179e-03,8.726383803759e-03,9.761860757621e-03,1.075206621668e-02,1.169901869907e-02,1.260463475622e-02,1.347073483241e-02,1.429904874913e-02,1.509122083939e-02,1.584881475598e-02,1.657331798265e-02,1.726614602201e-02,1.792864641515e-02,1.856210240429e-02,1.916773643177e-02,1.974671341089e-02,2.030014379813e-02,2.082908648027e-02,2.133455148869e-02,2.181750255261e-02,2.227885950173e-02,2.271950052828e-02,2.314026431778e-02,2.354195205687e-02,2.392532932619e-02,2.429112788574e-02,2.464004735950e-02,2.497275682558e-02,2.528989631798e-02,2.559207824535e-02,2.587988873259e-02,2.615388888493e-02,2.641461599385e-02,2.666258466637e-02,2.689828790066e-02,2.712219810300e-02,2.733476805116e-02,2.753643180728e-02,2.772760558314e-02,2.790868856073e-02,2.808006367051e-02,2.824209832997e-02,2.839514514459e-02,2.853954257343e-02,2.867561556128e-02,2.880367613924e-02,2.892402399551e-02,2.903694701801e-02,2.914272181039e-02,2.924161418286e-02,2.933387961952e-02,2.941976372113e-02,2.949950263145e-02,2.957332343773e-02,2.964144455528e-02,2.970407609321e-02,2.976142020304e-02,2.981367141098e-02,2.986101693480e-02,2.990363698607e-02,2.994170505852e-02,2.997538820316e-02,3.000484729099e-02,3.003023726369e-02,3.005170737316e-02,3.006940141018e-02,3.008345792305e-02,3.009401042635e-02,3.010118760065e-02,3.010511348331e-02,3.010590765133e-02,3.010368539451e-02,3.009855788499e-02,3.009063233512e-02,3.008001215100e-02,3.006679707890e-02,3.005108334549e-02,3.003296379216e-02,3.001252800358e-02,2.998986243104e-02,2.996505051047e-02,2.993817277567e-02,2.990930696683e-02,2.987852813458e-02,2.984590873975e-02,2.981151874911e-02,2.977542572717e-02,2.973769492432e-02,2.969838936135e-02,2.965756991062e-02,2.961529537426e-02
-4.888381958878e+00,-4.330576031999e+00,-3.854158634935e+00,-3.444569671752e+00,-3.090313350690e+00,-2.782222267069e+00,-2.512918681324e+00,-2.276415027674e+00,-2.067814135594e+00,-1.883081803001e+00,-1.718872505687e+00,-1.572394569542e+00,-1.441304956525e+00,-1.323626489257e+00,-1.217682231648e+00,-1.122043097819e+00,-1.035485741815e+00,-9.569584970289e-01,-8.855536626764e-01,-8.204848279669e-01,-7.610682197414e-01,-7.067072824621e-01,-6.568798698326e-01,-6.111275573012e-01,-5.690466860474e-01,-5.302808271022e-01,-4.945144156464e-01,-4.614673537298e-01,-4.308904177807e-01,-4.025613375893e-01,-3.762814376682e-01,-3.518727513396e-01,-3.291755335799e-01,-3.080461113579e-01,-2.883550205339e-01,-2.699853868297e-01,-2.528315152988e-01,-2.367976584197e-01,-2.217969376421e-01,-2.077503971104e-01,-1.945861715785e-01,-1.822387529260e-01,-1.706483428571e-01,-1.597602797647e-01,-1.495245308246e-01,-1.398952408537e-01,-1.308303308962e-01,-1.222911404325e-01,-1.142421079306e-01,-1.066504851601e-01,-9.948608129649e-02,-9.272103335335e-02,-8.632959992983e-02,-8.028797563876e-02,-7.457412391362e-02,-6.916762617645e-02,-6.404954559580e-02,-5.920230387597e-02,-5.460956970165e-02,-5.025615761841e-02,-4.612793632909e-02,-4.221174502982e-02,-3.849531793168e-02,-3.496721479860e-02,-3.161675783106e-02,-2.843397383096e-02,-2.540954114772e-02,-2.253474090738e-02,-1.980141210140e-02,-1.720191018531e-02,-1.472906890510e-02,-1.237616512604e-02,-1.013688647946e-02,-8.005301665935e-03,-5.975833259120e-03,-4.043232848096e-03,-2.202558342992e-03,-4.491532563433e-04,1.221372234346e-03,2.813158636007e-03,4.330113164917e-03,5.775924125528e-03,7.154075022360e-03,8.467856865213e-03,9.720380029178e-03,1.091458524429e-02,1.205325386821e-02,1.313901749799e-02,1.417436696818e-02,1.516166077629e-02,1.610313297194e-02,1.700090054312e-02,1.785697033061e-02,1.867324549974e-02,1.945153159735e-02,2.019354222040e-02,2.090090432132e-02,2.157516317405e-02,2.221778702329e-02,2.283017143825e-02,2.341364339878e-02,2.396946508453e-02,2.449883750774e-02,2.500290383786e-02,2.548275256259e-02,2.593942044631e-02,2.637389530822e-02,2.678711863231e-02,2.717998802063e-02,2.755335950009e-02,2.790804969284e-02,2.824483785901e-02,2.856446782030e-02,2.886764977217e-02,2.915506199185e-02,2.942735244879e-02,2.968514032390e-02,2.992901744325e-02,3.015954963167e-02,3.037727799115e-02,3.058272010975e-02,3.077637119986e-02,3.095870518336e-02,3.113017570935e-02,3.129121712162e-02,3.144224537375e-02,3.158365889558e-02,3.171583941416e-02,3.183915273170e-02,3.195394946307e-02,3.206056573519e-02,3.215932385049e-02,3.225053291645e-02,3.233448944331e-02,3.241147791144e-02,3.248177131040e-02,3.254563165106e-02,3.260331045225e-02,3.265504920358e-02,3.270107980539e-02,3.274162498778e-02,3.277689870725e-02,3.280710652820e-02,3.283244598223e-02,3.285310691217e-02,3.286927179950e-02,3.288111607624e-02,3.288880842222e-02,3.289251104849e-02,3.289237996752e-02,3.288856525094e-02,3.288121127541e-02,3.287045695725e-02,3.285643597638e-02,3.283927699012e-02,3.281910383736e-02,3.279603573353e-02,3.277018745693e-02,3.274166952672e-02,3.271058837309e-02,3.267704650021e-02,3.264114264055e-02,3.260297190548e-02,3.256262592633e-02,3.252019299086e-02,3.247575817357e-02,3.242940346040e-02,3.238120786818e-02,3.233124755892e-02,3.227959594938e-02,3.222632381596e-02,3.217149939521e-02,3.211518848019e-02,3.205745451278e-02,3.199835867221e-02,3.193795995994e-02,3.187631528106e-02,3.181347952234e-02,3.174950562720e-02,3.168444466751e-02,3.161834591288e-02
-4.438647413503e+00,-3.929025615821e+00,-3.493853892298e+00,-3.119809505978e+00,-2.796373725299e+00,-2.515158440975e+00,-2.269413212699e+00,-2.053659711832e+00,-1.863417403032e+00,-1.694995430177e+00,-1.545333124585e+00,-1.411876624232e+00,-1.292482591844e+00,-1.185342466349e+00,-1.088922413831e+00,-1.001915383829e+00,-9.232025737978e-01,-8.518222600522e-01,-7.869444371099e-01,-7.278500671895e-01,-6.739140118019e-01,-6.245909213050e-01,-5.794035145301e-01,-5.379327992857e-01,-4.998098774103e-01,-4.647090494294e-01,-4.323419900724e-01,-4.024528100069e-01,-3.748138540423e-01,-3.492221137966e-01,-3.254961549859e-01,-3.034734772910e-01,-2.830082391102e-01,-2.639692911290e-01,-2.462384721003e-01,-2.297091279477e-01,-2.142848216418e-01,-1.998782065087e-01,-1.864100399352e-01,-1.738083179620e-01,-1.620075145125e-01,-1.509479105790e-01,-1.405750024356e-01,-1.308389776113e-01,-1.216942505642e-01,-1.130990502705e-01,-1.050150532987e-01,-9.740705678247e-02,-9.024268646197e-02,-8.349213560250e-02,-7.712793115586e-02,-7.112472399781e-02,-6.545910048345e-02,-6.010941291127e-02,-5.505562678920e-02,-5.027918305706e-02,-4.576287364564e-02,-4.149072894751e-02,-3.744791594283e-02,-3.362064578919e-02,-2.999609034306e-02,-2.656230553253e-02,-2.330816262312e-02,-2.022328480700e-02,-1.729798967585e-02,-1.452323651406e-02,-1.189057796622e-02,-9.392115614336e-03,-7.020459065883e-03,-4.768688220858e-03,-2.630318449968e-03,-5.992684727515e-04,1.330169231775e-03,3.163355621599e-03,4.905330023967e-03,6.560832935097e-03,8.134326830985e-03,9.630015147489e-03,1.105185959927e-02,1.240359591528e-02,1.368874872824e-02,1.491064429491e-02,1.607242347155e-02,1.717705277206e-02,1.822733511567e-02,1.922591975883e-02,2.017531157968e-02,2.107787976855e-02,2.193586596902e-02,2.275139190663e-02,2.352646653791e-02,2.426299274901e-02,2.496277363083e-02,2.562751835619e-02,2.625884768305e-02,2.685829910683e-02,2.742733168413e-02,2.796733054846e-02,2.847961113851e-02,2.896542314668e-02,2.942595427141e-02,2.986233361813e-02,3.027563502794e-02,3.066688008918e-02,3.103704101337e-02,3.138704332297e-02,3.171776837475e-02,3.203005572968e-02,3.232470537991e-02,3.260247984227e-02,3.286410612727e-02,3.311027759181e-02,3.334165568334e-02,3.355887158246e-02,3.376252775069e-02,3.395319938938e-02,3.413143581562e-02,3.429776176026e-02,3.445267859309e-02,3.459666547854e-02,3.473018047286e-02,3.485366154921e-02,3.496752758132e-02,3.507217926229e-02,3.516799997915e-02,3.525535663949e-02,3.533460045403e-02,3.540606767777e-02,3.547008031218e-02,3.552694677074e-02,3.557696250979e-02,3.562041062695e-02,3.565756242870e-02,3.568867796909e-02,3.571400656110e-02,3.573378726215e-02,3.574824933539e-02,3.575761268786e-02,3.576208828701e-02,3.576187855620e-02,3.575717775304e-02,3.574817232448e-02,3.573504125074e-02,3.571795636785e-02,3.569708267688e-02,3.567257863807e-02,3.564459645091e-02,3.561328232099e-02,3.557877671436e-02,3.554121459995e-02,3.550072568072e-02,3.545743461414e-02,3.541146122249e-02,3.536292069350e-02,3.531192377192e-02,3.525857694227e-02,3.520298260346e-02,3.514523923548e-02,3.508544155866e-02,3.502368068547e-02,3.496004426735e-02,3.489461663130e-02,3.482747891522e-02,3.475870919353e-02,3.468838259912e-02,3.461657143964e-02,3.454334530876e-02,3.446877119268e-02,3.439291357206e-02,3.431583451958e-02,3.423759379350e-02,3.415824892706e-02,3.407785531432e-02,3.399646629226e-02,3.391413321957e-02,3.383090555207e-02,3.374683091511e-02,3.366195517289e-02,3.357632249501e-02,3.348997541999e-02,3.340295491758e-02
-4.046089349873e+00,-3.578498441040e+00,-3.179306164619e+00,-2.836268883865e+00,-2.539719971114e+00,-2.281950956217e+00,-2.056758485325e+00,-1.859108355684e+00,-1.684883399963e+00,-1.530692214140e+00,-1.393722571315e+00,-1.271628023687e+00,-1.162439410228e+00,-1.064495236185e+00,-9.763864819567e-01,-8.969125379960e-01,-8.250457868567e-01,-7.599029559088e-01,-7.007218086804e-01,-6.468420735318e-01,-5.976897565713e-01,-5.527641735016e-01,-5.116271780523e-01,-4.738941744305e-01,-4.392265861485e-01,-4.073255193397e-01,-3.779264103131e-01,-3.507944876323e-01,-3.257209110778e-01,-3.025194753509e-01,-2.810237867247e-01,-2.610848373281e-01,-2.425689147262e-01,-2.253557952659e-01,-2.093371784543e-01,-1.944153265466e-01,-1.805018794442e-01,-1.675168197751e-01,-1.553875669856e-01,-1.440481825470e-01,-1.334386710879e-01,-1.235043646852e-01,-1.141953792150e-01,-1.054661332291e-01,-9.727492164400e-02,-8.958353711348e-02,-8.235693318595e-02,-7.556292411296e-02,-6.917191686877e-02,-6.315667153224e-02,-5.749208660896e-02,-5.215500670510e-02,-4.712404960899e-02,-4.237945060246e-02,-3.790292241089e-02,-3.367752881407e-02,-2.968757049996e-02,-2.591848185329e-02,-2.235673752535e-02,-1.898976775678e-02,-1.580588150976e-02,-1.279419682280e-02,-9.944577388548e-03,-7.247574552368e-03,-4.694374657378e-03,-2.276750807942e-03,1.298134322579e-05,2.182004218431e-03,4.237035725359e-03,6.184363771125e-03,8.029878097906e-03,9.779099754584e-03,1.143720833002e-02,1.300906686540e-02,1.449924482337e-02,1.591203909364e-02,1.725149317085e-02,1.852141463525e-02,1.972539108101e-02,2.086680463657e-02,2.194884518536e-02,2.297452272066e-02,2.394667862940e-02,2.486799583975e-02,2.574100860352e-02,2.656811150367e-02,2.735156787247e-02,2.809351767287e-02,2.879598488549e-02,2.946088443613e-02,3.009002865080e-02,3.068513345261e-02,3.124782403673e-02,3.177964015909e-02,3.228204119747e-02,3.275641085146e-02,3.320406154417e-02,3.362623854433e-02,3.402412382630e-02,3.439883968392e-02,3.475145210979e-02,3.508297398683e-02,3.539436806113e-02,3.568654970309e-02,3.596038953551e-02,3.621671588540e-02,3.645631708511e-02,3.667994363303e-02,3.688831022323e-02,3.708209765298e-02,3.726195461292e-02,3.742849938195e-02,3.758232141207e-02,3.772398281807e-02,3.785401978887e-02,3.797294391427e-02,3.808124343585e-02,3.817938442661e-02,3.826781190417e-02,3.834695088132e-02,3.841720735752e-02,3.847896925812e-02,3.853260732060e-02,3.857847592916e-02,3.861691390835e-02,3.864824527244e-02,3.867277993474e-02,3.869081437914e-02,3.870263229619e-02,3.870850518570e-02,3.870869292722e-02,3.870344432311e-02,3.869299761170e-02,3.867758095341e-02,3.865741289372e-02,3.863270280206e-02,3.860365128864e-02,3.857045060028e-02,3.853328499652e-02,3.849233110708e-02,3.844775827135e-02,3.839972886230e-02,3.834839859418e-02,3.829391681372e-02,3.823642677908e-02,3.817606592481e-02,3.811296611421e-02,3.804725387958e-02,3.797905065121e-02,3.790847297553e-02,3.783563272259e-02,3.776063728533e-02,3.768358976843e-02,3.760458916789e-02,3.752373054347e-02,3.744110518291e-02,3.735680075862e-02,3.727090147725e-02,3.718348822262e-02,3.709463869207e-02,3.700442752660e-02,3.691292643598e-02,3.682020431803e-02,3.672632737143e-02,3.663135920499e-02,3.653536094171e-02,3.643839131824e-02,3.634050678013e-02,3.624176157291e-02,3.614220782929e-02,3.604189565219e-02,3.594087319547e-02,3.583918674032e-02,3.573688076784e-02,3.563399802964e-02,3.553057961502e-02,3.542666501545e-02,3.532229218630e-02,3.521749760607e-02,3.511231633305e-02,3.500678205960e-02
-3.701412551348e+00,-3.270700021881e+00,-2.903077372301e+00,-2.587247566233e+00,-2.314291460697e+00,-2.077096786753e+00,-1.869940117410e+00,-1.688176859506e+00,-1.528008613762e+00,-1.386306676017e+00,-1.260476771689e+00,-1.148354414503e+00,-1.048123247231e+00,-9.582507968472e-01,-8.774375447798e-01,-8.045762643084e-01,-7.387193373344e-01,-6.790523193197e-01,-6.248724307282e-01,-5.755709587388e-01,-5.306187819853e-01,-4.895544043790e-01,-4.519740160005e-01,-4.175232002481e-01,-3.858899849881e-01,-3.567989959705e-01,-3.300065184942e-01,-3.052963106738e-01,-2.824760414127e-01,-2.613742494163e-01,-2.418377386176e-01,-2.237293405051e-01,-2.069259858542e-01,-1.913170383150e-01,-1.768028503126e-01,-1.632935085123e-01,-1.507077406694e-01,-1.389719612888e-01,-1.280194362422e-01,-1.177895498987e-01,-1.082271607188e-01,-9.928203358682e-02,-9.090833870659e-02,-8.306420796213e-02,-7.571134199167e-02,-6.881466120143e-02,-6.234199531730e-02,-5.626380662464e-02,-5.055294327191e-02,-4.518441841389e-02,-4.013521235660e-02,-3.538409530776e-02,-3.091146809783e-02,-2.669921886925e-02,-2.273059393493e-02,-1.899008187387e-02,-1.546330786034e-02,-1.213693882273e-02,-8.998597421949e-03,-6.036784104093e-03,-3.240806297582e-03,-6.007143440109e-04,1.892756700660e-03,4.248240627455e-03,6.473788396739e-03,8.576912457248e-03,1.056462734612e-02,1.244348700453e-02,1.421961896869e-02,1.589875618698e-02,1.748626629976e-02,1.898717866052e-02,2.040620933424e-02,2.174778411353e-02,2.301605959906e-02,2.421494313876e-02,2.534811007445e-02,2.641902006960e-02,2.743093183591e-02,2.838691654242e-02,2.928986992209e-02,3.014252364706e-02,3.094745585791e-02,3.170710013601e-02,3.242375452658e-02,3.309958973564e-02,3.373665678551e-02,3.433689407651e-02,3.490213437564e-02,3.543411098122e-02,3.593446353599e-02,3.640474366888e-02,3.684642021070e-02,3.726088407250e-02,3.764945281433e-02,3.801337510916e-02,3.835383455766e-02,3.867195354872e-02,3.896879679562e-02,3.924537464808e-02,3.950264618007e-02,3.974152212221e-02,3.996286760466e-02,4.016750465084e-02,4.035621459969e-02,4.052974035051e-02,4.068878846928e-02,4.083403115735e-02,4.096610813006e-02,4.108562834879e-02,4.119317165259e-02,4.128929030676e-02,4.137451045331e-02,4.144933347484e-02,4.151423727822e-02,4.156967751886e-02,4.161608872461e-02,4.165388537845e-02,4.168346293334e-02,4.170519876978e-02,4.171945309833e-02,4.172656981571e-02,4.172687731389e-02,4.172068923615e-02,4.170830520060e-02,4.169001148187e-02,4.166608165607e-02,4.163677720985e-02,4.160234812172e-02,4.156303340802e-02,4.151906164004e-02,4.147065143672e-02,4.141801193068e-02,4.136134320997e-02,4.130083673673e-02,4.123667574891e-02,4.116903563352e-02,4.109808428690e-02,4.102398245545e-02,4.094688405926e-02,4.086693649904e-02,4.078428094942e-02,4.069905263831e-02,4.061138110864e-02,4.052139047108e-02,4.042919964349e-02,4.033492257880e-02,4.023866848116e-02,4.014054201450e-02,4.004064349858e-02,3.993906909566e-02,3.983591098981e-02,3.973125755729e-02,3.962519352885e-02,3.951780014416e-02,3.940915530225e-02,3.929933369944e-02,3.918840696506e-02,3.907644378986e-02,3.896351004864e-02,3.884966891692e-02,3.873498098342e-02,3.861950435791e-02,3.850329477133e-02,3.838640567421e-02,3.826888832992e-02,3.815079190389e-02,3.803216354822e-02,3.791304848471e-02,3.779349008236e-02,3.767352993124e-02,3.755320791442e-02,3.743256227633e-02,3.731162968805e-02,3.719044530963e-02,3.706904285219e-02,3.694745463293e-02,3.682571163111e-02,3.670384354078e-02,3.658187882131e-02,3.645984474550e-02
-3.397139935643e+00,-2.998958197317e+00,-2.659184197217e+00,-2.367355716135e+00,-2.115212832831e+00,-1.896169085466e+00,-1.704924312560e+00,-1.537177535844e+00,-1.389411494921e+00,-1.258729177084e+00,-1.142728535341e+00,-1.039405569680e+00,-9.470786939597e-01,-8.643292317400e-01,-7.899542448126e-01,-7.229288711254e-01,-6.623760536250e-01,-6.075420561595e-01,-5.577765424328e-01,-5.125162768812e-01,-4.712717181837e-01,-4.336159367679e-01,-3.991754099062e-01,-3.676223415566e-01,-3.386682271038e-01,-3.120584390190e-01,-2.875676537340e-01,-2.649959748353e-01,-2.441656344993e-01,-2.249181777647e-01,-2.071120509432e-01,-1.906205298084e-01,-1.753299344586e-01,-1.611380864379e-01,-1.479529719599e-01,-1.356915803803e-01,-1.242788925803e-01,-1.136469976422e-01,-1.037343195245e-01,-9.448493886858e-02,-8.584799664929e-02,-7.777716884197e-02,-7.023020288921e-02,-6.316850709947e-02,-5.655678717435e-02,-5.036272333441e-02,-4.455668304410e-02,-3.911146563416e-02,-3.400207337554e-02,-2.920550748715e-02,-2.470058522919e-02,-2.046777598253e-02,-1.648905436562e-02,-1.274776727309e-02,-9.228514780165e-03,-5.917042422256e-03,-2.800144287435e-03,1.344246782954e-04,2.898028557728e-03,5.501222305100e-03,7.953817167519e-03,1.026493991714e-02,1.244308634786e-02,1.449617099092e-02,1.643157160528e-02,1.825617007413e-02,1.997638984642e-02,2.159822993813e-02,2.312729702286e-02,2.456883440173e-02,2.592774893137e-02,2.720863589623e-02,2.841580231739e-02,2.955328811186e-02,3.062488574488e-02,3.163415810194e-02,3.258445520441e-02,3.347892947396e-02,3.432054894755e-02,3.511210989220e-02,3.585624799199e-02,3.655544877475e-02,3.721205763218e-02,3.782828767231e-02,3.840622810399e-02,3.894785167661e-02,3.945502156539e-02,3.992949851824e-02,4.037294622340e-02,4.078693734768e-02,4.117295888798e-02,4.153241730905e-02,4.186664350204e-02,4.217689692736e-02,4.246436996741e-02,4.273019182802e-02,4.297543233127e-02,4.320110538732e-02,4.340817212620e-02,4.359754400580e-02,4.377008564669e-02,4.392661752294e-02,4.406791852283e-02,4.419472818876e-02,4.430774896388e-02,4.440764825038e-02,4.449506033659e-02,4.457058826429e-02,4.463480546618e-02,4.468825739289e-02,4.473146301258e-02,4.476491622917e-02,4.478908722649e-02,4.480442369237e-02,4.481135200775e-02,4.481027835151e-02,4.480158975255e-02,4.478565507503e-02,4.476282593656e-02,4.473343758888e-02,4.469780974238e-02,4.465624734756e-02,4.460904133819e-02,4.455646931623e-02,4.449879621418e-02,4.443627491644e-02,4.436914684612e-02,4.429764252924e-02,4.422198211223e-02,4.414237586413e-02,4.405902464804e-02,4.397212036929e-02,4.388184640302e-02,4.378837799089e-02,4.369188262460e-02,4.359252040654e-02,4.349044439500e-02,4.338580093072e-02,4.327872994323e-02,4.316936524606e-02,4.305783481515e-02,4.294426105456e-02,4.282876105146e-02,4.271144681144e-02,4.259242548816e-02,4.247179959994e-02,4.234966723529e-02,4.222612225338e-02,4.210125446626e-02,4.197514981850e-02,4.184789055624e-02,4.171955538900e-02,4.159021964580e-02,4.145995541849e-02,4.132883170289e-02,4.119691453131e-02,4.106426710108e-02,4.093094989636e-02,4.079702080177e-02,4.066253521378e-02,4.052754614558e-02,4.039210432806e-02,4.025625830813e-02,4.012005453714e-02,3.998353745986e-02,3.984674959805e-02,3.970973162985e-02,3.957252246950e-02,3.943515933680e-02,3.929767782834e-02,3.916011198396e-02,3.902249435095e-02,3.888485604704e-02,3.874722681627e-02,3.860963508604e-02,3.847210802016e-02,3.833467157118e-02,3.819735053006e-02,3.806016857147e-02,3.792314829967e-02,3.778631129119e-02
-3.127201765837e+00,-2.757856593394e+00,-2.442769411827e+00,-2.172217850117e+00,-1.938526221120e+00,-1.735574062881e+00,-1.558436339378e+00,-1.403116608463e+00,-1.266346777527e+00,-1.145435179119e+00,-1.038150136761e+00,-9.426298898927e-01,-8.573123012589e-01,-7.808795543472e-01,-7.122143126180e-01,-6.503647166477e-01,-5.945162505332e-01,-5.439689868962e-01,-4.981190729357e-01,-4.564435825823e-01,-4.184880572641e-01,-3.838562066005e-01,-3.522013542091e-01,-3.232193005696e-01,-2.966423429470e-01,-2.722342441214e-01,-2.497859831575e-01,-2.291121528546e-01,-2.100478950477e-01,-1.924462844009e-01,-1.761760880340e-01,-1.611198405455e-01,-1.471721855528e-01,-1.342384425791e-01,-1.222333654236e-01,-1.110800631187e-01,-1.007090602828e-01,-9.105747674781e-02,-8.206830964256e-02,-7.368980332801e-02,-6.587489572820e-02,-5.858073051930e-02,-5.176822690336e-02,-4.540169828589e-02,-3.944851488558e-02,-3.387880389379e-02,-2.866518358929e-02,-2.378252520310e-02,-1.920774114278e-02,-1.491959545500e-02,-1.089853480299e-02,-7.126535666042e-03,-3.586967878789e-03,-2.644718366736e-04,2.855151663306e-03,5.785041854826e-03,8.537367985950e-03,1.112341052846e-02,1.355363460453e-02,1.583775731873e-02,1.798480817449e-02,2.000318403100e-02,2.190069840642e-02,2.368462781906e-02,2.536175290681e-02,2.693839637491e-02,2.842045693015e-02,2.981344182146e-02,3.112249575264e-02,3.235242773203e-02,3.350773593656e-02,3.459263095985e-02,3.561105697334e-02,3.656671141906e-02,3.746306367725e-02,3.830337142677e-02,3.909069594003e-02,3.982791633114e-02,4.051774272314e-02,4.116272715726e-02,4.176527423621e-02,4.232765071322e-02,4.285199512838e-02,4.334032463647e-02,4.379454280554e-02,4.421644624693e-02,4.460773201017e-02,4.497000239454e-02,4.530477090482e-02,4.561346748054e-02,4.589744394552e-02,4.615797796706e-02,4.639627764466e-02,4.661348568610e-02,4.681068346503e-02,4.698889429121e-02,4.714908692440e-02,4.729217885568e-02,4.741903934163e-02,4.753049204518e-02,4.762731772759e-02,4.771025672223e-02,4.778001134531e-02,4.783724789631e-02,4.788259875027e-02,4.791666423828e-02,4.794001452362e-02,4.795319116090e-02,4.795670870370e-02,4.795105617592e-02,4.793669849634e-02,4.791407772177e-02,4.788361428793e-02,4.784570816398e-02,4.780073994996e-02,4.774907186613e-02,4.769104872028e-02,4.762699881821e-02,4.755723481929e-02,4.748205452483e-02,4.740174164026e-02,4.731656649030e-02,4.722678670468e-02,4.713264783873e-02,4.703438398152e-02,4.693221832174e-02,4.682636369795e-02,4.671702309310e-02,4.660439012020e-02,4.648864947709e-02,4.636997738506e-02,4.624854198786e-02,4.612450374118e-02,4.599801578016e-02,4.586922427105e-02,4.573826873446e-02,4.560528235937e-02,4.547039230169e-02,4.533371996762e-02,4.519538127653e-02,4.505548691601e-02,4.491414258295e-02,4.477144921732e-02,4.462750321357e-02,4.448239662971e-02,4.433621738263e-02,4.418904944140e-02,4.404097299861e-02,4.389206464168e-02,4.374239751366e-02,4.359204147109e-02,4.344106322482e-02,4.328952648060e-02,4.313749207210e-02,4.298501809008e-02,4.283215999872e-02,4.267897075119e-02,4.252550090042e-02,4.237179870485e-02,4.221791022491e-02,4.206387941882e-02,4.190974823323e-02,4.175555669324e-02,4.160134298032e-02,4.144714351273e-02,4.129299301969e-02,4.113892461796e-02,4.098496987549e-02,4.083115887840e-02,4.067752029340e-02,4.052408143111e-02,4.037086829923e-02,4.021790565829e-02,4.006521707441e-02,3.991282497164e-02,3.976075067655e-02,3.960901446473e-02,3.945763560567e-02,3.930663240582e-02,3.915602224633e-02,3.900582162207e-02
-2.886629234645e+00,-2.542961213588e+00,-2.249856713772e+00,-1.998252005292e+00,-1.780991512920e+00,-1.592369632939e+00,-1.427795288448e+00,-1.283543156013e+00,-1.156566970840e+00,-1.044357880723e+00,-9.448358878879e-01,-8.562658668381e-01,-7.771920260744e-01,-7.063863456413e-01,-6.428077014089e-01,-5.855692299513e-01,-5.339120977219e-01,-4.871842853671e-01,-4.448233264523e-01,-4.063421846571e-01,-3.713176377771e-01,-3.393806756864e-01,-3.102085254527e-01,-2.835179976463e-01,-2.590599114622e-01,-2.366144046970e-01,-2.159869724655e-01,-1.970051091937e-01,-1.795154520205e-01,-1.633813423420e-01,-1.484807374280e-01,-1.347044165336e-01,-1.219544354689e-01,-1.101427908350e-01,-9.919026279727e-02,-8.902541021276e-02,-7.958369474220e-02,-7.080671642013e-02,-6.264154501666e-02,-5.504013312149e-02,-4.795880025379e-02,-4.135777851068e-02,-3.520081200107e-02,-2.945480158717e-02,-2.408949054472e-02,-1.907718608516e-02,-1.439251082870e-02,-1.001218152093e-02,-5.914812110880e-03,-2.080737503939e-03,1.508144788838e-03,4.868516103146e-03,8.015763011522e-03,1.096409247704e-02,1.372663490474e-02,1.631553570371e-02,1.874204025146e-02,2.101656961348e-02,2.314878823673e-02,2.514766655145e-02,2.702153750334e-02,2.877814756990e-02,3.042470230539e-02,3.196790970956e-02,3.341401855744e-02,3.476885271505e-02,3.603784388071e-02,3.722606108728e-02,3.833823734722e-02,3.937879471738e-02,4.035186753525e-02,4.126132349586e-02,4.211078367042e-02,4.290364078138e-02,4.364307574454e-02,4.433207428638e-02,4.497344054262e-02,4.556980995265e-02,4.612366218621e-02,4.663733149321e-02,4.711301619150e-02,4.755278767713e-02,4.795859978281e-02,4.833229466964e-02,4.867560980826e-02,4.899018540638e-02,4.927756938768e-02,4.953922266380e-02,4.977652485470e-02,4.999077906638e-02,5.018321589625e-02,5.035499793722e-02,5.050722427773e-02,5.064093358704e-02,5.075710775940e-02,5.085667586107e-02,5.094051662955e-02,5.100946153774e-02,5.106429783810e-02,5.110577094175e-02,5.113458681548e-02,5.115141430724e-02,5.115688743671e-02,5.115160716578e-02,5.113614332641e-02,5.111103649731e-02,5.107679954695e-02,5.103391916828e-02,5.098285738529e-02,5.092405290590e-02,5.085792235489e-02,5.078486149558e-02,5.070524639628e-02,5.061943443281e-02,5.052776529249e-02,5.043056196169e-02,5.032813155592e-02,5.022076615982e-02,5.010874363446e-02,4.999232833743e-02,4.987177181511e-02,4.974731346265e-02,4.961918115981e-02,4.948759183287e-02,4.935275201087e-02,4.921485836124e-02,4.907409817152e-02,4.893064981308e-02,4.878468318933e-02,4.863636015279e-02,4.848583489262e-02,4.833325431094e-02,4.817875838458e-02,4.802248048971e-02,4.786454771956e-02,4.770508119721e-02,4.754419634924e-02,4.738200317754e-02,4.721860652293e-02,4.705410630432e-02,4.688859774837e-02,4.672217160985e-02,4.655491438673e-02,4.638690850991e-02,4.621823253228e-02,4.604896131393e-02,4.587916618753e-02,4.570891511854e-02,4.553827286270e-02,4.536730111266e-02,4.519605863339e-02,4.502460139591e-02,4.485298270833e-02,4.468125332982e-02,4.450946158473e-02,4.433765347927e-02,4.416587279782e-02,4.399416120238e-02,4.382255833164e-02,4.365110188783e-02,4.347982772128e-02,4.330876991257e-02,4.313796085542e-02,4.296743132495e-02,4.279721054914e-02,4.262732628142e-02,4.245780486174e-02,4.228867127718e-02,4.211994922366e-02,4.195166116256e-02,4.178382837147e-02,4.161647099648e-02,4.144960810516e-02,4.128325772858e-02,4.111743690590e-02,4.095216173338e-02,4.078744739934e-02,4.062330822374e-02,4.045975769945e-02,4.029680852562e-02,4.013447264101e-02
-2.671323173833e+00,-2.350614060704e+00,-2.077165666213e+00,-1.842503045671e+00,-1.639935576085e+00,-1.464128517334e+00,-1.310789338373e+00,-1.176435086661e+00,-1.058217805248e+00,-9.537920744949e-01,-8.612134950937e-01,-7.788601521481e-01,-7.053713266652e-01,-6.395992770746e-01,-5.805710139939e-01,-5.274577812561e-01,-4.795505266289e-01,-4.362400619979e-01,-3.970009218097e-01,-3.613781567855e-01,-3.289764716645e-01,-2.994512465180e-01,-2.725010797474e-01,-2.478615665683e-01,-2.253000864430e-01,-2.046114179771e-01,-1.856140351721e-01,-1.681469680793e-01,-1.520671321825e-01,-1.372470485822e-01,-1.235728920490e-01,-1.109428141020e-01,-9.926549808153e-02,-8.845891118606e-02,-7.844922275201e-02,-6.916986459065e-02,-6.056071332180e-02,-5.256737557025e-02,-4.514056297081e-02,-3.823554437811e-02,-3.181166347616e-02,-2.583191439446e-02,-2.026256766327e-02,-1.507283819076e-02,-1.023459183718e-02,-5.722085440830e-03,-1.511734244615e-03,2.418094101647e-03,6.087263448214e-03,9.514034567839e-03,1.271521173623e-02,1.570627503112e-02,1.850149963019e-02,2.111406127525e-02,2.355613309452e-02,2.583897265320e-02,2.797299848828e-02,2.996786233962e-02,3.183251274943e-02,3.357525191826e-02,3.520378954423e-02,3.672529016542e-02,3.814641532066e-02,3.947336438474e-02,4.071190997351e-02,4.186742980326e-02,4.294493777807e-02,4.394911064731e-02,4.488431304777e-02,4.575462118869e-02,4.656384370325e-02,4.731554177288e-02,4.801304732585e-02,4.865948028495e-02,4.925776436937e-02,4.981064108056e-02,5.032068451198e-02,5.079031242666e-02,5.122179755585e-02,5.161727914551e-02,5.197877059193e-02,5.230816809876e-02,5.260725984471e-02,5.287773088861e-02,5.312117005401e-02,5.333907696505e-02,5.353286566880e-02,5.370387062794e-02,5.385335168606e-02,5.398249740912e-02,5.409243028220e-02,5.418421025233e-02,5.425883792403e-02,5.431725898412e-02,5.436036679369e-02,5.438900535626e-02,5.440397300131e-02,5.440602431001e-02,5.439587292320e-02,5.437419423725e-02,5.434162722703e-02,5.429877670503e-02,5.424621551953e-02,5.418448608434e-02,5.411410223563e-02,5.403555098745e-02,5.394929385483e-02,5.385576839966e-02,5.375538959033e-02,5.364855096277e-02,5.353562589877e-02,5.341696870027e-02,5.329291559129e-02,5.316378577692e-02,5.302988230657e-02,5.289149293015e-02,5.274889097857e-02,5.260233606348e-02,5.245207481946e-02,5.229834161107e-02,5.214135913576e-02,5.198133904029e-02,5.181848251348e-02,5.165298079206e-02,5.148501567913e-02,5.131476003890e-02,5.114237822624e-02,5.096802652755e-02,5.079185356882e-02,5.061400068419e-02,5.043460229160e-02,5.025378623085e-02,5.007167407982e-02,4.988838147612e-02,4.970401839756e-02,4.951868943405e-02,4.933249406422e-02,4.914552688733e-02,4.895787786169e-02,4.876963253563e-02,4.858087224744e-02,4.839167432851e-02,4.820211230212e-02,4.801225605261e-02,4.782217200010e-02,4.763192327030e-02,4.744156983924e-02,4.725116868582e-02,4.706077393381e-02,4.687043697754e-02,4.668020661553e-02,4.649012916870e-02,4.630024859002e-02,4.611060658217e-02,4.592124269527e-02,4.573219442304e-02,4.554349730697e-02,4.535518501580e-02,4.516728943310e-02,4.497984074443e-02,4.479286750702e-02,4.460639672537e-02,4.442045392787e-02,4.423506322566e-02,4.405024737876e-02,4.386602786236e-02,4.368242491739e-02,4.349945761011e-02,4.331714388677e-02,4.313550061857e-02,4.295454365540e-02,4.277428787031e-02,4.259474719976e-02,4.241593469239e-02,4.223786254455e-02,4.206054213651e-02,4.188398407715e-02,4.170819823099e-02,4.153319375338e-02,4.135897912718e-02,4.118556218709e-02
-2.477877549431e+00,-2.177775642498e+00,-1.921970471402e+00,-1.702515450881e+00,-1.513137196022e+00,-1.348833773541e+00,-1.205580564292e+00,-1.080112118203e+00,-9.697584395532e-01,-8.723207741495e-01,-7.859764101160e-01,-7.092050293757e-01,-6.407312332584e-01,-5.794793240139e-01,-5.245374585441e-01,-4.751290285356e-01,-4.305896575739e-01,-3.903485965104e-01,-3.539135865570e-01,-3.208584753821e-01,-2.908130313905e-01,-2.634545243666e-01,-2.385007332299e-01,-2.157041123399e-01,-1.948469041421e-01,-1.757370275394e-01,-1.582046054166e-01,-1.420990215534e-01,-1.272864165560e-01,-1.136475510241e-01,-1.010759754990e-01,-8.947645847840e-02,-7.876363253182e-02,-6.886082389215e-02,-5.969903921905e-02,-5.121608491021e-02,-4.335580031007e-02,-3.606738873129e-02,-2.930483120024e-02,-2.302637346766e-02,-1.719407412778e-02,-1.177340690270e-02,-6.732910448314e-03,-2.043877109029e-03,2.319921385807e-03,6.382478015116e-03,1.016576804310e-02,1.368994113145e-02,1.697349510526e-02,2.003342904977e-02,2.288538162223e-02,2.554375512400e-02,2.802182531539e-02,3.033184277442e-02,3.248512132730e-02,3.449211987001e-02,3.636251557317e-02,3.810526892474e-02,3.972868516035e-02,4.124046663215e-02,4.264776311344e-02,4.395721643123e-02,4.517499944702e-02,4.630685476868e-02,4.735812695381e-02,4.833379329181e-02,4.923849237902e-02,5.007654824100e-02,5.085199521620e-02,5.156859847347e-02,5.222987437264e-02,5.283910881680e-02,5.339937429327e-02,5.391354571536e-02,5.438431539609e-02,5.481420656957e-02,5.520558570400e-02,5.556067510900e-02,5.588156187863e-02,5.617020943149e-02,5.642846489805e-02,5.665806675991e-02,5.686065403338e-02,5.703777010500e-02,5.719087038362e-02,5.732132737113e-02,5.743043455395e-02,5.751941317411e-02,5.758941419683e-02,5.764152404445e-02,5.767676771496e-02,5.769611204881e-02,5.770047022622e-02,5.769070357546e-02,5.766762575610e-02,5.763200494267e-02,5.758456656246e-02,5.752599626180e-02,5.745694157542e-02,5.737801484854e-02,5.728979486042e-02,5.719282883588e-02,5.708763462080e-02,5.697470194935e-02,5.685449435579e-02,5.672745061556e-02,5.659398604944e-02,5.645449408466e-02,5.630934725227e-02,5.615889852927e-02,5.600348236412e-02,5.584341568008e-02,5.567899893725e-02,5.551051691946e-02,5.533823968683e-02,5.516242332067e-02,5.498331068178e-02,5.480113215784e-02,5.461610626983e-02,5.442844036137e-02,5.423833114969e-02,5.404596528644e-02,5.385151991703e-02,5.365516313177e-02,5.345705446321e-02,5.325734532126e-02,5.305617939603e-02,5.285369308012e-02,5.265001580953e-02,5.244527043766e-02,5.223957355887e-02,5.203303581782e-02,5.182576222347e-02,5.161785240958e-02,5.140940091946e-02,5.120049744793e-02,5.099122708038e-02,5.078167052899e-02,5.057190433196e-02,5.036200107318e-02,5.015202956427e-02,4.994205502738e-02,4.973213928070e-02,4.952234088776e-02,4.931271532415e-02,4.910331512417e-02,4.889419001543e-02,4.868538706572e-02,4.847695079592e-02,4.826892331157e-02,4.806134441358e-02,4.785425170454e-02,4.764768070194e-02,4.744166492497e-02,4.723623599919e-02,4.703142373986e-02,4.682725623682e-02,4.662375994193e-02,4.642095973600e-02,4.621887901301e-02,4.601753974275e-02,4.581696253702e-02,4.561716672162e-02,4.541817038570e-02,4.521999044678e-02,4.502264270435e-02,4.482614188736e-02,4.463050171380e-02,4.443573492750e-02,4.424185335146e-02,4.404886792796e-02,4.385678875744e-02,4.366562514518e-02,4.347538562940e-02,4.328607802549e-02,4.309770945540e-02,4.291028638008e-02,4.272381463575e-02,4.253829945551e-02,4.235374550640e-02,4.217015691066e-02
-2.303443395774e+00,-2.021903559858e+00,-1.781991099081e+00,-1.576235248210e+00,-1.398738372829e+00,-1.244798255737e+00,-1.110631552884e+00,-9.931686922353e-01,-8.898999473415e-01,-7.987586491191e-01,-7.180316764517e-01,-6.462902092638e-01,-5.823356882532e-01,-5.251572990079e-01,-4.738982673501e-01,-4.278289501715e-01,-3.863252071513e-01,-3.488509082602e-01,-3.149437018891e-01,-2.842033713679e-01,-2.562822586259e-01,-2.308773485143e-01,-2.077236951192e-01,-1.865889373344e-01,-1.672687043827e-01,-1.495827504402e-01,-1.333716906533e-01,-1.184942343150e-01,-1.048248314318e-01,-9.225166411553e-02,-8.067492648453e-02,-7.000534762276e-02,-6.016291855215e-02,-5.107579324734e-02,-4.267933558265e-02,-3.491529261576e-02,-2.773107364532e-02,-2.107912181952e-02,-1.491636361195e-02,-9.203726498678e-03,-3.905714975017e-03,1.009963322475e-03,5.572726290786e-03,9.809409900054e-03,1.374452525806e-02,1.740048862881e-02,2.079782447557e-02,2.395534728678e-02,2.689032334303e-02,2.961861509185e-02,3.215481121943e-02,3.451234161909e-02,3.670358303660e-02,3.873995078258e-02,4.063198512939e-02,4.238942519373e-02,4.402127933903e-02,4.553588568202e-02,4.694096913718e-02,4.824369166127e-02,4.945069819856e-02,5.056815938669e-02,5.160180754650e-02,5.255697353339e-02,5.343861595819e-02,5.425135140075e-02,5.499947937896e-02,5.568700682492e-02,5.631766975174e-02,5.689495322043e-02,5.742211025527e-02,5.790217857638e-02,5.833799688194e-02,5.873221958494e-02,5.908733031681e-02,5.940565538342e-02,5.968937472005e-02,5.994053374461e-02,6.016105258584e-02,6.035273563799e-02,6.051727999979e-02,6.065628165556e-02,6.077124481476e-02,6.086358474862e-02,6.093463629710e-02,6.098565657583e-02,6.101783120734e-02,6.103227767462e-02,6.103004956120e-02,6.101214059256e-02,6.097948730148e-02,6.093297358678e-02,6.087343222028e-02,6.080164961431e-02,6.071836679014e-02,6.062428358596e-02,6.052005989670e-02,6.040631887710e-02,6.028364860561e-02,6.015260441243e-02,6.001371080208e-02,5.986746302073e-02,5.971432928096e-02,5.955475175655e-02,5.938914859455e-02,5.921791496785e-02,5.904142461920e-02,5.886003097832e-02,5.867406835764e-02,5.848385306778e-02,5.828968435786e-02,5.809184548894e-02,5.789060448554e-02,5.768621514008e-02,5.747891764519e-02,5.726893947423e-02,5.705649597304e-02,5.684179109182e-02,5.662501795688e-02,5.640635947492e-02,5.618598887954e-02,5.596407022248e-02,5.574075890922e-02,5.551620209760e-02,5.529053918083e-02,5.506390215804e-02,5.483641604294e-02,5.460819921349e-02,5.437936375855e-02,5.415001580596e-02,5.392025581703e-02,5.369017889356e-02,5.345987502798e-02,5.322942938945e-02,5.299892254022e-02,5.276843069329e-02,5.253802591020e-02,5.230777632467e-02,5.207774632888e-02,5.184799676513e-02,5.161858510274e-02,5.138956559757e-02,5.116098946691e-02,5.093290502021e-02,5.070535781977e-02,5.047839080266e-02,5.025204441871e-02,5.002635674730e-02,4.980136361479e-02,4.957709870683e-02,4.935359366717e-02,4.913087820628e-02,4.890898018317e-02,4.868792571043e-02,4.846773922328e-02,4.824844357598e-02,4.803006010598e-02,4.781260871718e-02,4.759610794314e-02,4.738057501683e-02,4.716602593416e-02,4.695247550847e-02,4.673993743923e-02,4.652842435241e-02,4.631794786514e-02,4.610851862530e-02,4.590014636540e-02,4.569283994352e-02,4.548660738705e-02,4.528145593514e-02,4.507739207298e-02,4.487442157594e-02,4.467254953494e-02,4.447178040204e-02,4.427211800963e-02,4.407356561300e-02,4.387612590920e-02,4.367980107261e-02,4.348459277613e-02,4.329050221916e-02,4.309753015188e-02
-2.145622934373e+00,-1.880858028316e+00,-1.655308565799e+00,-1.461933698450e+00,-1.295175294437e+00,-1.150601940794e+00,-1.024648294905e+00,-9.144217688862e-01,-8.175574469535e-01,-7.321080052713e-01,-6.564593438857e-01,-5.892653160349e-01,-5.293967915907e-01,-4.759015820968e-01,-4.279726720273e-01,-3.849228545549e-01,-3.461643458049e-01,-3.111922968904e-01,-2.795713799309e-01,-2.509248135220e-01,-2.249253369939e-01,-2.012877498372e-01,-1.797627161926e-01,-1.601315960178e-01,-1.422021151991e-01,-1.258047227330e-01,-1.107895150439e-01,-9.702362849674e-02,-8.438902209984e-02,-7.278058449890e-02,-6.210451379855e-02,-5.227692534076e-02,-4.322265312916e-02,-3.487421364441e-02,-2.717090904138e-02,-2.005804743043e-02,-1.348626481202e-02,-7.410932348467e-03,-1.791638702278e-03,3.408264818114e-03,8.222062979384e-03,1.268002896854e-02,1.680973363131e-02,2.063632105917e-02,2.418275020214e-02,2.747001195511e-02,3.051731938196e-02,3.334227997329e-02,3.596104637225e-02,3.838845404117e-02,4.063814140217e-02,4.272266060279e-02,4.465357381612e-02,4.644154292534e-02,4.809640712879e-02,4.962725597724e-02,5.104249223681e-02,5.234989167534e-02,5.355665423761e-02,5.466945319467e-02,5.569447690972e-02,5.663746986689e-02,5.750376594439e-02,5.829832352356e-02,5.902575218076e-02,5.969034214102e-02,6.029608630335e-02,6.084670482794e-02,6.134566363429e-02,6.179619491551e-02,6.220131308696e-02,6.256383187989e-02,6.288637852271e-02,6.317140792079e-02,6.342121557119e-02,6.363794918625e-02,6.382362051950e-02,6.398011468572e-02,6.410920082435e-02,6.421253936280e-02,6.429169148665e-02,6.434812402553e-02,6.438321891593e-02,6.439827526944e-02,6.439451842396e-02,6.437310089688e-02,6.433511028341e-02,6.428156984493e-02,6.421344530174e-02,6.413164541059e-02,6.403702775166e-02,6.393039946580e-02,6.381252214523e-02,6.368411276845e-02,6.354584780541e-02,6.339836431508e-02,6.324226337380e-02,6.307811127329e-02,6.290644237577e-02,6.272776034998e-02,6.254254057637e-02,6.235123122472e-02,6.215425556474e-02,6.195201269951e-02,6.174487966645e-02,6.153321214881e-02,6.131734621968e-02,6.109759905861e-02,6.087427040425e-02,6.064764325177e-02,6.041798507094e-02,6.018554846920e-02,5.995057222035e-02,5.971328188464e-02,5.947389068363e-02,5.923260007343e-02,5.898960049364e-02,5.874507189290e-02,5.849918437402e-02,5.825209867288e-02,5.800396671998e-02,5.775493206101e-02,5.750513037485e-02,5.725468982366e-02,5.700373152227e-02,5.675236985241e-02,5.650071287340e-02,5.624886260780e-02,5.599691540192e-02,5.574496218480e-02,5.549308878584e-02,5.524137616911e-02,5.498990071414e-02,5.473873442771e-02,5.448794519263e-02,5.423759695909e-02,5.398774996563e-02,5.373846091201e-02,5.348978315572e-02,5.324176686827e-02,5.299445921107e-02,5.274790447244e-02,5.250214423359e-02,5.225721748265e-02,5.201316076892e-02,5.177000830415e-02,5.152779210115e-02,5.128654206516e-02,5.104628611839e-02,5.080705028250e-02,5.056885879059e-02,5.033173416173e-02,5.009569730172e-02,4.986076757050e-02,4.962696287285e-02,4.939429971946e-02,4.916279330850e-02,4.893245758115e-02,4.870330529489e-02,4.847534807406e-02,4.824859647630e-02,4.802306003567e-02,4.779874732863e-02,4.757566600655e-02,4.735382285921e-02,4.713322384310e-02,4.691387413907e-02,4.669577817791e-02,4.647893969263e-02,4.626336174156e-02,4.604904675576e-02,4.583599655994e-02,4.562421241542e-02,4.541369503919e-02,4.520444464269e-02,4.499646094927e-02,4.478974322922e-02,4.458429031578e-02,4.438010063666e-02,4.417717222892e-02,4.397550276765e-02
-2.002386458983e+00,-1.752827713506e+00,-1.540298429725e+00,-1.358147389547e+00,-1.201124150318e+00,-1.065042728353e+00,-9.465353553425e-01,-8.428698446484e-01,-7.518125226485e-01,-6.715242290464e-01,-6.004806072949e-01,-5.374104385411e-01,-4.812475169950e-01,-4.310927879916e-01,-3.861843330513e-01,-3.458734063911e-01,-3.096051748367e-01,-2.769031405857e-01,-2.473564682644e-01,-2.206096167879e-01,-1.963538125690e-01,-1.743200014209e-01,-1.542729957704e-01,-1.360065919086e-01,-1.193394797506e-01,-1.041118019824e-01,-9.018224864048e-02,-7.742559457680e-02,-6.573060481932e-02,-5.499824725532e-02,-4.514016187568e-02,-3.607734676457e-02,-2.773902551108e-02,-2.006166949637e-02,-1.298815052762e-02,-6.467005160643e-03,-4.517942245885e-04,5.099456571844e-03,1.022474523136e-02,1.495852301307e-02,1.933207042551e-02,2.337383002620e-02,2.710969810470e-02,3.056328459689e-02,3.375614145182e-02,3.670796667765e-02,3.943678489903e-02,4.195910828896e-02,4.429008071761e-02,4.644360508438e-02,4.843245954174e-02,5.026839865762e-02,5.196224743298e-02,5.352398295835e-02,5.496280990596e-02,5.628722756940e-02,5.750509025182e-02,5.862366309943e-02,5.964967014618e-02,6.058934127658e-02,6.144845064062e-02,6.223235611459e-02,6.294603020512e-02,6.359409299079e-02,6.418083793838e-02,6.471025837244e-02,6.518606992948e-02,6.561173150579e-02,6.599046509956e-02,6.632527242117e-02,6.661895240160e-02,6.687411495266e-02,6.709319586120e-02,6.727846918762e-02,6.743205954556e-02,6.755595323853e-02,6.765200898086e-02,6.772196694541e-02,6.776745895666e-02,6.779001484538e-02,6.779107231542e-02,6.777198079802e-02,6.773401083721e-02,6.767835634863e-02,6.760614214050e-02,6.751842664294e-02,6.741620673517e-02,6.730042156787e-02,6.717195496730e-02,6.703164036029e-02,6.688026141498e-02,6.671855738959e-02,6.654722346165e-02,6.636691486391e-02,6.617824832601e-02,6.598180462552e-02,6.577813089850e-02,6.556774204916e-02,6.535112353020e-02,6.512873210057e-02,6.490099854166e-02,6.466832825017e-02,6.443110364503e-02,6.418968478511e-02,6.394441122992e-02,6.369560294290e-02,6.344356158222e-02,6.318857158267e-02,6.293090104961e-02,6.267080290408e-02,6.240851551989e-02,6.214426381904e-02,6.187825982158e-02,6.161070353593e-02,6.134178355779e-02,6.107167774316e-02,6.080055382940e-02,6.052856995003e-02,6.025587524703e-02,5.998261028034e-02,5.970890759277e-02,5.943489206278e-02,5.916068140804e-02,5.888638650424e-02,5.861211180905e-02,5.833795567841e-02,5.806401070948e-02,5.779036405164e-02,5.751709768459e-02,5.724428871911e-02,5.697200962453e-02,5.670032851077e-02,5.642930932747e-02,5.615901210715e-02,5.588949315873e-02,5.562080526791e-02,5.535299788607e-02,5.508611729420e-02,5.482020678607e-02,5.455530680351e-02,5.429145510810e-02,5.402868689739e-02,5.376703496250e-02,5.350652979182e-02,5.324719970737e-02,5.298907096717e-02,5.273216787724e-02,5.247651289402e-02,5.222212671454e-02,5.196902837887e-02,5.171723534166e-02,5.146676357168e-02,5.121762761353e-02,5.096984067388e-02,5.072341468448e-02,5.047836037122e-02,5.023468731975e-02,4.999240402876e-02,4.975151797791e-02,4.951203566843e-02,4.927396268970e-02,4.903730375215e-02,4.880206275028e-02,4.856824279161e-02,4.833584625041e-02,4.810487480011e-02,4.787532945457e-02,4.764721060481e-02,4.742051804867e-02,4.719525103170e-02,4.697140826674e-02,4.674898797657e-02,4.652798790947e-02,4.630840537527e-02,4.609023726509e-02,4.587348007729e-02,4.565812994223e-02,4.544418263868e-02,4.523163362311e-02,4.502047803866e-02,4.481071074589e-02
-1.872006558481e+00,-1.636271036993e+00,-1.435578157882e+00,-1.263630825796e+00,-1.115458247566e+00,-9.870975031050e-01,-8.753603939461e-01,-7.776605177400e-01,-6.918834836258e-01,-6.162884382110e-01,-5.494325908116e-01,-4.901128226135e-01,-4.373201185604e-01,-3.902037161431e-01,-3.480426848118e-01,-3.102232354345e-01,-2.762204832759e-01,-2.455836986070e-01,-2.179243071090e-01,-1.929060730195e-01,-1.702370257033e-01,-1.496627865128e-01,-1.309610274622e-01,-1.139368484933e-01,-9.841890504767e-02,-8.425615075717e-02,-7.131508681201e-02,-5.947743103822e-02,-4.863813506817e-02,-3.870369242597e-02,-2.959069006245e-02,-2.122456411998e-02,-1.353852870038e-02,-6.472650114827e-03,2.695478518213e-05,6.008814536267e-03,1.151670954325e-02,1.659020065452e-02,2.126509205538e-02,2.557383709744e-02,2.954589418575e-02,3.320804147611e-02,3.658465274650e-02,3.969794303275e-02,4.256818497106e-02,4.521390100117e-02,4.765203500482e-02,4.989810348058e-02,5.196633220761e-02,5.386977720101e-02,5.562043275400e-02,5.722932965409e-02,5.870662118982e-02,6.006166240379e-02,6.130308060060e-02,6.243883801461e-02,6.347629052974e-02,6.442223817098e-02,6.528297261562e-02,6.606431999898e-02,6.677167786005e-02,6.741005226108e-02,6.798408691899e-02,6.849809406880e-02,6.895607957405e-02,6.936176658532e-02,6.971861835462e-02,7.002985638012e-02,7.029847992852e-02,7.052728206125e-02,7.071886458566e-02,7.087565289581e-02,7.099990822158e-02,7.109374030593e-02,7.115911843306e-02,7.119788218721e-02,7.121175093776e-02,7.120233346386e-02,7.117113621144e-02,7.111957053305e-02,7.104896140258e-02,7.096055134692e-02,7.085550930003e-02,7.073493320312e-02,7.059985602208e-02,7.045125024326e-02,7.029002999745e-02,7.011705701386e-02,6.993314162964e-02,6.973904653798e-02,6.953549016319e-02,6.932314767793e-02,6.910265518547e-02,6.887461077728e-02,6.863957691522e-02,6.839808323995e-02,6.815062737541e-02,6.789767780457e-02,6.763967509656e-02,6.737703345205e-02,6.711014293481e-02,6.683936999792e-02,6.656505984149e-02,6.628753696327e-02,6.600710675221e-02,6.572405663798e-02,6.543865691643e-02,6.515116212197e-02,6.486181166720e-02,6.457083084980e-02,6.427843174415e-02,6.398481381545e-02,6.369016483028e-02,6.339466141405e-02,6.309846971535e-02,6.280174607407e-02,6.250463747984e-02,6.220728219376e-02,6.190981019759e-02,6.161234364991e-02,6.131499738569e-02,6.101787924117e-02,6.072109053236e-02,6.042472634880e-02,6.012887593195e-02,5.983362299991e-02,5.953904602473e-02,5.924521855929e-02,5.895220947386e-02,5.866008322415e-02,5.836890010072e-02,5.807871643372e-02,5.778958483246e-02,5.750155436985e-02,5.721467077571e-02,5.692897662951e-02,5.664451151152e-02,5.636131218135e-02,5.607941272119e-02,5.579884467635e-02,5.551963720662e-02,5.524181719257e-02,5.496540938186e-02,5.469043648471e-02,5.441691929289e-02,5.414487678435e-02,5.387432621096e-02,5.360528320631e-02,5.333776186054e-02,5.307177480832e-02,5.280733331214e-02,5.254444732656e-02,5.228312558130e-02,5.202337563979e-02,5.176520396368e-02,5.150861598030e-02,5.125361612904e-02,5.100020792575e-02,5.074839400916e-02,5.049817618739e-02,5.024955549427e-02,5.000253221859e-02,4.975710596227e-02,4.951327566656e-02,4.927103965643e-02,4.903039567727e-02,4.879134092155e-02,4.855387207198e-02,4.831798532262e-02,4.808367641143e-02,4.785094065116e-02,4.761977294767e-02,4.739016783407e-02,4.716211948779e-02,4.693562175362e-02,4.671066817045e-02,4.648725198304e-02,4.626536616910e-02,4.604500345350e-02,4.582615632366e-02,4.560881705389e-02
-1.753005663252e+00,-1.529869370603e+00,-1.339965153700e+00,-1.177318619628e+00,-1.037213812226e+00,-9.158910831111e-01,-8.103258709992e-01,-7.180646224989e-01,-6.371016457684e-01,-5.657856717197e-01,-5.027482380857e-01,-4.468482837808e-01,-3.971289098790e-01,-3.527833611328e-01,-3.131280581935e-01,-2.775810669132e-01,-2.456447938745e-01,-2.168919911632e-01,-1.909543705212e-01,-1.675132888094e-01,-1.462920876960e-01,-1.270497622357e-01,-1.095757033489e-01,-9.368531203028e-02,-7.921632540897e-02,-6.602572665463e-02,-5.398713556754e-02,-4.298859723704e-02,-3.293070146342e-02,-2.372497771019e-02,-1.529252118138e-02,-7.562813090774e-03,-4.727042655479e-04,6.034462524046e-03,1.200961261647e-02,1.749859981229e-02,2.254278092748e-02,2.717951715332e-02,3.144261298476e-02,3.536270058011e-02,3.896757748225e-02,4.228250461724e-02,4.533046786038e-02,4.813241063533e-02,5.070743931177e-02,5.307300477307e-02,5.524506507415e-02,5.723822954962e-02,5.906588671880e-02,6.074031991817e-02,6.227280984601e-02,6.367372596696e-02,6.495260995500e-02,6.611824956694e-02,6.717874485929e-02,6.814156923930e-02,6.901362324253e-02,6.980128314661e-02,7.051044619335e-02,7.114657006231e-02,7.171470892977e-02,7.221954786571e-02,7.266543064499e-02,7.305638862777e-02,7.339616530997e-02,7.368823756976e-02,7.393583757181e-02,7.414197114305e-02,7.430943395390e-02,7.444082830545e-02,7.453857706014e-02,7.460493643939e-02,7.464200898226e-02,7.465175451117e-02,7.463600076669e-02,7.459645342302e-02,7.453470517662e-02,7.445224472191e-02,7.435046425830e-02,7.423066720156e-02,7.409407544909e-02,7.394183392967e-02,7.377501866692e-02,7.359463981440e-02,7.340164621422e-02,7.319693125212e-02,7.298133446086e-02,7.275564517027e-02,7.252060690735e-02,7.227691832665e-02,7.202523632304e-02,7.176617932812e-02,7.150032814405e-02,7.122822867628e-02,7.095039443391e-02,7.066730745682e-02,7.037942069116e-02,7.008715990557e-02,6.979092468967e-02,6.949109046625e-02,6.918801000966e-02,6.888201421979e-02,6.857341429271e-02,6.826250225158e-02,6.794955224001e-02,6.763482192346e-02,6.731855310624e-02,6.700097279239e-02,6.668229425255e-02,6.636271760947e-02,6.604243070689e-02,6.572160993265e-02,6.540042074972e-02,6.507901840661e-02,6.475754858172e-02,6.443614785189e-02,6.411494427417e-02,6.379405789735e-02,6.347360116829e-02,6.315367941018e-02,6.283439123729e-02,6.251582888298e-02,6.219807864261e-02,6.188122114845e-02,6.156533170134e-02,6.125048060476e-02,6.093673340769e-02,6.062415118121e-02,6.031279079049e-02,6.000270510293e-02,5.969394322018e-02,5.938655070135e-02,5.908056974055e-02,5.877603936239e-02,5.847299560614e-02,5.817147167676e-02,5.787149811041e-02,5.757310292684e-02,5.727631175785e-02,5.698114798792e-02,5.668763288160e-02,5.639578568717e-02,5.610562376973e-02,5.581716269992e-02,5.553041635608e-02,5.524539703008e-02,5.496211550388e-02,5.468058113684e-02,5.440080195444e-02,5.412278471316e-02,5.384653497549e-02,5.357205718435e-02,5.329935471802e-02,5.302842995495e-02,5.275928433594e-02,5.249191841079e-02,5.222633189452e-02,5.196252371912e-02,5.170049207327e-02,5.144023445128e-02,5.118174769667e-02,5.092502803227e-02,5.067007111182e-02,5.041687204445e-02,5.016542542969e-02,4.991572539742e-02,4.966776562927e-02,4.942153938904e-02,4.917703955642e-02,4.893425864478e-02,4.869318882802e-02,4.845382196868e-02,4.821614963287e-02,4.798016311402e-02,4.774585345616e-02,4.751321146642e-02,4.728222773628e-02,4.705289266042e-02,4.682519644747e-02,4.659912913888e-02,4.637468062471e-02
-1.644113917118e+00,-1.432489444247e+00,-1.252443046586e+00,-1.098295125378e+00,-9.655625221790e-01,-8.506712800425e-01,-7.507463222215e-01,-6.634554543439e-01,-5.868922818646e-01,-5.194873715803e-01,-4.599401606516e-01,-4.071662778026e-01,-3.602564323561e-01,-3.184440697681e-01,-2.810797309667e-01,-2.476105813881e-01,-2.175639582663e-01,-1.905340643540e-01,-1.661711427978e-01,-1.441726214246e-01,-1.242758298347e-01,-1.062519801332e-01,-8.990116866705e-02,-7.504820666320e-02,-6.153912768377e-02,-4.923825012699e-02,-3.802569693164e-02,-2.779529360136e-02,-1.845278060991e-02,-9.914288162229e-03,-2.105030281661e-03,5.041816484735e-03,1.158607863096e-02,1.758141981421e-02,2.307606321794e-02,2.811341872079e-02,3.273262870687e-02,3.696904465387e-02,4.085464386030e-02,4.441839438820e-02,4.768657614960e-02,5.068306364812e-02,5.342957448060e-02,5.594589011226e-02,5.825005084267e-02,6.035852853521e-02,6.228638039678e-02,6.404738602525e-02,6.565416946987e-02,6.711830759842e-02,6.845042820209e-02,6.966029731647e-02,7.075689697173e-02,7.174849591629e-02,7.264271309061e-02,7.344657453374e-02,7.416656429760e-02,7.480867159184e-02,7.537843286892e-02,7.588096887770e-02,7.632101982489e-02,7.670297723414e-02,7.703091057686e-02,7.730859448903e-02,7.753953198051e-02,7.772697519852e-02,7.787394502158e-02,7.798324909646e-02,7.805749793066e-02,7.809911891428e-02,7.811037077194e-02,7.809335583127e-02,7.805003110489e-02,7.798221938052e-02,7.789161914524e-02,7.777981371758e-02,7.764828013423e-02,7.749839723529e-02,7.733145291568e-02,7.714865187598e-02,7.695112174130e-02,7.673991809859e-02,7.651603183585e-02,7.628039236649e-02,7.603387207022e-02,7.577729092565e-02,7.551141974037e-02,7.523698271123e-02,7.495466025097e-02,7.466509277430e-02,7.436888161914e-02,7.406659142889e-02,7.375875310248e-02,7.344586506332e-02,7.312839496294e-02,7.280678165497e-02,7.248143727209e-02,7.215274814581e-02,7.182107639957e-02,7.148676197284e-02,7.115012345553e-02,7.081145918387e-02,7.047104920536e-02,7.012915575913e-02,6.978602450359e-02,6.944188568849e-02,6.909695501677e-02,6.875143445212e-02,6.840551308065e-02,6.805936804494e-02,6.771316508001e-02,6.736705923888e-02,6.702119562918e-02,6.667570993541e-02,6.633072897094e-02,6.598637122802e-02,6.564274740847e-02,6.529996082293e-02,6.495810783357e-02,6.461727831529e-02,6.427755598946e-02,6.393901876418e-02,6.360173914191e-02,6.326578447361e-02,6.293121726957e-02,6.259809549508e-02,6.226647282535e-02,6.193639888380e-02,6.160791947679e-02,6.128107683117e-02,6.095590977791e-02,6.063245394990e-02,6.031074197814e-02,5.999080365429e-02,5.967266609113e-02,5.935635387897e-02,5.904188923738e-02,5.872929214085e-02,5.841858044795e-02,5.810977003452e-02,5.780287489901e-02,5.749790726523e-02,5.719487770276e-02,5.689379520831e-02,5.659466729978e-02,5.629750010773e-02,5.600229845515e-02,5.570906593140e-02,5.541780496547e-02,5.512851690253e-02,5.484120206048e-02,5.455585979247e-02,5.427248855141e-02,5.399108594091e-02,5.371164876624e-02,5.343417308513e-02,5.315865425862e-02,5.288508698949e-02,5.261346536395e-02,5.234378289838e-02,5.207603257132e-02,5.181020685510e-02,5.154629776118e-02,5.128429686203e-02,5.102419532287e-02,5.076598393367e-02,5.050965313495e-02,5.025519304103e-02,5.000259346430e-02,4.975184394367e-02,4.950293375989e-02,4.925585195653e-02,4.901058736402e-02,4.876712861476e-02,4.852546415949e-02,4.828558228470e-02,4.804747113136e-02,4.781111870505e-02,4.757651288967e-02,4.734364146608e-02,4.711249212022e-02
-1.544235115031e+00,-1.343152950881e+00,-1.172134435250e+00,-1.025769886586e+00,-8.997892982426e-01,-7.907887335048e-01,-6.960299840402e-01,-6.132919716781e-01,-5.407592181426e-01,-4.769372184241e-01,-4.205875776455e-01,-3.706778289926e-01,-3.263422710612e-01,-2.868511562697e-01,-2.515862653887e-01,-2.200214067937e-01,-1.917067436099e-01,-1.662561183293e-01,-1.433367410487e-01,-1.226607538019e-01,-1.039782932731e-01,-8.707175729283e-02,-7.175104395657e-02,-5.784958041566e-02,-4.522099642350e-02,-3.373632654438e-02,-2.328164804150e-02,-1.375607905080e-02,-5.070076271254e-03,2.856017599048e-03,1.009321717189e-02,1.670496205565e-02,2.274803630906e-02,2.827336252591e-02,3.332668939340e-02,3.794918873965e-02,4.217797526838e-02,4.604656000757e-02,4.958524681029e-02,5.282147987708e-02,5.578014918695e-02,5.848385948296e-02,6.095316677216e-02,6.320678829158e-02,6.526178786169e-02,6.713374057831e-02,6.883687857559e-02,7.038422150885e-02,7.178769250447e-02,7.305822189535e-02,7.420583945009e-02,7.523975761389e-02,7.616844599445e-02,7.699969831644e-02,7.774069221797e-02,7.839804349457e-02,7.897785517291e-02,7.948576163638e-02,7.992696829521e-02,8.030628749610e-02,8.062817155684e-02,8.089674293592e-02,8.111581966994e-02,8.128894108811e-02,8.141938965431e-02,8.151021147208e-02,8.156423385623e-02,8.158408284727e-02,8.157219836427e-02,8.153084831973e-02,8.146214090543e-02,8.136803677578e-02,8.125035992803e-02,8.111080772110e-02,8.095096005852e-02,8.077228830793e-02,8.057616350842e-02,8.036386390191e-02,8.013658214143e-02,7.989543221515e-02,7.964145545860e-02,7.937562552323e-02,7.909885514149e-02,7.881199949050e-02,7.851586073038e-02,7.821119130289e-02,7.789869846607e-02,7.757904620417e-02,7.725285807535e-02,7.692071937108e-02,7.658318018275e-02,7.624075680237e-02,7.589393356410e-02,7.554316457862e-02,7.518887589452e-02,7.483146690390e-02,7.447131164313e-02,7.410876032251e-02,7.374414090726e-02,7.337776050424e-02,7.300990637519e-02,7.264084695637e-02,7.227083369083e-02,7.190010146184e-02,7.152886980489e-02,7.115734377595e-02,7.078571507845e-02,7.041416266483e-02,7.004285357584e-02,6.967194364896e-02,6.930157831736e-02,6.893189316187e-02,6.856301451261e-02,6.819506001142e-02,6.782813918799e-02,6.746235392995e-02,6.709779892341e-02,6.673456209422e-02,6.637272503164e-02,6.601236337411e-02,6.565354714338e-02,6.529634106240e-02,6.494080493612e-02,6.458699388653e-02,6.423495864897e-02,6.388474582402e-02,6.353639814657e-02,6.318995469200e-02,6.284545109771e-02,6.250291976288e-02,6.216239005314e-02,6.182388847012e-02,6.148743882038e-02,6.115306237404e-02,6.082077802209e-02,6.049060241504e-02,6.016255009264e-02,5.983663361023e-02,5.951286366044e-02,5.919124918663e-02,5.887179748384e-02,5.855451429330e-02,5.823940391244e-02,5.792646926934e-02,5.761571201078e-02,5.730713257841e-02,5.700073029118e-02,5.669650340859e-02,5.639444919859e-02,5.609456399884e-02,5.579684328137e-02,5.550128170477e-02,5.520787316673e-02,5.491661085335e-02,5.462748728983e-02,5.434049438397e-02,5.405562346636e-02,5.377286533039e-02,5.349221027167e-02,5.321364812475e-02,5.293716829417e-02,5.266275978291e-02,5.239041123264e-02,5.212011094326e-02,5.185184690246e-02,5.158560680912e-02,5.132137810275e-02,5.105914798124e-02,5.079890342316e-02,5.054063120680e-02,5.028431793316e-02,5.002995004119e-02,4.977751382448e-02,4.952699544671e-02,4.927838095943e-02,4.903165631544e-02,4.878680738083e-02,4.854381994766e-02,4.830267974735e-02,4.806337246285e-02,4.782588373724e-02
-1.452418988422e+00,-1.261011815538e+00,-1.098278710139e+00,-9.590576582389e-01,-8.392742335422e-01,-7.356805029973e-01,-6.456638423109e-01,-5.671051278072e-01,-4.982723007943e-01,-4.377396057927e-01,-3.843256890551e-01,-3.370457075486e-01,-2.950739540912e-01,-2.577144522581e-01,-2.243776458862e-01,-1.945617885979e-01,-1.678379865516e-01,-1.438381019060e-01,-1.222449120894e-01,-1.027840595541e-01,-8.521743161746e-02,-6.933768914587e-02,-5.496372348212e-02,-4.193686704498e-02,-3.011771924688e-02,-1.938347697723e-02,-9.625680762650e-03,-7.483049517323e-04,7.333866408461e-03,1.469662529444e-02,2.140752583806e-02,2.752690277617e-02,3.310874841655e-02,3.820146999981e-02,4.284854556362e-02,4.708909329883e-02,5.095836713486e-02,5.448818910009e-02,5.770732732027e-02,6.064182753648e-02,6.331530409226e-02,6.574919636969e-02,6.796299426160e-02,6.997443821981e-02,7.179969590499e-02,7.345351895931e-02,7.494938241133e-02,7.629960833812e-02,7.751547658099e-02,7.860732341204e-02,7.958462972647e-02,8.045610016224e-02,8.122973375234e-02,8.191288757659e-02,8.251233418863e-02,8.303431307113e-02,8.348457718844e-02,8.386843492146e-02,8.419078767359e-02,8.445616465384e-02,8.466875369838e-02,8.483243011177e-02,8.495078096325e-02,8.502712941172e-02,8.506455551248e-02,8.506591543488e-02,8.503385915234e-02,8.497084582033e-02,8.487915874215e-02,8.476091861654e-02,8.461809561577e-02,8.445252061098e-02,8.426589520703e-02,8.405980133793e-02,8.383571021740e-02,8.359499048008e-02,8.333891586618e-02,8.306867239159e-02,8.278536530948e-02,8.249002532311e-02,8.218361458981e-02,8.186703149401e-02,8.154111690601e-02,8.120665767479e-02,8.086439094676e-02,8.051500777551e-02,8.015915602753e-02,7.979744405535e-02,7.943044261214e-02,7.905868714143e-02,7.868267993735e-02,7.830289186588e-02,7.791976451920e-02,7.753371175606e-02,7.714512097108e-02,7.675435473920e-02,7.636175216338e-02,7.596763028246e-02,7.557228559103e-02,7.517599486721e-02,7.477901656689e-02,7.438159160618e-02,7.398394509688e-02,7.358628674679e-02,7.318881199202e-02,7.279170288433e-02,7.239512887253e-02,7.199924774385e-02,7.160420622126e-02,7.121014066960e-02,7.081717776052e-02,7.042543505760e-02,7.003502163136e-02,6.964603857132e-02,6.925857945188e-02,6.887273081695e-02,6.848857260852e-02,6.810617857977e-02,6.772561669793e-02,6.734694946259e-02,6.697023426206e-02,6.659552365516e-02,6.622286573002e-02,6.585230432270e-02,6.548387929380e-02,6.511762677096e-02,6.475357937079e-02,6.439176642922e-02,6.403221418826e-02,6.367494598606e-02,6.331998243627e-02,6.296734159216e-02,6.261703910956e-02,6.226908839274e-02,6.192350072894e-02,6.158028542167e-02,6.123944991262e-02,6.090099989842e-02,6.056493944402e-02,6.023127107866e-02,5.989999589669e-02,5.957111364149e-02,5.924462280649e-02,5.892052070346e-02,5.859880354288e-02,5.827946650609e-02,5.796250381120e-02,5.764790878265e-02,5.733567390734e-02,5.702579089194e-02,5.671825071725e-02,5.641304368781e-02,5.611015948234e-02,5.580958719840e-02,5.551131539303e-02,5.521533212405e-02,5.492162498738e-02,5.463018115323e-02,5.434098740235e-02,5.405403015410e-02,5.376929549875e-02,5.348676922121e-02,5.320643683704e-02,5.292828360985e-02,5.265229457739e-02,5.237845457403e-02,5.210674825045e-02,5.183716009728e-02,5.156967446096e-02,5.130427556157e-02,5.104094750983e-02,5.077967432197e-02,5.052043993632e-02,5.026322822691e-02,5.000802301504e-02,4.975480808235e-02,4.950356718196e-02,4.925428404957e-02,4.900694241561e-02,4.876152601195e-02,4.851801858257e-02
-1.367838521150e+00,-1.185327953259e+00,-1.030213901192e+00,-8.975620550568e-01,-7.834778026845e-01,-6.848566377250e-01,-5.992013945981e-01,-5.244866831250e-01,-4.590571371587e-01,-4.015502062546e-01,-3.508369771854e-01,-3.059763893353e-01,-2.661795035227e-01,-2.307813900522e-01,-1.992188433590e-01,-1.710125900184e-01,-1.457529894201e-01,-1.230884694047e-01,-1.027161185696e-01,-8.437399040986e-02,-6.783477468139e-02,-5.290056713601e-02,-3.939852669020e-02,-2.717725316661e-02,-1.610375329153e-02,-6.060889078282e-03,3.054776372973e-03,1.133480424990e-02,1.886043222517e-02,2.570389870208e-02,3.192957636555e-02,3.759494535760e-02,4.275143127682e-02,4.744512881507e-02,5.171742833269e-02,5.560555984222e-02,5.914306631592e-02,6.236021674595e-02,6.528436727641e-02,6.794027768552e-02,7.035038931242e-02,7.253506990638e-02,7.451282896285e-02,7.630050865470e-02,7.791345248164e-02,7.936565491130e-02,8.066989431601e-02,8.183785126957e-02,8.288021409985e-02,8.380677271372e-02,8.462650302897e-02,8.534764227947e-02,8.597775658531e-02,8.652380164211e-02,8.699217729475e-02,8.738877681300e-02,8.771903083410e-02,8.798794763215e-02,8.820014924730e-02,8.835990415475e-02,8.847115678229e-02,8.853755495503e-02,8.856247315271e-02,8.854903554694e-02,8.850013585919e-02,8.841845565899e-02,8.830648101566e-02,8.816651766222e-02,8.800070497540e-02,8.781102810697e-02,8.759932997112e-02,8.736732169800e-02,8.711659233168e-02,8.684861780263e-02,8.656476925016e-02,8.626632078468e-02,8.595445666213e-02,8.563027822894e-02,8.529481027546e-02,8.494900702592e-02,8.459375783621e-02,8.422989184740e-02,8.385818376369e-02,8.347935745366e-02,8.309409007118e-02,8.270301556421e-02,8.230672779239e-02,8.190578328807e-02,8.150070344624e-02,8.109197745848e-02,8.068006356907e-02,8.026539101882e-02,7.984836170990e-02,7.942935172620e-02,7.900871276340e-02,7.858677333738e-02,7.816384050865e-02,7.774020074066e-02,7.731612113353e-02,7.689185060100e-02,7.646762101415e-02,7.604364790041e-02,7.562013207640e-02,7.519726002940e-02,7.477520496922e-02,7.435412766017e-02,7.393417720503e-02,7.351549178251e-02,7.309819930021e-02,7.268241816812e-02,7.226825778299e-02,7.185581913427e-02,7.144519534344e-02,7.103647216364e-02,7.062972844710e-02,7.022503656731e-02,6.982246287292e-02,6.942206802982e-02,6.902390738550e-02,6.862803130875e-02,6.823448550920e-02,6.784331129887e-02,6.745454593000e-02,6.706822279993e-02,6.668437170907e-02,6.630301908734e-02,6.592418820656e-02,6.554789937965e-02,6.517417014309e-02,6.480301544617e-02,6.443444780224e-02,6.406847744716e-02,6.370511248533e-02,6.334435902624e-02,6.298622131294e-02,6.263070184033e-02,6.227780147564e-02,6.192751955924e-02,6.157985400589e-02,6.123480139991e-02,6.089235708545e-02,6.055251524306e-02,6.021526898224e-02,5.988061040430e-02,5.954853067563e-02,5.921902009348e-02,5.889206814784e-02,5.856766357984e-02,5.824579443500e-02,5.792644811980e-02,5.760961144587e-02,5.729527067708e-02,5.698341157294e-02,5.667401942932e-02,5.636707911679e-02,5.606257511555e-02,5.576049155279e-02,5.546081223199e-02,5.516352066331e-02,5.486860009230e-02,5.457603352746e-02,5.428580376104e-02,5.399789340099e-02,5.371228488648e-02,5.342896051088e-02,5.314790244139e-02,5.286909273761e-02,5.259251336894e-02,5.231814622975e-02,5.204597315815e-02,5.177597594725e-02,5.150813635949e-02,5.124243613949e-02,5.097885702593e-02,5.071738076272e-02,5.045798910855e-02,5.020066384921e-02,4.994538680469e-02,4.969213983793e-02,4.944090486304e-02,4.919166385343e-02
-1.289771278739e+00,-1.115456608160e+00,-9.673617369069e-01,-8.407620924815e-01,-7.319286872801e-01,-6.378891222340e-01,-5.562525772578e-01,-4.850799964085e-01,-4.227866513322e-01,-3.680682060739e-01,-3.198440468858e-01,-2.772134378566e-01,-2.394213037660e-01,-2.058313092666e-01,-1.759045177686e-01,-1.491823533685e-01,-1.252729075037e-01,-1.038398647776e-01,-8.459349413226e-02,-6.728327938267e-02,-5.169185909239e-02,-3.763001832640e-02,-2.493253025013e-02,-1.345468781118e-02,-3.069398752687e-03,6.335257416659e-03,1.485809187373e-02,2.258655404210e-02,2.959821753751e-02,3.596204790045e-02,4.173948763120e-02,4.698538770939e-02,5.174880969273e-02,5.607371823650e-02,5.999958078342e-02,6.356188808064e-02,6.679260716538e-02,6.972057652215e-02,7.237185159187e-02,7.477000754535e-02,7.693640514018e-02,7.889042489914e-02,8.064967311289e-02,8.223016437510e-02,8.364648286464e-02,8.491192541944e-02,8.603862862527e-02,8.703768189606e-02,8.791922825376e-02,8.869255428782e-02,8.936617057903e-02,8.994788370525e-02,9.044486089410e-02,9.086368773248e-02,9.121042052552e-02,9.149063315250e-02,9.170945935991e-02,9.187163093843e-02,9.198151222159e-02,9.204313129617e-02,9.206020816140e-02,9.203618088366e-02,9.197422790565e-02,9.187728988858e-02,9.174808869848e-02,9.158914485791e-02,9.140279342528e-02,9.119119845223e-02,9.095636615621e-02,9.070015693461e-02,9.042429633863e-02,9.013038511860e-02,8.981990851748e-02,8.949424452850e-02,8.915467202072e-02,8.880237797831e-02,8.843846433927e-02,8.806395441735e-02,8.767979894089e-02,8.728688173033e-02,8.688602510735e-02,8.647799442596e-02,8.606350339685e-02,8.564321776764e-02,8.521775926360e-02,8.478770900599e-02,8.435361055344e-02,8.391597259202e-02,8.347527130908e-02,8.303195249212e-02,8.258643339639e-02,8.213910442341e-02,8.169033049771e-02,8.124045294049e-02,8.078979032262e-02,8.033863984852e-02,7.988727854939e-02,7.943596441576e-02,7.898493748354e-02,7.853442087606e-02,7.808462187043e-02,7.763573251829e-02,7.718793116852e-02,7.674138284486e-02,7.629624021532e-02,7.585264437149e-02,7.541072556437e-02,7.497060389774e-02,7.453238998023e-02,7.409618553768e-02,7.366208398751e-02,7.323017097680e-02,7.280052486780e-02,7.237321726750e-02,7.194831340771e-02,7.152587257730e-02,7.110594850886e-02,7.068858973912e-02,7.027383994591e-02,6.986173826327e-02,6.945231958279e-02,6.904561479655e-02,6.864165111485e-02,6.824045225975e-02,6.784203870549e-02,6.744642789020e-02,6.705363441420e-02,6.666367022588e-02,6.627654479592e-02,6.589226528058e-02,6.551083667493e-02,6.513226195654e-02,6.475654221790e-02,6.438367680050e-02,6.401366340604e-02,6.364649821039e-02,6.328217596856e-02,6.292069011307e-02,6.256203284649e-02,6.220619522829e-02,6.185316725793e-02,6.150293794470e-02,6.115549539228e-02,6.081082685685e-02,6.046891881363e-02,6.012975701689e-02,5.979332655627e-02,5.945961190982e-02,5.912859699382e-02,5.880026520960e-02,5.847459948767e-02,5.815158232909e-02,5.783119584337e-02,5.751342178822e-02,5.719824160089e-02,5.688563643143e-02,5.657558717316e-02,5.626807449119e-02,5.596307884925e-02,5.566058053493e-02,5.536055968409e-02,5.506299629903e-02,5.476787027665e-02,5.447516142225e-02,5.418484946960e-02,5.389691409802e-02,5.361133494858e-02,5.332809163915e-02,5.304716377852e-02,5.276853097966e-02,5.249217287204e-02,5.221806911322e-02,5.194619939886e-02,5.167654347509e-02,5.140908114569e-02,5.114379228148e-02,5.088065682858e-02,5.061965481591e-02,5.036076636228e-02,5.010397168294e-02,4.984925109623e-02
-1.217583959324e+00,-1.050832567315e+00,-9.092152813813e-01,-7.882010498609e-01,-6.842137021044e-01,-5.944027291103e-01,-5.164754302978e-01,-4.485724048915e-01,-3.891740967789e-01,-3.370298795559e-01,-2.911037007566e-01,-2.505320277689e-01,-2.145910276975e-01,-1.826707455815e-01,-1.542546345337e-01,-1.289032132827e-01,-1.062409319571e-01,-8.594555017877e-02,-6.773949624945e-02,-5.138279882924e-02,-3.666727454898e-02,-2.341172459988e-02,-1.145794649005e-02,-6.674077492830e-04,9.081540029230e-03,1.789600403993e-02,2.587052807184e-02,3.308876828281e-02,3.962491804393e-02,4.554492348770e-02,5.090752382748e-02,5.576514444064e-02,6.016466580814e-02,6.414808743433e-02,6.775310264178e-02,7.101359749932e-02,7.396008497919e-02,7.662008366015e-02,7.901844882390e-02,8.117766257487e-02,8.311808856335e-02,8.485819632072e-02,8.641475865308e-02,8.780302643164e-02,8.903688307931e-02,9.012898158684e-02,9.109086620759e-02,9.193308072606e-02,9.266526493819e-02,9.329624076237e-02,9.383408921304e-02,9.428621930830e-02,9.465942984535e-02,9.495996485938e-02,9.519356347920e-02,9.536550480498e-02,9.548064835676e-02,9.554347057630e-02,9.555809780680e-02,9.552833612462e-02,9.545769824523e-02,9.534942848412e-02,9.520652419944e-02,9.503175652314e-02,9.482768854527e-02,9.459669198444e-02,9.434096235496e-02,9.406253277359e-02,9.376328653577e-02,9.344496858054e-02,9.310919595485e-02,9.275746738197e-02,9.239117203307e-02,9.201159759623e-02,9.161993773155e-02,9.121729899316e-02,9.080470728972e-02,9.038311394201e-02,8.995340138164e-02,8.951638851871e-02,8.907283586705e-02,8.862344994713e-02,8.816888818651e-02,8.770976264263e-02,8.724664377744e-02,8.678006379072e-02,8.631051959534e-02,8.583847545081e-02,8.536436528214e-02,8.488859471891e-02,8.441154289467e-02,8.393356404745e-02,8.345498896015e-02,8.297612627533e-02,8.249726371254e-02,8.201866921053e-02,8.154059201023e-02,8.106326368954e-02,8.058689915628e-02,8.011169760310e-02,7.963784350021e-02,7.916550714315e-02,7.869484605603e-02,7.822600538101e-02,7.775911876246e-02,7.729430907567e-02,7.683168911665e-02,7.637136225351e-02,7.591342304019e-02,7.545795779348e-02,7.500504513486e-02,7.455475649844e-02,7.410715660674e-02,7.366230391590e-02,7.322025103210e-02,7.278104510081e-02,7.234472817061e-02,7.191133753307e-02,7.148090604037e-02,7.105346240212e-02,7.062903147005e-02,7.020763446400e-02,6.978928926991e-02,6.937401062477e-02,6.896181034015e-02,6.855269750038e-02,6.814667864803e-02,6.774375795742e-02,6.734393739716e-02,6.694721688231e-02,6.655359441687e-02,6.616306622742e-02,6.577562688818e-02,6.539126943836e-02,6.500998549214e-02,6.463176534182e-02,6.425659805450e-02,6.388447156285e-02,6.351537275020e-02,6.314928753046e-02,6.278620092446e-02,6.242609712377e-02,6.206895956758e-02,6.171477099665e-02,6.136351351364e-02,6.101516863772e-02,6.066971735575e-02,6.032714017041e-02,5.998741714524e-02,5.965052794708e-02,5.931645188570e-02,5.898516795118e-02,5.865665484881e-02,5.833089103191e-02,5.800785473262e-02,5.768752399073e-02,5.736987668070e-02,5.705489053700e-02,5.674254317790e-02,5.643281212762e-02,5.612567483806e-02,5.582110870448e-02,5.551909108992e-02,5.521959933776e-02,5.492261078881e-02,5.462810279622e-02,5.433605273935e-02,5.404643803670e-02,5.375923615798e-02,5.347442463538e-02,5.319198107398e-02,5.291188316150e-02,5.263410867732e-02,5.235863550087e-02,5.208544161937e-02,5.181450513502e-02,5.154580427164e-02,5.127931738080e-02,5.101502294741e-02,5.075289959496e-02,5.049292609089e-02
-1.150719546207e+00,-9.909586961441e-01,-8.553286531262e-01,-7.394772088897e-01,-6.399694174467e-01,-5.540674119622e-01,-4.795691656126e-01,-4.146888871079e-01,-3.579672452310e-01,-3.082032452136e-01,-2.644020119529e-01,-2.257343904947e-01,-1.915054169856e-01,-1.611295125933e-01,-1.341108188200e-01,-1.100274978980e-01,-8.851911528727e-02,-6.927643572291e-02,-5.203312248875e-02,-3.655894738406e-02,-2.265420726737e-02,-1.014510993043e-02,1.120056906213e-03,1.127412065408e-02,2.043369982727e-02,2.870145432551e-02,3.616798502872e-02,4.291344324011e-02,4.900889907389e-02,5.451750878625e-02,5.949551377932e-02,6.399309817082e-02,6.805512711524e-02,7.172178424880e-02,7.502912352838e-02,7.800954820149e-02,8.069222756670e-02,8.310346047509e-02,8.526699311113e-02,8.720429742198e-02,8.893481555476e-02,9.047617510274e-02,9.184437853168e-02,9.305397082870e-02,9.411818770658e-02,9.504908702364e-02,9.585766549542e-02,9.655396251803e-02,9.714715267649e-02,9.764562830058e-02,9.805707325119e-02,9.838852896593e-02,9.864645366077e-02,9.883677547061e-02,9.896494021387e-02,9.903595438130e-02,9.905442387589e-02,9.902458896726e-02,9.895035586806e-02,9.883532529190e-02,9.868281820126e-02,9.849589967600e-02,9.827739952140e-02,9.802993200578e-02,9.775591329203e-02,9.745757738594e-02,9.713699064519e-02,9.679606498559e-02,9.643656990788e-02,9.606014345762e-02,9.566830222255e-02,9.526245046521e-02,9.484388848383e-02,9.441382029007e-02,9.397336068773e-02,9.352354183088e-02,9.306531933222e-02,9.259957798251e-02,9.212713712897e-02,9.164875574645e-02,9.116513728451e-02,9.067693392434e-02,9.018475111515e-02,8.968915127646e-02,8.919065742291e-02,8.868975641348e-02,8.818690186591e-02,8.768251674359e-02,8.717699563343e-02,8.667070674233e-02,8.616399364706e-02,8.565717683571e-02,8.515055507875e-02,8.464440666515e-02,8.413899053403e-02,8.363454732682e-02,8.313130037869e-02,8.262945666266e-02,8.212920769503e-02,8.163073040723e-02,8.113418806853e-02,8.063973075697e-02,8.014749666206e-02,7.965761247078e-02,7.917019417418e-02,7.868534774714e-02,7.820316979380e-02,7.772374815865e-02,7.724716250360e-02,7.677348485150e-02,7.630278009720e-02,7.583510648713e-02,7.537051606888e-02,7.490905511194e-02,7.445076450139e-02,7.399568010578e-02,7.354383312089e-02,7.309525039078e-02,7.264995470754e-02,7.220796509121e-02,7.176929705946e-02,7.133396283708e-02,7.090197163736e-02,7.047332983795e-02,7.004804118925e-02,6.962610700019e-02,6.920752631182e-02,6.879229605957e-02,6.838041122497e-02,6.797186497758e-02,6.756664880769e-02,6.716475265052e-02,6.676616500246e-02,6.637087302981e-02,6.597886267062e-02,6.559011873007e-02,6.520462496974e-02,6.482236419122e-02,6.444331831446e-02,6.406746845112e-02,6.369479497493e-02,6.332527757955e-02,6.295889534886e-02,6.259562680668e-02,6.223544997149e-02,6.187834240601e-02,6.152428126366e-02,6.117324333207e-02,6.082520507385e-02,6.048014266473e-02,6.013803202932e-02,5.979884887454e-02,5.946256872087e-02,5.912916693171e-02,5.879861874070e-02,5.847089927736e-02,5.814598359098e-02,5.782384667301e-02,5.750446347794e-02,5.718780894274e-02,5.687385800596e-02,5.656258562111e-02,5.625396677783e-02,5.594797651297e-02,5.564458992517e-02,5.534378218757e-02,5.504552855964e-02,5.474980439811e-02,5.445658516714e-02,5.416584644769e-02,5.387756394622e-02,5.359171350270e-02,5.330827109802e-02,5.302721286075e-02,5.274851507340e-02,5.247215417815e-02,5.219810678205e-02,5.192634966179e-02,5.165685976804e-02,5.138961422933e-02,5.112459035633e-02
-1.088686573049e+00,-9.353963589761e-01,-8.053084344202e-01,-6.942361148879e-01,-5.988751589221e-01,-5.165919490939e-01,-4.452683749328e-01,-3.831867677357e-01,-3.289435310028e-01,-2.813836004273e-01,-2.395502069076e-01,-2.026460084403e-01,-1.700027560439e-01,-1.410574277566e-01,-1.153333091606e-01,-9.242488875058e-02,-7.198571865148e-02,-5.371859747729e-02,-3.736758434807e-02,-2.271146640230e-02,-9.558387203891e-03,2.258592215339e-03,1.288517884360e-02,2.244892130939e-02,3.106178406942e-02,3.882231203172e-02,4.581745777568e-02,5.212412961601e-02,5.781050774945e-02,6.293716696974e-02,6.755803744215e-02,7.172122941315e-02,7.546974320112e-02,7.884208214520e-02,8.187278320439e-02,8.459287746158e-02,8.703029078817e-02,8.921019328923e-02,9.115530475400e-02,9.288616225518e-02,9.442135509722e-02,9.577773166186e-02,9.697058140914e-02,9.801379597081e-02,9.892001152623e-02,9.970073504504e-02,1.003664563887e-01,1.009267480217e-01,1.013903538453e-01,1.017652684644e-01,1.020588080255e-01,1.022776736149e-01,1.024280080790e-01,1.025154470210e-01,1.025451646304e-01,1.025219149250e-01,1.024500689103e-01,1.023336481327e-01,1.021763549123e-01,1.019815996798e-01,1.017525257512e-01,1.014920321975e-01,1.012027935222e-01,1.008872786345e-01,1.005477675330e-01,1.001863665851e-01,9.980502242702e-02,9.940553461411e-02,9.898956714057e-02,9.855865893379e-02,9.811423342262e-02,9.765760727116e-02,9.718999836499e-02,9.671253313304e-02,9.622625328427e-02,9.573212203442e-02,9.523102989207e-02,9.472380006886e-02,9.421119353068e-02,9.369391381535e-02,9.317261161889e-02,9.264788885206e-02,9.212030292813e-02,9.159037034370e-02,9.105857017406e-02,9.052534723519e-02,8.999111493788e-02,8.945625783313e-02,8.892113385856e-02,8.838607630584e-02,8.785139553743e-02,8.731738048656e-02,8.678429997656e-02,8.625240389483e-02,8.572192425346e-02,8.519307616358e-02,8.466605874518e-02,8.414105595205e-02,8.361823746349e-02,8.309775950443e-02,8.257976558747e-02,8.206438692599e-02,8.155174375725e-02,8.104194560005e-02,8.053509203013e-02,8.003127331216e-02,7.953057100214e-02,7.903305851946e-02,7.853880168868e-02,7.804785925093e-02,7.756028334564e-02,7.707611996333e-02,7.659540937032e-02,7.611818650672e-02,7.564448135873e-02,7.517431930672e-02,7.470772145039e-02,7.424470490829e-02,7.378528310907e-02,7.332946605803e-02,7.287726058070e-02,7.242867051942e-02,7.198369701144e-02,7.154233864398e-02,7.110459165308e-02,7.067045009800e-02,7.023990602385e-02,6.981294961353e-02,6.938956932952e-02,6.896975204632e-02,6.855348317416e-02,6.814074677458e-02,6.773152566838e-02,6.732580153656e-02,6.692355501464e-02,6.652476578080e-02,6.612941263833e-02,6.573747359204e-02,6.534892592145e-02,6.496374624870e-02,6.458191060126e-02,6.420339446463e-02,6.382817284868e-02,6.345622033122e-02,6.308751110825e-02,6.272201903891e-02,6.235971768755e-02,6.200058036304e-02,6.164458015544e-02,6.129168997031e-02,6.094188256073e-02,6.059513055714e-02,6.025140649528e-02,5.991068284216e-02,5.957293202030e-02,5.923812643035e-02,5.890623847212e-02,5.857724056386e-02,5.825110516099e-02,5.792780477334e-02,5.760731198087e-02,5.728959944482e-02,5.697463992726e-02,5.666240629947e-02,5.635287155455e-02,5.604600881820e-02,5.574179135858e-02,5.544019259536e-02,5.514118610815e-02,5.484474564414e-02,5.455084512518e-02,5.425945865415e-02,5.397056052086e-02,5.368412520737e-02,5.340012739280e-02,5.311854195772e-02,5.283934398800e-02,5.256250877815e-02,5.228801183472e-02,5.201582887938e-02,5.174593585126e-02
-1.031050113773e+00,-8.837573786682e-01,-7.588064608236e-01,-6.521640813409e-01,-5.606471318699e-01,-4.817186083026e-01,-4.133381682050e-01,-3.538512730126e-01,-3.019059752964e-01,-2.563897734057e-01,-2.163812094516e-01,-1.811124205693e-01,-1.499399123671e-01,-1.223215641996e-01,-9.779840035018e-02,-7.598003680908e-02,-5.653298518938e-02,-3.917119406405e-02,-2.364835466612e-02,-9.751607069878e-03,2.703635063380e-03,1.387796111892e-02,2.391151417155e-02,3.292695207237e-02,4.103192732171e-02,4.832117231835e-02,5.487825951736e-02,6.077709262134e-02,6.608317432234e-02,7.085468767789e-02,7.514342148109e-02,7.899556448127e-02,8.245238916489e-02,8.555084199879e-02,8.832405435062e-02,9.080178588490e-02,9.301081031595e-02,9.497525181444e-02,9.671687905578e-02,9.825536285247e-02,9.960850215431e-02,1.007924232234e-01,1.018217547350e-01,1.027097827956e-01,1.034685879187e-01,1.041091664725e-01,1.046415385103e-01,1.050748436728e-01,1.054174266180e-01,1.056769132417e-01,1.058602788751e-01,1.059739089730e-01,1.060236539675e-01,1.060148782096e-01,1.059525040045e-01,1.058410512339e-01,1.056846730521e-01,1.054871880826e-01,1.052521094940e-01,1.049826714158e-01,1.046818522576e-01,1.043523970632e-01,1.039968362411e-01,1.036175038199e-01,1.032165534373e-01,1.027959729991e-01,1.023575980147e-01,1.019031237329e-01,1.014341161913e-01,1.009520222813e-01,1.004581790580e-01,9.995382168775e-02,9.944009150709e-02,9.891804289434e-02,9.838864968896e-02,9.785281111758e-02,9.731135728653e-02,9.676505430197e-02,9.621460907033e-02,9.566067379918e-02,9.510385031887e-02,9.454469402549e-02,9.398371787386e-02,9.342139584395e-02,9.285816629681e-02,9.229443504414e-02,9.173057813931e-02,9.116694438231e-02,9.060385754062e-02,9.004161829754e-02,8.948050572875e-02,8.892077943296e-02,8.836268018540e-02,8.780643124835e-02,8.725223938611e-02,8.670029577463e-02,8.615077684067e-02,8.560384504879e-02,8.505964965003e-02,8.451832727064e-02,8.398000310815e-02,8.344479077448e-02,8.291279376468e-02,8.238410559281e-02,8.185881054005e-02,8.133698423996e-02,8.081869423858e-02,8.030400052857e-02,7.979295605650e-02,7.928560720332e-02,7.878199419543e-02,7.828215166678e-02,7.778610891811e-02,7.729389034061e-02,7.680551577057e-02,7.632100081882e-02,7.584035717857e-02,7.536359291274e-02,7.489071272200e-02,7.442171818049e-02,7.395660802388e-02,7.349537827525e-02,7.303802253638e-02,7.258453212290e-02,7.213489625518e-02,7.168910222217e-02,7.124713553402e-02,7.080898006446e-02,7.037461818350e-02,6.994403088109e-02,6.951719787775e-02,6.909409774728e-02,6.867470800149e-02,6.825900518905e-02,6.784696498304e-02,6.743856226253e-02,6.703377118865e-02,6.663256527556e-02,6.623491745671e-02,6.584080014429e-02,6.545018529591e-02,6.506304445341e-02,6.467934880798e-02,6.429906923797e-02,6.392217635500e-02,6.354864054473e-02,6.317843200482e-02,6.281152078028e-02,6.244787679641e-02,6.208746988954e-02,6.173026983400e-02,6.137624637334e-02,6.102536924048e-02,6.067760818208e-02,6.033293297993e-02,5.999131347076e-02,5.965271956460e-02,5.931712126180e-02,5.898448866875e-02,5.865479201125e-02,5.832800165242e-02,5.800408809770e-02,5.768302201372e-02,5.736477423427e-02,5.704931577115e-02,5.673661782307e-02,5.642665178368e-02,5.611938924897e-02,5.581480202397e-02,5.551286212883e-02,5.521354180327e-02,5.491681351467e-02,5.462264995943e-02,5.433102406786e-02,5.404190900773e-02,5.375527818738e-02,5.347110525837e-02,5.318936411780e-02,5.291002891030e-02,5.263307402878e-02,5.235847411910e-02
-9.774241875969e-01,-8.356972589706e-01,-7.155137430398e-01,-6.129827144518e-01,-5.250334683867e-01,-4.492186494246e-01,-3.835700753402e-01,-3.264917840198e-01,-2.766797504378e-01,-2.330609636189e-01,-1.947467275256e-01,-1.609965295087e-01,-1.311898415401e-01,-1.048039340092e-01,-8.139628780815e-02,-6.059055278948e-02,-4.206526294000e-02,-2.554471035272e-02,-1.079152157760e-02,2.399414739193e-03,1.420594094369e-02,2.478275639041e-02,3.426484297694e-02,4.277032182175e-02,5.040284563401e-02,5.725361032296e-02,6.340305293964e-02,6.892229011807e-02,7.387434088408e-02,7.831516969996e-02,8.229457896088e-02,8.585697501368e-02,8.904202755109e-02,9.188523883152e-02,9.441843631153e-02,9.667020017583e-02,9.866623528559e-02,1.004296954862e-01,1.019814670698e-01,1.033404170955e-01,1.045236113039e-01,1.055465059252e-01,1.064231165184e-01,1.071661673245e-01,1.077872232362e-01,1.082968067960e-01,1.087045020671e-01,1.090190470902e-01,1.092484159325e-01,1.093998922467e-01,1.094801348404e-01,1.094952363248e-01,1.094507756851e-01,1.093518655373e-01,1.092031943199e-01,1.090090644535e-01,1.087734268036e-01,1.084999115823e-01,1.081918563084e-01,1.078523311525e-01,1.074841616326e-01,1.070899496125e-01,1.066720916372e-01,1.062327964218e-01,1.057741001940e-01,1.052978807775e-01,1.048058704029e-01,1.042996675434e-01,1.037807470417e-01,1.032504701624e-01,1.027100933725e-01,1.021607763225e-01,1.016035891764e-01,1.010395194120e-01,1.004694777146e-01,9.989430373991e-02,9.931477146511e-02,9.873159396362e-02,9.814542794936e-02,9.755687804816e-02,9.696650080894e-02,9.637480852131e-02,9.578227295613e-02,9.518932870572e-02,9.459637639038e-02,9.400378562826e-02,9.341189775746e-02,9.282102806204e-02,9.223146857904e-02,9.164348960116e-02,9.105734136160e-02,9.047325555571e-02,8.989144660467e-02,8.931211257191e-02,8.873543654875e-02,8.816158736531e-02,8.759072012902e-02,8.702297709199e-02,8.645848833204e-02,8.589737232719e-02,8.533973680051e-02,8.478567901734e-02,8.423528682248e-02,8.368863877641e-02,8.314580488005e-02,8.260684711397e-02,8.207181995692e-02,8.154077080425e-02,8.101374067358e-02,8.049076444691e-02,7.997187132679e-02,7.945708526312e-02,7.894642533193e-02,7.843990606270e-02,7.793753784355e-02,7.743932719752e-02,7.694527704188e-02,7.645538698508e-02,7.596965358060e-02,7.548807055487e-02,7.501062905277e-02,7.453731780695e-02,7.406812337820e-02,7.360303028499e-02,7.314202118796e-02,7.268507704398e-02,7.223217724962e-02,7.178329976633e-02,7.133842126927e-02,7.089751724121e-02,7.046056208335e-02,7.002752921820e-02,6.959839118295e-02,6.917311971293e-02,6.875168583112e-02,6.833405991976e-02,6.792021178638e-02,6.751011073214e-02,6.710372561274e-02,6.670102489362e-02,6.630197670666e-02,6.590654889354e-02,6.551470905972e-02,6.512642460894e-02,6.474166278570e-02,6.436039071206e-02,6.398257542175e-02,6.360818388982e-02,6.323718306803e-02,6.286953990724e-02,6.250522138331e-02,6.214419452115e-02,6.178642641655e-02,6.143188425505e-02,6.108053533339e-02,6.073234707574e-02,6.038728704793e-02,6.004532297305e-02,5.970642274490e-02,5.937055443968e-02,5.903768632907e-02,5.870778688792e-02,5.838082480784e-02,5.805676900183e-02,5.773558861355e-02,5.741725302444e-02,5.710173186008e-02,5.678899499469e-02,5.647901255986e-02,5.617175494628e-02,5.586719280797e-02,5.556529706629e-02,5.526603891301e-02,5.496938981212e-02,5.467532150408e-02,5.438380600706e-02,5.409481561735e-02,5.380832291127e-02,5.352430074604e-02,5.324272225993e-02,5.296356087393e-02
-9.274653307908e-01,-7.909094480538e-01,-6.751553224783e-01,-5.764442787987e-01,-4.918100351933e-01,-4.188885177279e-01,-3.557785774680e-01,-3.009386654730e-01,-2.531092718435e-01,-2.112540675169e-01,-1.745147873254e-01,-1.421763222272e-01,-1.136394754195e-01,-8.839952729934e-02,-6.602924297440e-02,-4.616530607921e-02,-2.849741599339e-02,-1.275947083285e-02,1.277604778648e-03,1.381172635170e-02,2.501447340123e-02,3.503507556059e-02,4.400372190352e-02,5.203432064279e-02,5.922681022517e-02,6.566910254737e-02,7.143872311564e-02,7.660420044893e-02,8.122624723508e-02,8.535876773423e-02,8.904971977393e-02,9.234185451742e-02,9.527335324096e-02,9.787837701302e-02,1.001875424000e-01,1.022283342980e-01,1.040254649110e-01,1.056011869188e-01,1.069755671096e-01,1.081667260443e-01,1.091910484624e-01,1.100633682518e-01,1.107971314722e-01,1.114045404501e-01,1.118966810993e-01,1.122836358216e-01,1.125745837067e-01,1.127778894297e-01,1.129011828312e-01,1.129514296055e-01,1.129349946130e-01,1.128576982689e-01,1.127248672117e-01,1.125413799225e-01,1.123117074830e-01,1.120399504805e-01,1.117298716250e-01,1.113849259235e-01,1.110082875875e-01,1.106028743355e-01,1.101713695206e-01,1.097162418528e-01,1.092397633781e-01,1.087440262539e-01,1.082309574903e-01,1.077023325762e-01,1.071597877907e-01,1.066048309865e-01,1.060388523792e-01,1.054631336280e-01,1.048788564559e-01,1.042871100410e-01,1.036888981166e-01,1.030851456619e-01,1.024767046500e-01,1.018643596025e-01,1.012488321054e-01,1.006307858558e-01,1.000108309116e-01,9.938952768957e-02,9.876739075524e-02,9.814489239344e-02,9.752246618894e-02,9.690051022185e-02,9.627939011531e-02,9.565944181958e-02,9.504097421661e-02,9.442427205324e-02,9.380959753021e-02,9.319719240849e-02,9.258727946344e-02,9.198006441459e-02,9.137573715101e-02,9.077447239704e-02,9.017643085070e-02,8.958175968948e-02,8.899059420144e-02,8.840305770137e-02,8.781926222860e-02,8.723930921138e-02,8.666328992443e-02,8.609128631592e-02,8.552337156549e-02,8.495961022936e-02,8.440005894596e-02,8.384476688291e-02,8.329377624592e-02,8.274712295689e-02,8.220483674473e-02,8.166694171194e-02,8.113345668016e-02,8.060439569837e-02,8.007976835294e-02,7.955958001956e-02,7.904383223365e-02,7.853252294020e-02,7.802564690556e-02,7.752319585245e-02,7.702515871975e-02,7.653152189891e-02,7.604226943062e-02,7.555738323149e-02,7.507684327477e-02,7.460062771682e-02,7.412871307648e-02,7.366107437533e-02,7.319768527596e-02,7.273851823051e-02,7.228354456027e-02,7.183273457954e-02,7.138605769028e-02,7.094348248980e-02,7.050497685315e-02,7.007050800425e-02,6.964004259708e-02,6.921354677947e-02,6.879098627498e-02,6.837232642820e-02,6.795753226260e-02,6.754656853399e-02,6.713939977664e-02,6.673599035301e-02,6.633630449589e-02,6.594030634010e-02,6.554795996165e-02,6.515922940978e-02,6.477407873803e-02,6.439247203799e-02,6.401437345761e-02,6.363974722856e-02,6.326855768689e-02,6.290076929743e-02,6.253634667205e-02,6.217525458427e-02,6.181745798693e-02,6.146292202477e-02,6.111161205417e-02,6.076349365038e-02,6.041853261933e-02,6.007669500844e-02,5.973794711493e-02,5.940225549653e-02,5.906958697978e-02,5.873990866347e-02,5.841318792643e-02,5.808939243238e-02,5.776849013495e-02,5.745044928521e-02,5.713523843077e-02,5.682282642079e-02,5.651318240753e-02,5.620627585106e-02,5.590207652072e-02,5.560055449469e-02,5.530168016211e-02,5.500542422230e-02,5.471175768963e-02,5.442065189011e-02,5.413207846164e-02,5.384600935403e-02,5.356241682765e-02
-8.808671347555e-01,-7.491204643303e-01,-6.374859000879e-01,-5.423277595672e-01,-4.607768715852e-01,-3.905466094315e-01,-3.297981595432e-01,-2.770405711022e-01,-2.310557270015e-01,-1.908414061370e-01,-1.555676380229e-01,-1.245429332415e-01,-9.718792765151e-02,-7.301464594187e-02,-5.161006289456e-02,-3.262297928260e-02,-1.575347439597e-02,-7.443763758903e-04,1.262567620086e-02,2.454790966575e-02,3.518808177624e-02,4.469033774610e-02,5.318041150742e-02,6.076829523834e-02,6.755047489294e-02,7.361180982913e-02,7.902711921495e-02,8.386252592028e-02,8.817659887859e-02,9.202132738403e-02,9.544295467254e-02,9.848269337372e-02,1.011773412835e-01,1.035598128048e-01,1.056595989011e-01,1.075031662330e-01,1.091143043267e-01,1.105144281340e-01,1.117228425866e-01,1.127569742679e-01,1.136325747612e-01,1.143638993860e-01,1.149638646941e-01,1.154441877396e-01,1.158155090884e-01,1.160875019057e-01,1.162689684481e-01,1.163679264139e-01,1.163916855215e-01,1.163469157910e-01,1.162397083890e-01,1.160756305203e-01,1.158597743450e-01,1.155968006181e-01,1.152909780837e-01,1.149462191316e-01,1.145661117943e-01,1.141539480349e-01,1.137127499962e-01,1.132452935424e-01,1.127541295739e-01,1.122416029720e-01,1.117098698314e-01,1.111609137844e-01,1.105965602019e-01,1.100184893599e-01,1.094282475938e-01,1.088272589259e-01,1.082168347345e-01,1.075981825622e-01,1.069724139318e-01,1.063405523777e-01,1.057035401540e-01,1.050622440304e-01,1.044174610214e-01,1.037699238733e-01,1.031203058141e-01,1.024692244950e-01,1.018172464608e-01,1.011648910008e-01,1.005126336782e-01,9.986090963191e-02,9.921011699634e-02,9.856061998154e-02,9.791275169894e-02,9.726681674987e-02,9.662309442187e-02,9.598184045589e-02,9.534328918121e-02,9.470765556497e-02,9.407513742696e-02,9.344591611145e-02,9.282015774551e-02,9.219801491386e-02,9.157962752653e-02,9.096512309427e-02,9.035461734886e-02,8.974821578286e-02,8.914601357969e-02,8.854809605321e-02,8.795453911568e-02,8.736541016049e-02,8.678076864512e-02,8.620066597833e-02,8.562514621994e-02,8.505424647834e-02,8.448799782375e-02,8.392642508870e-02,8.336954745715e-02,8.281737894767e-02,8.226992890545e-02,8.172720207835e-02,8.118919902219e-02,8.065591655664e-02,8.012734801507e-02,7.960348343084e-02,7.908430981043e-02,7.856981151623e-02,7.805997038646e-02,7.755476594243e-02,7.705417558718e-02,7.655817483773e-02,7.606673750368e-02,7.557983577910e-02,7.509744042027e-02,7.461952087731e-02,7.414604547254e-02,7.367698145097e-02,7.321229510983e-02,7.275195190985e-02,7.229591658268e-02,7.184415318804e-02,7.139662520164e-02,7.095329560606e-02,7.051412695553e-02,7.007908142946e-02,6.964812089255e-02,6.922120696793e-02,6.879830107525e-02,6.837936447709e-02,6.796435832227e-02,6.755324369360e-02,6.714598164762e-02,6.674253323870e-02,6.634285955547e-02,6.594692174906e-02,6.555468107088e-02,6.516609888490e-02,6.478113669407e-02,6.439975616375e-02,6.402191914509e-02,6.364758768561e-02,6.327672404677e-02,6.290929072343e-02,6.254525045684e-02,6.218456624354e-02,6.182720134623e-02,6.147311931049e-02,6.112228396968e-02,6.077465945262e-02,6.043021019043e-02,6.008890092629e-02,5.975069672272e-02,5.941556296181e-02,5.908346535158e-02,5.875436992903e-02,5.842824306940e-02,5.810505148198e-02,5.778476221408e-02,5.746734265405e-02,5.715276053525e-02,5.684098393260e-02,5.653198126374e-02,5.622572129230e-02,5.592217312759e-02,5.562130622184e-02,5.532309036929e-02,5.502749570984e-02,5.473449272512e-02,5.444405223661e-02,5.415614540378e-02
-8.373555879477e-01,-7.100857396020e-01,-6.022861084682e-01,-5.104355042609e-01,-4.317551515616e-01,-3.640305131891e-01,-3.054807966132e-01,-2.546621455270e-01,-2.103949680594e-01,-1.717087870626e-01,-1.377999647561e-01,-1.079989927968e-01,-8.174496323819e-02,-5.856548245394e-02,-3.806074788296e-02,-1.989083541537e-02,-3.765482672740e-03,1.056417316699e-02,2.331231619358e-02,3.466394903194e-02,4.477941290972e-02,5.379812261720e-02,6.184166720103e-02,6.901639557172e-02,7.541558171655e-02,8.112124512352e-02,8.620568722752e-02,9.073279290016e-02,9.475913670671e-02,9.833492639770e-02,1.015048101578e-01,1.043085693140e-01,1.067817145036e-01,1.089560003101e-01,1.108598705747e-01,1.125188446266e-01,1.139558534418e-01,1.151915326473e-01,1.162444782979e-01,1.171314712633e-01,1.178676739755e-01,1.184668033971e-01,1.189412833426e-01,1.193023792757e-01,1.195603173872e-01,1.197243897395e-01,1.198030480969e-01,1.198039872365e-01,1.197342187676e-01,1.196001372558e-01,1.194075794598e-01,1.191618769339e-01,1.188679030782e-01,1.185301159385e-01,1.181525962539e-01,1.177390810883e-01,1.172929953079e-01,1.168174794634e-01,1.163154139238e-01,1.157894423987e-01,1.152419923505e-01,1.146752933196e-01,1.140913933378e-01,1.134921748977e-01,1.128793688524e-01,1.122545660985e-01,1.116192297321e-01,1.109747056641e-01,1.103222314365e-01,1.096629450599e-01,1.089978933405e-01,1.083280386423e-01,1.076542650944e-01,1.069773852690e-01,1.062981454541e-01,1.056172298675e-01,1.049352661599e-01,1.042528295118e-01,1.035704457511e-01,1.028885958420e-01,1.022077190481e-01,1.015282159920e-01,1.008504518561e-01,1.001747594068e-01,9.950144145956e-02,9.883077393913e-02,9.816300816587e-02,9.749837279098e-02,9.683707647771e-02,9.617930974764e-02,9.552524604125e-02,9.487504362627e-02,9.422884742213e-02,9.358678901838e-02,9.294898774013e-02,9.231555276877e-02,9.168658226284e-02,9.106216394690e-02,9.044237733199e-02,8.982729251863e-02,8.921697095212e-02,8.861146623761e-02,8.801082493294e-02,8.741508607170e-02,8.682428170658e-02,8.623843810913e-02,8.565757545629e-02,8.508170817353e-02,8.451084576413e-02,8.394499297022e-02,8.338414990408e-02,8.282831261333e-02,8.227747349082e-02,8.173162127886e-02,8.119074144974e-02,8.065481671179e-02,8.012382694252e-02,7.959774946503e-02,7.907655951550e-02,7.856023018088e-02,7.804873264728e-02,7.754203642466e-02,7.704010954714e-02,7.654291861503e-02,7.605042895608e-02,7.556260484415e-02,7.507940953804e-02,7.460080538949e-02,7.412675399599e-02,7.365721627411e-02,7.319215252417e-02,7.273152253729e-02,7.227528568216e-02,7.182340094186e-02,7.137582698879e-02,7.093252227351e-02,7.049344504295e-02,7.005855339498e-02,6.962780535835e-02,6.920115890246e-02,6.877857198413e-02,6.836000259146e-02,6.794540878471e-02,6.753474871109e-02,6.712798063545e-02,6.672506298268e-02,6.632595434832e-02,6.593061351911e-02,6.553899950338e-02,6.515107154596e-02,6.476678913934e-02,6.438611204471e-02,6.400900030967e-02,6.363541427224e-02,6.326531457432e-02,6.289866218155e-02,6.253541838135e-02,6.217554479133e-02,6.181900337887e-02,6.146575645570e-02,6.111576668553e-02,6.076899709175e-02,6.042541106533e-02,6.008497236109e-02,5.974764510107e-02,5.941339378508e-02,5.908218328607e-02,5.875397885038e-02,5.842874610428e-02,5.810645105280e-02,5.778706007648e-02,5.747053993448e-02,5.715685776664e-02,5.684598108725e-02,5.653787778511e-02,5.623251612873e-02,5.592986475732e-02,5.562989267890e-02,5.533256927704e-02,5.503786430037e-02,5.474574786154e-02
-7.966850892921e-01,-6.735860614194e-01,-5.693593213413e-01,-4.805903484801e-01,-4.045845838340e-01,-3.391946491441e-01,-2.826938024224e-01,-2.336820573620e-01,-1.910157081185e-01,-1.537538457098e-01,-1.211173591897e-01,-9.245721306624e-02,-6.722968861794e-02,-4.497690369200e-02,-2.531136976541e-02,-7.903662738327e-03,7.527485720074e-03,2.122320111882e-02,3.339098423806e-02,4.421004255576e-02,5.383567386899e-02,6.240288848399e-02,7.002941623703e-02,7.681821393653e-02,8.285956507350e-02,8.823284512943e-02,9.300801147558e-02,9.724686535260e-02,1.010041245396e-01,1.043283382041e-01,1.072626694779e-01,1.098455670848e-01,1.121113434008e-01,1.140906731393e-01,1.158110251339e-01,1.172970368262e-01,1.185708398133e-01,1.196523439674e-01,1.205594854241e-01,1.213084437573e-01,1.219138327961e-01,1.223888681803e-01,1.227455148656e-01,1.229946177953e-01,1.231460171259e-01,1.232086500864e-01,1.231906420428e-01,1.230993867942e-01,1.229416182294e-01,1.227234746966e-01,1.224505555851e-01,1.221279726620e-01,1.217603961599e-01,1.213520949161e-01,1.209069740029e-01,1.204286077506e-01,1.199202688609e-01,1.193849561921e-01,1.188254184992e-01,1.182441760932e-01,1.176435413398e-01,1.170256362254e-01,1.163924079987e-01,1.157456449315e-01,1.150869893844e-01,1.144179491866e-01,1.137399099010e-01,1.130541440890e-01,1.123618203625e-01,1.116640126442e-01,1.109617065619e-01,1.102558070037e-01,1.095471449661e-01,1.088364817760e-01,1.081245157561e-01,1.074118867040e-01,1.066991794494e-01,1.059869290452e-01,1.052756238194e-01,1.045657087989e-01,1.038575894186e-01,1.031516341854e-01,1.024481776172e-01,1.017475232275e-01,1.010499458632e-01,1.003556946170e-01,9.966499470921e-02,9.897804999713e-02,9.829504532311e-02,9.761614740116e-02,9.694150775682e-02,9.627126359642e-02,9.560553818436e-02,9.494444416919e-02,9.428808245963e-02,9.363654333913e-02,9.298990862923e-02,9.234825022521e-02,9.171163173445e-02,9.108010921124e-02,9.045373040144e-02,8.983253585009e-02,8.921655994263e-02,8.860582992220e-02,8.800036680710e-02,8.740018641787e-02,8.680529859436e-02,8.621570830093e-02,8.563141593583e-02,8.505241710442e-02,8.447870366955e-02,8.391026364099e-02,8.334708128588e-02,8.278913805317e-02,8.223641222536e-02,8.168887933572e-02,8.114651267271e-02,8.060928310705e-02,8.007715952363e-02,7.955010903606e-02,7.902809699717e-02,7.851108727677e-02,7.799904249126e-02,7.749192397471e-02,7.698969198695e-02,7.649230591084e-02,7.599972423386e-02,7.551190474083e-02,7.502880460619e-02,7.455038042178e-02,7.407658836076e-02,7.360738420777e-02,7.314272340834e-02,7.268256120702e-02,7.222685263812e-02,7.177555259895e-02,7.132861593383e-02,7.088599743352e-02,7.044765190545e-02,7.001353421763e-02,6.958359931238e-02,6.915780225415e-02,6.873609827256e-02,6.831844276497e-02,6.790479133249e-02,6.749509981699e-02,6.708932429986e-02,6.668742113662e-02,6.628934697489e-02,6.589505875738e-02,6.550451375366e-02,6.511766956395e-02,6.473448412459e-02,6.435491573774e-02,6.397892306303e-02,6.360646512976e-02,6.323750135508e-02,6.287199153555e-02,6.250989586121e-02,6.215117492263e-02,6.179578970640e-02,6.144370160361e-02,6.109487241855e-02,6.074926435990e-02,6.040684004641e-02,6.006756251497e-02,5.973139521013e-02,5.939830199180e-02,5.906824713561e-02,5.874119532498e-02,5.841711166005e-02,5.809596165131e-02,5.777771121397e-02,5.746232667829e-02,5.714977477645e-02,5.684002264261e-02,5.653303781776e-02,5.622878823721e-02,5.592724223343e-02,5.562836853485e-02,5.533213625669e-02
-7.586350247499e-01,-6.394245179887e-01,-5.385289137010e-01,-4.526331476989e-01,-3.791211790491e-01,-3.159082414762e-01,-2.613179818695e-01,-2.139913101069e-01,-1.728179723042e-01,-1.368846208507e-01,-1.054350060251e-01,-7.783917407098e-02,-5.356942675757e-02,-3.218140626444e-02,-1.329909993856e-02,3.397131389901e-03,1.818017479314e-02,3.128394591762e-02,4.290971802551e-02,5.323129884344e-02,6.239928697901e-02,7.054458899328e-02,7.778133910860e-02,8.420933379103e-02,8.991607040716e-02,9.497846117287e-02,9.946427965440e-02,1.034333859273e-01,1.069387680031e-01,1.100274298402e-01,1.127411511113e-01,1.151171391330e-01,1.171885898233e-01,1.189851719954e-01,1.205334461253e-01,1.218572279353e-01,1.229779043887e-01,1.239147091431e-01,1.246849634803e-01,1.253042867276e-01,1.257867815449e-01,1.261451964400e-01,1.263910687880e-01,1.265348516872e-01,1.265860254562e-01,1.265531967459e-01,1.264441866654e-01,1.262661083566e-01,1.260254372071e-01,1.257280722234e-01,1.253793917536e-01,1.249843030096e-01,1.245472859108e-01,1.240724336666e-01,1.235634874189e-01,1.230238691871e-01,1.224567103311e-01,1.218648773254e-01,1.212509961506e-01,1.206174719859e-01,1.199665098034e-01,1.193001312257e-01,1.186201894425e-01,1.179283848709e-01,1.172262770102e-01,1.165152964681e-01,1.157967562785e-01,1.150718602009e-01,1.143417133261e-01,1.136073285887e-01,1.128696350211e-01,1.121294844142e-01,1.113876565346e-01,1.106448662070e-01,1.099017665922e-01,1.091589552776e-01,1.084169778070e-01,1.076763313857e-01,1.069374693726e-01,1.062008031852e-01,1.054667066896e-01,1.047355184720e-01,1.040075444796e-01,1.032830610272e-01,1.025623170061e-01,1.018455364639e-01,1.011329204603e-01,1.004246500295e-01,9.972088703279e-02,9.902177715755e-02,9.832745085446e-02,9.763802467535e-02,9.695360377869e-02,9.627428091626e-02,9.560013995789e-02,9.493125450068e-02,9.426768955575e-02,9.360950251993e-02,9.295674182459e-02,9.230945022488e-02,9.166766246120e-02,9.103140667299e-02,9.040070572715e-02,8.977557559565e-02,8.915602715085e-02,8.854206603030e-02,8.793369243833e-02,8.733090267163e-02,8.673368798821e-02,8.614203609477e-02,8.555593075875e-02,8.497535218750e-02,8.440027771113e-02,8.383068132692e-02,8.326653473933e-02,8.270780696750e-02,8.215446486237e-02,8.160647335735e-02,8.106379534886e-02,8.052639236134e-02,7.999422426927e-02,7.946724964151e-02,7.894542600871e-02,7.842870974028e-02,7.791705636612e-02,7.741042063123e-02,7.690875654518e-02,7.641201762203e-02,7.592015680594e-02,7.543312669132e-02,7.495087952314e-02,7.447336727941e-02,7.400054178356e-02,7.353235468353e-02,7.306875759826e-02,7.260970209667e-02,7.215513977862e-02,7.170502232425e-02,7.125930149371e-02,7.081792922517e-02,7.038085761035e-02,6.994803894792e-02,6.951942578987e-02,6.909497092892e-02,6.867462745013e-02,6.825834874314e-02,6.784608851030e-02,6.743780080897e-02,6.703344003650e-02,6.663296096970e-02,6.623631876234e-02,6.584346895747e-02,6.545436750860e-02,6.506897076833e-02,6.468723551893e-02,6.430911896012e-02,6.393457872351e-02,6.356357288014e-02,6.319605993107e-02,6.283199883183e-02,6.247134897509e-02,6.211407020022e-02,6.176012280295e-02,6.140946752064e-02,6.106206554461e-02,6.071787851677e-02,6.037686852355e-02,6.003899810782e-02,5.970423025214e-02,5.937252839058e-02,5.904385639907e-02,5.871817859366e-02,5.839545973505e-02,5.807566501382e-02,5.775876006183e-02,5.744471093747e-02,5.713348412792e-02,5.682504654779e-02,5.651936552645e-02,5.621640881893e-02,5.591614458846e-02
-7.230068180024e-01,-6.074238661692e-01,-5.096359013828e-01,-4.264206508222e-01,-3.552353262210e-01,-2.940535716882e-01,-2.412460392851e-01,-1.954917869425e-01,-1.557117632580e-01,-1.210183273835e-01,-9.067655143314e-02,-6.407427759867e-02,-4.069874800080e-02,-2.011821661309e-02,-1.967371957706e-03,1.406430122011e-02,2.824187522348e-02,4.079254341923e-02,5.191177294117e-02,6.176833729786e-02,7.050845417984e-02,7.825920446017e-02,8.513137047176e-02,9.122180263214e-02,9.661540116602e-02,1.013867821547e-01,1.056016835417e-01,1.093181560298e-01,1.125875752496e-01,1.154555048927e-01,1.179624351103e-01,1.201444160304e-01,1.220336030532e-01,1.236587272052e-01,1.250455024103e-01,1.262169783748e-01,1.271938479442e-01,1.279947144921e-01,1.286363260226e-01,1.291337796915e-01,1.295007015872e-01,1.297494047178e-01,1.298910278151e-01,1.299356586350e-01,1.298924419806e-01,1.297696763455e-01,1.295748988358e-01,1.293149612758e-01,1.289960975378e-01,1.286239837079e-01,1.282037919691e-01,1.277402382471e-01,1.272376258057e-01,1.266998829297e-01,1.261305986657e-01,1.255330525230e-01,1.249102439491e-01,1.242649161251e-01,1.235995799431e-01,1.229165335343e-01,1.222178814614e-01,1.215055516374e-01,1.207813094153e-01,1.200467731690e-01,1.193034249897e-01,1.185526236107e-01,1.177956135452e-01,1.170335353290e-01,1.162674336353e-01,1.154982651175e-01,1.147269058790e-01,1.139541571559e-01,1.131807524179e-01,1.124073611214e-01,1.116345956153e-01,1.108630133138e-01,1.100931230612e-01,1.093253868717e-01,1.085602249380e-01,1.077980176470e-01,1.070391092194e-01,1.062838103304e-01,1.055324002733e-01,1.047851300847e-01,1.040422244409e-01,1.033038840516e-01,1.025702879071e-01,1.018415951434e-01,1.011179471048e-01,1.003994692101e-01,9.968627218691e-02,9.897845443549e-02,9.827610188114e-02,9.757929122441e-02,9.688808809054e-02,9.620255125169e-02,9.552272973208e-02,9.484866664667e-02,9.418039692989e-02,9.351794985311e-02,9.286134806880e-02,9.221060790047e-02,9.156574128414e-02,9.092675345402e-02,9.029364572712e-02,8.966641382309e-02,8.904504952786e-02,8.842954007793e-02,8.781986889030e-02,8.721601574431e-02,8.661795682711e-02,8.602566546543e-02,8.543911170136e-02,8.485826336717e-02,8.428308536414e-02,8.371354089054e-02,8.314959070341e-02,8.259119409455e-02,8.203830848624e-02,8.149089001910e-02,8.094889346955e-02,8.041227241946e-02,7.988097962276e-02,7.935496677118e-02,7.883418495568e-02,7.831858451974e-02,7.780811533764e-02,7.730272679813e-02,7.680236794646e-02,7.630698755275e-02,7.581653416020e-02,7.533095620625e-02,7.485020200704e-02,7.437421990950e-02,7.390295823336e-02,7.343636543590e-02,7.297439004409e-02,7.251698078723e-02,7.206408656182e-02,7.161565651591e-02,7.117164004879e-02,7.073198683943e-02,7.029664690389e-02,6.986557056585e-02,6.943870852688e-02,6.901601184587e-02,6.859743198311e-02,6.818292079714e-02,6.777243056706e-02,6.736591400265e-02,6.696332424930e-02,6.656461490859e-02,6.616974002897e-02,6.577865413485e-02,6.539131220542e-02,6.500766970971e-02,6.462768258068e-02,6.425130724468e-02,6.387850060277e-02,6.350922004859e-02,6.314342345981e-02,6.278106919839e-02,6.242211612366e-02,6.206652357136e-02,6.171425137323e-02,6.136525983930e-02,6.101950976852e-02,6.067696243866e-02,6.033757960830e-02,6.000132351378e-02,5.966815686332e-02,5.933804284047e-02,5.901094509099e-02,5.868682773249e-02,5.836565533449e-02,5.804739293326e-02,5.773200600902e-02,5.741946049864e-02,5.710972277763e-02,5.680275966643e-02,5.649853841952e-02
-6.896213817432e-01,-5.774242569684e-01,-4.825369012374e-01,-4.018236625623e-01,-3.328101304097e-01,-2.735244691111e-01,-2.223812028961e-01,-1.780949931206e-01,-1.396159079039e-01,-1.060802957673e-01,-7.677312507677e-02,-5.109884329893e-02,-2.855863245590e-02,-8.732513293790e-03,8.734842127334e-03,2.414543731053e-02,3.775705455579e-02,4.979061657604e-02,6.043617472139e-02,6.985780691011e-02,7.819764476108e-02,8.557920106194e-02,9.211013206017e-02,9.788454066994e-02,1.029849050745e-01,1.074837000708e-01,1.114447653136e-01,1.149244642175e-01,1.179726688517e-01,1.206335998756e-01,1.229465449266e-01,1.249464751430e-01,1.266645755344e-01,1.281287028025e-01,1.293637812720e-01,1.303921465067e-01,1.312338439182e-01,1.319068892089e-01,1.324274957248e-01,1.328102736469e-01,1.330684045988e-01,1.332137954128e-01,1.332572130150e-01,1.332084043618e-01,1.330762013399e-01,1.328686149064e-01,1.325929173254e-01,1.322557165510e-01,1.318630210999e-01,1.314202992151e-01,1.309325303404e-01,1.304042524636e-01,1.298396031938e-01,1.292423578473e-01,1.286159624178e-01,1.279635643508e-01,1.272880391716e-01,1.265920154308e-01,1.258778963629e-01,1.251478801402e-01,1.244039775290e-01,1.236480289032e-01,1.228817175810e-01,1.221065851892e-01,1.213240416268e-01,1.205353782431e-01,1.197417757714e-01,1.189443154541e-01,1.181439854185e-01,1.173416900509e-01,1.165382551689e-01,1.157344358773e-01,1.149309208223e-01,1.141283387122e-01,1.133272618889e-01,1.125282116666e-01,1.117316614153e-01,1.109380408666e-01,1.101477388708e-01,1.093611068332e-01,1.085784612046e-01,1.078000865897e-01,1.070262373924e-01,1.062571411089e-01,1.054929998119e-01,1.047339926335e-01,1.039802778549e-01,1.032319944425e-01,1.024892646530e-01,1.017521947451e-01,1.010208778525e-01,1.002953940386e-01,9.957581312636e-02,9.886219431292e-02,9.815458867163e-02,9.745303857145e-02,9.675757966228e-02,9.606824033412e-02,9.538504311199e-02,9.470800433690e-02,9.403713517063e-02,9.337244065474e-02,9.271392228040e-02,9.206157514653e-02,9.141539134818e-02,9.077535736330e-02,9.014145679412e-02,8.951366842276e-02,8.889196833246e-02,8.827632853824e-02,8.766671858521e-02,8.706310464267e-02,8.646545067740e-02,8.587371790257e-02,8.528786561604e-02,8.470785090899e-02,8.413362924732e-02,8.356515436255e-02,8.300237864079e-02,8.244525313602e-02,8.189372784525e-02,8.134775165447e-02,8.080727282337e-02,8.027223864902e-02,7.974259602972e-02,7.921829118032e-02,7.869927005750e-02,7.818547817195e-02,7.767686090222e-02,7.717336337587e-02,7.667493069967e-02,7.618150788927e-02,7.569304003673e-02,7.520947227376e-02,7.473074989248e-02,7.425681833148e-02,7.378762326155e-02,7.332311058708e-02,7.286322650532e-02,7.240791751798e-02,7.195713047414e-02,7.151081256849e-02,7.106891141184e-02,7.063137498699e-02,7.019815173118e-02,6.976919049409e-02,6.934444060290e-02,6.892385183013e-02,6.850737444382e-02,6.809495918286e-02,6.768655729531e-02,6.728212051947e-02,6.688160111250e-02,6.648495183610e-02,6.609212597715e-02,6.570307733707e-02,6.531776024582e-02,6.493612955430e-02,6.455814064277e-02,6.418374941585e-02,6.381291230748e-02,6.344558627093e-02,6.308172879547e-02,6.272129788070e-02,6.236425205983e-02,6.201055037370e-02,6.166015238994e-02,6.131301817993e-02,6.096910833396e-02,6.062838394099e-02,6.029080660009e-02,5.995633840281e-02,5.962494194138e-02,5.929658029345e-02,5.897121702727e-02,5.864881618880e-02,5.832934230411e-02,5.801276036863e-02,5.769903584707e-02,5.738813466478e-02,5.708002320618e-02
-6.583169086651e-01,-5.492812641775e-01,-4.571023631616e-01,-3.787254507219e-01,-3.117399719354e-01,-2.542250025821e-01,-2.046360325918e-01,-1.617209659663e-01,-1.244570578828e-01,-9.200305274647e-02,-6.366249253906e-02,-3.885532509095e-02,-1.709574409520e-02,2.025247188423e-03,1.885365902073e-02,3.368355134914e-02,4.676590343598e-02,5.831578652732e-02,6.851819848069e-02,7.753283593446e-02,8.549801811856e-02,9.253392885806e-02,9.874530792778e-02,1.042236950581e-01,1.090493089469e-01,1.132926268714e-01,1.170157177088e-01,1.202733709216e-01,1.231140560985e-01,1.255807410821e-01,1.277115919038e-01,1.295405731689e-01,1.310979648257e-01,1.324108079363e-01,1.335032904010e-01,1.343970815562e-01,1.351116229437e-01,1.356643820529e-01,1.360710734807e-01,1.363458531233e-01,1.365014879643e-01,1.365495059008e-01,1.365003270010e-01,1.363633801694e-01,1.361472054657e-01,1.358595453252e-01,1.355074251701e-01,1.350972249699e-01,1.346347434229e-01,1.341252541911e-01,1.335735574500e-01,1.329840244205e-01,1.323606386919e-01,1.317070321510e-01,1.310265177764e-01,1.303221192240e-01,1.295965965702e-01,1.288524711953e-01,1.280920457583e-01,1.273174250448e-01,1.265305321757e-01,1.257331257196e-01,1.249268124118e-01,1.241130618720e-01,1.232932169654e-01,1.224685053813e-01,1.216400490730e-01,1.208088727485e-01,1.199759129352e-01,1.191420236896e-01,1.183079852350e-01,1.174745080791e-01,1.166422401688e-01,1.158117709307e-01,1.149836361816e-01,1.141583226953e-01,1.133362709877e-01,1.125178804378e-01,1.117035104566e-01,1.108934853410e-01,1.100880955045e-01,1.092876011714e-01,1.084922335077e-01,1.077021979615e-01,1.069176756039e-01,1.061388255092e-01,1.053657865299e-01,1.045986793158e-01,1.038376076703e-01,1.030826610681e-01,1.023339149681e-01,1.015914337883e-01,1.008552707832e-01,1.001254702001e-01,9.940206801418e-02,9.868509220924e-02,9.797456506957e-02,9.727050119345e-02,9.657291132192e-02,9.588179941745e-02,9.519716568739e-02,9.451900437866e-02,9.384730687620e-02,9.318205898098e-02,9.252324339158e-02,9.187083857191e-02,9.122481940000e-02,9.058515769757e-02,8.995182144070e-02,8.932477645449e-02,8.870398494514e-02,8.808940725255e-02,8.748100087834e-02,8.687872137922e-02,8.628252233966e-02,8.569235539990e-02,8.510817090716e-02,8.452991738145e-02,8.395754251190e-02,8.339099254274e-02,8.283021298874e-02,8.227514831009e-02,8.172574252126e-02,8.118193883259e-02,8.064368011188e-02,8.011090878535e-02,7.958356699620e-02,7.906159672825e-02,7.854493975921e-02,7.803353791494e-02,7.752733293065e-02,7.702626669568e-02,7.653028116771e-02,7.603931850390e-02,7.555332107961e-02,7.507223151008e-02,7.459599274354e-02,7.412454800980e-02,7.365784095177e-02,7.319581555860e-02,7.273841626162e-02,7.228558789701e-02,7.183727578986e-02,7.139342570741e-02,7.095398392354e-02,7.051889720446e-02,7.008811283009e-02,6.966157861150e-02,6.923924287889e-02,6.882105452127e-02,6.840696295633e-02,6.799691817047e-02,6.759087069607e-02,6.718877163126e-02,6.679057263734e-02,6.639622593555e-02,6.600568432228e-02,6.561890114710e-02,6.523583034021e-02,6.485642638487e-02,6.448064433728e-02,6.410843980566e-02,6.373976896998e-02,6.337458855658e-02,6.301285585300e-02,6.265452869400e-02,6.229956546147e-02,6.194792508374e-02,6.159956702167e-02,6.125445127948e-02,6.091253838214e-02,6.057378938818e-02,6.023816587059e-02,5.990562992053e-02,5.957614413936e-02,5.924967163031e-02,5.892617600173e-02,5.860562134776e-02,5.828797226025e-02,5.797319380608e-02,5.766125153539e-02
-6.289469514567e-01,-5.228641709198e-01,-4.332150334283e-01,-3.570203618403e-01,-2.919292540697e-01,-2.360683432766e-01,-1.879313836305e-01,-1.462973274869e-01,-1.101688206946e-01,-7.872552240026e-02,-5.128831851946e-02,-2.729163018853e-02,-6.261799701623e-03,1.219991626354e-02,2.843082940560e-02,4.271758444626e-02,5.530481039075e-02,6.640211685813e-02,7.618978508860e-02,8.482342275322e-02,9.243779122291e-02,9.914996775823e-02,1.050619706219e-01,1.102629478029e-01,1.148310097168e-01,1.188347698627e-01,1.223346449386e-01,1.253839559324e-01,1.280298639137e-01,1.303141679579e-01,1.322739876187e-01,1.339423485475e-01,1.353486862705e-01,1.365192809300e-01,1.374776334256e-01,1.382447914590e-01,1.388396332940e-01,1.392791148181e-01,1.395784854039e-01,1.397514770526e-01,1.398104698676e-01,1.397666381652e-01,1.396300783509e-01,1.394099225321e-01,1.391144384290e-01,1.387511179009e-01,1.383267558989e-01,1.378475198264e-01,1.373190120496e-01,1.367463252559e-01,1.361340915028e-01,1.354865269836e-01,1.348074710082e-01,1.341004216588e-01,1.333685679047e-01,1.326148173105e-01,1.318418226767e-01,1.310520046011e-01,1.302475722789e-01,1.294305430556e-01,1.286027581349e-01,1.277658996190e-01,1.269215026499e-01,1.260709695151e-01,1.252155804049e-01,1.243565035377e-01,1.234948056544e-01,1.226314591835e-01,1.217673511532e-01,1.209032901751e-01,1.200400120281e-01,1.191781869795e-01,1.183184238846e-01,1.174612756517e-01,1.166072442636e-01,1.157567833124e-01,1.149103034027e-01,1.140681745190e-01,1.132307291392e-01,1.123982659362e-01,1.115710508884e-01,1.107493213937e-01,1.099332868871e-01,1.091231321698e-01,1.083190187936e-01,1.075210870406e-01,1.067294578434e-01,1.059442344972e-01,1.051655043547e-01,1.043933402206e-01,1.036278025071e-01,1.028689396704e-01,1.021167905029e-01,1.013713849222e-01,1.006327441874e-01,9.990088381808e-02,9.917581208366e-02,9.845753199744e-02,9.774604190509e-02,9.704133431978e-02,9.634339898808e-02,9.565221981238e-02,9.496777848579e-02,9.429005194261e-02,9.361901383062e-02,9.295463494205e-02,9.229688202197e-02,9.164571971500e-02,9.100110938303e-02,9.036300956474e-02,8.973137689813e-02,8.910616511837e-02,8.848732626203e-02,8.787481037894e-02,8.726856545066e-02,8.666853839346e-02,8.607467432066e-02,8.548691723582e-02,8.490521013752e-02,8.432949481820e-02,8.375971258977e-02,8.319580373734e-02,8.263770827713e-02,8.208536557789e-02,8.153871469380e-02,8.099769448445e-02,8.046224351318e-02,7.993230037156e-02,7.940780356858e-02,7.888869163992e-02,7.837490329958e-02,7.786637735058e-02,7.736305286056e-02,7.686486915104e-02,7.637176580888e-02,7.588368282308e-02,7.540056051121e-02,7.492233961387e-02,7.444896131735e-02,7.398036723527e-02,7.351649950502e-02,7.305730072141e-02,7.260271403743e-02,7.215268311507e-02,7.170715216916e-02,7.126606598396e-02,7.082936989471e-02,7.039700983371e-02,6.996893230916e-02,6.954508441682e-02,6.912541386137e-02,6.870986893382e-02,6.829839853744e-02,6.789095217933e-02,6.748747996394e-02,6.708793261596e-02,6.669226145522e-02,6.630041841043e-02,6.591235601730e-02,6.552802740392e-02,6.514738631007e-02,6.477038705800e-02,6.439698457567e-02,6.402713437176e-02,6.366079254167e-02,6.329791576563e-02,6.293846129251e-02,6.258238695049e-02,6.222965113021e-02,6.188021278140e-02,6.153403141573e-02,6.119106708827e-02,6.085128040336e-02,6.051463250373e-02,6.018108506007e-02,5.985060027792e-02,5.952314087741e-02,5.919867009560e-02,5.887715168039e-02,5.855854987622e-02,5.824282943200e-02
-6.013787494902e-01,-4.980544763463e-01,-4.107686154384e-01,-3.366126146981e-01,-2.732913116284e-01,-2.189757736334e-01,-1.721955035213e-01,-1.317584586191e-01,-9.669100256025e-02,-6.619232970606e-02,-3.959952479216e-02,-1.636052551218e-02,3.986981062833e-03,2.183216396150e-02,3.750421313645e-02,5.128285015948e-02,6.340677566280e-02,7.408050079244e-02,8.347990406266e-02,9.175677653887e-02,9.904255889138e-02,1.054514290564e-01,1.110828654629e-01,1.160237841281e-01,1.203503281002e-01,1.241293717469e-01,1.274197901253e-01,1.302735340520e-01,1.327365437064e-01,1.348495276458e-01,1.366486291274e-01,1.381659976979e-01,1.394302810834e-01,1.404670495522e-01,1.412991629277e-01,1.419470890541e-01,1.424291805954e-01,1.427619161317e-01,1.429601109726e-01,1.430371015596e-01,1.430049070433e-01,1.428743717919e-01,1.426552901806e-01,1.423565173438e-01,1.419860668373e-01,1.415511967341e-01,1.410584866332e-01,1.405139057864e-01,1.399228732757e-01,1.392903124363e-01,1.386206990433e-01,1.379181038822e-01,1.371862318027e-01,1.364284562187e-01,1.356478495302e-01,1.348472115697e-01,1.340290945617e-01,1.331958250457e-01,1.323495249075e-01,1.314921295914e-01,1.306254039038e-01,1.297509584034e-01,1.288702612944e-01,1.279846518943e-01,1.270953517843e-01,1.262034737767e-01,1.253100322652e-01,1.244159515402e-01,1.235220722255e-01,1.226291594297e-01,1.217379089467e-01,1.208489518548e-01,1.199628610151e-01,1.190801556682e-01,1.182013047027e-01,1.173267318671e-01,1.164568191311e-01,1.155919090237e-01,1.147323088044e-01,1.138782928890e-01,1.130301045221e-01,1.121879596375e-01,1.113520473250e-01,1.105225330270e-01,1.096995601352e-01,1.088832513415e-01,1.080737109253e-01,1.072710260610e-01,1.064752686100e-01,1.056864965742e-01,1.049047552535e-01,1.041300794469e-01,1.033624939556e-01,1.026020146154e-01,1.018486506130e-01,1.011024040358e-01,1.003632707566e-01,9.963124253888e-02,9.890630586193e-02,9.818844268863e-02,9.747763238393e-02,9.677384905464e-02,9.607706508075e-02,9.538724892026e-02,9.470436547800e-02,9.402837795878e-02,9.335924616526e-02,9.269692691234e-02,9.204137547797e-02,9.139254427249e-02,9.075038328223e-02,9.011484117234e-02,8.948586432300e-02,8.886339725765e-02,8.824738345862e-02,8.763776470366e-02,8.703448144665e-02,8.643747340661e-02,8.584667912597e-02,8.526203628961e-02,8.468348218081e-02,8.411095317190e-02,8.354438551155e-02,8.298371495801e-02,8.242887695202e-02,8.187980696544e-02,8.133644029503e-02,8.079871219617e-02,8.026655812645e-02,7.973991360817e-02,7.921871433168e-02,7.870289632511e-02,7.819239586177e-02,7.768714953877e-02,7.718709439526e-02,7.669216784864e-02,7.620230775390e-02,7.571745248573e-02,7.523754089322e-02,7.476251234420e-02,7.429230678713e-02,7.382686468850e-02,7.336612713531e-02,7.291003578758e-02,7.245853289813e-02,7.201156135970e-02,7.156906467254e-02,7.113098695803e-02,7.069727299214e-02,7.026786817834e-02,6.984271855672e-02,6.942177082763e-02,6.900497232816e-02,6.859227103769e-02,6.818361559458e-02,6.777895527480e-02,6.737823999508e-02,6.698142032423e-02,6.658844746341e-02,6.619927324743e-02,6.581385015362e-02,6.543213127421e-02,6.505407033843e-02,6.467962168908e-02,6.430874027912e-02,6.394138168032e-02,6.357750206307e-02,6.321705819228e-02,6.286000743362e-02,6.250630773428e-02,6.215591761859e-02,6.180879619229e-02,6.146490312416e-02,6.112419864160e-02,6.078664353317e-02,6.045219913121e-02,6.012082730728e-02,5.979249047354e-02,5.946715156604e-02,5.914477404037e-02,5.882532187292e-02
-5.754917667320e-01,-4.747445908292e-01,-3.896665995311e-01,-3.174152461159e-01,-2.557474573209e-01,-2.028758213560e-01,-1.573632428912e-01,-1.180447777810e-01,-8.396894672056e-02,-5.435319217599e-02,-2.854972907976e-02,-6.019119069178e-03,1.369035615856e-02,3.095892519205e-02,4.610819442128e-02,5.941142159897e-02,7.110177276405e-02,8.137899952245e-02,9.041487067495e-02,9.835761492671e-02,1.053355736444e-01,1.114602189150e-01,1.168286589533e-01,1.215257269752e-01,1.256257302433e-01,1.291939203739e-01,1.322877340206e-01,1.349578436053e-01,1.372490502643e-01,1.392010451614e-01,1.408490606889e-01,1.422244291205e-01,1.433550632357e-01,1.442658709880e-01,1.449791142377e-01,1.455147198676e-01,1.458905501234e-01,1.461226383807e-01,1.462253949704e-01,1.462117872693e-01,1.460934976820e-01,1.458810627179e-01,1.455839949359e-01,1.452108910708e-01,1.447695273553e-01,1.442669438315e-01,1.437095191888e-01,1.431030373619e-01,1.424527467699e-01,1.417634126176e-01,1.410393643070e-01,1.402845374285e-01,1.395025111753e-01,1.386965420272e-01,1.378695941416e-01,1.370243666133e-01,1.361633172592e-01,1.352886852001e-01,1.344025106119e-01,1.335066522941e-01,1.326028037432e-01,1.316925086010e-01,1.307771724857e-01,1.298580759883e-01,1.289363853891e-01,1.280131621607e-01,1.270893719007e-01,1.261658928044e-01,1.252435232496e-01,1.243229874394e-01,1.234049426179e-01,1.224899845065e-01,1.215786519587e-01,1.206714316518e-01,1.197687626864e-01,1.188710405872e-01,1.179786197054e-01,1.170918175547e-01,1.162109175318e-01,1.153361711261e-01,1.144678003798e-01,1.136060010392e-01,1.127509431281e-01,1.119027740074e-01,1.110616198810e-01,1.102275872677e-01,1.094007647562e-01,1.085812246727e-01,1.077690243701e-01,1.069642079075e-01,1.061668073482e-01,1.053768439050e-01,1.045943294653e-01,1.038192678659e-01,1.030516555894e-01,1.022914823601e-01,1.015387334049e-01,1.007933887442e-01,1.000554238712e-01,9.932481091318e-02,9.860151906973e-02,9.788551312823e-02,9.717675650685e-02,9.647520927462e-02,9.578082867637e-02,9.509356983644e-02,9.441338577851e-02,9.374022703420e-02,9.307404165401e-02,9.241477653964e-02,9.176237627545e-02,9.111678354689e-02,9.047793965839e-02,8.984578454987e-02,8.922025666708e-02,8.860129308206e-02,8.798883025555e-02,8.738280348513e-02,8.678314719813e-02,8.618979528240e-02,8.560268116425e-02,8.502173754449e-02,8.444689711979e-02,8.387809221160e-02,8.331525496573e-02,8.275831753426e-02,8.220721212718e-02,8.166187101059e-02,8.112222656822e-02,8.058821152583e-02,8.005975882806e-02,7.953680173237e-02,7.901927390275e-02,7.850710943394e-02,7.800024285539e-02,7.749860916265e-02,7.700214392311e-02,7.651078321851e-02,7.602446368792e-02,7.554312257369e-02,7.506669773515e-02,7.459512761582e-02,7.412835133619e-02,7.366630864501e-02,7.320893994220e-02,7.275618630033e-02,7.230798946845e-02,7.186429186649e-02,7.142503658744e-02,7.099016742668e-02,7.055962885585e-02,7.013336602978e-02,6.971132479517e-02,6.929345168763e-02,6.887969392372e-02,6.846999939741e-02,6.806431669438e-02,6.766259507069e-02,6.726478445252e-02,6.687083543832e-02,6.648069929402e-02,6.609432793375e-02,6.571167393763e-02,6.533269052868e-02,6.495733157017e-02,6.458555156415e-02,6.421730564464e-02,6.385254956707e-02,6.349123970024e-02,6.313333303089e-02,6.277878714525e-02,6.242756022408e-02,6.207961103978e-02,6.173489894850e-02,6.139338387969e-02,6.105502632777e-02,6.071978735433e-02,6.038762857110e-02,6.005851213429e-02,5.973240074116e-02,5.940925762291e-02
-5.511764110546e-01,-4.528366930420e-01,-3.698212379752e-01,-2.993491875315e-01,-2.392261464200e-01,-1.877035008914e-01,-1.433753641911e-01,-1.051021089233e-01,-7.195295393677e-02,-4.316238675825e-02,-1.809675366817e-02,3.771594324972e-03,2.288448217618e-02,3.961379053890e-02,5.427404551044e-02,6.713247054698e-02,7.841706521135e-02,8.832313856833e-02,9.701862371487e-02,1.046484247637e-01,1.113379908488e-01,1.171962691673e-01,1.223181563762e-01,1.267865424269e-01,1.306740218830e-01,1.340443324889e-01,1.369535690702e-01,1.394512115470e-01,1.415809985521e-01,1.433816722864e-01,1.448876155745e-01,1.461293983753e-01,1.471342479829e-01,1.479264546739e-01,1.485277225897e-01,1.489574739880e-01,1.492331138071e-01,1.493702601474e-01,1.493829456016e-01,1.492837933149e-01,1.490841715828e-01,1.487943297431e-01,1.484235174642e-01,1.479800904257e-01,1.474716034616e-01,1.469048931409e-01,1.462861507561e-01,1.456209874288e-01,1.449144919180e-01,1.441712821660e-01,1.433955511177e-01,1.425911077731e-01,1.417614140268e-01,1.409096175626e-01,1.400385813448e-01,1.391509099035e-01,1.382489734572e-01,1.373349292665e-01,1.364107411269e-01,1.354781962555e-01,1.345389214921e-01,1.335943979287e-01,1.326459726742e-01,1.316948714198e-01,1.307422087538e-01,1.297889979777e-01,1.288361592441e-01,1.278845279072e-01,1.269348617213e-01,1.259878475011e-01,1.250441067455e-01,1.241042011236e-01,1.231686377134e-01,1.222378734728e-01,1.213123192950e-01,1.203923433599e-01,1.194782751480e-01,1.185704083450e-01,1.176690038983e-01,1.167742917905e-01,1.158864741544e-01,1.150057277731e-01,1.141322047880e-01,1.132660356140e-01,1.124073303239e-01,1.115561803347e-01,1.107126596510e-01,1.098768266334e-01,1.090487253567e-01,1.082283868829e-01,1.074158306300e-01,1.066110657693e-01,1.058140923027e-01,1.050249021276e-01,1.042434800943e-01,1.034698054553e-01,1.027038520916e-01,1.019455894044e-01,1.011949825513e-01,1.004519942065e-01,9.971658387143e-02,9.898870740098e-02,9.826831958424e-02,9.755537238982e-02,9.684981567048e-02,9.615159694455e-02,9.546066240954e-02,9.477695627466e-02,9.410042089770e-02,9.343099680499e-02,9.276862319306e-02,9.211323790290e-02,9.146477725809e-02,9.082317627468e-02,9.018836884999e-02,8.956028812286e-02,8.893886617486e-02,8.832403431815e-02,8.771572311219e-02,8.711386286779e-02,8.651838336458e-02,8.592921384281e-02,8.534628364848e-02,8.476952185978e-02,8.419885751966e-02,8.363421966454e-02,8.307553754994e-02,8.252274058735e-02,8.197575842191e-02,8.143452098386e-02,8.089895859701e-02,8.036900200532e-02,7.984458238088e-02,7.932563137655e-02,7.881208116952e-02,7.830386452155e-02,7.780091475410e-02,7.730316579377e-02,7.681055218096e-02,7.632300913722e-02,7.584047253289e-02,7.536287888574e-02,7.489016544311e-02,7.442227013220e-02,7.395913158684e-02,7.350068914667e-02,7.304688288366e-02,7.259765358796e-02,7.215294277221e-02,7.171269267170e-02,7.127684625387e-02,7.084534721525e-02,7.041813997421e-02,6.999516967103e-02,6.957638216667e-02,6.916172404591e-02,6.875114260314e-02,6.834458584203e-02,6.794200246738e-02,6.754334189208e-02,6.714855422021e-02,6.675759023571e-02,6.637040141597e-02,6.598693990896e-02,6.560715853153e-02,6.523101075981e-02,6.485845072971e-02,6.448943322366e-02,6.412391366374e-02,6.376184810329e-02,6.340319322319e-02,6.304790632343e-02,6.269594531265e-02,6.234726870116e-02,6.200183559376e-02,6.165960568552e-02,6.132053924858e-02,6.098459712639e-02,6.065174072391e-02,6.032193200698e-02,5.999513348814e-02
-5.283329097913e-01,-4.322417264739e-01,-3.511526450083e-01,-2.823424542488e-01,-2.236622433375e-01,-1.733996474288e-01,-1.301779348316e-01,-9.288112657186e-02,-6.059777364785e-02,-3.257828199662e-02,-8.202193832987e-03,1.304713196838e-02,3.160228381161e-02,4.782734945200e-02,6.203024609284e-02,7.447256514522e-02,8.537748461746e-02,9.493616798074e-02,1.033129693690e-01,1.106496910510e-01,1.170690839597e-01,1.226777399686e-01,1.275684928531e-01,1.318224200661e-01,1.355105188266e-01,1.386951150604e-01,1.414310522795e-01,1.437666984060e-01,1.457448013500e-01,1.474032184706e-01,1.487755404620e-01,1.498916265517e-01,1.507780649433e-01,1.514585700086e-01,1.519543258920e-01,1.522842844450e-01,1.524654242218e-01,1.525129761721e-01,1.524406206408e-01,1.522606598904e-01,1.519841693204e-01,1.516211305014e-01,1.511805479647e-01,1.506705526018e-01,1.500984928273e-01,1.494710153202e-01,1.487941366602e-01,1.480733068047e-01,1.473134656793e-01,1.465190935973e-01,1.456942561754e-01,1.448426445080e-01,1.439676110949e-01,1.430722018301e-01,1.421591850733e-01,1.412310774791e-01,1.402901672883e-01,1.393385354262e-01,1.383780740188e-01,1.374105037439e-01,1.364373890550e-01,1.354601525933e-01,1.344800867842e-01,1.334983659999e-01,1.325160566628e-01,1.315341266127e-01,1.305534537522e-01,1.295748334466e-01,1.285989856994e-01,1.276265616722e-01,1.266581494243e-01,1.256942792805e-01,1.247354286765e-01,1.237820261686e-01,1.228344559650e-01,1.218930613966e-01,1.209581482525e-01,1.200299880335e-01,1.191088200899e-01,1.181948547056e-01,1.172882751535e-01,1.163892403962e-01,1.154978857910e-01,1.146143258531e-01,1.137386556019e-01,1.128709520964e-01,1.120112759269e-01,1.111596724367e-01,1.103161732040e-01,1.094807973392e-01,1.086535526962e-01,1.078344370449e-01,1.070234391764e-01,1.062205403157e-01,1.054257148643e-01,1.046389314284e-01,1.038601536708e-01,1.030893407482e-01,1.023264487956e-01,1.015714307483e-01,1.008242371018e-01,1.000848151586e-01,9.935311140122e-02,9.862906998782e-02,9.791263337657e-02,9.720374242733e-02,9.650233627314e-02,9.580835291186e-02,9.512172897500e-02,9.444239963187e-02,9.377029879093e-02,9.310535911816e-02,9.244751213705e-02,9.179668864861e-02,9.115281834515e-02,9.051583010432e-02,8.988565209286e-02,8.926221175377e-02,8.864543626932e-02,8.803525231720e-02,8.743158631065e-02,8.683436422650e-02,8.624351224783e-02,8.565895639377e-02,8.508062274076e-02,8.450843749851e-02,8.394232704730e-02,8.338221809069e-02,8.282803765978e-02,8.227971314639e-02,8.173717237490e-02,8.120034363957e-02,8.066915574792e-02,8.014353809943e-02,7.962342065424e-02,7.910873398829e-02,7.859940931885e-02,7.809537851218e-02,7.759657414812e-02,7.710292949357e-02,7.661437853494e-02,7.613085595591e-02,7.565229721854e-02,7.517863851330e-02,7.470981678370e-02,7.424576973152e-02,7.378643581575e-02,7.333175426767e-02,7.288166508475e-02,7.243610902761e-02,7.199502762253e-02,7.155836315858e-02,7.112605868552e-02,7.069805801857e-02,7.027430572358e-02,6.985474711712e-02,6.943932826170e-02,6.902799595706e-02,6.862069774443e-02,6.821738189118e-02,6.781799738841e-02,6.742249393473e-02,6.703082194818e-02,6.664293254366e-02,6.625877753005e-02,6.587830940263e-02,6.550148133354e-02,6.512824716820e-02,6.475856141502e-02,6.439237923598e-02,6.402965643953e-02,6.367034947179e-02,6.331441540830e-02,6.296181194945e-02,6.261249740718e-02,6.226643069857e-02,6.192357133755e-02,6.158387942475e-02,6.124731564474e-02,6.091384125281e-02,6.058341806906e-02
-5.068703202412e-01,-4.128785163792e-01,-3.335880048895e-01,-2.663294319854e-01,-2.089963762071e-01,-1.599103308309e-01,-1.177217931187e-01,-8.133686763022e-02,-4.986215614145e-02,-2.256292613955e-02,1.168961793549e-03,2.183987418298e-02,3.987377915318e-02,5.562749229342e-02,6.940276423887e-02,8.145593189498e-02,9.200567539255e-02,1.012392913448e-01,1.093177958367e-01,1.163800984113e-01,1.225464339313e-01,1.279211981280e-01,1.325953014745e-01,1.366481316975e-01,1.401491969811e-01,1.431595072530e-01,1.457327397177e-01,1.479162258922e-01,1.497517903665e-01,1.512764659014e-01,1.525231050178e-01,1.535209046365e-01,1.542958574188e-01,1.548711411221e-01,1.552674553713e-01,1.555033136881e-01,1.555952973357e-01,1.555582764574e-01,1.554056032382e-01,1.551492809060e-01,1.548001119219e-01,1.543678283259e-01,1.538612061965e-01,1.532881669264e-01,1.526558665391e-01,1.519707747823e-01,1.512387452500e-01,1.504650776542e-01,1.496545732473e-01,1.488115840677e-01,1.479400569801e-01,1.470435730165e-01,1.461253825151e-01,1.451884366095e-01,1.442354154681e-01,1.432687536732e-01,1.422906630155e-01,1.413031528498e-01,1.403080487653e-01,1.393070091801e-01,1.383015402873e-01,1.372930101320e-01,1.362826600547e-01,1.352716164756e-01,1.342609008033e-01,1.332514385871e-01,1.322440678254e-01,1.312395465141e-01,1.302385596195e-01,1.292417250673e-01,1.282495995510e-01,1.272626837986e-01,1.262814272303e-01,1.253062322613e-01,1.243374582229e-01,1.233754249864e-01,1.224204162115e-01,1.214726820399e-01,1.205324421681e-01,1.195998881661e-01,1.186751855910e-01,1.177584766548e-01,1.168498809550e-01,1.159494980786e-01,1.150574089246e-01,1.141736771733e-01,1.132983506655e-01,1.124314627107e-01,1.115730333484e-01,1.107230704903e-01,1.098815711887e-01,1.090485227641e-01,1.082239038958e-01,1.074076856855e-01,1.065998326647e-01,1.058003036814e-01,1.050090527376e-01,1.042260300994e-01,1.034511825633e-01,1.026844541504e-01,1.019257867789e-01,1.011751195786e-01,1.004323910464e-01,9.969753781085e-02,9.897049518343e-02,9.825119726249e-02,9.753957700560e-02,9.683556628305e-02,9.613909577775e-02,9.545009539622e-02,9.476849409573e-02,9.409421983572e-02,9.342719972592e-02,9.276736009305e-02,9.211462655510e-02,9.146892406785e-02,9.083017702983e-02,9.019830953919e-02,8.957324522420e-02,8.895490744059e-02,8.834321942210e-02,8.773810406581e-02,8.713948456666e-02,8.654728405724e-02,8.596142581472e-02,8.538183333212e-02,8.480843038464e-02,8.424114109105e-02,8.367988994823e-02,8.312460194169e-02,8.257520255452e-02,8.203161779710e-02,8.149377425994e-02,8.096159914803e-02,8.043502031150e-02,7.991396626834e-02,7.939836623098e-02,7.888815014834e-02,7.838324869067e-02,7.788359327888e-02,7.738911610556e-02,7.689975010695e-02,7.641542904279e-02,7.593608744697e-02,7.546166064977e-02,7.499208478183e-02,7.452729677680e-02,7.406723437262e-02,7.361183610838e-02,7.316104133224e-02,7.271479019428e-02,7.227302364183e-02,7.183568341811e-02,7.140271205827e-02,7.097405288463e-02,7.054965000058e-02,7.012944828519e-02,6.971339339156e-02,6.930143173354e-02,6.889351048150e-02,6.848957755705e-02,6.808958161557e-02,6.769347205639e-02,6.730119900069e-02,6.691271328753e-02,6.652796646543e-02,6.614691078402e-02,6.576949918548e-02,6.539568529458e-02,6.502542341324e-02,6.465866850995e-02,6.429537621014e-02,6.393550278810e-02,6.357900515822e-02,6.322584086609e-02,6.287596807936e-02,6.252934557901e-02,6.218593275303e-02,6.184568958437e-02,6.150857664355e-02,6.117455508130e-02
-4.867056570537e-01,-3.946729910337e-01,-3.170608734973e-01,-2.512502476970e-01,-1.951743677459e-01,-1.471863387711e-01,-1.059620772379e-01,-7.042830077697e-02,-3.970845777664e-02,-1.308168406477e-02,1.004866615597e-02,3.017937397351e-02,4.772636646370e-02,6.303967657879e-02,7.641530421128e-02,8.810468668759e-02,9.832231058801e-02,1.072518676858e-01,1.150512625914e-01,1.218567087572e-01,1.277860962536e-01,1.329417743754e-01,1.374128615714e-01,1.412771713206e-01,1.446028246533e-01,1.474496056387e-01,1.498701051401e-01,1.519106893979e-01,1.536123230957e-01,1.550112710712e-01,1.561396984434e-01,1.570261854063e-01,1.576961700907e-01,1.581723305955e-01,1.584749154015e-01,1.586220298936e-01,1.586298853984e-01,1.585130161572e-01,1.582844687866e-01,1.579559680714e-01,1.575380623246e-01,1.570402512261e-01,1.564710981126e-01,1.558383292747e-01,1.551489215559e-01,1.544091799098e-01,1.536248061582e-01,1.528009600437e-01,1.519423135270e-01,1.510530991457e-01,1.501371531476e-01,1.491979540171e-01,1.482386569464e-01,1.472621246878e-01,1.462709551546e-01,1.452675063504e-01,1.442539186614e-01,1.432321349443e-01,1.422039186215e-01,1.411708699980e-01,1.401344408943e-01,1.390959483920e-01,1.380565861369e-01,1.370174357704e-01,1.359794766574e-01,1.349435948386e-01,1.339105911572e-01,1.328811886404e-01,1.318560392097e-01,1.308357297862e-01,1.298207878478e-01,1.288116864910e-01,1.278088490782e-01,1.268126534228e-01,1.258234354761e-01,1.248414930320e-01,1.238670888313e-01,1.229004534616e-01,1.219417879993e-01,1.209912664136e-01,1.200490376228e-01,1.191152280947e-01,1.181899426252e-01,1.172732667794e-01,1.163652682020e-01,1.154659980297e-01,1.145754922085e-01,1.136937727358e-01,1.128208488426e-01,1.119567181315e-01,1.111013676801e-01,1.102547751153e-01,1.094169096428e-01,1.085877330444e-01,1.077672007610e-01,1.069552627114e-01,1.061518641728e-01,1.053569465580e-01,1.045704481041e-01,1.037923044659e-01,1.030224494225e-01,1.022608143166e-01,1.015073299864e-01,1.007619258101e-01,1.000245301937e-01,9.929507068514e-02,9.857347404882e-02,9.785966631307e-02,9.715357280169e-02,9.645511815810e-02,9.576422636904e-02,9.508082079237e-02,9.440482415788e-02,9.373615864224e-02,9.307474604715e-02,9.242050764666e-02,9.177336434206e-02,9.113323673382e-02,9.050004519713e-02,8.987370995958e-02,8.925415124757e-02,8.864128904898e-02,8.803504373265e-02,8.743533570588e-02,8.684208560352e-02,8.625521435410e-02,8.567464324199e-02,8.510029396512e-02,8.453208868835e-02,8.396995009244e-02,8.341380141868e-02,8.286356650931e-02,8.231916983923e-02,8.178053655339e-02,8.124759251254e-02,8.072026428926e-02,8.019847920312e-02,7.968216534006e-02,7.917125156909e-02,7.866566755648e-02,7.816534378644e-02,7.767021152997e-02,7.718020292306e-02,7.669525091885e-02,7.621528930742e-02,7.574025271853e-02,7.527007662322e-02,7.480469733402e-02,7.434405200410e-02,7.388807862544e-02,7.343671602603e-02,7.298990386630e-02,7.254758263398e-02,7.210969363983e-02,7.167617901504e-02,7.124698170016e-02,7.082204544054e-02,7.040131477933e-02,6.998473505007e-02,6.957225236899e-02,6.916381362913e-02,6.875936648223e-02,6.835885934706e-02,6.796224138812e-02,6.756946251035e-02,6.718047335017e-02,6.679522526645e-02,6.641367033132e-02,6.603576132096e-02,6.566145170637e-02,6.529069564400e-02,6.492344796651e-02,6.455966417302e-02,6.419930042011e-02,6.384231351388e-02,6.348866089854e-02,6.313830064807e-02,6.279119145696e-02,6.244729263116e-02,6.210656407897e-02,6.176896630328e-02
-4.677631211037e-01,-3.775574935688e-01,-3.015105611646e-01,-2.370502135876e-01,-1.821467322931e-01,-1.351827200537e-01,-9.485780907703e-02,-6.011794588757e-02,-3.010229193807e-02,-4.102916342094e-03,1.846610959007e-02,3.809263040229e-02,5.518507755407e-02,7.008716233853e-02,8.308952548793e-02,9.443903901250e-02,1.043462825641e-01,1.129915899158e-01,1.205299676239e-01,1.270951182908e-01,1.328027485580e-01,1.377533023341e-01,1.420342297395e-01,1.457218788218e-01,1.488830794672e-01,1.515764748365e-01,1.538536448199e-01,1.557600574201e-01,1.573358771942e-01,1.586166544874e-01,1.596339148803e-01,1.604156648103e-01,1.609868265334e-01,1.613696133302e-01,1.615838540187e-01,1.616472743321e-01,1.615757414884e-01,1.613834772601e-01,1.610832440193e-01,1.606865075334e-01,1.602035796926e-01,1.596437440151e-01,1.590153659165e-01,1.583259901690e-01,1.575824268997e-01,1.567908277214e-01,1.559567532194e-01,1.550852328728e-01,1.541808183398e-01,1.532476309124e-01,1.522894038397e-01,1.513095201267e-01,1.503110463373e-01,1.492967628633e-01,1.482691910628e-01,1.472306176203e-01,1.461831164393e-01,1.451285683391e-01,1.440686787946e-01,1.430049939317e-01,1.419389148689e-01,1.408717111542e-01,1.398045319394e-01,1.387384170834e-01,1.376743067110e-01,1.366130499814e-01,1.355554130446e-01,1.345020862681e-01,1.334536908052e-01,1.324107845692e-01,1.313738676715e-01,1.303433873735e-01,1.293197425997e-01,1.283032880500e-01,1.272943379501e-01,1.262931694694e-01,1.253000258374e-01,1.243151191827e-01,1.233386331193e-01,1.223707251003e-01,1.214115284232e-01,1.204611547617e-01,1.195196950104e-01,1.185872215613e-01,1.176637896123e-01,1.167494385308e-01,1.158441931185e-01,1.149480647951e-01,1.140610527176e-01,1.131831448519e-01,1.123143190079e-01,1.114545438465e-01,1.106037798631e-01,1.097619803469e-01,1.089290923102e-01,1.081050573789e-01,1.072898126335e-01,1.064832913860e-01,1.056854238840e-01,1.048961379289e-01,1.041153596112e-01,1.033430128832e-01,1.025790212635e-01,1.018233071651e-01,1.010757923302e-01,1.003363979624e-01,9.960504481173e-02,9.888165322410e-02,9.816614316737e-02,9.745843424395e-02,9.675844569816e-02,9.606609642440e-02,9.538130498059e-02,9.470398960922e-02,9.403406826727e-02,9.337145866500e-02,9.271607831308e-02,9.206784457657e-02,9.142667473458e-02,9.079248604391e-02,9.016519588097e-02,8.954472148202e-02,8.893098053915e-02,8.832389088460e-02,8.772337065768e-02,8.712933836549e-02,8.654171294048e-02,8.596041379433e-02,8.538536086794e-02,8.481647467767e-02,8.425367635740e-02,8.369688769692e-02,8.314603117633e-02,8.260102999700e-02,8.206180810888e-02,8.152829023467e-02,8.100040189081e-02,8.047806940564e-02,7.996121993489e-02,7.944978147467e-02,7.894368288213e-02,7.844285384123e-02,7.794722493871e-02,7.745672761910e-02,7.697129420152e-02,7.649085788158e-02,7.601535273184e-02,7.554471370115e-02,7.507887661283e-02,7.461777816189e-02,7.416135591139e-02,7.370954828793e-02,7.326229457647e-02,7.281953491449e-02,7.238121028560e-02,7.194726251259e-02,7.151763425007e-02,7.109226897666e-02,7.067111098692e-02,7.025410538284e-02,6.984119806746e-02,6.943233572614e-02,6.902746583309e-02,6.862653663089e-02,6.822949712408e-02,6.783629706954e-02,6.744688696685e-02,6.706121804862e-02,6.667924227066e-02,6.630091230222e-02,6.592618151614e-02,6.555500397905e-02,6.518733444157e-02,6.482312832848e-02,6.446234172903e-02,6.410493138715e-02,6.375085469188e-02,6.340006966770e-02,6.305253496504e-02,6.270820985080e-02,6.236705420027e-02
-4.499734167254e-01,-3.614701726612e-01,-2.868815862372e-01,-2.236793348389e-01,-1.698682305021e-01,-1.238583802379e-01,-8.437152576169e-02,-5.037153723279e-02,-2.101222017102e-02,4.402304881285e-03,2.644798188776e-02,4.560433090799e-02,6.227280228469e-02,7.679122051339e-02,8.944523661564e-02,1.004774726648e-01,1.100948718351e-01,1.184746428164e-01,1.257690955152e-01,1.321095965063e-01,1.376098213027e-01,1.423684415622e-01,1.464713558429e-01,1.499935494862e-01,1.530006518767e-01,1.555502454741e-01,1.576929703594e-01,1.594734596022e-01,1.609311340849e-01,1.621008801202e-01,1.630136289563e-01,1.636968538618e-01,1.641749977363e-01,1.644698419667e-01,1.646008254407e-01,1.645853211487e-01,1.644388765936e-01,1.641754232321e-01,1.638074593415e-01,1.633462100307e-01,1.628017675185e-01,1.621832144740e-01,1.614987323989e-01,1.607556973858e-01,1.599607646286e-01,1.591199432257e-01,1.582386624875e-01,1.573218308056e-01,1.563738879983e-01,1.553988519262e-01,1.544003600625e-01,1.533817066165e-01,1.523458757298e-01,1.512955711997e-01,1.502332431248e-01,1.491611118213e-01,1.480811893137e-01,1.469952986685e-01,1.459050914050e-01,1.448120631909e-01,1.437175679153e-01,1.426228308511e-01,1.415289596720e-01,1.404369552883e-01,1.393477212378e-01,1.382620722828e-01,1.371807422092e-01,1.361043909097e-01,1.350336108198e-01,1.339689327710e-01,1.329108313176e-01,1.318597295871e-01,1.308160036995e-01,1.297799867950e-01,1.287519727061e-01,1.277322193056e-01,1.267209515592e-01,1.257183643073e-01,1.247246247995e-01,1.237398750018e-01,1.227642335556e-01,1.217977982602e-01,1.208406469373e-01,1.198928396039e-01,1.189544197662e-01,1.180254157430e-01,1.171058418853e-01,1.161956997106e-01,1.152949789678e-01,1.144036586486e-01,1.135217079602e-01,1.126490872676e-01,1.117857490151e-01,1.109316386270e-01,1.100866953884e-01,1.092508532973e-01,1.084240418811e-01,1.076061869639e-01,1.067972113747e-01,1.059970355835e-01,1.052055784560e-01,1.044227569341e-01,1.036484876009e-01,1.028826862035e-01,1.021252680703e-01,1.013761482702e-01,1.006352417148e-01,9.990246321866e-02,9.917772752724e-02,9.846094932434e-02,9.775204322873e-02,9.705092378685e-02,9.635750546778e-02,9.567170266392e-02,9.499342969996e-02,9.432260085102e-02,9.365913036978e-02,9.300293252225e-02,9.235392163050e-02,9.171201212139e-02,9.107711866384e-02,9.044915587590e-02,8.982803892261e-02,8.921368320002e-02,8.860600448847e-02,8.800491900738e-02,8.741034346778e-02,8.682219512193e-02,8.624039180991e-02,8.566485200272e-02,8.509549484193e-02,8.453224017574e-02,8.397500859164e-02,8.342372144555e-02,8.287830088773e-02,8.233866988554e-02,8.180475224322e-02,8.127647261887e-02,8.075375653884e-02,8.023653040968e-02,7.972472153905e-02,7.921825809706e-02,7.871706919385e-02,7.822108483395e-02,7.773023593156e-02,7.724445431154e-02,7.676367270901e-02,7.628782476783e-02,7.581684503792e-02,7.535066897173e-02,7.488923291969e-02,7.443247412499e-02,7.398033071758e-02,7.353274170759e-02,7.308964697816e-02,7.265098727782e-02,7.221670421235e-02,7.178674023635e-02,7.136103864442e-02,7.093954356203e-02,7.052219993871e-02,7.010895352827e-02,6.969975089466e-02,6.929453939144e-02,6.889326715447e-02,6.849588309179e-02,6.810233687344e-02,6.771257892120e-02,6.732656039832e-02,6.694423319920e-02,6.656554993910e-02,6.619046394385e-02,6.581892923960e-02,6.545090054253e-02,6.508633324877e-02,6.472518342417e-02,6.436740779430e-02,6.401296373446e-02,6.366180925975e-02,6.331390301525e-02,6.296920426759e-02
-4.332731460605e-01,-3.463544420454e-01,-2.731231903569e-01,-2.110918729456e-01,-1.582974743335e-01,-1.131757229492e-01,-7.446895278562e-02,-4.115772462022e-02,-1.240947813843e-02,1.246044785347e-02,3.401870458475e-02,5.273706597756e-02,6.901048745551e-02,8.317131768796e-02,9.550056715553e-02,1.062369060893e-01,1.155838968286e-01,1.237158431673e-01,1.307825487730e-01,1.369132094831e-01,1.422196136888e-01,1.467987866909e-01,1.507351859107e-01,1.541025311372e-01,1.569653369854e-01,1.593802010811e-01,1.613968910161e-01,1.630592648150e-01,1.644060530948e-01,1.654715258798e-01,1.662860628618e-01,1.668766425491e-01,1.672672630440e-01,1.674793049970e-01,1.675318455107e-01,1.674419303031e-01,1.672248102598e-01,1.668941474916e-01,1.664621952574e-01,1.659399553893e-01,1.653373162971e-01,1.646631743047e-01,1.639255402611e-01,1.631316337396e-01,1.622879661601e-01,1.614004143619e-01,1.604742858162e-01,1.595143765191e-01,1.585250224669e-01,1.575101454913e-01,1.564732941329e-01,1.554176801381e-01,1.543462110932e-01,1.532615196406e-01,1.521659896691e-01,1.510617798178e-01,1.499508446263e-01,1.488349534565e-01,1.477157076421e-01,1.465945559203e-01,1.454728082419e-01,1.443516487113e-01,1.432321463668e-01,1.421152658568e-01,1.410018766468e-01,1.398927614574e-01,1.387886239187e-01,1.376900955193e-01,1.365977419205e-01,1.355120686977e-01,1.344335265635e-01,1.333625161243e-01,1.322993922123e-01,1.312444678342e-01,1.301980177711e-01,1.291602818610e-01,1.281314680538e-01,1.271117549812e-01,1.261012945446e-01,1.251002142014e-01,1.241086188543e-01,1.231265933308e-01,1.221542031350e-01,1.211914966622e-01,1.202385064372e-01,1.192952504033e-01,1.183617331052e-01,1.174379467815e-01,1.165238723826e-01,1.156194805314e-01,1.147247324388e-01,1.138395807869e-01,1.129639705897e-01,1.120978400360e-01,1.112411213162e-01,1.103937414305e-01,1.095556229247e-01,1.087266847333e-01,1.079068428504e-01,1.070960109415e-01,1.062941011235e-01,1.055010236876e-01,1.047166887147e-01,1.039410056036e-01,1.031738835357e-01,1.024152316652e-01,1.016649592472e-01,1.009229757150e-01,1.001891907185e-01,9.946351413353e-02,9.874585605425e-02,9.803612677544e-02,9.733423677308e-02,9.664009668760e-02,9.595361731367e-02,9.527470959849e-02,9.460328459319e-02,9.393925362429e-02,9.328252820486e-02,9.263302005603e-02,9.199064126644e-02,9.135530393656e-02,9.072692086391e-02,9.010540513564e-02,8.949067029925e-02,8.888263041077e-02,8.828120008173e-02,8.768629452425e-02,8.709782959360e-02,8.651572182820e-02,8.593988848645e-02,8.537024758056e-02,8.480671790725e-02,8.424921907518e-02,8.369767152941e-02,8.315199657287e-02,8.261211637698e-02,8.207795401985e-02,8.154943348266e-02,8.102647965949e-02,8.050901838277e-02,7.999697637608e-02,7.949028134552e-02,7.898886192119e-02,7.849264767535e-02,7.800156912262e-02,7.751555771888e-02,7.703454585895e-02,7.655846687320e-02,7.608725502327e-02,7.562084549681e-02,7.515917440155e-02,7.470217875866e-02,7.424979649538e-02,7.380196643729e-02,7.335862829996e-02,7.291972267877e-02,7.248519104373e-02,7.205497572720e-02,7.162901991388e-02,7.120726763427e-02,7.078966374314e-02,7.037615392726e-02,6.996668468220e-02,6.956120330519e-02,6.915965788447e-02,6.876199728858e-02,6.836817115562e-02,6.797812988249e-02,6.759182461417e-02,6.720920723288e-02,6.683023034743e-02,6.645484728249e-02,6.608301206798e-02,6.571467942842e-02,6.534980477249e-02,6.498834418194e-02,6.463025440283e-02,6.427549283423e-02,6.392401751779e-02,6.357578712937e-02
-4.176042708717e-01,-3.321585002350e-01,-2.601889077395e-01,-1.992459576894e-01,-1.473965760417e-01,-1.031003311329e-01,-6.511871354074e-02,-3.244780782365e-02,-4.267732065714e-03,2.009574522019e-02,4.120063752023e-02,5.951152009640e-02,7.541731372699e-02,8.924528034342e-02,1.012721204883e-01,1.117328348158e-01,1.208278469302e-01,1.287287642480e-01,1.355830645262e-01,1.415179294325e-01,1.466433966529e-01,1.510549643978e-01,1.548357535689e-01,1.580583104549e-01,1.607861161385e-01,1.630748553070e-01,1.649734868624e-01,1.665251505461e-01,1.677679373348e-01,1.687355462224e-01,1.694578458985e-01,1.699613565263e-01,1.702696641778e-01,1.704037783119e-01,1.703824409355e-01,1.702223946504e-01,1.699386156164e-01,1.695445164922e-01,1.690521236280e-01,1.684722320660e-01,1.678145414510e-01,1.670877755151e-01,1.662997870433e-01,1.654576506277e-01,1.645677445039e-01,1.636358229840e-01,1.626670806547e-01,1.616662093669e-01,1.606374489040e-01,1.595846321126e-01,1.585112251158e-01,1.574203631816e-01,1.563148829106e-01,1.551973509561e-01,1.540700897917e-01,1.529352008348e-01,1.517945852212e-01,1.506499624900e-01,1.495028874668e-01,1.483547652829e-01,1.472068650524e-01,1.460603326302e-01,1.449162011479e-01,1.437754015440e-01,1.426387716005e-01,1.415070642339e-01,1.403809550154e-01,1.392610489970e-01,1.381478869126e-01,1.370419508638e-01,1.359436693991e-01,1.348534220478e-01,1.337715437950e-01,1.326983288693e-01,1.316340342751e-01,1.305788830142e-01,1.295330670233e-01,1.284967498522e-01,1.274700692168e-01,1.264531389373e-01,1.254460510029e-01,1.244488780877e-01,1.234616741429e-01,1.224844766593e-01,1.215173078541e-01,1.205601759312e-01,1.196130762339e-01,1.186759923023e-01,1.177488968539e-01,1.168317527246e-01,1.159245136796e-01,1.150271252107e-01,1.141395254646e-01,1.132616459684e-01,1.123934124026e-01,1.115347453606e-01,1.106855610905e-01,1.098457722148e-01,1.090152883123e-01,1.081940167846e-01,1.073818635227e-01,1.065787326150e-01,1.057845280224e-01,1.049991531304e-01,1.042225112558e-01,1.034545058717e-01,1.026950407666e-01,1.019440201468e-01,1.012013486914e-01,1.004669314918e-01,9.974067414820e-02,9.902248294445e-02,9.831226444459e-02,9.760992561752e-02,9.691537381046e-02,9.622851672928e-02,9.554926242752e-02,9.487751930490e-02,9.421319602304e-02,9.355620177616e-02,9.290644622796e-02,9.226383907051e-02,9.162829085329e-02,9.099971247080e-02,9.037801535393e-02,8.976311151081e-02,8.915491356762e-02,8.855333480842e-02,8.795828921349e-02,8.736969147938e-02,8.678745707730e-02,8.621150231673e-02,8.564174429986e-02,8.507810098115e-02,8.452049119027e-02,8.396883465222e-02,8.342305200483e-02,8.288306481372e-02,8.234879557169e-02,8.182016774534e-02,8.129710576942e-02,8.077953498831e-02,8.026738177042e-02,7.976057343432e-02,7.925903827075e-02,7.876270554219e-02,7.827150548104e-02,7.778536928668e-02,7.730422912146e-02,7.682801810339e-02,7.635667030367e-02,7.589012074506e-02,7.542830538387e-02,7.497116110684e-02,7.451862572275e-02,7.407063795351e-02,7.362713742485e-02,7.318806465667e-02,7.275336105056e-02,7.232296888623e-02,7.189683130908e-02,7.147489230635e-02,7.105709671824e-02,7.064339021184e-02,7.023371927424e-02,6.982803120135e-02,6.942627408680e-02,6.902839681072e-02,6.863434902853e-02,6.824408115903e-02,6.785754437417e-02,6.747469058956e-02,6.709547245015e-02,6.671984332059e-02,6.634775727421e-02,6.597916908221e-02,6.561403420285e-02,6.525230877072e-02,6.489394958505e-02,6.453891410214e-02,6.418716042437e-02
-4.029136335197e-01,-3.188349030541e-01,-2.480361818326e-01,-1.881032418202e-01,-1.371308358205e-01,-9.360068344110e-02,-5.629207089373e-02,-2.421550036262e-02,3.437137836405e-03,2.733039317670e-02,4.801426249826e-02,6.594664155181e-02,8.151085298567e-02,9.502944100892e-02,1.067751098332e-01,1.169794582980e-01,1.258400009376e-01,1.335258466364e-01,1.401823183725e-01,1.459347321865e-01,1.508915045231e-01,1.551467196980e-01,1.587822613922e-01,1.618695897743e-01,1.644712295145e-01,1.666420206194e-01,1.684301738774e-01,1.698781646421e-01,1.710234923313e-01,1.718993278910e-01,1.725350675207e-01,1.729568076265e-01,1.731877533764e-01,1.732485711127e-01,1.731576931014e-01,1.729315817798e-01,1.725849593981e-01,1.721310080651e-01,1.715815443978e-01,1.709471723471e-01,1.702374170906e-01,1.694608428404e-01,1.686251562851e-01,1.677372980049e-01,1.668035231195e-01,1.658294726675e-01,1.648202368663e-01,1.637804113201e-01,1.627141467947e-01,1.616251938012e-01,1.605169421866e-01,1.593924565145e-01,1.582545076978e-01,1.571056013948e-01,1.559480031614e-01,1.547837614268e-01,1.536147278960e-01,1.524425759425e-01,1.512688171711e-01,1.500948164592e-01,1.489218050189e-01,1.477508932227e-01,1.465830808928e-01,1.454192676868e-01,1.442602619764e-01,1.431067890039e-01,1.419594982777e-01,1.408189704619e-01,1.396857229631e-01,1.385602159575e-01,1.374428572851e-01,1.363340070322e-01,1.352339817097e-01,1.341430582621e-01,1.330614769524e-01,1.319894450766e-01,1.309271396952e-01,1.298747102529e-01,1.288322809776e-01,1.277999532762e-01,1.267778069709e-01,1.257659033425e-01,1.247642855199e-01,1.237729807734e-01,1.227920016528e-01,1.218213472251e-01,1.208610042009e-01,1.199109481286e-01,1.189711438189e-01,1.180415467654e-01,1.171221037943e-01,1.162127538418e-01,1.153134287080e-01,1.144240537945e-01,1.135445487369e-01,1.126748282652e-01,1.118148028363e-01,1.109643793144e-01,1.101234616309e-01,1.092919512156e-01,1.084697482554e-01,1.076567511133e-01,1.068528580295e-01,1.060579667326e-01,1.052719749791e-01,1.044947808149e-01,1.037262827690e-01,1.029663796462e-01,1.022149716210e-01,1.014719592863e-01,1.007372439584e-01,1.000107276692e-01,9.929231313282e-02,9.858190343562e-02,9.787940282632e-02,9.718471585670e-02,9.649774759973e-02,9.581840364901e-02,9.514659010921e-02,9.448221342314e-02,9.382518102488e-02,9.317540031096e-02,9.253277968929e-02,9.189722796583e-02,9.126865456033e-02,9.064696953889e-02,9.003208364784e-02,8.942390825938e-02,8.882235568461e-02,8.822733891239e-02,8.763877173928e-02,8.705656880115e-02,8.648064559947e-02,8.591091847831e-02,8.534730479282e-02,8.478972277634e-02,8.423809160508e-02,8.369233141539e-02,8.315236331539e-02,8.261810936955e-02,8.208949269912e-02,8.156643733659e-02,8.104886837667e-02,8.053671188693e-02,8.002989493471e-02,7.952834558613e-02,7.903199290373e-02,7.854076693049e-02,7.805459872444e-02,7.757342031227e-02,7.709716469679e-02,7.662576585019e-02,7.615915870626e-02,7.569727914461e-02,7.524006400438e-02,7.478745105186e-02,7.433937897785e-02,7.389578738798e-02,7.345661679221e-02,7.302180858943e-02,7.259130507383e-02,7.216504939556e-02,7.174298557744e-02,7.132505848612e-02,7.091121382559e-02,7.050139812562e-02,7.009555873016e-02,6.969364378247e-02,6.929560222351e-02,6.890138377025e-02,6.851093890735e-02,6.812421887580e-02,6.774117566143e-02,6.736176198097e-02,6.698593127843e-02,6.661363770635e-02,6.624483611691e-02,6.587948205110e-02,6.551753172776e-02,6.515894203072e-02,6.480367050580e-02
-3.891525299453e-01,-3.063401825799e-01,-2.366260235898e-01,-1.776285932153e-01,-1.274684633378e-01,-8.464790138470e-02,-4.796269680644e-02,-1.643671881115e-02,1.072723066306e-02,3.418472926404e-02,5.447834715687e-02,7.205979382433e-02,8.730720852593e-02,1.005387684345e-01,1.120234793823e-01,1.219897928369e-01,1.306325325702e-01,1.381184969841e-01,1.445910169314e-01,1.501736840850e-01,1.549734167080e-01,1.590829928587e-01,1.625831534227e-01,1.655443555475e-01,1.680282408393e-01,1.700888695446e-01,1.717737619626e-01,1.731247803486e-01,1.741788782883e-01,1.749687395771e-01,1.755233245786e-01,1.758683388624e-01,1.760266363184e-01,1.760185668721e-01,1.758622771940e-01,1.755739714194e-01,1.751681376947e-01,1.746577455772e-01,1.740544183375e-01,1.733685837282e-01,1.726096061113e-01,1.717859026218e-01,1.709050452506e-01,1.699738510152e-01,1.689984615112e-01,1.679844133403e-01,1.669367004862e-01,1.658598296446e-01,1.647578695439e-01,1.636344947476e-01,1.624930247982e-01,1.613364589475e-01,1.601675074506e-01,1.589886194934e-01,1.578020082036e-01,1.566096731704e-01,1.554134203313e-01,1.542148803926e-01,1.530155250577e-01,1.518166818139e-01,1.506195469795e-01,1.494251980388e-01,1.482346039817e-01,1.470486355012e-01,1.458680737273e-01,1.446936183382e-01,1.435258947511e-01,1.423654605470e-01,1.412128117959e-01,1.400683883826e-01,1.389325791568e-01,1.378057259548e-01,1.366881280577e-01,1.355800459519e-01,1.344817047117e-01,1.333932972683e-01,1.323149865891e-01,1.312469089794e-01,1.301891761984e-01,1.291418777572e-01,1.281050824448e-01,1.270788407867e-01,1.260631857894e-01,1.250581351568e-01,1.240636923833e-01,1.230798480714e-01,1.221065808871e-01,1.211438583841e-01,1.201916383367e-01,1.192498694143e-01,1.183184920899e-01,1.173974390098e-01,1.164866360368e-01,1.155860029068e-01,1.146954538494e-01,1.138148981915e-01,1.129442410704e-01,1.120833841120e-01,1.112322260167e-01,1.103906630478e-01,1.095585899162e-01,1.087358997945e-01,1.079224856161e-01,1.071182398290e-01,1.063230549575e-01,1.055368237351e-01,1.047594395305e-01,1.039907968906e-01,1.032307909759e-01,1.024793178832e-01,1.017362743368e-01,1.010015585768e-01,1.002750696487e-01,9.955670735569e-02,9.884637228327e-02,9.814396557501e-02,9.744938973036e-02,9.676254759761e-02,9.608334269890e-02,9.541167908230e-02,9.474746172803e-02,9.409059592710e-02,9.344098803859e-02,9.279854487149e-02,9.216317392843e-02,9.153478336971e-02,9.091328213775e-02,9.029858007302e-02,8.969058770426e-02,8.908921638659e-02,8.849437825516e-02,8.790598646169e-02,8.732395502071e-02,8.674819884330e-02,8.617863377695e-02,8.561517659487e-02,8.505774515302e-02,8.450625823249e-02,8.396063561494e-02,8.342079807173e-02,8.288666743276e-02,8.235816649785e-02,8.183521914995e-02,8.131775026398e-02,8.080568573997e-02,8.029895249315e-02,7.979747846490e-02,7.930119263122e-02,7.881002496441e-02,7.832390644264e-02,7.784276903247e-02,7.736654571164e-02,7.689517043564e-02,7.642857813033e-02,7.596670468529e-02,7.550948693932e-02,7.505686269283e-02,7.460877067052e-02,7.416515052040e-02,7.372594279900e-02,7.329108897113e-02,7.286053138145e-02,7.243421326329e-02,7.201207870958e-02,7.159407266704e-02,7.118014092224e-02,7.077023009256e-02,7.036428761752e-02,6.996226173907e-02,6.956410149309e-02,6.916975669434e-02,6.877917793307e-02,6.839231655664e-02,6.800912465788e-02,6.762955506419e-02,6.725356132421e-02,6.688109770443e-02,6.651211916879e-02,6.614658137067e-02,6.578444064032e-02,6.542565397855e-02
-3.762763284685e-01,-2.946345069784e-01,-2.259227064266e-01,-1.677898200949e-01,-1.183803291875e-01,-7.621552363809e-02,-4.010646657703e-02,-9.089394777543e-03,1.762279710647e-02,4.067739070680e-02,6.061009105411e-02,7.786689075567e-02,9.282114039805e-02,1.057869839054e-01,1.170300124521e-01,1.267757724450e-01,1.352166046604e-01,1.425171761223e-01,1.488189804673e-01,1.542440195211e-01,1.588978306023e-01,1.628719880411e-01,1.662461798869e-01,1.690899394415e-01,1.714640951347e-01,1.734219893259e-01,1.750105067559e-01,1.762709454364e-01,1.772397567247e-01,1.779491762582e-01,1.784277635096e-01,1.787008645904e-01,1.787910103654e-01,1.787182598305e-01,1.785004970754e-01,1.781536887483e-01,1.776921078283e-01,1.771285284784e-01,1.764743962465e-01,1.757399769273e-01,1.749344870634e-01,1.740662085963e-01,1.731425896981e-01,1.721703337966e-01,1.711554781335e-01,1.701034632857e-01,1.690191946638e-01,1.679070973085e-01,1.667711644961e-01,1.656150009353e-01,1.644418613187e-01,1.632546848521e-01,1.620561260843e-01,1.608485822419e-01,1.596342180587e-01,1.584149879431e-01,1.571926559992e-01,1.559688134780e-01,1.547448952932e-01,1.535221944488e-01,1.523018750731e-01,1.510849842979e-01,1.498724626483e-01,1.486651540663e-01,1.474638145724e-01,1.462691202025e-01,1.450816737913e-01,1.439020119767e-01,1.427306110786e-01,1.415678922116e-01,1.404142261267e-01,1.392699379614e-01,1.381353113869e-01,1.370105916743e-01,1.358959894872e-01,1.347916839766e-01,1.336978258388e-01,1.326145388356e-01,1.315419231206e-01,1.304800571267e-01,1.294289993755e-01,1.283887903572e-01,1.273594536284e-01,1.263409979548e-01,1.253334184484e-01,1.243366977613e-01,1.233508066484e-01,1.223757056761e-01,1.214113459945e-01,1.204576698466e-01,1.195146113729e-01,1.185820976164e-01,1.176600491435e-01,1.167483803191e-01,1.158470002803e-01,1.149558135099e-01,1.140747203207e-01,1.132036175326e-01,1.123423991060e-01,1.114909566119e-01,1.106491798181e-01,1.098169571387e-01,1.089941766227e-01,1.081807258317e-01,1.073764922879e-01,1.065813637533e-01,1.057952293120e-01,1.050179785811e-01,1.042495019171e-01,1.034896910448e-01,1.027384391505e-01,1.019956402915e-01,1.012611892682e-01,1.005349826491e-01,9.981691791658e-02,9.910689339565e-02,9.840480791525e-02,9.771056209554e-02,9.702405693445e-02,9.634519414953e-02,9.567387630075e-02,9.501000665650e-02,9.435348960551e-02,9.370423003804e-02,9.306213356315e-02,9.242710654426e-02,9.179905644036e-02,9.117789134171e-02,9.056352010786e-02,8.995585257152e-02,8.935479952834e-02,8.876027259859e-02,8.817218425858e-02,8.759044809474e-02,8.701497862647e-02,8.644569133165e-02,8.588250261995e-02,8.532533007700e-02,8.477409222822e-02,8.422870861970e-02,8.368909984798e-02,8.315518754487e-02,8.262689444173e-02,8.210414427730e-02,8.158686183016e-02,8.107497292002e-02,8.056840445042e-02,8.006708433528e-02,7.957094151030e-02,7.907990595243e-02,7.859390866824e-02,7.811288166309e-02,7.763675793332e-02,7.716547149174e-02,7.669895732953e-02,7.623715140708e-02,7.577999063625e-02,7.532741290655e-02,7.487935703505e-02,7.443576276587e-02,7.399657076226e-02,7.356172259135e-02,7.313116072371e-02,7.270482850416e-02,7.228267014503e-02,7.186463071418e-02,7.145065613297e-02,7.104069314929e-02,7.063468932809e-02,7.023259304520e-02,6.983435347467e-02,6.943992057067e-02,6.904924505482e-02,6.866227841424e-02,6.827897288185e-02,6.789928142461e-02,6.752315772879e-02,6.715055620147e-02,6.678143194587e-02,6.641574075346e-02,6.605343909414e-02
-3.642441290424e-01,-2.836813764508e-01,-2.158934935659e-01,-1.585574254181e-01,-1.098397427311e-01,-6.827930429318e-02,-3.270127514798e-02,-2.153306963411e-03,2.414239355212e-02,4.682545629372e-02,6.642525639471e-02,8.338251719360e-02,9.806617711617e-02,1.107866651114e-01,1.218064282348e-01,1.313483389314e-01,1.396024533278e-01,1.467314778276e-01,1.528752166833e-01,1.581542102339e-01,1.626727267334e-01,1.665212346384e-01,1.697784550265e-01,1.725130729335e-01,1.747851703278e-01,1.766474307778e-01,1.781461558819e-01,1.793221260793e-01,1.802113321532e-01,1.808455988178e-01,1.812531180256e-01,1.814589064221e-01,1.814851988290e-01,1.813517876542e-01,1.810763164159e-01,1.806745342012e-01,1.801605168414e-01,1.795468595603e-01,1.788448451046e-01,1.780645909251e-01,1.772151781700e-01,1.763047649505e-01,1.753406860226e-01,1.743295407621e-01,1.732772708404e-01,1.721892287695e-01,1.710702388894e-01,1.699246514430e-01,1.687563904494e-01,1.675689965295e-01,1.663656651127e-01,1.651492803183e-01,1.639224453579e-01,1.626875099154e-01,1.614465944314e-01,1.602016118407e-01,1.589542874849e-01,1.577061767412e-01,1.564586805882e-01,1.552130603298e-01,1.539704504927e-01,1.527318702851e-01,1.514982340337e-01,1.502703610498e-01,1.490489843468e-01,1.478347578112e-01,1.466282638147e-01,1.454300197781e-01,1.442404834285e-01,1.430600584095e-01,1.418890993899e-01,1.407279159739e-01,1.395767767107e-01,1.384359132032e-01,1.373055230892e-01,1.361857727206e-01,1.350768006072e-01,1.339787197689e-01,1.328916192773e-01,1.318155672722e-01,1.307506127434e-01,1.296967868395e-01,1.286541043146e-01,1.276225656010e-01,1.266021581785e-01,1.255928567349e-01,1.245946251395e-01,1.236074175194e-01,1.226311783746e-01,1.216658438655e-01,1.207113428027e-01,1.197675968139e-01,1.188345211180e-01,1.179120254530e-01,1.170000143430e-01,1.160983876445e-01,1.152070413597e-01,1.143258679592e-01,1.134547570808e-01,1.125935960500e-01,1.117422702124e-01,1.109006636469e-01,1.100686599445e-01,1.092461421865e-01,1.084329930455e-01,1.076290963398e-01,1.068343363977e-01,1.060485979625e-01,1.052717675304e-01,1.045037328451e-01,1.037443824048e-01,1.029936064306e-01,1.022512967665e-01,1.015173460029e-01,1.007916480701e-01,1.000740986520e-01,9.936459403457e-02,9.866303140137e-02,9.796930970486e-02,9.728332838060e-02,9.660498758441e-02,9.593418862928e-02,9.527083399728e-02,9.461482672425e-02,9.396607045061e-02,9.332447020814e-02,9.268993169206e-02,9.206236126944e-02,9.144166649595e-02,9.082775580040e-02,9.022053837139e-02,8.961992448063e-02,8.902582542675e-02,8.843815335390e-02,8.785682144115e-02,8.728174399457e-02,8.671283623646e-02,8.615001440467e-02,8.559319591918e-02,8.504229916678e-02,8.449724356532e-02,8.395794964205e-02,8.342433903532e-02,8.289633440251e-02,8.237385943182e-02,8.185683895543e-02,8.134519883644e-02,8.083886596528e-02,8.033776832664e-02,7.984183494480e-02,7.935099585724e-02,7.886518215062e-02,7.838432594150e-02,7.790836033762e-02,7.743721945301e-02,7.697083840996e-02,7.650915329401e-02,7.605210115535e-02,7.559962002305e-02,7.515164885759e-02,7.470812754725e-02,7.426899690864e-02,7.383419867531e-02,7.340367546849e-02,7.297737078556e-02,7.255522901025e-02,7.213719537903e-02,7.172321596740e-02,7.131323769313e-02,7.090720829373e-02,7.050507630870e-02,7.010679107766e-02,6.971230272609e-02,6.932156214492e-02,6.893452098479e-02,6.855113164830e-02,6.817134726771e-02,6.779512169630e-02,6.742240950593e-02,6.705316596329e-02,6.668734702078e-02
-3.530184583110e-01,-2.734473511354e-01,-2.065083940474e-01,-1.499043871199e-01,-1.018222532849e-01,-6.081703242402e-02,-2.572687264762e-02,4.390069264218e-03,3.030301999873e-02,5.264457296339e-02,7.193828481204e-02,8.862003717772e-02,1.030547158418e-01,1.155493390143e-01,1.263634681816e-01,1.357175226018e-01,1.437994632597e-01,1.507701992760e-01,1.567679867602e-01,1.619120272919e-01,1.663054270397e-01,1.700376421454e-01,1.731865088312e-01,1.758199361435e-01,1.779973234304e-01,1.797707519581e-01,1.811859903474e-01,1.822833461403e-01,1.830983893788e-01,1.836625694805e-01,1.840037428396e-01,1.841466253255e-01,1.841131815581e-01,1.839229606608e-01,1.835933866306e-01,1.831400100814e-01,1.825767270009e-01,1.819159693597e-01,1.811688714369e-01,1.803454153752e-01,1.794545588212e-01,1.785043469525e-01,1.775020110731e-01,1.764540556641e-01,1.753663351585e-01,1.742441217801e-01,1.730921659277e-01,1.719147494730e-01,1.707157332600e-01,1.694985995636e-01,1.682664894880e-01,1.670222368180e-01,1.657683981691e-01,1.645072795252e-01,1.632409607733e-01,1.619713171528e-01,1.607000385179e-01,1.594286472079e-01,1.581585133516e-01,1.568908691717e-01,1.556268220175e-01,1.543673655633e-01,1.531133900930e-01,1.518656924045e-01,1.506249841503e-01,1.493918991179e-01,1.481670009887e-01,1.469507890881e-01,1.457437042035e-01,1.445461344321e-01,1.433584189182e-01,1.421808529243e-01,1.410136919542e-01,1.398571542352e-01,1.387114252431e-01,1.375766601119e-01,1.364529859670e-01,1.353405054128e-01,1.342392977616e-01,1.331494214877e-01,1.320709166336e-01,1.310038057980e-01,1.299480955167e-01,1.289037786112e-01,1.278708350659e-01,1.268492325194e-01,1.258389285571e-01,1.248398707125e-01,1.238519975126e-01,1.228752399998e-01,1.219095212269e-01,1.209547578561e-01,1.200108607800e-01,1.190777348411e-01,1.181552803852e-01,1.172433932621e-01,1.163419653350e-01,1.154508852480e-01,1.145700386970e-01,1.136993091448e-01,1.128385780608e-01,1.119877255519e-01,1.111466311886e-01,1.103151738445e-01,1.094932322028e-01,1.086806859603e-01,1.078774148076e-01,1.070832997555e-01,1.062982232842e-01,1.055220682718e-01,1.047547201149e-01,1.039960652954e-01,1.032459911076e-01,1.025043876607e-01,1.017711455296e-01,1.010461567885e-01,1.003293154728e-01,9.962051598447e-02,9.891965457212e-02,9.822662861689e-02,9.754133601136e-02,9.686367602352e-02,9.619354932418e-02,9.553085702737e-02,9.487550117547e-02,9.422738524381e-02,9.358641313628e-02,9.295248996787e-02,9.232552189252e-02,9.170541565851e-02,9.109207940846e-02,9.048542209449e-02,8.988535349690e-02,8.929178476894e-02,8.870462782757e-02,8.812379567261e-02,8.754920248464e-02,8.698076332356e-02,8.641839445026e-02,8.586201319478e-02,8.531153787146e-02,8.476688794161e-02,8.422798401573e-02,8.369474770514e-02,8.316710170544e-02,8.264496986975e-02,8.212827705348e-02,8.161694922759e-02,8.111091344512e-02,8.061009776821e-02,8.011443137593e-02,7.962384446840e-02,7.913826825796e-02,7.865763503816e-02,7.818187808134e-02,7.771093167299e-02,7.724473111465e-02,7.678321266404e-02,7.632631357200e-02,7.587397204926e-02,7.542612723852e-02,7.498271922805e-02,7.454368904054e-02,7.410897859393e-02,7.367853070258e-02,7.325228907970e-02,7.283019829495e-02,7.241220378448e-02,7.199825183340e-02,7.158828954763e-02,7.118226486725e-02,7.078012653418e-02,7.038182407822e-02,6.998730782527e-02,6.959652886083e-02,6.920943902913e-02,6.882599092581e-02,6.844613787095e-02,6.806983391225e-02,6.769703380693e-02,6.732769300407e-02
-3.425649964217e-01,-2.639018073553e-01,-1.977399441635e-01,-1.418059612176e-01,-9.430547210442e-02,-5.380837041780e-02,-1.916471702651e-02,1.055769648965e-02,3.612024337510e-02,5.814906946249e-02,7.716240212872e-02,9.359169048350e-02,1.077981120142e-01,1.200855651608e-01,1.307109734357e-01,1.398925143617e-01,1.478162351735e-01,1.546414041286e-01,1.605048644832e-01,1.655245966054e-01,1.698026470530e-01,1.734275492901e-01,1.764763333605e-01,1.790162015821e-01,1.811059318571e-01,1.827970572925e-01,1.841348616315e-01,1.851592223283e-01,1.859053268635e-01,1.864042835591e-01,1.866836438630e-01,1.867678503987e-01,1.866786223620e-01,1.864352879519e-01,1.860550718498e-01,1.855533444811e-01,1.849438386083e-01,1.842388380154e-01,1.834493422512e-01,1.825852106662e-01,1.816552888278e-01,1.806675194342e-01,1.796290399057e-01,1.785462686108e-01,1.774249807767e-01,1.762703757933e-01,1.750871368932e-01,1.738794838505e-01,1.726512202867e-01,1.714057752137e-01,1.701462405810e-01,1.688754044914e-01,1.675957808413e-01,1.663096363195e-01,1.650190136999e-01,1.637257538460e-01,1.624315145111e-01,1.611377877703e-01,1.598459157480e-01,1.585571041327e-01,1.572724354599e-01,1.559928801354e-01,1.547193064839e-01,1.534524907813e-01,1.521931250361e-01,1.509418248508e-01,1.496991366404e-01,1.484655431035e-01,1.472414700483e-01,1.460272903885e-01,1.448233297395e-01,1.436298703608e-01,1.424471546924e-01,1.412753899904e-01,1.401147498729e-01,1.389653789886e-01,1.378273944998e-01,1.367008889671e-01,1.355859329627e-01,1.344825759668e-01,1.333908496970e-01,1.323107689085e-01,1.312423325031e-01,1.301855263273e-01,1.291403231909e-01,1.281066844989e-01,1.270845617402e-01,1.260738962200e-01,1.250746215911e-01,1.240866629762e-01,1.231099389057e-01,1.221443614742e-01,1.211898366607e-01,1.202462658246e-01,1.193135448625e-01,1.183915660120e-01,1.174802174952e-01,1.165793843436e-01,1.156889488131e-01,1.148087908237e-01,1.139387884165e-01,1.130788181385e-01,1.122287559440e-01,1.113884768827e-01,1.105578561850e-01,1.097367694559e-01,1.089250924297e-01,1.081227027214e-01,1.073294779866e-01,1.065452983324e-01,1.057700447382e-01,1.050035997906e-01,1.042458483901e-01,1.034966757211e-01,1.027559703170e-01,1.020236208886e-01,1.012995183958e-01,1.005835551717e-01,9.987562436038e-02,9.917562142692e-02,9.848344208101e-02,9.779898348697e-02,9.712214456886e-02,9.645282447030e-02,9.579092388903e-02,9.513634451840e-02,9.448898872156e-02,9.384876048771e-02,9.321556414844e-02,9.258930560822e-02,9.196989147088e-02,9.135722940337e-02,9.075122830809e-02,9.015179773665e-02,8.955884877406e-02,8.897229319788e-02,8.839204404647e-02,8.781801541420e-02,8.725012237637e-02,8.668828130001e-02,8.613240946323e-02,8.558242530350e-02,8.503824846605e-02,8.449979955333e-02,8.396700035326e-02,8.343977374580e-02,8.291804365355e-02,8.240173518399e-02,8.189077442880e-02,8.138508864252e-02,8.088460610282e-02,8.038925615539e-02,7.989896922892e-02,7.941367673632e-02,7.893331119499e-02,7.845780608834e-02,7.798709593854e-02,7.752111626293e-02,7.705980354832e-02,7.660309528760e-02,7.615092990520e-02,7.570324678353e-02,7.525998625957e-02,7.482108956827e-02,7.438649886930e-02,7.395615721844e-02,7.353000854487e-02,7.310799766726e-02,7.269007024137e-02,7.227617278524e-02,7.186625263843e-02,7.146025796010e-02,7.105813772260e-02,7.065984167640e-02,7.026532037076e-02,6.987452510800e-02,6.948740795333e-02,6.910392171427e-02,6.872401992358e-02,6.834765684309e-02,6.797478743160e-02
-3.328523320660e-01,-2.550167190641e-01,-1.895630114981e-01,-1.342395053290e-01,-8.726891274101e-02,-4.723470904087e-02,-1.299784205713e-02,1.636509587487e-02,4.160830837577e-02,6.335205801684e-02,8.210971207666e-02,9.830867954763e-02,1.123067595692e-01,1.244050102241e-01,1.348579542727e-01,1.438817304372e-01,1.516606462179e-01,1.583524790598e-01,1.640927892279e-01,1.689984486603e-01,1.731705426607e-01,1.766967680606e-01,1.796534242536e-01,1.821070733297e-01,1.841159304753e-01,1.857310326359e-01,1.869972248930e-01,1.879539956883e-01,1.886361866791e-01,1.890745978884e-01,1.892965052659e-01,1.893261046375e-01,1.891848935883e-01,1.888920008731e-01,1.884644712931e-01,1.879175126620e-01,1.872647104843e-01,1.865182148641e-01,1.856889038067e-01,1.847865259206e-01,1.838198256824e-01,1.827966533616e-01,1.817240617017e-01,1.806083913981e-01,1.794553462305e-01,1.782700599137e-01,1.770571549744e-01,1.758207953153e-01,1.745647326885e-01,1.732923482243e-01,1.720066893921e-01,1.707105029186e-01,1.694062644328e-01,1.680962045906e-01,1.667823330910e-01,1.654664593715e-01,1.641502123084e-01,1.628350565385e-01,1.615223087270e-01,1.602131505975e-01,1.589086421491e-01,1.576097326717e-01,1.563172705492e-01,1.550320134136e-01,1.537546354073e-01,1.524857357341e-01,1.512258446665e-01,1.499754304247e-01,1.487349043398e-01,1.475046262311e-01,1.462849090366e-01,1.450760228073e-01,1.438781990705e-01,1.426916335218e-01,1.415164903456e-01,1.403529036613e-01,1.392009819889e-01,1.380608085603e-01,1.369324457275e-01,1.358159349024e-01,1.347113000688e-01,1.336185487603e-01,1.325376728325e-01,1.314686517047e-01,1.304114515264e-01,1.293660281767e-01,1.283323268172e-01,1.273102839708e-01,1.262998276100e-01,1.253008783463e-01,1.243133500667e-01,1.233371503143e-01,1.223721814269e-01,1.214183402625e-01,1.204755197131e-01,1.195436080240e-01,1.186224904539e-01,1.177120485573e-01,1.168121615699e-01,1.159227062116e-01,1.150435574598e-01,1.141745887214e-01,1.133156727089e-01,1.124666811069e-01,1.116274859874e-01,1.107979590662e-01,1.099779731774e-01,1.091674015900e-01,1.083661190430e-01,1.075740015321e-01,1.067909264991e-01,1.060167734136e-01,1.052514228582e-01,1.044947581034e-01,1.037466629984e-01,1.030070245981e-01,1.022757299244e-01,1.015526694676e-01,1.008377335307e-01,1.001308153726e-01,9.943180862978e-02,9.874060835581e-02,9.805711175535e-02,9.738121599085e-02,9.671282049520e-02,9.605182498106e-02,9.539813089315e-02,9.475164033568e-02,9.411225673861e-02,9.347988449877e-02,9.285442904887e-02,9.223579702571e-02,9.162389590739e-02,9.101863454960e-02,9.041992252827e-02,8.982767091528e-02,8.924179143571e-02,8.866219736071e-02,8.808880267495e-02,8.752152279266e-02,8.696027403270e-02,8.640497385913e-02,8.585554101027e-02,8.531189512226e-02,8.477395713741e-02,8.424164897000e-02,8.371489374679e-02,8.319361563163e-02,8.267773992749e-02,8.216719301405e-02,8.166190235145e-02,8.116179649674e-02,8.066680503933e-02,8.017685867105e-02,7.969188907547e-02,7.921182903333e-02,7.873661228158e-02,7.826617363768e-02,7.780044885759e-02,7.733937473470e-02,7.688288900353e-02,7.643093036411e-02,7.598343849166e-02,7.554035395920e-02,7.510161829497e-02,7.466717391073e-02,7.423696413256e-02,7.381093315595e-02,7.338902605294e-02,7.297118874819e-02,7.255736800768e-02,7.214751143137e-02,7.174156742737e-02,7.133948521790e-02,7.094121480190e-02,7.054670697184e-02,7.015591326692e-02,6.976878599784e-02,6.938527819763e-02,6.900534364222e-02,6.862893681304e-02
-3.238517426697e-01,-2.467664617410e-01,-1.819546191101e-01,-1.271843203292e-01,-8.069384784596e-02,-4.107903739551e-02,-7.210738922229e-03,2.182645554834e-02,4.678023658375e-02,6.826552562686e-02,8.679128052817e-02,1.027812470282e-01,1.165901631704e-01,1.285165148329e-01,1.388126523227e-01,1.476928703545e-01,1.553399041458e-01,1.619101844594e-01,1.675381134702e-01,1.723395631154e-01,1.764147520345e-01,1.798506231815e-01,1.827228179451e-01,1.850973221697e-01,1.870318448141e-01,1.885769767236e-01,1.897771687428e-01,1.906715598895e-01,1.912946813100e-01,1.916770563318e-01,1.918457137502e-01,1.918246280503e-01,1.916350981456e-01,1.912960740413e-01,1.908244393548e-01,1.902352562542e-01,1.895419783280e-01,1.887566360072e-01,1.878899984491e-01,1.869517151363e-01,1.859504400438e-01,1.848939407005e-01,1.837891940532e-01,1.826424712469e-01,1.814594121194e-01,1.802450915371e-01,1.790040777183e-01,1.777404844587e-01,1.764580170821e-01,1.751600138032e-01,1.738494821487e-01,1.725291318870e-01,1.712014040723e-01,1.698684973718e-01,1.685323913750e-01,1.671948677055e-01,1.658575288622e-01,1.645218151695e-01,1.631890201366e-01,1.618603040500e-01,1.605367065557e-01,1.592191579066e-01,1.579084885195e-01,1.566054391219e-01,1.553106678374e-01,1.540247588609e-01,1.527482281003e-01,1.514815304230e-01,1.502250642113e-01,1.489791773883e-01,1.477441711576e-01,1.465203049641e-01,1.453077996435e-01,1.441068414340e-01,1.429175847264e-01,1.417401552109e-01,1.405746523888e-01,1.394211519166e-01,1.382797080130e-01,1.371503550478e-01,1.360331098006e-01,1.349279731864e-01,1.338349306325e-01,1.327539555187e-01,1.316850080772e-01,1.306280387912e-01,1.295829873609e-01,1.285497855230e-01,1.275283562264e-01,1.265186158737e-01,1.255204737605e-01,1.245338337533e-01,1.235585940281e-01,1.225946482251e-01,1.216418854950e-01,1.207001912079e-01,1.197694472742e-01,1.188495325349e-01,1.179403232671e-01,1.170416934336e-01,1.161535152328e-01,1.152756593200e-01,1.144079954966e-01,1.135503925878e-01,1.127027196561e-01,1.118648452673e-01,1.110366391841e-01,1.102179711971e-01,1.094087129942e-01,1.086087368151e-01,1.078179171897e-01,1.070361296721e-01,1.062632521937e-01,1.054991640960e-01,1.047437469308e-01,1.039968839481e-01,1.032584602709e-01,1.025283629184e-01,1.018064803680e-01,1.010927031200e-01,1.003869229218e-01,9.968903269732e-02,9.899892788886e-02,9.831650381925e-02,9.764165845850e-02,9.697428983529e-02,9.631429817707e-02,9.566158403403e-02,9.501604979673e-02,9.437759841434e-02,9.374613440292e-02,9.312156303867e-02,9.250379096413e-02,9.189272574667e-02,9.128827617814e-02,9.069035210387e-02,9.009886449645e-02,8.951372547740e-02,8.893484823080e-02,8.836214715598e-02,8.779553771174e-02,8.723493643659e-02,8.668026120997e-02,8.613143077119e-02,8.558836523425e-02,8.505098563488e-02,8.451921430073e-02,8.399297453790e-02,8.347219087670e-02,8.295678886185e-02,8.244669520552e-02,8.194183765395e-02,8.144214507217e-02,8.094754736622e-02,8.045797551813e-02,7.997336154824e-02,7.949363851434e-02,7.901874050249e-02,7.854860260073e-02,7.808316091002e-02,7.762235250646e-02,7.716611543043e-02,7.671438871733e-02,7.626711230355e-02,7.582422710092e-02,7.538567490518e-02,7.495139844893e-02,7.452134133191e-02,7.409544805472e-02,7.367366396616e-02,7.325593528189e-02,7.284220904539e-02,7.243243313475e-02,7.202655623455e-02,7.162452783318e-02,7.122629820367e-02,7.083181839340e-02,7.044104021228e-02,7.005391621628e-02,6.967039970180e-02,6.929044468619e-02
-3.155369970402e-01,-2.391276363347e-01,-1.748937876935e-01,-1.206215082045e-01,-7.456318062040e-02,-3.532582629215e-02,-1.789249884618e-03,2.695472768043e-02,5.164791558486e-02,7.290041598795e-02,9.121721090014e-02,1.070187457330e-01,1.206570026533e-01,1.324281536974e-01,1.425825963584e-01,1.513329690759e-01,1.588605959278e-01,1.653206999223e-01,1.708466454061e-01,1.755534088101e-01,1.795404332412e-01,1.828939875244e-01,1.856891250534e-01,1.879913171090e-01,1.898578208622e-01,1.913388293431e-01,1.924784419709e-01,1.933154865475e-01,1.938842177267e-01,1.942149126651e-01,1.943343803103e-01,1.942663983954e-01,1.940320892811e-01,1.936502441937e-01,1.931376036251e-01,1.925091004481e-01,1.917780711834e-01,1.909564400743e-01,1.900548797177e-01,1.890829516688e-01,1.880492296339e-01,1.869614077593e-01,1.858263957760e-01,1.846504031158e-01,1.834390129454e-01,1.821972478505e-01,1.809296279645e-01,1.796402224708e-01,1.783326956593e-01,1.770103474297e-01,1.756761500234e-01,1.743327801784e-01,1.729826483630e-01,1.716279246648e-01,1.702705619554e-01,1.689123170544e-01,1.675547689705e-01,1.661993363456e-01,1.648472920177e-01,1.634997771337e-01,1.621578131485e-01,1.608223132901e-01,1.594940919370e-01,1.581738745396e-01,1.568623050892e-01,1.555599539719e-01,1.542673246495e-01,1.529848593968e-01,1.517129456687e-01,1.504519199010e-01,1.492020734350e-01,1.479636555078e-01,1.467368778101e-01,1.455219176423e-01,1.443189207701e-01,1.431280051566e-01,1.419492621489e-01,1.407827605278e-01,1.396285470828e-01,1.384866497928e-01,1.373570788616e-01,1.362398291710e-01,1.351348803629e-01,1.340422000289e-01,1.329617434200e-01,1.318934554503e-01,1.308372715938e-01,1.297931182132e-01,1.287609147567e-01,1.277405725958e-01,1.267319977703e-01,1.257350899329e-01,1.247497439959e-01,1.237758502399e-01,1.228132945406e-01,1.218619596217e-01,1.209217242335e-01,1.199924648555e-01,1.190740549729e-01,1.181663661646e-01,1.172692681123e-01,1.163826290724e-01,1.155063162479e-01,1.146401960586e-01,1.137841347110e-01,1.129379983775e-01,1.121016534866e-01,1.112749675831e-01,1.104578084035e-01,1.096500460747e-01,1.088515511033e-01,1.080621965691e-01,1.072818568719e-01,1.065104083364e-01,1.057477297878e-01,1.049937009336e-01,1.042482049486e-01,1.035111254023e-01,1.027823490012e-01,1.020617634401e-01,1.013492585837e-01,1.006447251999e-01,9.994805685063e-02,9.925914733371e-02,9.857789264600e-02,9.790418981181e-02,9.723793704557e-02,9.657903429022e-02,9.592738191065e-02,9.528288241537e-02,9.464543865137e-02,9.401495519184e-02,9.339133746418e-02,9.277449206830e-02,9.216432693213e-02,9.156075074757e-02,9.096367382015e-02,9.037300714123e-02,8.978866319246e-02,8.921055538747e-02,8.863859839169e-02,8.807270786311e-02,8.751280085657e-02,8.695879532091e-02,8.641061049897e-02,8.586816670992e-02,8.533138538926e-02,8.480018918066e-02,8.427450171748e-02,8.375424790390e-02,8.323935361661e-02,8.272974592183e-02,8.222535292880e-02,8.172610383130e-02,8.123192892148e-02,8.074275949153e-02,8.025852795391e-02,7.977916768503e-02,7.930461313817e-02,7.883479974322e-02,7.836966394414e-02,7.790914314381e-02,7.745317575723e-02,7.700170111528e-02,7.655465951821e-02,7.611199218597e-02,7.567364125166e-02,7.523954976592e-02,7.480966164365e-02,7.438392170514e-02,7.396227560629e-02,7.354466986977e-02,7.313105184386e-02,7.272136969947e-02,7.231557242301e-02,7.191360978259e-02,7.151543234690e-02,7.112099143665e-02,7.073023914378e-02,7.034312829596e-02,6.995961245788e-02
-3.078841781133e-01,-2.320789111511e-01,-1.683613938288e-01,-1.145338444194e-01,-6.886132937760e-02,-2.996092348221e-02,3.279527184570e-03,3.176171564741e-02,5.622217898857e-02,7.726670290992e-02,9.539671200257e-02,1.110297011388e-01,1.245151911292e-01,1.361472893768e-01,1.461746523924e-01,1.548084436079e-01,1.622287313471e-01,1.685896650231e-01,1.740236871880e-01,1.786449796558e-01,1.825522979853e-01,1.858313138753e-01,1.885565603402e-01,1.907930536537e-01,1.925976518104e-01,1.940201966312e-01,1.951044775327e-01,1.958890479402e-01,1.964079189967e-01,1.966911510829e-01,1.967653597756e-01,1.966541497806e-01,1.963784883106e-01,1.959570271240e-01,1.954063810486e-01,1.947413694739e-01,1.939752262241e-01,1.931197823887e-01,1.921856259045e-01,1.911822412321e-01,1.901181317125e-01,1.890009271664e-01,1.878374784065e-01,1.866339407667e-01,1.853958477308e-01,1.841281760577e-01,1.828354036643e-01,1.815215607107e-01,1.801902752568e-01,1.788448138580e-01,1.774881174866e-01,1.761228340584e-01,1.747513470730e-01,1.733758014020e-01,1.719981266372e-01,1.706200573990e-01,1.692431523153e-01,1.678688106617e-01,1.664982871656e-01,1.651327060132e-01,1.637730725653e-01,1.624202849755e-01,1.610751434092e-01,1.597383597570e-01,1.584105654664e-01,1.570923187025e-01,1.557841116569e-01,1.544863758468e-01,1.531994881029e-01,1.519237757236e-01,1.506595201980e-01,1.494069623449e-01,1.481663053823e-01,1.469377183656e-01,1.457213400356e-01,1.445172803763e-01,1.433256243231e-01,1.421464338129e-01,1.409797492974e-01,1.398255928639e-01,1.386839687528e-01,1.375548663817e-01,1.364382601449e-01,1.353341123555e-01,1.342423737556e-01,1.331629842643e-01,1.320958751726e-01,1.310409686767e-01,1.299981796293e-01,1.289674164917e-01,1.279485808003e-01,1.269415693125e-01,1.259462735604e-01,1.249625804775e-01,1.239903736653e-01,1.230295324401e-01,1.220799334332e-01,1.211414505416e-01,1.202139548995e-01,1.192973159375e-01,1.183914010527e-01,1.174960764185e-01,1.166112069730e-01,1.157366570017e-01,1.148722903027e-01,1.140179707929e-01,1.131735623173e-01,1.123389296830e-01,1.115139385149e-01,1.106984551546e-01,1.098923482288e-01,1.090954872049e-01,1.083077436874e-01,1.075289915458e-01,1.067591056070e-01,1.059979640839e-01,1.052454464697e-01,1.045014341144e-01,1.037658112756e-01,1.030384630445e-01,1.023192774020e-01,1.016081429304e-01,1.009049512791e-01,1.002095947347e-01,9.952196725497e-02,9.884196479074e-02,9.816948385834e-02,9.750442307937e-02,9.684668209983e-02,9.619616146682e-02,9.555276368494e-02,9.491639184734e-02,9.428695050021e-02,9.366434549530e-02,9.304848340780e-02,9.243927252043e-02,9.183662195622e-02,9.124044196533e-02,9.065064421499e-02,9.006714122445e-02,8.948984693249e-02,8.891867615847e-02,8.835354518148e-02,8.779437121765e-02,8.724107266788e-02,8.669356917787e-02,8.615178138055e-02,8.561563118324e-02,8.508504157260e-02,8.455993659959e-02,8.404024155152e-02,8.352588272064e-02,8.301678754054e-02,8.251288455303e-02,8.201410330752e-02,8.152037450628e-02,8.103162985688e-02,8.054780210580e-02,8.006882507219e-02,7.959463354602e-02,7.912516336548e-02,7.866035131753e-02,7.820013521872e-02,7.774445381695e-02,7.729324681840e-02,7.684645488561e-02,7.640401957967e-02,7.596588339781e-02,7.553198972654e-02,7.510228282524e-02,7.467670784723e-02,7.425521078309e-02,7.383773847543e-02,7.342423860162e-02,7.301465964036e-02,7.260895089325e-02,7.220706244124e-02,7.180894514133e-02,7.141455062588e-02,7.102383126694e-02,7.063674018760e-02
-3.008715237315e-01,-2.256008798408e-01,-1.623400427107e-01,-1.089056633032e-01,-6.357412395989e-02,-2.497145958621e-02,8.007324401342e-03,3.625815248629e-02,6.051287803559e-02,8.137345643657e-02,9.933815875865e-02,1.148218676191e-01,1.281719270497e-01,1.396806205530e-01,1.495950687111e-01,1.581251349248e-01,1.654497821587e-01,1.717222159307e-01,1.770740692280e-01,1.816188268340e-01,1.854546418765e-01,1.886666634318e-01,1.913289695619e-01,1.935061791711e-01,1.952548020011e-01,1.966243737720e-01,1.976584140197e-01,1.983952374602e-01,1.988686436066e-01,1.991085046449e-01,1.991412683177e-01,1.989903893529e-01,1.986767005364e-01,1.982187328613e-01,1.976329924211e-01,1.969342004550e-01,1.961355020066e-01,1.952486476600e-01,1.942841522225e-01,1.932514335669e-01,1.921589342736e-01,1.910142286224e-01,1.898241165564e-01,1.885947066998e-01,1.873314896321e-01,1.860394025597e-01,1.847228868506e-01,1.833859390197e-01,1.820321558411e-01,1.806647748204e-01,1.792867101627e-01,1.779005846063e-01,1.765087582929e-01,1.751133544581e-01,1.737162821069e-01,1.723192568840e-01,1.709238196343e-01,1.695313526652e-01,1.681430950336e-01,1.667601560992e-01,1.653835271656e-01,1.640140932089e-01,1.626526419546e-01,1.612998734066e-01,1.599564080032e-01,1.586227932900e-01,1.572995111929e-01,1.559869841098e-01,1.546855796150e-01,1.533956161384e-01,1.521173675545e-01,1.508510664203e-01,1.495969085023e-01,1.483550562645e-01,1.471256410025e-01,1.459087665319e-01,1.447045118649e-01,1.435129325092e-01,1.423340635391e-01,1.411679216696e-01,1.400145057751e-01,1.388738003630e-01,1.377457751047e-01,1.366303875402e-01,1.355275843420e-01,1.344373011179e-01,1.333594647282e-01,1.322939942428e-01,1.312408004619e-01,1.301997879676e-01,1.291708558398e-01,1.281538970012e-01,1.271488000175e-01,1.261554496121e-01,1.251737259584e-01,1.242035062242e-01,1.232446649177e-01,1.222970732847e-01,1.213606005735e-01,1.204351142489e-01,1.195204796301e-01,1.186165610855e-01,1.177232215893e-01,1.168403235329e-01,1.159677287294e-01,1.151052989645e-01,1.142528962050e-01,1.134103825699e-01,1.125776214766e-01,1.117544772235e-01,1.109408149191e-01,1.101365020919e-01,1.093414076609e-01,1.085554018049e-01,1.077783578304e-01,1.070101506590e-01,1.062506566441e-01,1.054997554924e-01,1.047573284895e-01,1.040232582949e-01,1.032974310001e-01,1.025797329750e-01,1.018700539188e-01,1.011682846010e-01,1.004743168930e-01,9.978804541960e-02,9.910936572097e-02,9.843817431579e-02,9.777437008042e-02,9.711785274487e-02,9.646852296185e-02,9.582628342337e-02,9.519103768032e-02,9.456269020621e-02,9.394114727702e-02,9.332631607151e-02,9.271810472171e-02,9.211642299130e-02,9.152118160247e-02,9.093229227044e-02,9.034966827390e-02,8.977322363181e-02,8.920287389430e-02,8.863853560119e-02,8.808012634164e-02,8.752756509815e-02,8.698077187582e-02,8.643966774143e-02,8.590417507647e-02,8.537421730192e-02,8.484971889956e-02,8.433060559678e-02,8.381680416096e-02,8.330824240796e-02,8.280484933632e-02,8.230655497212e-02,8.181329036846e-02,8.132498770251e-02,8.084158015685e-02,8.036300191283e-02,7.988918822968e-02,7.942007529941e-02,7.895560036192e-02,7.849570160436e-02,7.804031815653e-02,7.758939013634e-02,7.714285857452e-02,7.670066540697e-02,7.626275350753e-02,7.582906662673e-02,7.539954938166e-02,7.497414727974e-02,7.455280666775e-02,7.413547472026e-02,7.372209945686e-02,7.331262969888e-02,7.290701505711e-02,7.250520594418e-02,7.210715353727e-02,7.171280976541e-02,7.132212732104e-02
-2.944792836395e-01,-2.196759338661e-01,-1.568139538417e-01,-1.037227551668e-01,-5.868871269115e-02,-2.034576363194e-02,1.240478074611e-02,4.045377100861e-02,6.452894619808e-02,8.522890182991e-02,1.030491468527e-01,1.184022788864e-01,1.316337407679e-01,1.430342255184e-01,1.528495160924e-01,1.612883455127e-01,1.685287171701e-01,1.747230182341e-01,1.800021809489e-01,1.844790876676e-01,1.882513715717e-01,1.914037313537e-01,1.940098535642e-01,1.961340156176e-01,1.978324284344e-01,1.991543653578e-01,2.001431149268e-01,2.008367878506e-01,2.012690028888e-01,2.014694717313e-01,2.014644991764e-01,2.012774122704e-01,2.009289295029e-01,2.004374792888e-01,1.998194754071e-01,1.990895558441e-01,1.982607903726e-01,1.973448613753e-01,1.963522217241e-01,1.952922329086e-01,1.941732860917e-01,1.930029085476e-01,1.917878571738e-01,1.905342010845e-01,1.892473944960e-01,1.879323411844e-01,1.865934515974e-01,1.852346936074e-01,1.838596376122e-01,1.824714965085e-01,1.810731615646e-01,1.796672343327e-01,1.782560551429e-01,1.768417285341e-01,1.754261462411e-01,1.740110077350e-01,1.725978384190e-01,1.711880063345e-01,1.697827370757e-01,1.683831271999e-01,1.669901560299e-01,1.656046971810e-01,1.642275276671e-01,1.628593373247e-01,1.615007368080e-01,1.601522647495e-01,1.588143942847e-01,1.574875392802e-01,1.561720598787e-01,1.548682668551e-01,1.535764266125e-01,1.522967652328e-01,1.510294720781e-01,1.497747028854e-01,1.485325832766e-01,1.473032116291e-01,1.460866609794e-01,1.448829818441e-01,1.436922043877e-01,1.425143403261e-01,1.413493839861e-01,1.401973154272e-01,1.390581001105e-01,1.379316914857e-01,1.368180320220e-01,1.357170540319e-01,1.346286805558e-01,1.335528267515e-01,1.324894008741e-01,1.314383040415e-01,1.303994318402e-01,1.293726748577e-01,1.283579190607e-01,1.273550459536e-01,1.263639336568e-01,1.253844573200e-01,1.244164887752e-01,1.234598974907e-01,1.225145508775e-01,1.215803144885e-01,1.206570519121e-01,1.197446259007e-01,1.188428977319e-01,1.179517281185e-01,1.170709772633e-01,1.162005051029e-01,1.153401717423e-01,1.144898376674e-01,1.136493637732e-01,1.128186122751e-01,1.119974464987e-01,1.111857310371e-01,1.103833320907e-01,1.095901181633e-01,1.088059594702e-01,1.080307278578e-01,1.072642980641e-01,1.065065468421e-01,1.057573528679e-01,1.050165967946e-01,1.042841624051e-01,1.035599339776e-01,1.028437992222e-01,1.021356471104e-01,1.014353681799e-01,1.007428548852e-01,1.000580016307e-01,9.938070408199e-02,9.871085903069e-02,9.804836543135e-02,9.739312329646e-02,9.674503381747e-02,9.610399952459e-02,9.546992452617e-02,9.484271394592e-02,9.422227394985e-02,9.360851227885e-02,9.300133776041e-02,9.240066031983e-02,9.180639103440e-02,9.121844246032e-02,9.063672789293e-02,9.006116219775e-02,8.949166123595e-02,8.892814198746e-02,8.837052264355e-02,8.781872261291e-02,8.727266239067e-02,8.673226355077e-02,8.619744894093e-02,8.566814247595e-02,8.514426916490e-02,8.462575513699e-02,8.411252767531e-02,8.360451511573e-02,8.310164684588e-02,8.260385338295e-02,8.211106628376e-02,8.162321813652e-02,8.114024255820e-02,8.066207423565e-02,8.018864879342e-02,7.971990291634e-02,7.925577424345e-02,7.879620137476e-02,7.834112387372e-02,7.789048225608e-02,7.744421795464e-02,7.700227330426e-02,7.656459156452e-02,7.613111687059e-02,7.570179422517e-02,7.527656949125e-02,7.485538938764e-02,7.443820145749e-02,7.402495405588e-02,7.361559635585e-02,7.321007831881e-02,7.280835068176e-02,7.241036494624e-02,7.201607337966e-02
-2.886895911014e-01,-2.142881480251e-01,-1.517688584499e-01,-9.897227389898e-02,-5.419347891852e-02,-1.607328737421e-02,1.648151117644e-02,4.435736681587e-02,6.827845676589e-02,8.884047291566e-02,1.065365415599e-01,1.217772930885e-01,1.349065366008e-01,1.462136008997e-01,1.559431239362e-01,1.643028731391e-01,1.714700336656e-01,1.775962963570e-01,1.828119983685e-01,1.872295114903e-01,1.909460290912e-01,1.940458696558e-01,1.966023898631e-01,1.986795799520e-01,2.003334000168e-01,2.016129035851e-01,2.025611859830e-01,2.032161875824e-01,2.036113765272e-01,2.037763309048e-01,2.037372367172e-01,2.035173150920e-01,2.031371898024e-01,2.026152043464e-01,2.019676961880e-01,2.012092345571e-01,2.003528271148e-01,1.994101000091e-01,1.983914550778e-01,1.973062073722e-01,1.961627057292e-01,1.949684387336e-01,1.937301278592e-01,1.924538097050e-01,1.911449085653e-01,1.898083006655e-01,1.884483710130e-01,1.870690639172e-01,1.856739278869e-01,1.842661555877e-01,1.828486194378e-01,1.814239033347e-01,1.799943311391e-01,1.785619920612e-01,1.771287635004e-01,1.756963312545e-01,1.742662080595e-01,1.728397500063e-01,1.714181714421e-01,1.700025581553e-01,1.685938794575e-01,1.671929993954e-01,1.658006859582e-01,1.644176203964e-01,1.630444051203e-01,1.616815710730e-01,1.603295840571e-01,1.589888508440e-01,1.576597246456e-01,1.563425100479e-01,1.550374674124e-01,1.537448167392e-01,1.524647416714e-01,1.511973927377e-01,1.499428906289e-01,1.487013283118e-01,1.474727742305e-01,1.462572744033e-01,1.450548547203e-01,1.438655223961e-01,1.426892678773e-01,1.415260672727e-01,1.403758823341e-01,1.392386628961e-01,1.381143477783e-01,1.370028661079e-01,1.359041378092e-01,1.348180748428e-01,1.337445821447e-01,1.326835584004e-01,1.316348966101e-01,1.305984844255e-01,1.295742052282e-01,1.285619384390e-01,1.275615602402e-01,1.265729431362e-01,1.255959572088e-01,1.246304701563e-01,1.236763477545e-01,1.227334537103e-01,1.218016501749e-01,1.208807984538e-01,1.199707583629e-01,1.190713891767e-01,1.181825496675e-01,1.173040983348e-01,1.164358936631e-01,1.155777944825e-01,1.147296601817e-01,1.138913508912e-01,1.130627277731e-01,1.122436535745e-01,1.114339924671e-01,1.106336103584e-01,1.098423746682e-01,1.090601556348e-01,1.082868252817e-01,1.075222578338e-01,1.067663294076e-01,1.060189188719e-01,1.052799075145e-01,1.045491775840e-01,1.038266147678e-01,1.031121062055e-01,1.024055409591e-01,1.017068096425e-01,1.010158050844e-01,1.003324217519e-01,9.965655556295e-02,9.898810384306e-02,9.832696542537e-02,9.767304086304e-02,9.702623184038e-02,9.638644136340e-02,9.575357351431e-02,9.512753413528e-02,9.450823004863e-02,9.389556930802e-02,9.328946106700e-02,9.268981589353e-02,9.209654558961e-02,9.150956278830e-02,9.092878171167e-02,9.035411758561e-02,8.978548680904e-02,8.922280688739e-02,8.866599659330e-02,8.811497584099e-02,8.756966566167e-02,8.702998820690e-02,8.649586677261e-02,8.596722583596e-02,8.544399094692e-02,8.492608876250e-02,8.441344700090e-02,8.390599455066e-02,8.340366133054e-02,8.290637832426e-02,8.241407754928e-02,8.192669209786e-02,8.144415609623e-02,8.096640462702e-02,8.049337384153e-02,8.002500085148e-02,7.956122374427e-02,7.910198155883e-02,7.864721430026e-02,7.819686290617e-02,7.775086922963e-02,7.730917602682e-02,7.687172694879e-02,7.643846653655e-02,7.600934018899e-02,7.558429415716e-02,7.516327552317e-02,7.474623221141e-02,7.433311294914e-02,7.392386726243e-02,7.351844545849e-02,7.311679862505e-02,7.271887861173e-02
-2.834863477346e-01,-2.094231777796e-01,-1.471919075006e-01,-9.464265423707e-02,-5.007796617217e-02,-1.214453740061e-02,2.024616829661e-02,4.797685491784e-02,7.176867464808e-02,9.221485935230e-02,1.098065216461e-01,1.249526334506e-01,1.379956301120e-01,1.492236964162e-01,1.588805127135e-01,1.671730409149e-01,1.742777855650e-01,1.803458598742e-01,1.855071087539e-01,1.898734827965e-01,1.935418135793e-01,1.965961076919e-01,1.991094519558e-01,2.011456023240e-01,2.027603148013e-01,2.040024645639e-01,2.049149905422e-01,2.055356955740e-01,2.058979264954e-01,2.060311540646e-01,2.059614690458e-01,2.057120078084e-01,2.053033184948e-01,2.047536769408e-01,2.040793598949e-01,2.032948819573e-01,2.024132015172e-01,2.014459001651e-01,2.004033393353e-01,1.992947973550e-01,1.981285896017e-01,1.969121740906e-01,1.956522443123e-01,1.943548111801e-01,1.930252753597e-01,1.916684912684e-01,1.902888237994e-01,1.888901986335e-01,1.874761469633e-01,1.860498453450e-01,1.846141511785e-01,1.831716343876e-01,1.817246057774e-01,1.802751422405e-01,1.788251095677e-01,1.773761827733e-01,1.759298643706e-01,1.744875008315e-01,1.730502973287e-01,1.716193310039e-01,1.701955630110e-01,1.687798495959e-01,1.673729513743e-01,1.659755425576e-01,1.645882188469e-01,1.632115046755e-01,1.618458598309e-01,1.604916853015e-01,1.591493286371e-01,1.578190889925e-01,1.565012215156e-01,1.551959413924e-01,1.539034276858e-01,1.526238262289e-01,1.513572530947e-01,1.501037972539e-01,1.488635230943e-01,1.476364728108e-01,1.464226683809e-01,1.452221133680e-01,1.440347947989e-01,1.428606853553e-01,1.416997435717e-01,1.405519161337e-01,1.394171388209e-01,1.382953376158e-01,1.371864298309e-01,1.360903248165e-01,1.350069247531e-01,1.339361256879e-01,1.328778181011e-01,1.318318875332e-01,1.307982153834e-01,1.297766787360e-01,1.287671514836e-01,1.277695045479e-01,1.267836062392e-01,1.258093226772e-01,1.248465179392e-01,1.238950542646e-01,1.229547924859e-01,1.220255926284e-01,1.211073132525e-01,1.201998124046e-01,1.193029476318e-01,1.184165762141e-01,1.175405553863e-01,1.166747425568e-01,1.158189956466e-01,1.149731732901e-01,1.141371350808e-01,1.133107418116e-01,1.124938554649e-01,1.116863400584e-01,1.108880612838e-01,1.100988867952e-01,1.093186863448e-01,1.085473317213e-01,1.077846970349e-01,1.070306589562e-01,1.062850964668e-01,1.055478897996e-01,1.048189225984e-01,1.040980801426e-01,1.033852497540e-01,1.026803207131e-01,1.019831840157e-01,1.012937326052e-01,1.006118613114e-01,9.993746640842e-02,9.927044572641e-02,9.861069858907e-02,9.795812553592e-02,9.731262895851e-02,9.667411237049e-02,9.604248058611e-02,9.541763970572e-02,9.479949702543e-02,9.418796114250e-02,9.358294199005e-02,9.298435069597e-02,9.239209927105e-02,9.180610133140e-02,9.122627150825e-02,9.065252561260e-02,9.008478062850e-02,8.952295467183e-02,8.896696705764e-02,8.841673828912e-02,8.787218997273e-02,8.733324485262e-02,8.679982680233e-02,8.627186077612e-02,8.574927292402e-02,8.523199045468e-02,8.471994166545e-02,8.421305593417e-02,8.371126369670e-02,8.321449645634e-02,8.272268677977e-02,8.223576826328e-02,8.175367547043e-02,8.127634404054e-02,8.080371057890e-02,8.033571267207e-02,7.987228887441e-02,7.941337868853e-02,7.895892256423e-02,7.850886188452e-02,7.806313893838e-02,7.762169691425e-02,7.718447988629e-02,7.675143279305e-02,7.632250144749e-02,7.589763249954e-02,7.547677343016e-02,7.505987253838e-02,7.464687892564e-02,7.423774248707e-02,7.383241390065e-02,7.343084460994e-02
-2.788551203281e-01,-2.050681672867e-01,-1.430715893141e-01,-9.072353761644e-02,-4.633281115524e-02,-8.551014349636e-03,2.370649767828e-02,5.131932007945e-02,7.500610272204e-02,9.535804940944e-02,1.128646184644e-01,1.279334242305e-01,1.409057817126e-01,1.520689461413e-01,1.616658228001e-01,1.699027242554e-01,1.769556085605e-01,1.829751270563e-01,1.880907326568e-01,1.924140419230e-01,1.960416007433e-01,1.990571704525e-01,2.015336265689e-01,2.035345423688e-01,2.051155153910e-01,2.063252828922e-01,2.072066633832e-01,2.077973542130e-01,2.081306095138e-01,2.082358183418e-01,2.081389992353e-01,2.078632245086e-01,2.074289853357e-01,2.068545067183e-01,2.061560199293e-01,2.053479987623e-01,2.044433648835e-01,2.034536667392e-01,2.023892357610e-01,2.012593230468e-01,2.000722191894e-01,1.988353595758e-01,1.975554169929e-01,1.962383833512e-01,1.948896418295e-01,1.935140307123e-01,1.921158999568e-01,1.906991613995e-01,1.892673333894e-01,1.878235805051e-01,1.863707489363e-01,1.849113981247e-01,1.834478289949e-01,1.819821092279e-01,1.805160959045e-01,1.790514558134e-01,1.775896837201e-01,1.761321186817e-01,1.746799588408e-01,1.732342747239e-01,1.717960211498e-01,1.703660482975e-01,1.689451110279e-01,1.675338780307e-01,1.661329397196e-01,1.647428154585e-01,1.633639601099e-01,1.619967699708e-01,1.606415881928e-01,1.592987096406e-01,1.579683852332e-01,1.566508261394e-01,1.553462073876e-01,1.540546712065e-01,1.527763300660e-01,1.515112694461e-01,1.502595504553e-01,1.490212118955e-01,1.477962725034e-01,1.465847329000e-01,1.453865771551e-01,1.442017750379e-01,1.430302823483e-01,1.418720430817e-01,1.407269904111e-01,1.395950477938e-01,1.384761299816e-01,1.373701439420e-01,1.362769897593e-01,1.351965613312e-01,1.341287468955e-01,1.330734299491e-01,1.320304897021e-01,1.309998015929e-01,1.299812377525e-01,1.289746674217e-01,1.279799574381e-01,1.269969722733e-01,1.260255745410e-01,1.250656253048e-01,1.241169841657e-01,1.231795100182e-01,1.222530603472e-01,1.213374921542e-01,1.204326619605e-01,1.195384260155e-01,1.186546405096e-01,1.177811617920e-01,1.169178465774e-01,1.160645521585e-01,1.152211367373e-01,1.143874595749e-01,1.135633812310e-01,1.127487637756e-01,1.119434709835e-01,1.111473685074e-01,1.103603238589e-01,1.095822069215e-01,1.088128898107e-01,1.080522468515e-01,1.073001549174e-01,1.065564922622e-01,1.058211404843e-01,1.050939829863e-01,1.043749053196e-01,1.036637951076e-01,1.029605419625e-01,1.022650373993e-01,1.015771746692e-01,1.008968487809e-01,1.002239566147e-01,9.955839647494e-02,9.890006818405e-02,9.824887302496e-02,9.760471369099e-02,9.696749424272e-02,9.633711997523e-02,9.571349765013e-02,9.509653527691e-02,9.448614207148e-02,9.388222857587e-02,9.328470621411e-02,9.269348802915e-02,9.210848809485e-02,9.152962167244e-02,9.095680520203e-02,9.038995629467e-02,8.982899372463e-02,8.927383740455e-02,8.872440840251e-02,8.818062897055e-02,8.764242245671e-02,8.710971333186e-02,8.658242718054e-02,8.606049069123e-02,8.554383164629e-02,8.503237889467e-02,8.452606238703e-02,8.402481312980e-02,8.352856317047e-02,8.303724560899e-02,8.255079451297e-02,8.206914503135e-02,8.159223328405e-02,8.111999637692e-02,8.065237238840e-02,8.018930035617e-02,7.973072026359e-02,7.927657302307e-02,7.882680046669e-02,7.838134533925e-02,7.794015127050e-02,7.750316276780e-02,7.707032520247e-02,7.664158479632e-02,7.621688860818e-02,7.579618451705e-02,7.537942121831e-02,7.496654820372e-02,7.455751574770e-02,7.415227489969e-02
-2.747830485545e-01,-2.012116671618e-01,-1.393976559213e-01,-8.720570591818e-02,-4.294968394133e-02,-5.285158600211e-03,2.686938735865e-02,5.439106198067e-02,7.799652298336e-02,9.827536772682e-02,1.157157510029e-01,1.307242232895e-01,1.436412265861e-01,1.547532960638e-01,1.643027402481e-01,1.724953748734e-01,1.795067425658e-01,1.854871458392e-01,1.905657435611e-01,1.948539034820e-01,1.984479601760e-01,2.014314948697e-01,2.038772290271e-01,2.058486037140e-01,2.074011026223e-01,2.085833646498e-01,2.094381230516e-01,2.100030010375e-01,2.103111880611e-01,2.103920165666e-01,2.102714553717e-01,2.099725329934e-01,2.095157018934e-01,2.089191527411e-01,2.081990862636e-01,2.073699489835e-01,2.064446381357e-01,2.054346802039e-01,2.043503868115e-01,2.032009911289e-01,2.019947674674e-01,2.007391363721e-01,1.994407570633e-01,1.981056090004e-01,1.967390638995e-01,1.953459494560e-01,1.939306058142e-01,1.924969356868e-01,1.910484489062e-01,1.895883020811e-01,1.881193339470e-01,1.866440969198e-01,1.851648852955e-01,1.836837604983e-01,1.822025736647e-01,1.807229859257e-01,1.792464866335e-01,1.777744097216e-01,1.763079484331e-01,1.748481685879e-01,1.733960204897e-01,1.719523499540e-01,1.705179076779e-01,1.690933583211e-01,1.676792884076e-01,1.662762135426e-01,1.648845849531e-01,1.635047954164e-01,1.621371846401e-01,1.607820441452e-01,1.594396217031e-01,1.581101253674e-01,1.567937271410e-01,1.554905663539e-01,1.542007526134e-01,1.529243685898e-01,1.516614725934e-01,1.504121008409e-01,1.491762695505e-01,1.479539768522e-01,1.467452043932e-01,1.455499195370e-01,1.443680758249e-01,1.431996150137e-01,1.420444680971e-01,1.409025564110e-01,1.397737926434e-01,1.386580817554e-01,1.375553218208e-01,1.364654047912e-01,1.353882171925e-01,1.343236407569e-01,1.332715529958e-01,1.322318277804e-01,1.312043356699e-01,1.301889443757e-01,1.291855192218e-01,1.281939234350e-01,1.272140184492e-01,1.262456641788e-01,1.252887191429e-01,1.243430412403e-01,1.234084870398e-01,1.224849126582e-01,1.215721737633e-01,1.206701257631e-01,1.197786239955e-01,1.188975239221e-01,1.180266813285e-01,1.171659525307e-01,1.163151945865e-01,1.154742655099e-01,1.146430244851e-01,1.138213320224e-01,1.130090502514e-01,1.122060431101e-01,1.114121764251e-01,1.106273180831e-01,1.098513381404e-01,1.090841089028e-01,1.083255052200e-01,1.075754034301e-01,1.068336831111e-01,1.061002257906e-01,1.053749152321e-01,1.046576373702e-01,1.039482802353e-01,1.032467338711e-01,1.025528902482e-01,1.018666431787e-01,1.011878882328e-01,1.005165226591e-01,9.985244531231e-02,9.919555652123e-02,9.854575818534e-02,9.790295365949e-02,9.726704762715e-02,9.663794611517e-02,9.601555646086e-02,9.539978728412e-02,9.479054856631e-02,9.418775117478e-02,9.359130760645e-02,9.300113141086e-02,9.241713733414e-02,9.183924130820e-02,9.126736044101e-02,9.070141300765e-02,9.014131844158e-02,8.958699732626e-02,8.903837138661e-02,8.849536348049e-02,8.795789758975e-02,8.742589879865e-02,8.689929331488e-02,8.637800844585e-02,8.586197257343e-02,8.535111515378e-02,8.484536670619e-02,8.434465880157e-02,8.384892406824e-02,8.335809610125e-02,8.287210958098e-02,8.239090016326e-02,8.191440449354e-02,8.144256019380e-02,8.097530584934e-02,8.051258099539e-02,8.005432610371e-02,7.960048256907e-02,7.915099269573e-02,7.870579968388e-02,7.826484761611e-02,7.782808144155e-02,7.739544696803e-02,7.696689084640e-02,7.654236055420e-02,7.612180438449e-02,7.570517143267e-02,7.529241158349e-02,7.488347550215e-02
-2.712587626214e-01,-1.978435611217e-01,-1.361610573893e-01,-8.408102240602e-02,-3.992123461353e-02,-2.340301974962e-03,2.974091177582e-02,5.719763548602e-02,8.074503355985e-02,1.009715092369e-01,1.183642569166e-01,1.333290505403e-01,1.462057011237e-01,1.572802287733e-01,1.667945197525e-01,1.749540422258e-01,1.819340516538e-01,1.878846124387e-01,1.929346853377e-01,1.971954727363e-01,2.007631707447e-01,2.037212443003e-01,2.061423169038e-01,2.080897468632e-01,2.096189477520e-01,2.107784988871e-01,2.116110827466e-01,2.121542791373e-01,2.124412402988e-01,2.125012666655e-01,2.123602994305e-01,2.120413431871e-01,2.115648296028e-01,2.109489312041e-01,2.102098328204e-01,2.093619669854e-01,2.084182185709e-01,2.073901030811e-01,2.062879223399e-01,2.051209007263e-01,2.038973046239e-01,2.026245473842e-01,2.013092816728e-01,1.999574809375e-01,1.985745113513e-01,1.971651954702e-01,1.957338686484e-01,1.942844291104e-01,1.928203824625e-01,1.913448813149e-01,1.898607606035e-01,1.883705691183e-01,1.868765976822e-01,1.853809043682e-01,1.838853370927e-01,1.823915538808e-01,1.809010410646e-01,1.794151296423e-01,1.779350099983e-01,1.764617451636e-01,1.749962827189e-01,1.735394657937e-01,1.720920424888e-01,1.706546749031e-01,1.692279470476e-01,1.678123720607e-01,1.664083987457e-01,1.650164174985e-01,1.636367656854e-01,1.622697325263e-01,1.609155635295e-01,1.595744645239e-01,1.582466053250e-01,1.569321230712e-01,1.556311252607e-01,1.543436925172e-01,1.530698811100e-01,1.518097252513e-01,1.505632391900e-01,1.493304191231e-01,1.481112448023e-01,1.469056816860e-01,1.457136815262e-01,1.445351842875e-01,1.433701192061e-01,1.422184058958e-01,1.410799553583e-01,1.399546709044e-01,1.388424489954e-01,1.377431800094e-01,1.366567489400e-01,1.355830360308e-01,1.345219173520e-01,1.334732653226e-01,1.324369491820e-01,1.314128354154e-01,1.304007881358e-01,1.294006694267e-01,1.284123396495e-01,1.274356577173e-01,1.264704812094e-01,1.255166671555e-01,1.245740713516e-01,1.236425491705e-01,1.227219555770e-01,1.218121453005e-01,1.209129730052e-01,1.200242934635e-01,1.191459617321e-01,1.182778333358e-01,1.174197644571e-01,1.165716121315e-01,1.157332344459e-01,1.149044907383e-01,1.140852417912e-01,1.132753500184e-01,1.124746796353e-01,1.116830968124e-01,1.109004698047e-01,1.101266690555e-01,1.093615675095e-01,1.086050396833e-01,1.078569631912e-01,1.071172177129e-01,1.063856852263e-01,1.056622499598e-01,1.049467983293e-01,1.042392188644e-01,1.035394021268e-01,1.028472406257e-01,1.021626287315e-01,1.014854625934e-01,1.008156400586e-01,1.001530605993e-01,9.949762524439e-02,9.884923651874e-02,9.820779838923e-02,9.757321621751e-02,9.694539671920e-02,9.632424792882e-02,9.570967928416e-02,9.510160111935e-02,9.449992540565e-02,9.390456519614e-02,9.331543475207e-02,9.273244952927e-02,9.215552616607e-02,9.158458247248e-02,9.101953742015e-02,9.046031113285e-02,8.990682487729e-02,8.935900105394e-02,8.881676318795e-02,8.828003591974e-02,8.774874499549e-02,8.722281725726e-02,8.670218063279e-02,8.618676412497e-02,8.567649780090e-02,8.517131278070e-02,8.467114124608e-02,8.417591634338e-02,8.368557230632e-02,8.320004434829e-02,8.271926867502e-02,8.224318247174e-02,8.177172389018e-02,8.130483203543e-02,8.084244695266e-02,8.038450961385e-02,7.993096190435e-02,7.948174660953e-02,7.903680740128e-02,7.859608882467e-02,7.815953628455e-02,7.772709603221e-02,7.729871515215e-02,7.687434154887e-02,7.645392393382e-02,7.603741181238e-02,7.562475547542e-02
-2.682723100163e-01,-1.949550007567e-01,-1.333538834529e-01,-8.134237925627e-02,-3.724104589969e-02,2.893752073264e-04,3.232637079491e-02,5.974388613412e-02,8.325608114545e-02,1.034505690532e-01,1.208139201886e-01,1.357514136310e-01,1.486024667028e-01,1.596527854385e-01,1.691440049795e-01,1.772813923438e-01,1.842400416662e-01,1.901698878546e-01,1.951997876905e-01,1.994408600898e-01,2.029892342052e-01,2.059283213339e-01,2.083307020891e-01,2.102597005822e-01,2.117707032163e-01,2.129122678166e-01,2.137270599574e-01,2.142526462426e-01,2.145221686899e-01,2.145649199057e-01,2.144068351712e-01,2.140709146947e-01,2.135775869675e-01,2.129450222899e-01,2.121894040046e-01,2.113251637266e-01,2.103651858371e-01,2.093209856657e-01,2.082028650864e-01,2.070200486794e-01,2.057808031227e-01,2.044925421053e-01,2.031619186427e-01,2.017949065118e-01,2.003968721729e-01,1.989726384112e-01,1.975265407389e-01,1.960624774599e-01,1.945839541743e-01,1.930941233979e-01,1.915958198823e-01,1.900915921431e-01,1.885837306402e-01,1.870742929966e-01,1.855651265952e-01,1.840578888467e-01,1.825540653924e-01,1.810549864665e-01,1.795618416212e-01,1.780756929907e-01,1.765974872012e-01,1.751280663614e-01,1.736681775149e-01,1.722184816503e-01,1.707795616256e-01,1.693519293875e-01,1.679360325128e-01,1.665322601399e-01,1.651409483510e-01,1.637623850574e-01,1.623968144393e-01,1.610444409802e-01,1.597054331367e-01,1.583799266772e-01,1.570680277220e-01,1.557698155117e-01,1.544853449294e-01,1.532146488005e-01,1.519577399888e-01,1.507146133093e-01,1.494852471405e-01,1.482696055531e-01,1.470676389528e-01,1.458792859531e-01,1.447044744504e-01,1.435431227321e-01,1.423951404869e-01,1.412604297292e-01,1.401388856413e-01,1.390303973427e-01,1.379348485905e-01,1.368521184179e-01,1.357820817135e-01,1.347246097480e-01,1.336795706499e-01,1.326468298359e-01,1.316262503975e-01,1.306176934490e-01,1.296210184382e-01,1.286360834245e-01,1.276627451858e-01,1.267008600270e-01,1.257502830769e-01,1.248108690905e-01,1.238824724604e-01,1.229649473769e-01,1.220581479842e-01,1.211619285339e-01,1.202761435423e-01,1.194006479514e-01,1.185352972958e-01,1.176799478778e-01,1.168344569465e-01,1.159986828822e-01,1.151724853809e-01,1.143557256355e-01,1.135482665097e-01,1.127499726988e-01,1.119607108739e-01,1.111803498047e-01,1.104087606836e-01,1.096458162927e-01,1.088913924122e-01,1.081453669329e-01,1.074076200768e-01,1.066780343705e-01,1.059564945996e-01,1.052428877476e-01,1.045371029245e-01,1.038390312864e-01,1.031485659523e-01,1.024656019193e-01,1.017900359795e-01,1.011217666400e-01,1.004606940484e-01,9.980671992371e-02,9.915974749473e-02,9.851968144391e-02,9.788642785863e-02,9.725989418850e-02,9.663998933543e-02,9.602662309638e-02,9.541970695207e-02,9.481915348027e-02,9.422487648196e-02,9.363679096414e-02,9.305481312487e-02,9.247886034002e-02,9.190885115134e-02,9.134470525544e-02,9.078634349352e-02,9.023368784140e-02,8.968666139981e-02,8.914518838472e-02,8.860919411763e-02,8.807860501561e-02,8.755334858120e-02,8.703335339202e-02,8.651854909003e-02,8.600886637059e-02,8.550423699417e-02,8.500459367914e-02,8.450987023881e-02,8.402000146606e-02,8.353492314788e-02,8.305457205279e-02,8.257888591811e-02,8.210780343703e-02,8.164126424560e-02,8.117920890962e-02,8.072157891142e-02,8.026831663666e-02,7.981936536099e-02,7.937466923685e-02,7.893417328018e-02,7.849782335719e-02,7.806556617123e-02,7.763734924965e-02,7.721312093079e-02,7.679283035104e-02,7.637642743697e-02
-2.658150906077e-01,-1.925383477636e-01,-1.309693118360e-01,-7.898365111316e-02,-3.490359125357e-02,2.608882114665e-03,3.463032426511e-02,6.203398170439e-02,8.553348989139e-02,1.057160689135e-01,1.230679953879e-01,1.379943302446e-01,1.508343302564e-01,1.618735849000e-01,1.713536463880e-01,1.794797245012e-01,1.864268757649e-01,1.923450123907e-01,1.973629797515e-01,2.015918938371e-01,2.051278871795e-01,2.080543790667e-01,2.104439614160e-01,2.123599719303e-01,2.138578121117e-01,2.149860557873e-01,2.157873849751e-01,2.162993828127e-01,2.165552076772e-01,2.165841681642e-01,2.164122150323e-01,2.160623633537e-01,2.155550558038e-01,2.149084761442e-01,2.141388204335e-01,2.132605322489e-01,2.122865071894e-01,2.112282710646e-01,2.100961355122e-01,2.088993341829e-01,2.076461421608e-01,2.063439809027e-01,2.049995105869e-01,2.036187115772e-01,2.022069563760e-01,2.007690732968e-01,1.993094028959e-01,1.978318480659e-01,1.963399185686e-01,1.948367706813e-01,1.933252425425e-01,1.918078857044e-01,1.902869933367e-01,1.887646254679e-01,1.872426316019e-01,1.857226710213e-01,1.842062309705e-01,1.826946430631e-01,1.811890980226e-01,1.796906589577e-01,1.782002732896e-01,1.767187837556e-01,1.752469378625e-01,1.737853969240e-01,1.723347439906e-01,1.708954910793e-01,1.694680857254e-01,1.680529169231e-01,1.666503205155e-01,1.652605840897e-01,1.638839514229e-01,1.625206265246e-01,1.611707773126e-01,1.598345389589e-01,1.585120169349e-01,1.572032898349e-01,1.559084117736e-01,1.546274147892e-01,1.533603109390e-01,1.521070942030e-01,1.508677421031e-01,1.496422178459e-01,1.484304709205e-01,1.472324390271e-01,1.460480491370e-01,1.448772186025e-01,1.437198561712e-01,1.425758629122e-01,1.414451330608e-01,1.403275547914e-01,1.392230109203e-01,1.381313795481e-01,1.370525346425e-01,1.359863465693e-01,1.349326825730e-01,1.338914072874e-01,1.328623829205e-01,1.318454697730e-01,1.308405265413e-01,1.298474105796e-01,1.288659780024e-01,1.278960845489e-01,1.269375847629e-01,1.259903328981e-01,1.250541828915e-01,1.241289885163e-01,1.232146035267e-01,1.223108817979e-01,1.214176774655e-01,1.205348450673e-01,1.196622396896e-01,1.187997171201e-01,1.179471340071e-01,1.171043480252e-01,1.162712180452e-01,1.154476042539e-01,1.146333684376e-01,1.138283740811e-01,1.130324865094e-01,1.122455730339e-01,1.114675032793e-01,1.106981483990e-01,1.099373825145e-01,1.091850818208e-01,1.084411248462e-01,1.077053924483e-01,1.069777677893e-01,1.062581362929e-01,1.055463855861e-01,1.048424054295e-01,1.041460876399e-01,1.034573260087e-01,1.027760162180e-01,1.021020557581e-01,1.014353438482e-01,1.007757812727e-01,1.001232705642e-01,9.947771572572e-02,9.883902219856e-02,9.820709683675e-02,9.758184800364e-02,9.696318492901e-02,9.635101864843e-02,9.574526127784e-02,9.514582617578e-02,9.455262792191e-02,9.396558229843e-02,9.338460627384e-02,9.280961798850e-02,9.224053674166e-02,9.167728297960e-02,9.111977828450e-02,9.056794536381e-02,9.002170804001e-02,8.948099124046e-02,8.894572096850e-02,8.841582434806e-02,8.789122956501e-02,8.737186586332e-02,8.685766353977e-02,8.634855395936e-02,8.584446943018e-02,8.534534337563e-02,8.485111019038e-02,8.436170526400e-02,8.387706496874e-02,8.339712664700e-02,8.292182859874e-02,8.245111006869e-02,8.198491123347e-02,8.152317318861e-02,8.106583793550e-02,8.061284836832e-02,8.016414826096e-02,7.971968225385e-02,7.927939583739e-02,7.884323534913e-02,7.841114795187e-02,7.798308162188e-02,7.755898513714e-02,7.713880807003e-02
-2.638797994481e-01,-1.905871230647e-01,-1.290015627595e-01,-7.699965422553e-02,-3.290419799229e-02,4.622450786864e-03,3.665662236628e-02,6.407143989602e-02,8.758048674090e-02,1.077709804374e-01,1.251292290747e-01,1.400603478526e-01,1.529036625467e-01,1.639448405750e-01,1.734255168707e-01,1.815509857578e-01,1.884963880096e-01,1.944117183516e-01,1.994259019648e-01,2.036501313067e-01,2.071806116206e-01,2.101008309491e-01,2.124834459425e-01,2.143918550215e-01,2.158815164765e-01,2.170010571225e-01,2.177932083210e-01,2.182955990848e-01,2.185414303829e-01,2.185600503014e-01,2.183774461958e-01,2.180166670111e-01,2.174981867485e-01,2.168402181237e-01,2.160589839402e-01,2.151689524667e-01,2.141830420806e-01,2.131127995984e-01,2.119685560222e-01,2.107595628423e-01,2.094941115672e-01,2.081796387668e-01,2.068228185198e-01,2.054296439657e-01,2.040054993415e-01,2.025552237311e-01,2.010831675685e-01,1.995932427979e-01,1.980889674670e-01,1.965735054432e-01,1.950497017832e-01,1.935201143499e-01,1.919870420661e-01,1.904525501930e-01,1.889184929851e-01,1.873865340154e-01,1.858581644283e-01,1.843347193660e-01,1.828173927183e-01,1.813072504039e-01,1.798052423724e-01,1.783122136113e-01,1.768289136103e-01,1.753560054308e-01,1.738940736500e-01,1.724436316074e-01,1.710051279717e-01,1.695789526966e-01,1.681654424246e-01,1.667648854497e-01,1.653775260391e-01,1.640035685716e-01,1.626431812413e-01,1.612964993914e-01,1.599636285681e-01,1.586446473036e-01,1.573396096510e-01,1.560485475431e-01,1.547714728305e-01,1.535083791383e-01,1.522592436453e-01,1.510240291790e-01,1.498026847724e-01,1.485951476474e-01,1.474013442619e-01,1.462211914240e-01,1.450545973093e-01,1.439014623913e-01,1.427616802900e-01,1.416351386590e-01,1.405217196083e-01,1.394213005381e-01,1.383337547564e-01,1.372589519684e-01,1.361967587625e-01,1.351470390502e-01,1.341096544636e-01,1.330844647827e-01,1.320713281449e-01,1.310701012539e-01,1.300806397011e-01,1.291027987870e-01,1.281364325883e-01,1.271813949692e-01,1.262375395204e-01,1.253047197082e-01,1.243827890117e-01,1.234716010533e-01,1.225710097247e-01,1.216808693485e-01,1.208010346777e-01,1.199313611515e-01,1.190717050248e-01,1.182219234930e-01,1.173818748441e-01,1.165514186153e-01,1.157304157511e-01,1.149187287067e-01,1.141162216539e-01,1.133227607428e-01,1.125382142413e-01,1.117624518743e-01,1.109953462526e-01,1.102367720027e-01,1.094866060533e-01,1.087447276563e-01,1.080110183848e-01,1.072853621109e-01,1.065676449654e-01,1.058577551041e-01,1.051555831112e-01,1.044610215998e-01,1.037739650900e-01,1.030943100017e-01,1.024219545729e-01,1.017567987809e-01,1.010987442667e-01,1.004476941881e-01,9.980355329435e-02,9.916622793677e-02,9.853562592621e-02,9.791165591112e-02,9.729422848720e-02,9.668325531366e-02,9.607864931695e-02,9.548032466436e-02,9.488819674109e-02,9.430218213031e-02,9.372219859562e-02,9.314816501050e-02,9.258000149760e-02,9.201762929782e-02,9.146097075374e-02,9.090994932307e-02,9.036448956782e-02,8.982451714376e-02,8.928995878988e-02,8.876074230164e-02,8.823679655117e-02,8.771805148798e-02,8.720443810761e-02,8.669588833008e-02,8.619233521476e-02,8.569371278088e-02,8.519995604249e-02,8.471100099649e-02,8.422678461047e-02,8.374724481034e-02,8.327232046785e-02,8.280195137797e-02,8.233607827390e-02,8.187464279286e-02,8.141758746249e-02,8.096485569233e-02,8.051639176095e-02,8.007214080298e-02,7.963204879626e-02,7.919606254580e-02,7.876412967674e-02,7.833619862414e-02,7.791221861656e-02
-2.624603767123e-01,-1.890959623205e-01,-1.274458592134e-01,-7.538611080919e-02,-3.123901519555e-02,6.333565161037e-03,3.840843194175e-02,6.585915226684e-02,8.939972325239e-02,1.096177451566e-01,1.269998782744e-01,1.419515608072e-01,1.548124140171e-01,1.658683751859e-01,1.753613254783e-01,1.834967836841e-01,1.904500951486e-01,1.963714410259e-01,2.013899163782e-01,2.056168685071e-01,2.091486438695e-01,2.120688592938e-01,2.144502889559e-01,2.163564385657e-01,2.178428644075e-01,2.189582828447e-01,2.197455071069e-01,2.202422410838e-01,2.204817542962e-01,2.204934575864e-01,2.203033957827e-01,2.199346704996e-01,2.194078040241e-01,2.187410533560e-01,2.179506819382e-01,2.170511953281e-01,2.160555461348e-01,2.149753126091e-01,2.138208546216e-01,2.126014501854e-01,2.113254151794e-01,2.100002085632e-01,2.086325249935e-01,2.072283765188e-01,2.057931647531e-01,2.043317447476e-01,2.028484816091e-01,2.013473007714e-01,1.998317326487e-01,1.983049524598e-01,1.967698156942e-01,1.952288897866e-01,1.936844824409e-01,1.921386669737e-01,1.905933049805e-01,1.890500667692e-01,1.875104496409e-01,1.859757943448e-01,1.844472999115e-01,1.829260369622e-01,1.814129596701e-01,1.799089168837e-01,1.784146615848e-01,1.769308599969e-01,1.754580995497e-01,1.739968961490e-01,1.725477007790e-01,1.711109055201e-01,1.696868487743e-01,1.682758204025e-01,1.668780661267e-01,1.654937915981e-01,1.641231661338e-01,1.627663260713e-01,1.614233776692e-01,1.600944001264e-01,1.587794480449e-01,1.574785537504e-01,1.561917294800e-01,1.549189691995e-01,1.536602501699e-01,1.524155353222e-01,1.511847736921e-01,1.499679024566e-01,1.487648479707e-01,1.475755268866e-01,1.463998472072e-01,1.452377093108e-01,1.440890063593e-01,1.429536255742e-01,1.418314487769e-01,1.407223530377e-01,1.396262113365e-01,1.385428930639e-01,1.374722642234e-01,1.364141882951e-01,1.353685264797e-01,1.343351380622e-01,1.333138808429e-01,1.323046112495e-01,1.313071843629e-01,1.303214551742e-01,1.293472774114e-01,1.283845046597e-01,1.274329902676e-01,1.264925874960e-01,1.255631496755e-01,1.246445303767e-01,1.237365832027e-01,1.228391623095e-01,1.219521223659e-01,1.210753186692e-01,1.202086072707e-01,1.193518450563e-01,1.185048899135e-01,1.176676009123e-01,1.168398384134e-01,1.160214642154e-01,1.152123416216e-01,1.144123356713e-01,1.136213135856e-01,1.128391438878e-01,1.120656978555e-01,1.113008487070e-01,1.105444719016e-01,1.097964451835e-01,1.090566485522e-01,1.083249641102e-01,1.076012768049e-01,1.068854735440e-01,1.061774434332e-01,1.054770777136e-01,1.047842695882e-01,1.040989142184e-01,1.034209090558e-01,1.027501531278e-01,1.020865472083e-01,1.014299937433e-01,1.007803966621e-01,1.001376615399e-01,9.950169576825e-02,9.887240738882e-02,9.824970655224e-02,9.763350445620e-02,9.702371359637e-02,9.642024773450e-02,9.582302184733e-02,9.523195205132e-02,9.464695589546e-02,9.406795195754e-02,9.349485997250e-02,9.292760081750e-02,9.236609646977e-02,9.181027002154e-02,9.126004577138e-02,9.071534903623e-02,9.017610621500e-02,8.964224477767e-02,8.911369322898e-02,8.859038114912e-02,8.807223922576e-02,8.755919901283e-02,8.705119323227e-02,8.654815555103e-02,8.605002062994e-02,8.555672411203e-02,8.506820260633e-02,8.458439366653e-02,8.410523583681e-02,8.363066856785e-02,8.316063223166e-02,8.269506810898e-02,8.223391837144e-02,8.177712607380e-02,8.132463516035e-02,8.087639041978e-02,8.043233748607e-02,7.999242282582e-02,7.955659372063e-02,7.912479826419e-02,7.869698535870e-02
-2.615519642716e-01,-1.880605773642e-01,-1.262983925331e-01,-7.413961817571e-02,-2.990498590051e-02,7.744986194963e-03,3.988825928020e-02,6.739940510369e-02,9.099329480239e-02,1.112582920890e-01,1.286817264930e-01,1.436696249524e-01,1.565621281851e-01,1.676456331656e-01,1.771624289211e-01,1.853183971205e-01,1.922892067357e-01,1.982253281413e-01,2.032561154459e-01,2.074931483768e-01,2.110329823977e-01,2.139594225577e-01,2.163454128325e-01,2.182546123414e-01,2.197427161749e-01,2.208585664491e-01,2.216450904947e-01,2.221400958656e-01,2.223769463102e-01,2.223851384672e-01,2.221907953317e-01,2.218170898541e-01,2.212846094349e-01,2.206116705695e-01,2.198145910917e-01,2.189079263472e-01,2.179046745458e-01,2.168164557175e-01,2.156536680404e-01,2.144256246661e-01,2.131406737317e-01,2.118063038130e-01,2.104292367744e-01,2.090155096655e-01,2.075705470816e-01,2.060992252112e-01,2.046059285964e-01,2.030946005256e-01,2.015687878657e-01,2.000316809615e-01,1.984861492470e-01,1.969347729370e-01,1.953798715002e-01,1.938235290648e-01,1.922676172225e-01,1.907138154456e-01,1.891636294207e-01,1.876184076206e-01,1.860793561427e-01,1.845475521634e-01,1.830239558006e-01,1.815094213619e-01,1.800047068240e-01,1.785104829803e-01,1.770273414336e-01,1.755558019456e-01,1.740963189676e-01,1.726492876105e-01,1.712150492075e-01,1.697938962088e-01,1.683860768096e-01,1.669917986576e-01,1.656112329224e-01,1.642445175790e-01,1.628917605565e-01,1.615530424339e-01,1.602284189098e-01,1.589179233544e-01,1.576215688453e-01,1.563393503001e-01,1.550712455895e-01,1.538172182115e-01,1.525772176624e-01,1.513511815070e-01,1.501390364072e-01,1.489406993695e-01,1.477560785526e-01,1.465850741546e-01,1.454275795546e-01,1.442834819677e-01,1.431526634341e-01,1.420350006803e-01,1.409303664730e-01,1.398386299409e-01,1.387596571877e-01,1.376933115277e-01,1.366394537653e-01,1.355979429483e-01,1.345686365341e-01,1.335513909625e-01,1.325460609643e-01,1.315525013268e-01,1.305705655511e-01,1.296001070541e-01,1.286409790455e-01,1.276930347965e-01,1.267561275214e-01,1.258301104996e-01,1.249148374570e-01,1.240101625332e-01,1.231159405111e-01,1.222320264747e-01,1.213582763987e-01,1.204945470941e-01,1.196406963101e-01,1.187965828001e-01,1.179620665485e-01,1.171370088809e-01,1.163212725815e-01,1.155147218245e-01,1.147172229597e-01,1.139286435701e-01,1.131488538003e-01,1.123777256510e-01,1.116151332755e-01,1.108609528441e-01,1.101150629407e-01,1.093773447022e-01,1.086476813472e-01,1.079259583652e-01,1.072120630371e-01,1.065058857108e-01,1.058073184668e-01,1.051162554245e-01,1.044325925006e-01,1.037562276707e-01,1.030870610420e-01,1.024249942178e-01,1.017699304792e-01,1.011217743926e-01,1.004804329025e-01,9.984581344167e-02,9.921782569891e-02,9.859638039482e-02,9.798138958551e-02,9.737276650854e-02,9.677042579645e-02,9.617428343597e-02,9.558425648589e-02,9.500026319129e-02,9.442222280481e-02,9.385005606373e-02,9.328368466652e-02,9.272303142189e-02,9.216802019179e-02,9.161857598061e-02,9.107462494776e-02,9.053609424781e-02,9.000291209374e-02,8.947500767452e-02,8.895231140398e-02,8.843475449929e-02,8.792226937224e-02,8.741478936095e-02,8.691224879574e-02,8.641458296515e-02,8.592172815303e-02,8.543362162272e-02,8.495020155615e-02,8.447140706871e-02,8.399717816749e-02,8.352745583125e-02,8.306218190313e-02,8.260129910902e-02,8.214475103689e-02,8.169248214315e-02,8.124443774491e-02,8.080056397971e-02,8.036080780691e-02,7.992511698127e-02,7.949344009100e-02
-2.611508684714e-01,-1.874777231919e-01,-1.255562929753e-01,-7.325762238342e-02,-2.889982342117e-02,8.858773295958e-03,4.109796965502e-02,6.869389703507e-02,9.236275644568e-02,1.126940521751e-01,1.301760971612e-01,1.452157702150e-01,1.581539533421e-01,1.692776913372e-01,1.788298414108e-01,1.870167853127e-01,1.940146335786e-01,1.999742477713e-01,2.050253294348e-01,2.092797677216e-01,2.128343943129e-01,2.157732614547e-01,2.181695347905e-01,2.200870726179e-01,2.215817493301e-01,2.227025687625e-01,2.234926043621e-01,2.239897958521e-01,2.242276267420e-01,2.242357023680e-01,2.240402445070e-01,2.236645159281e-01,2.231291858362e-01,2.224526453539e-01,2.216512804152e-01,2.207397085735e-01,2.197309849177e-01,2.186367815558e-01,2.174675443567e-01,2.162326301874e-01,2.149404272851e-01,2.135984610326e-01,2.122134870998e-01,2.107915736002e-01,2.093381736931e-01,2.078581898390e-01,2.063560307425e-01,2.048356619506e-01,2.033006508380e-01,2.017542066228e-01,2.001992160901e-01,1.986382754982e-01,1.970737191244e-01,1.955076446766e-01,1.939419362689e-01,1.923782849374e-01,1.908182070823e-01,1.892630609560e-01,1.877140617022e-01,1.861722948129e-01,1.846387281253e-01,1.831142229857e-01,1.815995438651e-01,1.800953675319e-01,1.786022911161e-01,1.771208394250e-01,1.756514714498e-01,1.741945865952e-01,1.727505301731e-01,1.713195981657e-01,1.699020418331e-01,1.684980719006e-01,1.671078624178e-01,1.657315536746e-01,1.643692557491e-01,1.630210512625e-01,1.616869979479e-01,1.603671306762e-01,1.590614640078e-01,1.577699941408e-01,1.564927002714e-01,1.552295468810e-01,1.539804843850e-01,1.527454511687e-01,1.515243747042e-01,1.503171726193e-01,1.491237533855e-01,1.479440177816e-01,1.467778597703e-01,1.456251668009e-01,1.444858207654e-01,1.433596988250e-01,1.422466742299e-01,1.411466158919e-01,1.400593898112e-01,1.389848593637e-01,1.379228856859e-01,1.368733275127e-01,1.358360422403e-01,1.348108861770e-01,1.337977141674e-01,1.327963808298e-01,1.318067395643e-01,1.308286437345e-01,1.298619466216e-01,1.289065014720e-01,1.279621612777e-01,1.270287794923e-01,1.261062100667e-01,1.251943071024e-01,1.242929252232e-01,1.234019197760e-01,1.225211469385e-01,1.216504633628e-01,1.207897267801e-01,1.199387959307e-01,1.190975305968e-01,1.182657918133e-01,1.174434419968e-01,1.166303449134e-01,1.158263661103e-01,1.150313725159e-01,1.142452333590e-01,1.134678196356e-01,1.126990042458e-01,1.119386621411e-01,1.111866709626e-01,1.104429103101e-01,1.097072616941e-01,1.089796093541e-01,1.082598398737e-01,1.075478418602e-01,1.068435055558e-01,1.061467243855e-01,1.054573933533e-01,1.047754092736e-01,1.041006707695e-01,1.034330789574e-01,1.027725362964e-01,1.021189466589e-01,1.014722161043e-01,1.008322515501e-01,1.001989621953e-01,9.957225825660e-02,9.895205121983e-02,9.833825391794e-02,9.773078083580e-02,9.712954746144e-02,9.653447034535e-02,9.594546751107e-02,9.536245816342e-02,9.478536255917e-02,9.421410190977e-02,9.364859893948e-02,9.308877728415e-02,9.253456162163e-02,9.198587769235e-02,9.144265248465e-02,9.090481391933e-02,9.037229089925e-02,8.984501350133e-02,8.932291266231e-02,8.880592051169e-02,8.829397008240e-02,8.778699537444e-02,8.728493137044e-02,8.678771409138e-02,8.629528045996e-02,8.580756831055e-02,8.532451646274e-02,8.484606465585e-02,8.437215351697e-02,8.390272453478e-02,8.343772015588e-02,8.297708366169e-02,8.252075918378e-02,8.206869169771e-02,8.162082704834e-02,8.117711188015e-02,8.073749363615e-02,8.030192058485e-02
-2.612545287386e-01,-1.873451701697e-01,-1.252176049878e-01,-7.273839612838e-02,-2.822199147137e-02,9.676302240435e-03,4.203880335903e-02,6.974375362649e-02,9.350913641281e-02,1.139259708485e-01,1.314838649111e-01,1.465908106649e-01,1.595886518516e-01,1.707652677374e-01,1.803642428691e-01,1.885925954183e-01,1.956269947617e-01,2.016187948500e-01,2.066981325432e-01,2.109772829113e-01,2.145534206990e-01,2.175109039682e-01,2.199231716034e-01,2.218543265957e-01,2.233604629132e-01,2.244907819189e-01,2.252885349622e-01,2.257918223273e-01,2.260342727522e-01,2.260456230426e-01,2.258522141737e-01,2.254774172081e-01,2.249419998458e-01,2.242644428317e-01,2.234612138359e-01,2.225470050147e-01,2.215349395978e-01,2.204367520028e-01,2.192629451513e-01,2.180229281717e-01,2.167251372208e-01,2.153771416568e-01,2.139857375344e-01,2.125570300772e-01,2.110965065757e-01,2.096091008761e-01,2.080992505919e-01,2.065709479111e-01,2.050277847171e-01,2.034729928384e-01,2.019094799494e-01,2.003398615429e-01,1.987664895974e-01,1.971914782675e-01,1.956167267993e-01,1.940439401611e-01,1.924746476494e-01,1.909102194835e-01,1.893518817732e-01,1.878007301545e-01,1.862577418885e-01,1.847237869621e-01,1.831996378398e-01,1.816859786698e-01,1.801834134706e-01,1.786924731920e-01,1.772136226749e-01,1.757472667819e-01,1.742937555751e-01,1.728533895513e-01,1.714264243063e-01,1.700130743421e-01,1.686135169894e-01,1.672278960243e-01,1.658563244765e-01,1.644988875237e-01,1.631556453687e-01,1.618266353260e-01,1.605118738802e-01,1.592113590541e-01,1.579250718720e-01,1.566529782883e-01,1.553950300964e-01,1.541511669365e-01,1.529213176198e-01,1.517054004166e-01,1.505033248609e-01,1.493149928238e-01,1.481402985770e-01,1.469791301842e-01,1.458313704678e-01,1.446968969359e-01,1.435755827759e-01,1.424672977823e-01,1.413719082195e-01,1.402892774222e-01,1.392192667361e-01,1.381617353693e-01,1.371165406060e-01,1.360835387917e-01,1.350625850458e-01,1.340535339607e-01,1.330562389678e-01,1.320705534965e-01,1.310963311642e-01,1.301334248472e-01,1.291816878328e-01,1.282409739821e-01,1.273111369713e-01,1.263920310792e-01,1.254835113999e-01,1.245854332994e-01,1.236976528920e-01,1.228200272745e-01,1.219524142198e-01,1.210946724532e-01,1.202466618437e-01,1.194082433150e-01,1.185792790888e-01,1.177596327256e-01,1.169491692690e-01,1.161477551981e-01,1.153552590488e-01,1.145715510400e-01,1.137965028958e-01,1.130299890362e-01,1.122718857634e-01,1.115220710258e-01,1.107804257082e-01,1.100468327858e-01,1.093211769000e-01,1.086033455700e-01,1.078932285368e-01,1.071907171054e-01,1.064957051637e-01,1.058080888651e-01,1.051277657475e-01,1.044546355148e-01,1.037886001099e-01,1.031295626659e-01,1.024774282682e-01,1.018321032839e-01,1.011934963826e-01,1.005615172396e-01,9.993607655507e-02,9.931708722698e-02,9.870446313001e-02,9.809811908588e-02,9.749797172705e-02,9.690393873853e-02,9.631593871006e-02,9.573389175130e-02,9.515771908317e-02,9.458734281310e-02,9.402268635795e-02,9.346367428210e-02,9.291023203066e-02,9.236228620859e-02,9.181976458163e-02,9.128259579434e-02,9.075070959706e-02,9.022403667760e-02,8.970250891142e-02,8.918605904979e-02,8.867462074376e-02,8.816812879970e-02,8.766651890596e-02,8.716972763312e-02,8.667769260763e-02,8.619035234871e-02,8.570764623654e-02,8.522951462722e-02,8.475589876360e-02,8.428674072494e-02,8.382198350014e-02,8.336157094723e-02,8.290544773341e-02,8.245355937897e-02,8.200585224801e-02,8.156227348464e-02,8.112277104674e-02
-2.618614916988e-01,-1.876616811743e-01,-1.252812669176e-01,-7.258102066829e-02,-2.787068793576e-02,1.019827968841e-02,4.271138887138e-02,7.054953946660e-02,9.443294699316e-02,1.149545175871e-01,1.326054645513e-01,1.477951531123e-01,1.608666078343e-01,1.721087285043e-01,1.817659853603e-01,1.900461686002e-01,1.971266232152e-01,2.031592963692e-01,2.082748477043e-01,2.125860143988e-01,2.161903808442e-01,2.191726693161e-01,2.216066433251e-01,2.235566958951e-01,2.250791807696e-01,2.262235324397e-01,2.270332118770e-01,2.275465083189e-01,2.277972210230e-01,2.278152409458e-01,2.276270487727e-01,2.272561422236e-01,2.267234040478e-01,2.260474197029e-01,2.252447521790e-01,2.243301805730e-01,2.233169075121e-01,2.222167399521e-01,2.210402472049e-01,2.197968991983e-01,2.184951878196e-01,2.171427335642e-01,2.157463794447e-01,2.143122738393e-01,2.128459437210e-01,2.113523594579e-01,2.098359923102e-01,2.083008654397e-01,2.067505993013e-01,2.051884521169e-01,2.036173558373e-01,2.020399484263e-01,2.004586026463e-01,1.988754517568e-01,1.972924127509e-01,1.957112069985e-01,1.941333788828e-01,1.925603126883e-01,1.909932474704e-01,1.894332908304e-01,1.878814311600e-01,1.863385486916e-01,1.848054253848e-01,1.832827542166e-01,1.817711472826e-01,1.802711430523e-01,1.787832134353e-01,1.773077695799e-01,1.758451675053e-01,1.743957134140e-01,1.729596677035e-01,1.715372496458e-01,1.701286410777e-01,1.687339894832e-01,1.673534117150e-01,1.659869964173e-01,1.646348066847e-01,1.632968829065e-01,1.619732441398e-01,1.606638907410e-01,1.593688060674e-01,1.580879580378e-01,1.568213002856e-01,1.555687742567e-01,1.543303101570e-01,1.531058276578e-01,1.518952378561e-01,1.506984434065e-01,1.495153396630e-01,1.483458161206e-01,1.471897558152e-01,1.460470372144e-01,1.449175345567e-01,1.438011176542e-01,1.426976536109e-01,1.416070063686e-01,1.405290372694e-01,1.394636062691e-01,1.384105708437e-01,1.373697874846e-01,1.363411117490e-01,1.353243983548e-01,1.343195009031e-01,1.333262731694e-01,1.323445687664e-01,1.313742407501e-01,1.304151429391e-01,1.294671289702e-01,1.285300527953e-01,1.276037693862e-01,1.266881334865e-01,1.257830009219e-01,1.248882282944e-01,1.240036725719e-01,1.231291919693e-01,1.222646454079e-01,1.214098928005e-01,1.205647952777e-01,1.197292149842e-01,1.189030154416e-01,1.180860614735e-01,1.172782193035e-01,1.164793569955e-01,1.156893441006e-01,1.149080518442e-01,1.141353538137e-01,1.133711249943e-01,1.126152428356e-01,1.118675870642e-01,1.111280387082e-01,1.103964821977e-01,1.096728034934e-01,1.089568904772e-01,1.082486341947e-01,1.075479268346e-01,1.068546632019e-01,1.061687404117e-01,1.054900565407e-01,1.048185128111e-01,1.041540116740e-01,1.034964571521e-01,1.028457550178e-01,1.022018133621e-01,1.015645410827e-01,1.009338485688e-01,1.003096482681e-01,9.969185325167e-02,9.908037841917e-02,9.847513998887e-02,9.787605483578e-02,9.728304186839e-02,9.669602070357e-02,9.611491202795e-02,9.553963811816e-02,9.497012191158e-02,9.440628767720e-02,9.384806083894e-02,9.329536755066e-02,9.274813542471e-02,9.220629290811e-02,9.166976943053e-02,9.113849546286e-02,9.061240265490e-02,9.009142345537e-02,8.957549130317e-02,8.906454075128e-02,8.855850713967e-02,8.805732686921e-02,8.756093728133e-02,8.706927652045e-02,8.658228381560e-02,8.609989919997e-02,8.562206358234e-02,8.514871884219e-02,8.467980763819e-02,8.421527353302e-02,8.375506094964e-02,8.329911508027e-02,8.284738201880e-02,8.239980863058e-02,8.195634257168e-02
-2.629713905299e-01,-1.884269934259e-01,-1.257470949420e-01,-7.278537148591e-02,-2.784583217530e-02,1.042475460976e-02,4.311575325817e-02,7.111126735139e-02,9.513419274919e-02,1.157796938193e-01,1.335408980802e-01,1.488288031391e-01,1.619878330761e-01,1.733080933343e-01,1.830350979902e-01,1.913775445259e-01,1.985135699326e-01,2.045958152917e-01,2.097555502370e-01,2.141060501103e-01,2.177453754077e-01,2.207586709141e-01,2.232200760685e-01,2.251943192104e-01,2.267380539744e-01,2.279009835538e-01,2.287268102807e-01,2.292540406252e-01,2.295166696286e-01,2.295447652284e-01,2.293649681226e-01,2.290009211099e-01,2.284736386425e-01,2.278018258231e-01,2.270021546367e-01,2.260895034541e-01,2.250771655304e-01,2.239770306253e-01,2.227997437645e-01,2.215548442256e-01,2.202508874435e-01,2.188955522198e-01,2.174957351064e-01,2.160576336845e-01,2.145868201790e-01,2.130883066187e-01,2.115666026339e-01,2.100257667431e-01,2.084694520553e-01,2.069009468495e-01,2.053232109149e-01,2.037389078952e-01,2.021504342515e-01,2.005599452701e-01,1.989693781754e-01,1.973804731857e-01,1.957947920778e-01,1.942137351963e-01,1.926385565936e-01,1.910703776460e-01,1.895101995894e-01,1.879589145122e-01,1.864173153763e-01,1.848861054085e-01,1.833659060763e-01,1.818572646930e-01,1.803606612848e-01,1.788765144393e-01,1.774051873894e-01,1.759469924894e-01,1.745021963699e-01,1.730710238201e-01,1.716536616248e-01,1.702502623656e-01,1.688609469553e-01,1.674858083411e-01,1.661249133462e-01,1.647783056549e-01,1.634460077953e-01,1.621280229054e-01,1.608243371840e-01,1.595349210090e-01,1.582597303181e-01,1.569987088294e-01,1.557517884663e-01,1.545188909121e-01,1.532999288837e-01,1.520948063106e-01,1.509034205015e-01,1.497256614478e-01,1.485614139047e-01,1.474105572947e-01,1.462729663993e-01,1.451485126042e-01,1.440370630828e-01,1.429384829488e-01,1.418526340868e-01,1.407793766996e-01,1.397185692338e-01,1.386700683164e-01,1.376337301099e-01,1.366094096156e-01,1.355969607489e-01,1.345962378150e-01,1.336070943935e-01,1.326293841185e-01,1.316629610615e-01,1.307076788662e-01,1.297633924240e-01,1.288299561931e-01,1.279072258162e-01,1.269950573211e-01,1.260933073402e-01,1.252018336786e-01,1.243204943971e-01,1.234491490199e-01,1.225876576139e-01,1.217358815115e-01,1.208936830959e-01,1.200609259188e-01,1.192374748413e-01,1.184231960093e-01,1.176179572240e-01,1.168216276193e-01,1.160340781721e-01,1.152551816405e-01,1.144848123364e-01,1.137228471678e-01,1.129691641222e-01,1.122236443214e-01,1.114861702389e-01,1.107566268184e-01,1.100349014350e-01,1.093208827837e-01,1.086144630404e-01,1.079155350920e-01,1.072239951096e-01,1.065397406109e-01,1.058626711199e-01,1.051926886743e-01,1.045296961521e-01,1.038735986806e-01,1.032243037150e-01,1.025817192329e-01,1.019457554777e-01,1.013163240441e-01,1.006933375778e-01,1.000767108967e-01,9.946635912859e-02,9.886219970164e-02,9.826415058701e-02,9.767213124260e-02,9.708606241705e-02,9.650586556964e-02,9.593146394260e-02,9.536278122531e-02,9.479974271623e-02,9.424227449402e-02,9.369030372358e-02,9.314375880005e-02,9.260256883288e-02,9.206666410814e-02,9.153597607792e-02,9.101043688289e-02,9.048997983383e-02,8.997453916721e-02,8.946404998743e-02,8.895844852639e-02,8.845767171842e-02,8.796165764626e-02,8.747034514950e-02,8.698367402875e-02,8.650158499594e-02,8.602401955145e-02,8.555092019570e-02,8.508223015226e-02,8.461789359389e-02,8.415785546890e-02,8.370206155417e-02,8.325045847458e-02,8.280299359281e-02
-2.645849293273e-01,-1.896418048108e-01,-1.266157710442e-01,-7.335210771140e-02,-2.814805558293e-02,1.035512671526e-02,4.325132957937e-02,7.142840494063e-02,9.561237685624e-02,1.164010382007e-01,1.342897395932e-01,1.496913698908e-01,1.629519709420e-01,1.743630392463e-01,1.841712903725e-01,1.925864645181e-01,1.997876069320e-01,2.059281532356e-01,2.111400703305e-01,2.155372477462e-01,2.192182885632e-01,2.222688183733e-01,2.247634038714e-01,2.267671540246e-01,2.283370624862e-01,2.295231367648e-01,2.303693523392e-01,2.309144611445e-01,2.311926794804e-01,2.312342748780e-01,2.310660685708e-01,2.307118668451e-01,2.301928324407e-01,2.295278052352e-01,2.287335797581e-01,2.278251461084e-01,2.268158993902e-01,2.257178224498e-01,2.245416453923e-01,2.232969854111e-01,2.219924693316e-01,2.206358414493e-01,2.192340584575e-01,2.177933732086e-01,2.163194087697e-01,2.148172239830e-01,2.132913715907e-01,2.117459498931e-01,2.101846486577e-01,2.086107900589e-01,2.070273651619e-01,2.054370665303e-01,2.038423173998e-01,2.022452977550e-01,2.006479678085e-01,1.990520889147e-01,1.974592426009e-01,1.958708473607e-01,1.942881742078e-01,1.927123601519e-01,1.911444209781e-01,1.895852622675e-01,1.880356894945e-01,1.864964175519e-01,1.849680786210e-01,1.834512301567e-01,1.819463613223e-01,1.804538995466e-01,1.789742158675e-01,1.775076302727e-01,1.760544162173e-01,1.746148049051e-01,1.731889892043e-01,1.717771269821e-01,1.703793446136e-01,1.689957394466e-01,1.676263830748e-01,1.662713229799e-01,1.649305857229e-01,1.636041778095e-01,1.622920887335e-01,1.609942918900e-01,1.597107459703e-01,1.584413973981e-01,1.571861802496e-01,1.559450187466e-01,1.547178271816e-01,1.535045118813e-01,1.523049713232e-01,1.511190975394e-01,1.499467765142e-01,1.487878889963e-01,1.476423112568e-01,1.465099152779e-01,1.453905699426e-01,1.442841405694e-01,1.431904905942e-01,1.421094804260e-01,1.410409696681e-01,1.399848153128e-01,1.389408741964e-01,1.379090018704e-01,1.368890526821e-01,1.358808816061e-01,1.348843423128e-01,1.338992893254e-01,1.329255765044e-01,1.319630585488e-01,1.310115900649e-01,1.300710264194e-01,1.291412233837e-01,1.282220373795e-01,1.273133256522e-01,1.264149459941e-01,1.255267573531e-01,1.246486191732e-01,1.237803922863e-01,1.229219380730e-01,1.220731194173e-01,1.212337999600e-01,1.204038448152e-01,1.195831202178e-01,1.187714938941e-01,1.179688348450e-01,1.171750139032e-01,1.163899031832e-01,1.156133769358e-01,1.148453108415e-01,1.140855828414e-01,1.133340725930e-01,1.125906619420e-01,1.118552348406e-01,1.111276771676e-01,1.104078773569e-01,1.096957253492e-01,1.089911140999e-01,1.082939375423e-01,1.076040930545e-01,1.069214784129e-01,1.062459951555e-01,1.055775451057e-01,1.049160325368e-01,1.042613642599e-01,1.036134472416e-01,1.029721915743e-01,1.023375076573e-01,1.017093083866e-01,1.010875073187e-01,1.004720199486e-01,9.986276274026e-02,9.925965362342e-02,9.866261175283e-02,9.807155736610e-02,9.748641212736e-02,9.690709848557e-02,9.633354046536e-02,9.576566265405e-02,9.520339131586e-02,9.464665311988e-02,9.409537645446e-02,9.354949015431e-02,9.300892430060e-02,9.247361019194e-02,9.194347966242e-02,9.141846594811e-02,9.089850290789e-02,9.038352561489e-02,8.987346988728e-02,8.936827260971e-02,8.886787149940e-02,8.837220522425e-02,8.788121334401e-02,8.739483627846e-02,8.691301537611e-02,8.643569277439e-02,8.596281155867e-02,8.549431554726e-02,8.503014951195e-02,8.457025891299e-02,8.411459015594e-02,8.366309032825e-02
-2.667038722943e-01,-1.913077645316e-01,-1.278888348947e-01,-7.428266502727e-02,-2.877869538445e-02,9.988151946047e-03,4.311696169231e-02,7.149987924068e-02,9.586650464570e-02,1.168176301237e-01,1.348511383609e-01,1.503820685775e-01,1.637582990569e-01,1.752729026647e-01,1.851739546880e-01,1.936723733388e-01,2.009482288242e-01,2.071558519458e-01,2.124279944085e-01,2.168792360407e-01,2.206087891476e-01,2.237028185598e-01,2.262363696695e-01,2.282749775194e-01,2.298760159808e-01,2.310898326547e-01,2.319607079334e-01,2.325276676872e-01,2.328251748491e-01,2.328837193989e-01,2.327303236064e-01,2.323889757226e-01,2.318810034972e-01,2.312253966405e-01,2.304390859722e-01,2.295371857029e-01,2.285332041443e-01,2.274392275043e-01,2.262660804050e-01,2.250234665437e-01,2.237200920222e-01,2.223637738530e-01,2.209615355065e-01,2.195196912062e-01,2.180439204820e-01,2.165393341613e-01,2.150105328921e-01,2.134616591551e-01,2.118964434894e-01,2.103182457295e-01,2.087300917358e-01,2.071347062620e-01,2.055345423107e-01,2.039318074487e-01,2.023284874081e-01,2.007263672302e-01,1.991270503595e-01,1.975319756729e-01,1.959424330353e-01,1.943595770232e-01,1.927844396735e-01,1.912179417029e-01,1.896609026349e-01,1.881140504166e-01,1.865780293641e-01,1.850534082221e-01,1.835406866336e-01,1.820403018013e-01,1.805526338130e-01,1.790780111266e-01,1.776167150080e-01,1.761689840082e-01,1.747350177297e-01,1.733149804200e-01,1.719090042506e-01,1.705171921164e-01,1.691396205878e-01,1.677763419772e-01,1.664273871041e-01,1.650927666683e-01,1.637724738557e-01,1.624664856235e-01,1.611747639160e-01,1.598972581831e-01,1.586339052966e-01,1.573846321041e-01,1.561493552732e-01,1.549279834135e-01,1.537204170059e-01,1.525265500730e-01,1.513462702726e-01,1.501794600945e-01,1.490259971911e-01,1.478857550741e-01,1.467586037479e-01,1.456444098822e-01,1.445430378042e-01,1.434543491251e-01,1.423782041381e-01,1.413144608810e-01,1.402629768092e-01,1.392236082743e-01,1.381962102489e-01,1.371806383357e-01,1.361767467393e-01,1.351843905676e-01,1.342034241245e-01,1.332337026739e-01,1.322750812046e-01,1.313274156479e-01,1.303905621251e-01,1.294643776323e-01,1.285487197566e-01,1.276434468697e-01,1.267484182692e-01,1.258634939604e-01,1.249885351360e-01,1.241234036750e-01,1.232679628218e-01,1.224220765852e-01,1.215856103980e-01,1.207584307690e-01,1.199404054933e-01,1.191314037227e-01,1.183312961664e-01,1.175399548258e-01,1.167572536369e-01,1.159830678607e-01,1.152172749395e-01,1.144597537987e-01,1.137103856332e-01,1.129690533833e-01,1.122356421771e-01,1.115100392218e-01,1.107921336710e-01,1.100818171224e-01,1.093789827488e-01,1.086835265274e-01,1.079953455525e-01,1.073143400477e-01,1.066404111181e-01,1.059734620000e-01,1.053133987553e-01,1.046601275281e-01,1.040135577974e-01,1.033735992370e-01,1.027401642857e-01,1.021131658745e-01,1.014925191704e-01,1.008781401035e-01,1.002699463750e-01,9.966785668428e-02,9.907179111054e-02,9.848167092475e-02,9.789741846254e-02,9.731895740213e-02,9.674621224167e-02,9.617910893207e-02,9.561757406172e-02,9.506153574472e-02,9.451092269152e-02,9.396566474796e-02,9.342569307681e-02,9.289093928482e-02,9.236133646003e-02,9.183681822994e-02,9.131731950936e-02,9.080277587966e-02,9.029312405538e-02,8.978830151107e-02,8.928824673244e-02,8.879289903092e-02,8.830219863264e-02,8.781608663269e-02,8.733450496457e-02,8.685739645596e-02,8.638470471231e-02,8.591637424447e-02,8.545235029237e-02,8.499257900173e-02,8.453700722591e-02
-2.693310376114e-01,-1.934274679546e-01,-1.295686794951e-01,-7.557925199413e-02,-2.973979150346e-02,9.321945038508e-03,4.271090654463e-02,7.132407832759e-02,9.589508533649e-02,1.170280910321e-01,1.352238199311e-01,1.508997215759e-01,1.644057299355e-01,1.760366802384e-01,1.860421661566e-01,1.946344197463e-01,2.019946532378e-01,2.082781936828e-01,2.136186654004e-01,2.181314149808e-01,2.219163308410e-01,2.250601757385e-01,2.276385254230e-01,2.297173866701e-01,2.313545539434e-01,2.326007508961e-01,2.335005947390e-01,2.340934139138e-01,2.344139434565e-01,2.344929188117e-01,2.343575838553e-01,2.340321274228e-01,2.335380590511e-01,2.328945334660e-01,2.321186315728e-01,2.312256041709e-01,2.302290841953e-01,2.291412715689e-01,2.279730949154e-01,2.267343530906e-01,2.254338394072e-01,2.240794508683e-01,2.226782844014e-01,2.212367217474e-01,2.197605045559e-01,2.182548008543e-01,2.167242640202e-01,2.151730851513e-01,2.136050397023e-01,2.120235289555e-01,2.104316171317e-01,2.088320644402e-01,2.072273567130e-01,2.056197319457e-01,2.040112040100e-01,2.024035841434e-01,2.007984999575e-01,1.991974128970e-01,1.976016336599e-01,1.960123362770e-01,1.944305707904e-01,1.928572746949e-01,1.912932831195e-01,1.897393384669e-01,1.881960986246e-01,1.866641447826e-01,1.851439884263e-01,1.836360774486e-01,1.821408023072e-01,1.806585006747e-01,1.791894627651e-01,1.777339352359e-01,1.762921253123e-01,1.748642044477e-01,1.734503112344e-01,1.720505550261e-01,1.706650178148e-01,1.692937575376e-01,1.679368097674e-01,1.665941900124e-01,1.652658956709e-01,1.639519077641e-01,1.626521920148e-01,1.613667012138e-01,1.600953756979e-01,1.588381450003e-01,1.575949290141e-01,1.563656384223e-01,1.551501767444e-01,1.539484396659e-01,1.527603173225e-01,1.515856939341e-01,1.504244489352e-01,1.492764577228e-01,1.481415914029e-01,1.470197186914e-01,1.459107045627e-01,1.448144123969e-01,1.437307031703e-01,1.426594362730e-01,1.416004699300e-01,1.405536614650e-01,1.395188667164e-01,1.384959418392e-01,1.374847420932e-01,1.364851227695e-01,1.354969394167e-01,1.345200471563e-01,1.335543023890e-01,1.325995608374e-01,1.316556796587e-01,1.307225161383e-01,1.297999283868e-01,1.288877755317e-01,1.279859169793e-01,1.270942138067e-01,1.262125271799e-01,1.253407198776e-01,1.244786553767e-01,1.236261982823e-01,1.227832143931e-01,1.219495706499e-01,1.211251350668e-01,1.203097771076e-01,1.195033675147e-01,1.187057784834e-01,1.179168836185e-01,1.171365583546e-01,1.163646792900e-01,1.156011254417e-01,1.148457770219e-01,1.140985165290e-01,1.133592283333e-01,1.126277984607e-01,1.119041157734e-01,1.111880699360e-01,1.104795541471e-01,1.097784624762e-01,1.090846916998e-01,1.083981405301e-01,1.077187094004e-01,1.070463004694e-01,1.063808188779e-01,1.057221702411e-01,1.050702627958e-01,1.044250061968e-01,1.037863114034e-01,1.031540917738e-01,1.025282608599e-01,1.019087351199e-01,1.012954312264e-01,1.006882678142e-01,1.000871646443e-01,9.949204243192e-02,9.890282373476e-02,9.831943136118e-02,9.774179022954e-02,9.716982561558e-02,9.660346425477e-02,9.604263387405e-02,9.548726312089e-02,9.493728160543e-02,9.439262034029e-02,9.385321083235e-02,9.331898586536e-02,9.278987908523e-02,9.226582499388e-02,9.174675926456e-02,9.123261813535e-02,9.072333914726e-02,9.021886043636e-02,8.971912118874e-02,8.922406142861e-02,8.873362198311e-02,8.824774468311e-02,8.776637200144e-02,8.728944746347e-02,8.681691525669e-02,8.634872046633e-02,8.588480896794e-02,8.542512740698e-02
-2.724702958767e-01,-1.960044555600e-01,-1.316585505300e-01,-7.724484973413e-02,-3.103408649296e-02,8.353979374933e-03,4.203083387520e-02,7.089885086195e-02,9.569613151302e-02,1.170305837450e-01,1.354060854732e-01,1.512427576403e-01,1.648928102522e-01,1.766530280036e-01,1.867746822074e-01,1.954714556342e-01,2.029258199943e-01,2.092942003615e-01,2.147111819367e-01,2.192929550080e-01,2.231401513895e-01,2.263401908143e-01,2.289692313828e-01,2.310937975270e-01,2.327721449828e-01,2.340554095813e-01,2.349885775927e-01,2.356113086883e-01,2.359586358965e-01,2.360615630573e-01,2.359475765512e-01,2.356410844711e-01,2.351637950443e-01,2.345350433780e-01,2.337720742583e-01,2.328902877748e-01,2.319034528929e-01,2.308238937361e-01,2.296626524774e-01,2.284296318650e-01,2.271337204230e-01,2.257829024820e-01,2.243843551660e-01,2.229445339338e-01,2.214692482612e-01,2.199637286456e-01,2.184326860464e-01,2.168803646930e-01,2.153105890726e-01,2.137268058247e-01,2.121321210548e-01,2.105293337713e-01,2.089209657331e-01,2.073092881758e-01,2.056963458851e-01,2.040839786514e-01,2.024738406913e-01,2.008674181302e-01,1.992660445481e-01,1.976709153160e-01,1.960831002597e-01,1.945035553130e-01,1.929331327680e-01,1.913725909501e-01,1.898226026829e-01,1.882837629392e-01,1.867565961348e-01,1.852415622452e-01,1.837390627415e-01,1.822494460365e-01,1.807730118411e-01,1.793100160062e-01,1.778606742912e-01,1.764251658538e-01,1.750036369613e-01,1.735962035286e-01,1.722029541446e-01,1.708239527784e-01,1.694592404353e-01,1.681088379702e-01,1.667727475439e-01,1.654509547501e-01,1.641434295735e-01,1.628501286153e-01,1.615709960979e-01,1.603059647802e-01,1.590549578322e-01,1.578178890612e-01,1.565946642408e-01,1.553851823936e-01,1.541893354210e-01,1.530070100475e-01,1.518380879189e-01,1.506824459032e-01,1.495399575735e-01,1.484104926226e-01,1.472939179565e-01,1.461900984852e-01,1.450988962091e-01,1.440201720235e-01,1.429537851191e-01,1.418995939687e-01,1.408574554457e-01,1.398272264180e-01,1.388087633456e-01,1.378019220000e-01,1.368065588274e-01,1.358225298577e-01,1.348496914661e-01,1.338879010400e-01,1.329370155236e-01,1.319968931592e-01,1.310673927931e-01,1.301483736399e-01,1.292396963710e-01,1.283412219862e-01,1.274528125632e-01,1.265743315330e-01,1.257056426760e-01,1.248466113152e-01,1.239971036604e-01,1.231569872132e-01,1.223261303521e-01,1.215044029260e-01,1.206916759852e-01,1.198878219095e-01,1.190927144523e-01,1.183062288917e-01,1.175282421159e-01,1.167586322917e-01,1.159972798244e-01,1.152440664844e-01,1.144988758725e-01,1.137615939284e-01,1.130321078006e-01,1.123103073080e-01,1.115960841547e-01,1.108893313236e-01,1.101899450901e-01,1.094978227642e-01,1.088128641021e-01,1.081349701741e-01,1.074640451519e-01,1.067999940992e-01,1.061427239211e-01,1.054921440136e-01,1.048481644125e-01,1.042106975980e-01,1.035796574875e-01,1.029549586740e-01,1.023365184756e-01,1.017242546668e-01,1.011180864818e-01,1.005179349163e-01,9.992372143588e-02,9.933536936320e-02,9.875280299751e-02,9.817594730354e-02,9.760472913280e-02,9.703907580662e-02,9.647891594436e-02,9.592417891245e-02,9.537479558362e-02,9.483069740260e-02,9.429181682342e-02,9.375808751036e-02,9.322944372249e-02,9.270582091717e-02,9.218715542152e-02,9.167338424379e-02,9.116444564307e-02,9.066027850971e-02,9.016082264786e-02,8.966601884203e-02,8.917580854428e-02,8.869013420721e-02,8.820893907042e-02,8.773216709336e-02,8.725976322295e-02,8.679167307430e-02,8.632784310872e-02
-2.761265730414e-01,-1.990432159288e-01,-1.341625493884e-01,-7.928321492004e-02,-3.266502853270e-02,7.081084130729e-03,4.107382329459e-02,7.022150355312e-02,9.526715624879e-02,1.168228099754e-01,1.353958092170e-01,1.514092094192e-01,1.652177185944e-01,1.771202590149e-01,1.873699404554e-01,1.961820339049e-01,2.037403890659e-01,2.102026316075e-01,2.157043964768e-01,2.203627952243e-01,2.242792708798e-01,2.275419596770e-01,2.302276544846e-01,2.324034436923e-01,2.341280853400e-01,2.354531638576e-01,2.364240671038e-01,2.370808149386e-01,2.374587643078e-01,2.375892108984e-01,2.374999044049e-01,2.372154911533e-01,2.367578951591e-01,2.361466472755e-01,2.353991702801e-01,2.345310262250e-01,2.335561316972e-01,2.324869456233e-01,2.313346333387e-01,2.301092103175e-01,2.288196683797e-01,2.274740865968e-01,2.260797291002e-01,2.246431313337e-01,2.231701763687e-01,2.216661624977e-01,2.201358631751e-01,2.185835803042e-01,2.170131916322e-01,2.154281930042e-01,2.138317360827e-01,2.122266620042e-01,2.106155315492e-01,2.090006521752e-01,2.073841021856e-01,2.057677525204e-01,2.041532863518e-01,2.025422166109e-01,2.009359018862e-01,1.993355607810e-01,1.977422847063e-01,1.961570497176e-01,1.945807268479e-01,1.930140918363e-01,1.914578338105e-01,1.899125628969e-01,1.883788175527e-01,1.868570710704e-01,1.853477371808e-01,1.838511756202e-01,1.823676970534e-01,1.808975671952e-01,1.794410110682e-01,1.779982167724e-01,1.765693385030e-01,1.751544998237e-01,1.737537965939e-01,1.723672991608e-01,1.709950548768e-01,1.696370904160e-01,1.682934132594e-01,1.669640140903e-01,1.656488676464e-01,1.643479348324e-01,1.630611641358e-01,1.617884921433e-01,1.605298453596e-01,1.592851413323e-01,1.580542888469e-01,1.568371894557e-01,1.556337384160e-01,1.544438246446e-01,1.532673319938e-01,1.521041400705e-01,1.509541240151e-01,1.498171555475e-01,1.486931037181e-01,1.475818345673e-01,1.464832119510e-01,1.453970982643e-01,1.443233538657e-01,1.432618385588e-01,1.422124104265e-01,1.411749272444e-01,1.401492467398e-01,1.391352255803e-01,1.381327207128e-01,1.371415895931e-01,1.361616891839e-01,1.351928770981e-01,1.342350118474e-01,1.332879518863e-01,1.323515565474e-01,1.314256863103e-01,1.305102019327e-01,1.296049651713e-01,1.287098390636e-01,1.278246871909e-01,1.269493741931e-01,1.260837660433e-01,1.252277293977e-01,1.243811324204e-01,1.235438439734e-01,1.227157343505e-01,1.218966751284e-01,1.210865389455e-01,1.202851999016e-01,1.194925333941e-01,1.187084163314e-01,1.179327271604e-01,1.171653456728e-01,1.164061536147e-01,1.156550344125e-01,1.149118728937e-01,1.141765562006e-01,1.134489733196e-01,1.127290146658e-01,1.120165731708e-01,1.113115437466e-01,1.106138226982e-01,1.099233091157e-01,1.092399030080e-01,1.085635075540e-01,1.078940272093e-01,1.072313676193e-01,1.065754374757e-01,1.059261466322e-01,1.052834059966e-01,1.046471291776e-01,1.040172308956e-01,1.033936267962e-01,1.027762348459e-01,1.021649740892e-01,1.015597643931e-01,1.009605275894e-01,1.003671865687e-01,9.977966497701e-02,9.919788812093e-02,9.862178235733e-02,9.805127476186e-02,9.748629395638e-02,9.692676904680e-02,9.637263076945e-02,9.582381052672e-02,9.528024045654e-02,9.474185415251e-02,9.420858590851e-02,9.368037075178e-02,9.315714498559e-02,9.263884566072e-02,9.212541056055e-02,9.161677860474e-02,9.111288948930e-02,9.061368364025e-02,9.011910251029e-02,8.962908834116e-02,8.914358409843e-02,8.866253368709e-02,8.818588180057e-02,8.771357384603e-02,8.724555612705e-02
-2.803058578007e-01,-2.025491927337e-01,-1.370856397689e-01,-8.169888605157e-02,-3.463677733945e-02,5.499438665453e-03,3.983635895594e-02,6.928879586405e-02,9.460516860217e-02,1.164020055559e-01,1.351904341482e-01,1.513967094645e-01,1.653782613211e-01,1.774363397712e-01,1.878260549871e-01,1.967644050650e-01,2.044367374252e-01,2.110019816821e-01,2.165969123715e-01,2.213396405903e-01,2.253324890673e-01,2.286643706516e-01,2.314127659244e-01,2.336453739854e-01,2.354214966877e-01,2.367932038223e-01,2.378063176351e-01,2.385012475885e-01,2.389137007056e-01,2.390752880502e-01,2.390140439458e-01,2.387548719850e-01,2.383199291949e-01,2.377289579046e-01,2.369995729953e-01,2.361475113508e-01,2.351868489487e-01,2.341301901741e-01,2.329888332978e-01,2.317729154494e-01,2.304915399269e-01,2.291528880476e-01,2.277643178459e-01,2.263324510934e-01,2.248632503073e-01,2.233620869585e-01,2.218338019827e-01,2.202827595503e-01,2.187128949346e-01,2.171277571557e-01,2.155305470540e-01,2.139241513205e-01,2.123111729543e-01,2.106939585043e-01,2.090746225831e-01,2.074550698534e-01,2.058370147640e-01,2.042219993380e-01,2.026114092328e-01,2.010064882309e-01,1.994083511555e-01,1.978179958910e-01,1.962363138129e-01,1.946640996130e-01,1.931020600348e-01,1.915508217804e-01,1.900109386531e-01,1.884828982057e-01,1.869671277177e-01,1.854639994179e-01,1.839738355358e-01,1.824969128014e-01,1.810334665621e-01,1.795836942504e-01,1.781477590526e-01,1.767257929898e-01,1.753178995970e-01,1.739241565119e-01,1.725446179669e-01,1.711793170432e-01,1.698282671096e-01,1.684914644649e-01,1.671688890999e-01,1.658605068079e-01,1.645662704786e-01,1.632861212598e-01,1.620199895419e-01,1.607677963478e-01,1.595294543711e-01,1.583048683526e-01,1.570939362768e-01,1.558965501580e-01,1.547125967951e-01,1.535419577814e-01,1.523845107633e-01,1.512401298985e-01,1.501086859957e-01,1.489900469888e-01,1.478840786282e-01,1.467906450177e-01,1.457096078911e-01,1.446408285696e-01,1.435841665247e-01,1.425394807880e-01,1.415066299858e-01,1.404854723578e-01,1.394758656775e-01,1.384776679723e-01,1.374907377399e-01,1.365149333078e-01,1.355501135540e-01,1.345961380510e-01,1.336528672211e-01,1.327201616322e-01,1.317978829727e-01,1.308858939724e-01,1.299840580575e-01,1.290922394792e-01,1.282103036516e-01,1.273381172644e-01,1.264755474492e-01,1.256224631119e-01,1.247787336946e-01,1.239442300487e-01,1.231188242484e-01,1.223023895160e-01,1.214948002638e-01,1.206959322994e-01,1.199056627335e-01,1.191238700977e-01,1.183504344440e-01,1.175852373229e-01,1.168281617091e-01,1.160790925973e-01,1.153379165598e-01,1.146045217384e-01,1.138787982807e-01,1.131606384166e-01,1.124499361082e-01,1.117465867608e-01,1.110504888285e-01,1.103615413275e-01,1.096796464540e-01,1.090047077769e-01,1.083366305003e-01,1.076753217331e-01,1.070206908611e-01,1.063726486267e-01,1.057311070063e-01,1.050959803244e-01,1.044671842720e-01,1.038446358162e-01,1.032282530873e-01,1.026179563812e-01,1.020136668651e-01,1.014153067535e-01,1.008227997675e-01,1.002360709697e-01,9.965504635780e-02,9.907965273220e-02,9.850981874183e-02,9.794547320541e-02,9.738654671794e-02,9.683297054612e-02,9.628467684493e-02,9.574159878933e-02,9.520367069419e-02,9.467082764240e-02,9.414300549177e-02,9.362014125986e-02,9.310217277810e-02,9.258903868679e-02,9.208067842085e-02,9.157703249264e-02,9.107804212409e-02,9.058364931361e-02,9.009379695648e-02,8.960842879603e-02,8.912748932391e-02,8.865092375331e-02,8.817867825948e-02
-2.850152134320e-01,-2.065287957279e-01,-1.404336579067e-01,-8.449719292970e-02,-3.695421310362e-02,3.604564109911e-03,3.831432186571e-02,6.809693270131e-02,9.370666639875e-02,1.157649341968e-01,1.347869658161e-01,1.512024841816e-01,1.653718673032e-01,1.775988849140e-01,1.881408114305e-01,1.972165126129e-01,2.050129545105e-01,2.116904752627e-01,2.173870798404e-01,2.222219581135e-01,2.262983817488e-01,2.297061010463e-01,2.325233378710e-01,2.348184493666e-01,2.366513231304e-01,2.380745516360e-01,2.391344246874e-01,2.398717710012e-01,2.403226743490e-01,2.405190849853e-01,2.404893432608e-01,2.402586294533e-01,2.398493511376e-01,2.392814778715e-01,2.385728310050e-01,2.377393353519e-01,2.367952381415e-01,2.357533000418e-01,2.346249621580e-01,2.334204923424e-01,2.321491136525e-01,2.308191172667e-01,2.294379621152e-01,2.280123627321e-01,2.265483670093e-01,2.250514250661e-01,2.235264503673e-01,2.219778740301e-01,2.204096931667e-01,2.188255139791e-01,2.172285902295e-01,2.156218576030e-01,2.140079644949e-01,2.123892995809e-01,2.107680165728e-01,2.091460564078e-01,2.075251672532e-01,2.059069225025e-01,2.042927369957e-01,2.026838816421e-01,2.010814965641e-01,1.994866032005e-01,1.979001148967e-01,1.963228468259e-01,1.947555248122e-01,1.931987934020e-01,1.916532230878e-01,1.901193169505e-01,1.885975167268e-01,1.870882082761e-01,1.855917266025e-01,1.841083602265e-01,1.826383555082e-01,1.811819203580e-01,1.797392277574e-01,1.783104187054e-01,1.768956052195e-01,1.754948729700e-01,1.741082836908e-01,1.727358773461e-01,1.713776738927e-01,1.700336757412e-01,1.687038686446e-01,1.673882237704e-01,1.660866989572e-01,1.647992401082e-01,1.635257821443e-01,1.622662501513e-01,1.610205605004e-01,1.597886217149e-01,1.585703353901e-01,1.573655965091e-01,1.561742946398e-01,1.549963144021e-01,1.538315362355e-01,1.526798364711e-01,1.515410881480e-01,1.504151614879e-01,1.493019243287e-01,1.482012424423e-01,1.471129794054e-01,1.460369981635e-01,1.449731597609e-01,1.439213246615e-01,1.428813526894e-01,1.418531034219e-01,1.408364359929e-01,1.398312094055e-01,1.388372829046e-01,1.378545160434e-01,1.368827689284e-01,1.359219016943e-01,1.349717753419e-01,1.340322515665e-01,1.331031930526e-01,1.321844629560e-01,1.312759253926e-01,1.303774455023e-01,1.294888894893e-01,1.286101245762e-01,1.277410186395e-01,1.268814413088e-01,1.260312626840e-01,1.251903542503e-01,1.243585886433e-01,1.235358397347e-01,1.227219824825e-01,1.219168930925e-01,1.211204491099e-01,1.203325294037e-01,1.195530141563e-01,1.187817850586e-01,1.180187252890e-01,1.172637195772e-01,1.165166540894e-01,1.157774168837e-01,1.150458977501e-01,1.143219881977e-01,1.136055814346e-01,1.128965724590e-01,1.121948587922e-01,1.115003386871e-01,1.108129134041e-01,1.101324856527e-01,1.094589600030e-01,1.087922425820e-01,1.081322416633e-01,1.074788674104e-01,1.068320314913e-01,1.061916471547e-01,1.055576290110e-01,1.049298939216e-01,1.043083598330e-01,1.036929461187e-01,1.030835732350e-01,1.024801634609e-01,1.018826402450e-01,1.012909281510e-01,1.007049528231e-01,1.001246410486e-01,9.954992121671e-02,9.898072192282e-02,9.841697360579e-02,9.785860739190e-02,9.730555539971e-02,9.675775059634e-02,9.621512707517e-02,9.567761990084e-02,9.514516495879e-02,9.461769901042e-02,9.409515963159e-02,9.357748551014e-02,9.306461605166e-02,9.255649151140e-02,9.205305290300e-02,9.155424221258e-02,9.106000220913e-02,9.057027643775e-02,9.008500921608e-02,8.960414565170e-02,8.912763174921e-02
-2.902627941053e-01,-2.109894157570e-01,-1.442133264356e-01,-8.768426956832e-02,-3.962294837584e-02,1.391312267122e-03,3.650297936294e-02,6.664155487868e-02,9.256762731348e-02,1.149078786272e-01,1.341819643568e-01,1.508233466062e-01,1.651955806469e-01,1.776051504506e-01,1.883116607053e-01,1.975359870236e-01,2.054668365880e-01,2.122660620706e-01,2.180729909116e-01,2.230079720112e-01,2.271752961692e-01,2.306656127862e-01,2.335579393144e-01,2.359213389256e-01,2.378163274719e-01,2.392960579397e-01,2.404073213797e-01,2.411913958198e-01,2.416847687274e-01,2.419197537820e-01,2.419250191850e-01,2.417260414808e-01,2.413454965054e-01,2.408035971487e-01,2.401183858464e-01,2.393059885512e-01,2.383808357981e-01,2.373558555496e-01,2.362426417914e-01,2.350516022989e-01,2.337920883073e-01,2.324725085885e-01,2.311004300725e-01,2.296826665930e-01,2.282253574391e-01,2.267340369405e-01,2.252136962212e-01,2.236688380909e-01,2.221035259044e-01,2.205214271189e-01,2.189258521831e-01,2.173197892990e-01,2.157059355454e-01,2.140867247535e-01,2.124643525339e-01,2.108407987648e-01,2.092178478095e-01,2.075971067220e-01,2.059800216788e-01,2.043678927244e-01,2.027618871753e-01,2.011630517897e-01,1.995723235402e-01,1.979905396377e-01,1.964184464760e-01,1.948567077751e-01,1.933059119877e-01,1.917665790076e-01,1.902391662163e-01,1.887240741191e-01,1.872216513718e-01,1.857321993869e-01,1.842559765756e-01,1.827932020782e-01,1.813440593004e-01,1.799086991397e-01,1.784872428754e-01,1.770797848306e-01,1.756863948984e-01,1.743071205070e-01,1.729419888213e-01,1.715910089006e-01,1.702541727813e-01,1.689314575005e-01,1.676228264008e-01,1.663282304415e-01,1.650476094454e-01,1.637808931701e-01,1.625280021507e-01,1.612888488698e-01,1.600633385134e-01,1.588513697480e-01,1.576528355440e-01,1.564676235728e-01,1.552956169252e-01,1.541366947503e-01,1.529907326960e-01,1.518576033693e-01,1.507371769531e-01,1.496293210309e-01,1.485339013174e-01,1.474507825532e-01,1.463798275451e-01,1.453208983709e-01,1.442738563665e-01,1.432385623510e-01,1.422148769046e-01,1.412026604958e-01,1.402017733819e-01,1.392120761715e-01,1.382334297998e-01,1.372656956502e-01,1.363087358129e-01,1.353624128144e-01,1.344265898883e-01,1.335011311643e-01,1.325859016409e-01,1.316807672391e-01,1.307855950475e-01,1.299002527529e-01,1.290246091302e-01,1.281585345430e-01,1.273018998129e-01,1.264545771195e-01,1.256164397704e-01,1.247873622233e-01,1.239672201358e-01,1.231558903384e-01,1.223532508082e-01,1.215591808607e-01,1.207735611139e-01,1.199962735322e-01,1.192272014251e-01,1.184662295706e-01,1.177132442945e-01,1.169681334621e-01,1.162307865515e-01,1.155010947063e-01,1.147789505449e-01,1.140642488598e-01,1.133568862877e-01,1.126567604816e-01,1.119637718535e-01,1.112778223156e-01,1.105988156194e-01,1.099266573429e-01,1.092612547514e-01,1.086025168597e-01,1.079503548163e-01,1.073046812089e-01,1.066654102671e-01,1.060324578098e-01,1.054057409726e-01,1.047851786957e-01,1.041706913758e-01,1.035622006481e-01,1.029596294670e-01,1.023629020567e-01,1.017719436041e-01,1.011866810068e-01,1.006070422243e-01,1.000329556398e-01,9.946435151017e-02,9.890116080691e-02,9.834331551003e-02,9.779074858250e-02,9.724339389299e-02,9.670118625377e-02,9.616406157184e-02,9.563195653085e-02,9.510480870153e-02,9.458255652714e-02,9.406513923871e-02,9.355249702694e-02,9.304457091905e-02,9.254130272046e-02,9.204263504928e-02,9.154851132590e-02,9.105887569465e-02,9.057367322471e-02,9.009284973123e-02
-2.960578657220e-01,-2.159394438465e-01,-1.484322719359e-01,-9.126707035520e-02,-4.264934303553e-02,-1.146148231046e-03,3.439697219869e-02,6.491772686675e-02,9.118349763664e-02,1.138266304262e-01,1.333715345957e-01,1.502556867798e-01,1.648460519924e-01,1.774520257315e-01,1.883357112513e-01,1.977201383959e-01,2.057958798302e-01,2.127264102938e-01,2.186524731927e-01,2.236956578293e-01,2.279613454396e-01,2.315411471133e-01,2.345149310284e-01,2.369525151129e-01,2.389150866644e-01,2.404563975521e-01,2.416237743151e-01,2.424589749001e-01,2.429989178201e-01,2.432763047503e-01,2.433201538733e-01,2.431562579851e-01,2.428075792457e-01,2.422945901970e-01,2.416355691472e-01,2.408468566708e-01,2.399430788783e-01,2.389373422047e-01,2.378414037665e-01,2.366658205825e-01,2.354200806458e-01,2.341127181868e-01,2.327514153634e-01,2.313430919613e-01,2.298939847969e-01,2.284097180659e-01,2.268953657811e-01,2.253555072761e-01,2.237942766204e-01,2.222154066788e-01,2.206222684445e-01,2.190179062098e-01,2.174050690512e-01,2.157862390506e-01,2.141636566233e-01,2.125393432746e-01,2.109151220716e-01,2.092926360872e-01,2.076733649855e-01,2.060586400480e-01,2.044496576908e-01,2.028474917945e-01,2.012531046492e-01,1.996673570904e-01,1.980910175728e-01,1.965247704256e-01,1.949692233481e-01,1.934249142208e-01,1.918923173001e-01,1.903718488866e-01,1.888638723537e-01,1.873687029234e-01,1.858866118962e-01,1.844178305392e-01,1.829625536342e-01,1.815209427184e-01,1.800931290496e-01,1.786792163566e-01,1.772792831590e-01,1.758933851887e-01,1.745215573365e-01,1.731638158766e-01,1.718201596609e-01,1.704905721029e-01,1.691750225301e-01,1.678734675200e-01,1.665858521246e-01,1.653121109930e-01,1.640521694057e-01,1.628059443097e-01,1.615733448920e-01,1.603542736669e-01,1.591486271074e-01,1.579562963132e-01,1.567771676233e-01,1.556111231773e-01,1.544580414413e-01,1.533177977761e-01,1.521902645227e-01,1.510753117599e-01,1.499728073972e-01,1.488826181780e-01,1.478046088663e-01,1.467386433407e-01,1.456845846272e-01,1.446422951307e-01,1.436116368462e-01,1.425924715504e-01,1.415846609831e-01,1.405880671479e-01,1.396025519853e-01,1.386279779802e-01,1.376642081154e-01,1.367111059726e-01,1.357685358222e-01,1.348363627013e-01,1.339144524956e-01,1.330026721072e-01,1.321008890874e-01,1.312089721274e-01,1.303267907907e-01,1.294542162100e-01,1.285911199839e-01,1.277373750362e-01,1.268928554027e-01,1.260574362483e-01,1.252309938843e-01,1.244134057877e-01,1.236045506248e-01,1.228043083017e-01,1.220125598652e-01,1.212291877033e-01,1.204540755174e-01,1.196871083648e-01,1.189281727057e-01,1.181771564528e-01,1.174339490137e-01,1.166984412448e-01,1.159705258097e-01,1.152500969430e-01,1.145370507644e-01,1.138312844732e-01,1.131326977591e-01,1.124411918355e-01,1.117566697104e-01,1.110790361877e-01,1.104081978594e-01,1.097440630889e-01,1.090865419748e-01,1.084355460943e-01,1.077909892004e-01,1.071527864222e-01,1.065208544689e-01,1.058951115781e-01,1.052754774636e-01,1.046618732617e-01,1.040542214606e-01,1.034524457001e-01,1.028564712963e-01,1.022662245668e-01,1.016816332002e-01,1.011026253360e-01,1.005291310110e-01,9.996108101720e-02,9.939840717703e-02,9.884104231426e-02,9.828892022740e-02,9.774197566552e-02,9.720014430155e-02,9.666336261804e-02,9.613156821614e-02,9.560469944648e-02,9.508269551887e-02,9.456549648827e-02,9.405304324185e-02,9.354527748686e-02,9.304214173361e-02,9.254357924269e-02,9.204953418253e-02,9.155995143033e-02,9.107477668193e-02
-3.024108313711e-01,-2.213882944467e-01,-1.530990462440e-01,-9.525338965578e-02,-4.604052242980e-02,-4.014348663467e-03,3.199029914640e-02,6.291992242516e-02,8.954917859740e-02,1.125164770900e-01,1.323513142701e-01,1.494954610240e-01,1.643195282614e-01,1.771360235285e-01,1.882097197575e-01,1.977659477579e-01,2.059972720773e-01,2.130688989108e-01,2.191230825274e-01,2.242827354856e-01,2.286544019417e-01,2.323307183263e-01,2.353924596250e-01,2.379102480881e-01,2.399459863963e-01,2.415540643601e-01,2.427823788135e-01,2.436731987266e-01,2.442639015509e-01,2.445876020189e-01,2.446736907841e-01,2.445482972119e-01,2.442346881376e-01,2.437536123926e-01,2.431235992498e-01,2.423612176274e-01,2.414813017069e-01,2.404971478077e-01,2.394206865531e-01,2.382626337466e-01,2.370326228713e-01,2.357393216309e-01,2.343905347775e-01,2.329932948288e-01,2.315539423773e-01,2.300781972508e-01,2.285712216779e-01,2.270376764466e-01,2.254817709065e-01,2.239073075573e-01,2.223177218634e-01,2.207161178562e-01,2.191053000095e-01,2.174878018158e-01,2.158659114395e-01,2.142416947581e-01,2.126170161034e-01,2.109935569386e-01,2.093728326963e-01,2.077562079755e-01,2.061449102537e-01,2.045400423758e-01,2.029425936751e-01,2.013534502330e-01,1.997734040878e-01,1.982031616095e-01,1.966433511056e-01,1.950945297332e-01,1.935571897850e-01,1.920317644109e-01,1.905186328282e-01,1.890181250705e-01,1.875305263170e-01,1.860560808432e-01,1.845949956500e-01,1.831474437018e-01,1.817135669739e-01,1.802934792089e-01,1.788872684263e-01,1.774949992260e-01,1.761167148279e-01,1.747524392997e-01,1.734021788541e-01,1.720659238002e-01,1.707436499435e-01,1.694353199472e-01,1.681408845812e-01,1.668602838683e-01,1.655934481340e-01,1.643402989712e-01,1.631007501238e-01,1.618747082987e-01,1.606620739100e-01,1.594627417621e-01,1.582766017310e-01,1.571035391991e-01,1.559434356797e-01,1.547961693082e-01,1.536616152664e-01,1.525396461891e-01,1.514301323914e-01,1.503329428337e-01,1.492479444371e-01,1.481750030740e-01,1.471139836439e-01,1.460647503123e-01,1.450271667287e-01,1.440010962257e-01,1.429864019995e-01,1.419829472740e-01,1.409905954495e-01,1.400092102366e-01,1.390386557765e-01,1.380787967490e-01,1.371294985434e-01,1.361906271433e-01,1.352620493450e-01,1.343436328291e-01,1.334352461881e-01,1.325367589724e-01,1.316480415753e-01,1.307689659368e-01,1.298994044826e-01,1.290392309260e-01,1.281883200771e-01,1.273465478593e-01,1.265137913231e-01,1.256899286608e-01,1.248748392216e-01,1.240684035291e-01,1.232705033012e-01,1.224810214749e-01,1.216998422337e-01,1.209268510415e-01,1.201619346633e-01,1.194049812267e-01,1.186558802764e-01,1.179145228059e-01,1.171808013082e-01,1.164546098234e-01,1.157358441447e-01,1.150244011842e-01,1.143201800692e-01,1.136230814466e-01,1.129330076914e-01,1.122498629211e-01,1.115735530027e-01,1.109039855494e-01,1.102410699092e-01,1.095847171450e-01,1.089348400068e-01,1.082913528977e-01,1.076541718332e-01,1.070232143974e-01,1.063983995816e-01,1.057796480381e-01,1.051668818048e-01,1.045600242452e-01,1.039590000400e-01,1.033637351381e-01,1.027741569200e-01,1.021901932401e-01,1.016117738661e-01,1.010388293740e-01,1.004712913988e-01,9.990909260139e-02,9.935216663770e-02,9.880044813127e-02,9.825387264789e-02,9.771237667265e-02,9.717589758916e-02,9.664437366060e-02,9.611774401241e-02,9.559594861655e-02,9.507892823644e-02,9.456662452671e-02,9.405897993093e-02,9.355593767121e-02,9.305744175289e-02,9.256343695398e-02,9.207386887435e-02
-3.093332615242e-01,-2.273464329480e-01,-1.582231516262e-01,-9.965188492988e-02,-4.980439864984e-02,-7.220539961510e-03,2.927629863461e-02,6.064200773358e-02,8.765901090458e-02,1.109721875670e-01,1.311164602439e-01,1.485381787595e-01,1.636118403115e-01,1.766532686023e-01,1.879300804604e-01,1.976700570288e-01,2.060678834203e-01,2.132906086094e-01,2.194820944818e-01,2.247666612042e-01,2.292520896817e-01,2.330321065271e-01,2.361884506674e-01,2.387925991762e-01,2.409072148870e-01,2.425873653543e-01,2.438815531881e-01,2.448325900927e-01,2.454783408694e-01,2.458523588066e-01,2.459844300130e-01,2.459010411394e-01,2.456257824218e-01,2.451796959412e-01,2.445815773373e-01,2.438482378538e-01,2.429947324801e-01,2.420345590356e-01,2.409798322840e-01,2.398414365342e-01,2.386291596698e-01,2.373518110477e-01,2.360173255323e-01,2.346328552943e-01,2.332048510816e-01,2.317391342409e-01,2.302409606569e-01,2.287150776038e-01,2.271657743730e-01,2.255969274225e-01,2.240120407002e-01,2.224142817040e-01,2.208065137722e-01,2.191913250363e-01,2.175710544112e-01,2.159478149546e-01,2.143235148855e-01,2.126998765179e-01,2.110784533327e-01,2.094606453897e-01,2.078477132358e-01,2.062407905631e-01,2.046408955135e-01,2.030489410721e-01,2.014657444186e-01,1.998920354287e-01,1.983284643962e-01,1.967756090517e-01,1.952339809482e-01,1.937040312728e-01,1.921861561413e-01,1.906807014243e-01,1.891879671483e-01,1.877082115130e-01,1.862416545585e-01,1.847884815170e-01,1.833488458753e-01,1.819228721759e-01,1.805106585805e-01,1.791122792148e-01,1.777277862514e-01,1.763572121448e-01,1.750005710276e-01,1.736578606372e-01,1.723290637622e-01,1.710141496316e-01,1.697130751897e-01,1.684257862659e-01,1.671522186472e-01,1.658922990640e-01,1.646459460934e-01,1.634130709893e-01,1.621935784442e-01,1.609873672882e-01,1.597943311308e-01,1.586143589501e-01,1.574473356331e-01,1.562931424724e-01,1.551516576209e-01,1.540227565092e-01,1.529063120877e-01,1.518021957533e-01,1.507102767911e-01,1.496304232656e-01,1.485625021391e-01,1.475063795180e-01,1.464619208784e-01,1.454289912720e-01,1.444074555131e-01,1.433971783498e-01,1.423980246187e-01,1.414098593853e-01,1.404325480705e-01,1.394659565643e-01,1.385099513283e-01,1.375643994853e-01,1.366291689002e-01,1.357041282493e-01,1.347891470816e-01,1.338840958709e-01,1.329888458983e-01,1.321032699550e-01,1.312272413444e-01,1.303606346124e-01,1.295033253863e-01,1.286551903912e-01,1.278161074637e-01,1.269859555640e-01,1.261646147872e-01,1.253519663757e-01,1.245478927325e-01,1.237522774377e-01,1.229650052679e-01,1.221859622197e-01,1.214150355370e-01,1.206521137438e-01,1.198970866797e-01,1.191498455403e-01,1.184102829194e-01,1.176782928537e-01,1.169537709967e-01,1.162366141513e-01,1.155267210666e-01,1.148239919833e-01,1.141283287858e-01,1.134396350280e-01,1.127578159519e-01,1.120827784986e-01,1.114144313100e-01,1.107526847227e-01,1.100974507533e-01,1.094486430766e-01,1.088061769960e-01,1.081699694085e-01,1.075399387645e-01,1.069160050239e-01,1.062980896091e-01,1.056861153565e-01,1.050800064673e-01,1.044796884582e-01,1.038850883392e-01,1.032961336315e-01,1.027127537733e-01,1.021348790778e-01,1.015624409518e-01,1.009953718580e-01,1.004336052811e-01,9.987707569609e-02,9.932571853949e-02,9.877947018281e-02,9.823826790861e-02,9.770204988869e-02,9.717075516413e-02,9.664432362726e-02,9.612269600510e-02,9.560581384418e-02,9.509361949657e-02,9.458605610697e-02,9.408306760061e-02,9.358459867190e-02,9.309059484231e-02
-3.168379291254e-01,-2.338254076109e-01,-1.638150699563e-01,-1.044721034960e-01,-5.394969516684e-02,-1.077271542948e-02,2.624762769727e-02,5.807722169868e-02,8.550675626724e-02,1.091879951467e-01,1.296616326945e-01,1.473788878874e-01,1.627183892952e-01,1.759994848854e-01,1.874928129946e-01,1.974287574475e-01,2.060042551775e-01,2.133883115064e-01,2.197264946033e-01,2.251446182942e-01,2.297517755540e-01,2.336428493299e-01,2.369006007950e-01,2.395974133806e-01,2.417967557640e-01,2.435544138679e-01,2.449195322954e-01,2.459354978564e-01,2.466406917074e-01,2.470691317437e-01,2.472510229794e-01,2.472132305057e-01,2.469796870827e-01,2.465717453631e-01,2.460084830678e-01,2.453069680636e-01,2.444824891678e-01,2.435487575767e-01,2.425180830478e-01,2.414015283300e-01,2.402090448140e-01,2.389495918678e-01,2.376312421561e-01,2.362612745778e-01,2.348462565576e-01,2.333921169809e-01,2.319042109510e-01,2.303873773752e-01,2.288459902533e-01,2.272840044228e-01,2.257049964185e-01,2.241122010183e-01,2.225085439728e-01,2.208966713554e-01,2.192789759136e-01,2.176576207566e-01,2.160345606716e-01,2.144115613293e-01,2.127902166037e-01,2.111719642095e-01,2.095580998189e-01,2.079497899027e-01,2.063480832169e-01,2.047539213486e-01,2.031681482149e-01,2.015915186977e-01,2.000247064888e-01,1.984683112222e-01,1.969228649634e-01,1.953888381177e-01,1.938666448133e-01,1.923566478091e-01,1.908591629719e-01,1.893744633635e-01,1.879027829728e-01,1.864443201276e-01,1.849992406126e-01,1.835676805227e-01,1.821497488736e-01,1.807455299922e-01,1.793550856435e-01,1.779784572911e-01,1.766156675500e-01,1.752667221327e-01,1.739316113300e-01,1.726103114301e-01,1.713027860202e-01,1.700089871816e-01,1.687288565865e-01,1.674623265055e-01,1.662093207319e-01,1.649697554315e-01,1.637435399219e-01,1.625305773894e-01,1.613307655461e-01,1.601439972348e-01,1.589701609828e-01,1.578091415117e-01,1.566608202049e-01,1.555250755362e-01,1.544017833274e-01,1.532908176672e-01,1.521920503901e-01,1.511053519575e-01,1.500305915900e-01,1.489676375213e-01,1.479163572316e-01,1.468766176607e-01,1.458482854022e-01,1.448312268811e-01,1.438253085153e-01,1.428303968618e-01,1.418463587502e-01,1.408730614020e-01,1.399103725390e-01,1.389581604796e-01,1.380162942249e-01,1.370846435344e-01,1.361630789931e-01,1.352514720690e-01,1.343496949969e-01,1.334576215034e-01,1.325751257885e-01,1.317020832764e-01,1.308383704531e-01,1.299838648856e-01,1.291384452367e-01,1.283019912765e-01,1.274743838933e-01,1.266555051022e-01,1.258452380544e-01,1.250434670482e-01,1.242500775408e-01,1.234649561642e-01,1.226879907436e-01,1.219190703209e-01,1.211580851806e-01,1.204049268820e-01,1.196594882931e-01,1.189216636295e-01,1.181913485896e-01,1.174684400229e-01,1.167528365138e-01,1.160444380756e-01,1.153431462697e-01,1.146488642388e-01,1.139614967353e-01,1.132809501424e-01,1.126071324887e-01,1.119399534547e-01,1.112793243717e-01,1.106251582127e-01,1.099773695752e-01,1.093358746581e-01,1.087005912312e-01,1.080714385997e-01,1.074483375648e-01,1.068312103805e-01,1.062199807075e-01,1.056145735669e-01,1.050149155332e-01,1.044209336939e-01,1.038325571407e-01,1.032497158684e-01,1.026723410039e-01,1.021003647662e-01,1.015337204287e-01,1.009723422840e-01,1.004161656108e-01,9.986512664480e-02,9.931916255042e-02,9.877821139618e-02,9.824221213159e-02,9.771110456642e-02,9.718482935158e-02,9.666332796186e-02,9.614654268002e-02,9.563441658218e-02,9.512689352443e-02,9.462391813027e-02,9.412543585808e-02
-3.249388497651e-01,-2.408378860690e-01,-1.698862960194e-01,-1.097245130292e-01,-5.848597485498e-02,-1.467963657286e-02,2.289623811356e-02,5.521815388470e-02,8.308557693349e-02,1.071575783143e-01,1.279809771470e-01,1.460121578887e-01,1.616341307477e-01,1.751699804844e-01,1.868935483410e-01,1.970379764321e-01,2.058025875870e-01,2.133584594918e-01,2.198529674016e-01,2.254135067222e-01,2.301505594622e-01,2.341602325038e-01,2.375263688514e-01,2.403223109657e-01,2.426123800700e-01,2.444531219815e-01,2.458943603215e-01,2.469800901014e-01,2.477492384898e-01,2.482363146274e-01,2.484719664146e-01,2.484834590181e-01,2.482950872820e-01,2.479285321492e-01,2.474031694963e-01,2.467363384405e-01,2.459435749489e-01,2.450388157472e-01,2.440345766938e-01,2.429421091440e-01,2.417715373160e-01,2.405319791446e-01,2.392316529640e-01,2.378779716448e-01,2.364776259659e-01,2.350366585152e-01,2.335605293106e-01,2.320541741635e-01,2.305220566648e-01,2.289682145594e-01,2.273963011732e-01,2.258096224710e-01,2.242111702501e-01,2.226036519108e-01,2.209895171904e-01,2.193709821930e-01,2.177500510224e-01,2.161285352751e-01,2.145080716213e-01,2.128901376807e-01,2.112760663587e-01,2.096670588849e-01,2.080641964817e-01,2.064684510803e-01,2.048806949720e-01,2.033017095842e-01,2.017321934556e-01,2.001727694876e-01,1.986239915437e-01,1.970863504593e-01,1.955602795181e-01,1.940461594468e-01,1.925443229718e-01,1.910550589803e-01,1.895786163396e-01,1.881152073255e-01,1.866650108303e-01,1.852281752734e-01,1.838048212566e-01,1.823950440017e-01,1.809989155238e-01,1.796164869326e-01,1.782477899061e-01,1.768928386940e-01,1.755516316235e-01,1.742241525492e-01,1.729103721832e-01,1.716102493174e-01,1.703237319448e-01,1.690507582908e-01,1.677912577596e-01,1.665451518040e-01,1.653123547245e-01,1.640927744037e-01,1.628863130296e-01,1.616928675912e-01,1.605123305335e-01,1.593445902878e-01,1.581895317354e-01,1.570470366486e-01,1.559169839638e-01,1.547992507216e-01,1.536937115008e-01,1.526002393716e-01,1.515187060143e-01,1.504489819827e-01,1.493909369449e-01,1.483444399040e-01,1.473093594001e-01,1.462855636940e-01,1.452729209359e-01,1.442712993183e-01,1.432805672146e-01,1.423005933060e-01,1.413312467696e-01,1.403723971849e-01,1.394239147661e-01,1.384856704518e-01,1.375575359506e-01,1.366393838046e-01,1.357310872757e-01,1.348325211212e-01,1.339435604619e-01,1.330640816505e-01,1.321939620773e-01,1.313330801925e-01,1.304813155235e-01,1.296385486889e-01,1.288046614090e-01,1.279795365142e-01,1.271630579526e-01,1.263551107969e-01,1.255555812519e-01,1.247643566641e-01,1.239813255564e-01,1.232063775631e-01,1.224394035241e-01,1.216802954988e-01,1.209289467812e-01,1.201852519294e-01,1.194491068611e-01,1.187204086379e-01,1.179990558737e-01,1.172849485396e-01,1.165779880555e-01,1.158780773261e-01,1.151851207744e-01,1.144990243713e-01,1.138196956586e-01,1.131470437674e-01,1.124809794282e-01,1.118214149750e-01,1.111682643405e-01,1.105214430454e-01,1.098808680640e-01,1.092464581026e-01,1.086181333554e-01,1.079958154539e-01,1.073794274695e-01,1.067688938715e-01,1.061641407353e-01,1.055650946068e-01,1.049716842183e-01,1.043838391843e-01,1.038014902934e-01,1.032245694662e-01,1.026530097145e-01,1.020867451035e-01,1.015257107154e-01,1.009698426162e-01,1.004190778249e-01,9.987335428444e-02,9.933261083614e-02,9.879678719539e-02,9.826582387037e-02,9.773966230750e-02,9.721824474325e-02,9.670151418853e-02,9.618941443634e-02,9.568189004781e-02,9.517888643017e-02
-3.336513271658e-01,-2.483976966313e-01,-1.764493751767e-01,-1.154205360413e-01,-6.342367166727e-02,-1.895086229186e-02,1.921334942277e-02,5.205671950205e-02,8.038801245062e-02,1.048740391049e-01,1.260681042716e-01,1.444320609299e-01,1.603535568840e-01,1.741596310641e-01,1.861275132079e-01,1.964932628781e-01,2.054587259488e-01,2.131971711481e-01,2.198578839861e-01,2.255699314158e-01,2.304452632413e-01,2.345812794699e-01,2.380629659186e-01,2.409646779913e-01,2.433516372647e-01,2.452811919637e-01,2.468038826340e-01,2.479643463755e-01,2.488020867362e-01,2.493521313634e-01,2.496455956234e-01,2.497101669174e-01,2.495705222085e-01,2.492486888800e-01,2.487643574521e-01,2.481351532630e-01,2.473768730702e-01,2.465036915711e-01,2.455283421200e-01,2.444622750983e-01,2.433157971047e-01,2.420981934116e-01,2.408178360882e-01,2.394822794023e-01,2.380983443336e-01,2.366721934921e-01,2.352093976520e-01,2.337149949340e-01,2.321935435277e-01,2.306491687286e-01,2.290856049698e-01,2.275062334114e-01,2.259141156270e-01,2.243120238165e-01,2.227024679406e-01,2.210877201194e-01,2.194698365958e-01,2.178506775363e-01,2.162319248694e-01,2.146150984299e-01,2.130015705209e-01,2.113925791598e-01,2.097892399410e-01,2.081925569286e-01,2.066034324695e-01,2.050226761181e-01,2.034510127480e-01,2.018890899296e-01,2.003374846463e-01,1.987967094350e-01,1.972672178872e-01,1.957494098068e-01,1.942436358280e-01,1.927502016538e-01,1.912693719293e-01,1.898013737830e-01,1.883464000695e-01,1.869046123682e-01,1.854761435809e-01,1.840611005376e-01,1.826595661806e-01,1.812716019069e-01,1.798972490679e-01,1.785365310294e-01,1.771894547048e-01,1.758560120374e-01,1.745361813610e-01,1.732299286500e-01,1.719372086708e-01,1.706579661118e-01,1.693921363179e-01,1.681396464165e-01,1.669004160595e-01,1.656743581772e-01,1.644613796703e-01,1.632613820469e-01,1.620742620165e-01,1.608999121096e-01,1.597382208805e-01,1.585890736636e-01,1.574523527613e-01,1.563279384044e-01,1.552157081467e-01,1.541155378855e-01,1.530273019699e-01,1.519508734727e-01,1.508861244405e-01,1.498329261214e-01,1.487911491814e-01,1.477606640285e-01,1.467413405561e-01,1.457330487411e-01,1.447356586429e-01,1.437490405362e-01,1.427730650304e-01,1.418076031784e-01,1.408525265877e-01,1.399077076251e-01,1.389730190629e-01,1.380483346056e-01,1.371335286242e-01,1.362284769785e-01,1.353330557755e-01,1.344471423552e-01,1.335706150639e-01,1.327033532813e-01,1.318452374415e-01,1.309961490497e-01,1.301559707013e-01,1.293245862024e-01,1.285018801906e-01,1.276877385535e-01,1.268820482907e-01,1.260846975192e-01,1.252955754801e-01,1.245145725465e-01,1.237415802385e-01,1.229764912494e-01,1.222191993660e-01,1.214695996295e-01,1.207275883315e-01,1.199930629243e-01,1.192659222136e-01,1.185460663094e-01,1.178333966733e-01,1.171278161535e-01,1.164292290201e-01,1.157375409977e-01,1.150526592879e-01,1.143744924218e-01,1.137029508136e-01,1.130379462614e-01,1.123793921155e-01,1.117272032792e-01,1.110812962026e-01,1.104415888697e-01,1.098080007578e-01,1.091804526311e-01,1.085588671810e-01,1.079431682838e-01,1.073332814617e-01,1.067291326652e-01,1.061306502054e-01,1.055377632540e-01,1.049504021990e-01,1.043684986011e-01,1.037919851529e-01,1.032207956378e-01,1.026548648837e-01,1.020941285627e-01,1.015385237168e-01,1.009879881310e-01,1.004424605108e-01,9.990188045477e-02,9.936618843026e-02,9.883532574994e-02,9.830923454033e-02,9.778785763953e-02,9.727113890961e-02,9.675902285225e-02,9.625145483073e-02
-3.429920042449e-01,-2.565198746264e-01,-1.835179456104e-01,-1.215725885443e-01,-6.877412615059e-02,-2.359678161293e-02,1.518941865297e-02,4.858413130135e-02,7.740595350077e-02,1.023298788285e-01,1.239160673254e-01,1.426321508707e-01,1.588706770111e-01,1.729628615311e-01,1.851895127662e-01,1.957897708119e-01,2.049681451307e-01,2.129002171661e-01,2.197372882868e-01,2.256101892279e-01,2.306324183124e-01,2.349027395879e-01,2.385073441914e-01,2.415216557364e-01,2.440118451632e-01,2.460361066893e-01,2.476457366411e-01,2.488860489434e-01,2.497971546882e-01,2.504146280399e-01,2.507700769785e-01,2.508916338675e-01,2.508043783238e-01,2.505307027979e-01,2.500906293573e-01,2.495020849367e-01,2.487811410905e-01,2.479422232877e-01,2.469982940145e-01,2.459610133894e-01,2.448408801975e-01,2.436473560514e-01,2.423889750348e-01,2.410734404357e-01,2.397077104636e-01,2.382980742395e-01,2.368502192894e-01,2.353692915932e-01,2.338599490894e-01,2.323264093975e-01,2.307724924797e-01,2.292016588089e-01,2.276170435664e-01,2.260214873228e-01,2.244175635913e-01,2.228076036120e-01,2.211937186656e-01,2.195778201847e-01,2.179616379122e-01,2.163467362660e-01,2.147345291716e-01,2.131262935210e-01,2.115231812392e-01,2.099262303633e-01,2.083363750248e-01,2.067544545317e-01,2.051812216324e-01,2.036173500225e-01,2.020634411439e-01,2.005200304642e-01,1.989875931383e-01,1.974665491886e-01,1.959572682642e-01,1.944600738971e-01,1.929752474773e-01,1.915030318892e-01,1.900436348002e-01,1.885972316860e-01,1.871639686650e-01,1.857439648589e-01,1.843373148304e-01,1.829440909249e-01,1.815643447961e-01,1.801981095225e-01,1.788454011705e-01,1.775062203109e-01,1.761805534430e-01,1.748683742551e-01,1.735696446778e-01,1.722843161418e-01,1.710123305059e-01,1.697536209714e-01,1.685081130050e-01,1.672757249222e-01,1.660563686838e-01,1.648499506194e-01,1.636563719818e-01,1.624755295005e-01,1.613073160446e-01,1.601516206487e-01,1.590083292325e-01,1.578773254632e-01,1.567584901081e-01,1.556517021179e-01,1.545568387262e-01,1.534737757318e-01,1.524023878201e-01,1.513425487546e-01,1.502941313578e-01,1.492570080645e-01,1.482310509680e-01,1.472161319861e-01,1.462121231563e-01,1.452188964355e-01,1.442363239910e-01,1.432642784289e-01,1.423026328142e-01,1.413512607646e-01,1.404100367597e-01,1.394788355537e-01,1.385575327032e-01,1.376460052510e-01,1.367441303649e-01,1.358517864383e-01,1.349688528334e-01,1.340952099121e-01,1.332307391330e-01,1.323753230064e-01,1.315288448667e-01,1.306911892816e-01,1.298622419023e-01,1.290418894704e-01,1.282300199297e-01,1.274265221470e-01,1.266312860864e-01,1.258442028867e-01,1.250651647987e-01,1.242940651928e-01,1.235307986216e-01,1.227752606295e-01,1.220273480073e-01,1.212869587522e-01,1.205539920073e-01,1.198283481884e-01,1.191099289740e-01,1.183986373360e-01,1.176943775214e-01,1.169970550893e-01,1.163065771831e-01,1.156228522754e-01,1.149457902864e-01,1.142753026062e-01,1.136113019186e-01,1.129537026482e-01,1.123024207866e-01,1.116573737208e-01,1.110184803325e-01,1.103856609831e-01,1.097588371454e-01,1.091379323999e-01,1.085228717008e-01,1.079135803669e-01,1.073099862325e-01,1.067120179699e-01,1.061196055054e-01,1.055326799781e-01,1.049511735931e-01,1.043750196820e-01,1.038041530159e-01,1.032385091817e-01,1.026780247816e-01,1.021226373988e-01,1.015722853996e-01,1.010269083231e-01,1.004864466115e-01,9.995084146870e-02,9.942003493817e-02,9.889396988170e-02,9.837258978051e-02,9.785583926424e-02,9.734366366456e-02
-3.529789200609e-01,-2.652207140439e-01,-1.911067853585e-01,-1.281941230559e-01,-7.454962490680e-02,-2.862865004482e-02,1.081410676096e-02,4.479086865427e-02,7.413061335807e-02,9.951697138323e-02,1.215173370804e-01,1.406054396380e-01,1.571789953357e-01,1.715736252228e-01,1.840739111912e-01,1.949222412135e-01,2.043259325501e-01,2.124630041450e-01,2.194868817720e-01,2.255302544816e-01,2.307082519937e-01,2.351210751854e-01,2.388561846752e-01,2.419901290197e-01,2.445900788371e-01,2.467151190616e-01,2.484173417331e-01,2.497427733183e-01,2.507321643858e-01,2.514216643227e-01,2.518433995872e-01,2.520259708807e-01,2.519948816132e-01,2.517729084116e-01,2.513804222117e-01,2.508356673512e-01,2.501550045754e-01,2.493531232431e-01,2.484432270145e-01,2.474371966908e-01,2.463457333349e-01,2.451784841531e-01,2.439441537530e-01,2.426506022795e-01,2.413049323973e-01,2.399135664025e-01,2.384823147500e-01,2.370164369952e-01,2.355206961010e-01,2.339994069146e-01,2.324564794848e-01,2.308954578396e-01,2.293195547082e-01,2.277316826978e-01,2.261344822988e-01,2.245303470678e-01,2.229214463062e-01,2.213097455096e-01,2.196970248231e-01,2.180848957119e-01,2.164748160085e-01,2.148681036275e-01,2.132659488419e-01,2.116694255556e-01,2.100795014655e-01,2.084970473260e-01,2.069228453193e-01,2.053575967107e-01,2.038019288376e-01,2.022564014517e-01,2.007215125282e-01,1.991977034505e-01,1.976853639368e-01,1.961848364117e-01,1.946964200819e-01,1.932203745060e-01,1.917569230427e-01,1.903062559490e-01,1.888685332188e-01,1.874438871644e-01,1.860324246433e-01,1.846342296304e-01,1.832493647313e-01,1.818778733524e-01,1.805197812982e-01,1.791750983911e-01,1.778438197522e-01,1.765259271510e-01,1.752213902964e-01,1.739301679198e-01,1.726522088565e-01,1.713874526804e-01,1.701358309011e-01,1.688972676442e-01,1.676716805101e-01,1.664589809209e-01,1.652590749620e-01,1.640718639712e-01,1.628972450816e-01,1.617351116636e-01,1.605853534075e-01,1.594478576721e-01,1.583225086854e-01,1.572091886854e-01,1.561077780144e-01,1.550181555537e-01,1.539401986760e-01,1.528737835898e-01,1.518187857395e-01,1.507750799537e-01,1.497425407424e-01,1.487210419031e-01,1.477104573199e-01,1.467106608853e-01,1.457215268477e-01,1.447429293704e-01,1.437747430387e-01,1.428168429841e-01,1.418691049919e-01,1.409314055090e-01,1.400036211944e-01,1.390856303623e-01,1.381773113248e-01,1.372785436046e-01,1.363892076470e-01,1.355091850323e-01,1.346383581020e-01,1.337766101333e-01,1.329238255683e-01,1.320798899442e-01,1.312446899986e-01,1.304181131123e-01,1.296000479870e-01,1.287903844061e-01,1.279890133931e-01,1.271958267689e-01,1.264107175094e-01,1.256335797441e-01,1.248643087373e-01,1.241028008260e-01,1.233489533124e-01,1.226026648639e-01,1.218638350841e-01,1.211323648407e-01,1.204081561867e-01,1.196911123216e-01,1.189811377042e-01,1.182781381354e-01,1.175820206840e-01,1.168926937086e-01,1.162100667491e-01,1.155340511334e-01,1.148645594141e-01,1.142015055710e-01,1.135448047333e-01,1.128943739200e-01,1.122501315652e-01,1.116119974542e-01,1.109798926698e-01,1.103537396795e-01,1.097334631272e-01,1.091189876913e-01,1.085102406871e-01,1.079071502439e-01,1.073096457753e-01,1.067176576737e-01,1.061311178947e-01,1.055499596791e-01,1.049741171974e-01,1.044035256452e-01,1.038381210656e-01,1.032778411527e-01,1.027226242173e-01,1.021724095178e-01,1.016271369806e-01,1.010867478555e-01,1.005511841603e-01,1.000203886539e-01,9.949430482229e-02,9.897287694612e-02,9.845605049605e-02
-3.636315729933e-01,-2.745178248109e-01,-1.992318644652e-01,-1.352996762719e-01,-8.076344435153e-02,-3.405862977632e-02,6.076241595557e-03,4.066664306262e-02,7.055249561098e-02,9.642653325655e-02,1.188637741219e-01,1.383443716231e-01,1.552714869677e-01,1.699853812164e-01,1.827746102862e-01,1.938849818527e-01,2.035267691181e-01,2.118805568088e-01,2.191020065617e-01,2.253257630026e-01,2.306686723812e-01,2.352324472250e-01,2.391058835859e-01,2.423667132835e-01,2.450831583177e-01,2.473152403819e-01,2.491158882650e-01,2.505318776132e-01,2.516046313395e-01,2.523709036356e-01,2.528633660999e-01,2.531111117084e-01,2.531400893308e-01,2.529734794885e-01,2.526320198986e-01,2.521342884937e-01,2.514969499985e-01,2.507349711874e-01,2.498618092417e-01,2.488895769589e-01,2.478291880417e-01,2.466904848154e-01,2.454823511699e-01,2.442128121726e-01,2.428891223737e-01,2.415178441257e-01,2.401049171625e-01,2.386557204778e-01,2.371751275024e-01,2.356675553745e-01,2.341370089292e-01,2.325871200963e-01,2.310211832117e-01,2.294421867095e-01,2.278528415779e-01,2.262556069791e-01,2.246527133136e-01,2.230461830128e-01,2.214378493160e-01,2.198293732470e-01,2.182222589119e-01,2.166178674604e-01,2.150174295926e-01,2.134220570318e-01,2.118327528884e-01,2.102504210664e-01,2.086758747990e-01,2.071098444909e-01,2.055529848358e-01,2.040058812000e-01,2.024690555852e-01,2.009429720264e-01,1.994280415328e-01,1.979246264536e-01,1.964330447288e-01,1.949535736474e-01,1.934864532135e-01,1.920318893016e-01,1.905900566201e-01,1.891611014186e-01,1.877451436231e-01,1.863422795342e-01,1.849525833793e-01,1.835761095288e-01,1.822128941793e-01,1.808629568833e-01,1.795263019039e-01,1.782029197505e-01,1.768927884592e-01,1.755958744195e-01,1.743121336452e-01,1.730415127651e-01,1.717839499586e-01,1.705393753776e-01,1.693077123286e-01,1.680888779297e-01,1.668827835261e-01,1.656893352891e-01,1.645084349504e-01,1.633399804258e-01,1.621838655306e-01,1.610399815587e-01,1.599082164544e-01,1.587884559864e-01,1.576805839464e-01,1.565844823126e-01,1.555000313064e-01,1.544271100694e-01,1.533655969669e-01,1.523153691686e-01,1.512763033198e-01,1.502482757631e-01,1.492311627800e-01,1.482248400194e-01,1.472291834429e-01,1.462440693590e-01,1.452693741506e-01,1.443049744233e-01,1.433507474229e-01,1.424065712936e-01,1.414723240092e-01,1.405478852185e-01,1.396331344706e-01,1.387279525009e-01,1.378322210591e-01,1.369458227495e-01,1.360686407996e-01,1.352005596480e-01,1.343414650126e-01,1.334912431522e-01,1.326497814756e-01,1.318169685778e-01,1.309926942868e-01,1.301768489676e-01,1.293693243499e-01,1.285700133767e-01,1.277788098681e-01,1.269956086197e-01,1.262203056386e-01,1.254527981596e-01,1.246929840810e-01,1.239407628179e-01,1.231960345339e-01,1.224587006684e-01,1.217286637772e-01,1.210058274973e-01,1.202900966736e-01,1.195813773547e-01,1.188795766549e-01,1.181846030938e-01,1.174963664753e-01,1.168147778182e-01,1.161397492349e-01,1.154711946974e-01,1.148090293103e-01,1.141531693171e-01,1.135035325789e-01,1.128600385931e-01,1.122226080581e-01,1.115911625676e-01,1.109656262901e-01,1.103459233378e-01,1.097319804859e-01,1.091237252994e-01,1.085210864215e-01,1.079239938563e-01,1.073323793491e-01,1.067461754829e-01,1.061653155811e-01,1.055897348327e-01,1.050193693377e-01,1.044541560396e-01,1.038940326309e-01,1.033389385777e-01,1.027888138430e-01,1.022435990764e-01,1.017032360980e-01,1.011676677467e-01,1.006368374790e-01,1.001106892366e-01,9.958916855384e-02
-3.749709905556e-01,-2.844301960581e-01,-2.079104025670e-01,-1.429049216910e-01,-8.742989893398e-02,-3.989983409968e-02,9.637767408846e-04,3.620036010852e-02,6.666135914362e-02,9.304909111764e-02,1.159465982818e-01,1.358407947815e-01,1.531405710608e-01,1.681910694416e-01,1.812850260165e-01,1.926718451575e-01,2.025649084158e-01,2.111474982395e-01,2.185776268388e-01,2.249919945375e-01,2.305092517007e-01,2.352326995242e-01,2.392525373773e-01,2.426477403732e-01,2.454876351193e-01,2.478332274844e-01,2.497383251899e-01,2.512504907976e-01,2.524118535407e-01,2.532598027812e-01,2.538275825613e-01,2.541448029364e-01,2.542378806607e-01,2.541304202996e-01,2.538435447521e-01,2.533961823438e-01,2.528053169944e-01,2.520862067941e-01,2.512525751732e-01,2.503167785980e-01,2.492899540715e-01,2.481821488583e-01,2.470024351560e-01,2.457590112662e-01,2.444592912824e-01,2.431099847135e-01,2.417171670968e-01,2.402863429128e-01,2.388225017093e-01,2.373301681057e-01,2.358134465435e-01,2.342760613714e-01,2.327213927219e-01,2.311525087408e-01,2.295721945594e-01,2.279829783377e-01,2.263871547427e-01,2.247868061108e-01,2.231838215533e-01,2.215799142400e-01,2.199766369955e-01,2.183753964872e-01,2.167774659875e-01,2.151839970550e-01,2.135960301154e-01,2.120145039768e-01,2.104402646344e-01,2.088740732417e-01,2.073166132426e-01,2.057684970603e-01,2.042302721529e-01,2.027024263808e-01,2.011853931252e-01,1.996795559278e-01,1.981852525399e-01,1.967027788627e-01,1.952323925357e-01,1.937743159944e-01,1.923287395134e-01,1.908958240153e-01,1.894757033319e-01,1.880684867959e-01,1.866742609497e-01,1.852930917857e-01,1.839250265543e-01,1.825700950083e-01,1.812283112525e-01,1.798996751750e-01,1.785841732990e-01,1.772817803016e-01,1.759924601741e-01,1.747161667703e-01,1.734528450530e-01,1.722024320623e-01,1.709648572274e-01,1.697400433834e-01,1.685279076081e-01,1.673283613527e-01,1.661413112548e-01,1.649666598938e-01,1.638043056772e-01,1.626541440531e-01,1.615160669478e-01,1.603899639131e-01,1.592757225184e-01,1.581732277891e-01,1.570823633103e-01,1.560030115745e-01,1.549350533397e-01,1.538783686154e-01,1.528328370124e-01,1.517983370519e-01,1.507747470219e-01,1.497619453520e-01,1.487598098976e-01,1.477682186559e-01,1.467870501827e-01,1.458161828742e-01,1.448554955312e-01,1.439048678297e-01,1.429641794542e-01,1.420333114010e-01,1.411121445570e-01,1.402005609629e-01,1.392984438894e-01,1.384056766523e-01,1.375221438265e-01,1.366477313348e-01,1.357823253324e-01,1.349258132432e-01,1.340780838999e-01,1.332390265245e-01,1.324085315733e-01,1.315864909215e-01,1.307727969692e-01,1.299673432898e-01,1.291700248435e-01,1.283807372397e-01,1.275993771946e-01,1.268258427509e-01,1.260600326348e-01,1.253018470088e-01,1.245511866725e-01,1.238079537302e-01,1.230720514190e-01,1.223433838529e-01,1.216218563833e-01,1.209073754127e-01,1.201998485139e-01,1.194991844599e-01,1.188052930104e-01,1.181180853773e-01,1.174374739923e-01,1.167633722220e-01,1.160956951162e-01,1.154343590091e-01,1.147792811193e-01,1.141303804902e-01,1.134875775381e-01,1.128507935009e-01,1.122199517151e-01,1.115949759096e-01,1.109757923254e-01,1.103623279709e-01,1.097545105103e-01,1.091522701343e-01,1.085555377429e-01,1.079642448139e-01,1.073783251509e-01,1.067977132759e-01,1.062223442130e-01,1.056521550475e-01,1.050870836024e-01,1.045270681375e-01,1.039720486902e-01,1.034219660585e-01,1.028767614303e-01,1.023363774986e-01,1.018007577408e-01,1.012698459955e-01,1.007435875369e-01
-3.870198062889e-01,-2.949782657841e-01,-2.171609322857e-01,-1.510267275582e-01,-9.456439425247e-02,-4.616637632464e-02,-4.536253580872e-03,3.138007793941e-02,6.244617939513e-02,8.937444540758e-02,1.127563550872e-01,1.330859296491e-01,1.507780814244e-01,1.661830829377e-01,1.795980626827e-01,1.912762039291e-01,2.014341537840e-01,2.102580282908e-01,2.179083084602e-01,2.245238534407e-01,2.302252080205e-01,2.351173414213e-01,2.392919262929e-01,2.428292428887e-01,2.457997773842e-01,2.482655685636e-01,2.502813465990e-01,2.518955000380e-01,2.531508992256e-01,2.540856000099e-01,2.547334472869e-01,2.551245935788e-01,2.552859465207e-01,2.552415557627e-01,2.550129482610e-01,2.546194199758e-01,2.540782898195e-01,2.534051214904e-01,2.526139178123e-01,2.517172909377e-01,2.507266121903e-01,2.496521438979e-01,2.485031558773e-01,2.472880282295e-01,2.460143425331e-01,2.446889627273e-01,2.433181068986e-01,2.419074113118e-01,2.404619873890e-01,2.389864725964e-01,2.374850760170e-01,2.359616190339e-01,2.344195718932e-01,2.328620864977e-01,2.312920258622e-01,2.297119906558e-01,2.281243430833e-01,2.265312284488e-01,2.249345946022e-01,2.233362095448e-01,2.217376773329e-01,2.201404525134e-01,2.185458531479e-01,2.169550727230e-01,2.153691909020e-01,2.137891832779e-01,2.122159303593e-01,2.106502255936e-01,2.090927827933e-01,2.075442429395e-01,2.060051801660e-01,2.044761075465e-01,2.029574821494e-01,2.014497096700e-01,1.999531488863e-01,1.984681153945e-01,1.969948853157e-01,1.955336986831e-01,1.940847621885e-01,1.926482522666e-01,1.912243174436e-01,1.898130808417e-01,1.884146420356e-01,1.870290793720e-01,1.856564516374e-01,1.842967995725e-01,1.829501477720e-01,1.816165057118e-01,1.802958692329e-01,1.789882219624e-01,1.776935358234e-01,1.764117726766e-01,1.751428849756e-01,1.738868164569e-01,1.726435034449e-01,1.714128749879e-01,1.701948538737e-01,1.689893574810e-01,1.677962975894e-01,1.666155817604e-01,1.654471132836e-01,1.642907920536e-01,1.631465142555e-01,1.620141736066e-01,1.608936613271e-01,1.597848661183e-01,1.586876752904e-01,1.576019741598e-01,1.565276467252e-01,1.554645763488e-01,1.544126447356e-01,1.533717334277e-01,1.523417233894e-01,1.513224948561e-01,1.503139284523e-01,1.493159042021e-01,1.483283023064e-01,1.473510036320e-01,1.463838884949e-01,1.454268382305e-01,1.444797343496e-01,1.435424593127e-01,1.426148954534e-01,1.416969263957e-01,1.407884364907e-01,1.398893103895e-01,1.389994342730e-01,1.381186946445e-01,1.372469789813e-01,1.363841763098e-01,1.355301756585e-01,1.346848677302e-01,1.338481441404e-01,1.330198971062e-01,1.322000205192e-01,1.313884087183e-01,1.305849572227e-01,1.297895630161e-01,1.290021233630e-01,1.282225371275e-01,1.274507039561e-01,1.266865247813e-01,1.259299010951e-01,1.251807358072e-01,1.244389327927e-01,1.237043967987e-01,1.229770338308e-01,1.222567507940e-01,1.215434557456e-01,1.208370577655e-01,1.201374671324e-01,1.194445951845e-01,1.187583543598e-01,1.180786585091e-01,1.174054222940e-01,1.167385619715e-01,1.160779950154e-01,1.154236396330e-01,1.147754162091e-01,1.141332457378e-01,1.134970508567e-01,1.128667549768e-01,1.122422838433e-01,1.116235636873e-01,1.110105220317e-01,1.104030884258e-01,1.098011926417e-01,1.092047665359e-01,1.086137430932e-01,1.080280555369e-01,1.074476397436e-01,1.068724316382e-01,1.063023683709e-01,1.057373887817e-01,1.051774317144e-01,1.046224378948e-01,1.040723487688e-01,1.035271060157e-01,1.029866533854e-01,1.024509345851e-01,1.019198945482e-01
-3.998023442432e-01,-3.061839973759e-01,-2.270033688458e-01,-1.596832203843e-01,-1.021834853937e-01,-5.287342341169e-02,-1.043778382203e-02,2.619296131936e-02,5.789510570480e-02,8.539163120432e-02,1.092828789024e-01,1.300703345982e-01,1.481752345310e-01,1.639532377497e-01,1.777060844783e-01,1.896909247081e-01,2.001278331607e-01,2.092058998878e-01,2.170881965280e-01,2.239158475009e-01,2.298113852025e-01,2.348815287701e-01,2.392194963324e-01,2.429069371312e-01,2.460155535644e-01,2.486084676762e-01,2.507413771060e-01,2.524635365218e-01,2.538185933415e-01,2.548453024797e-01,2.555781386225e-01,2.560478231844e-01,2.562817785229e-01,2.563045208069e-01,2.561380007932e-01,2.558018997910e-01,2.553138879514e-01,2.546898494700e-01,2.539440800508e-01,2.530894599671e-01,2.521376062454e-01,2.510990067339e-01,2.499831384870e-01,2.487985722617e-01,2.475530653003e-01,2.462536435020e-01,2.449066745087e-01,2.435179328102e-01,2.420926576681e-01,2.406356050142e-01,2.391510936696e-01,2.376430468810e-01,2.361150294783e-01,2.345702812622e-01,2.330117470332e-01,2.314421035785e-01,2.298637840358e-01,2.282789998343e-01,2.266897605312e-01,2.250978917345e-01,2.235050513325e-01,2.219127441941e-01,2.203223354626e-01,2.187350627055e-01,2.171520468483e-01,2.155743021912e-01,2.140027455095e-01,2.124382042695e-01,2.108814242942e-01,2.093330764714e-01,2.077937632116e-01,2.062640240534e-01,2.047443409641e-01,2.032351431655e-01,2.017368113917e-01,2.002496821421e-01,1.987740510528e-01,1.973101765771e-01,1.958582828681e-01,1.944185627014e-01,1.929911801145e-01,1.915762728039e-01,1.901739541195e-01,1.887843154695e-01,1.874074278332e-01,1.860433436544e-01,1.846920984514e-01,1.833537120034e-01,1.820281901965e-01,1.807155255605e-01,1.794156990985e-01,1.781286808342e-01,1.768544309959e-01,1.755929009924e-01,1.743440338240e-01,1.731077655609e-01,1.718840251014e-01,1.706727357242e-01,1.694738150526e-01,1.682871758472e-01,1.671127265815e-01,1.659503719010e-01,1.648000125360e-01,1.636615466510e-01,1.625348693377e-01,1.614198734017e-01,1.603164497327e-01,1.592244869979e-01,1.581438730322e-01,1.570744935613e-01,1.560162339258e-01,1.549689782204e-01,1.539326099539e-01,1.529070123766e-01,1.518920678548e-01,1.508876593895e-01,1.498936689893e-01,1.489099794778e-01,1.479364734519e-01,1.469730338389e-01,1.460195440970e-01,1.450758882749e-01,1.441419502699e-01,1.432176154210e-01,1.423027691858e-01,1.413972979109e-01,1.405010889451e-01,1.396140298461e-01,1.387360099968e-01,1.378669185450e-01,1.370066464716e-01,1.361550851871e-01,1.353121271843e-01,1.344776662089e-01,1.336515963693e-01,1.328338136968e-01,1.320242142088e-01,1.312226957300e-01,1.304291566745e-01,1.296434965369e-01,1.288656159544e-01,1.280954166443e-01,1.273328008321e-01,1.265776723459e-01,1.258299356407e-01,1.250894963015e-01,1.243562609888e-01,1.236301371770e-01,1.229110336121e-01,1.221988598389e-01,1.214935265831e-01,1.207949455819e-01,1.201030296885e-01,1.194176927410e-01,1.187388499560e-01,1.180664172302e-01,1.174003122193e-01,1.167404532442e-01,1.160867601410e-01,1.154391539663e-01,1.147975568431e-01,1.141618919559e-01,1.135320846245e-01,1.129080603771e-01,1.122897467239e-01,1.116770722296e-01,1.110699663660e-01,1.104683607558e-01,1.098721867788e-01,1.092813787305e-01,1.086958706783e-01,1.081155986287e-01,1.075404995209e-01,1.069705109496e-01,1.064055725456e-01,1.058456235139e-01,1.052906056424e-01,1.047404604223e-01,1.041951309260e-01,1.036545610120e-01,1.031186951833e-01
-4.133447116120e-01,-3.180709634996e-01,-2.374590863837e-01,-1.688938547037e-01,-1.103049407981e-01,-6.003725466584e-02,-1.675577147474e-02,2.062523141035e-02,5.299541510042e-02,8.108887463505e-02,1.055152526343e-01,1.267838684278e-01,1.453225939847e-01,1.614927399883e-01,1.756008844387e-01,1.879083384995e-01,1.986387716896e-01,2.079843930815e-01,2.161109908959e-01,2.231620647606e-01,2.292622309533e-01,2.345200431339e-01,2.390303395083e-01,2.428762042840e-01,2.461306146099e-01,2.488578278316e-01,2.511145555682e-01,2.529509600078e-01,2.544115030916e-01,2.555356720175e-01,2.563586015794e-01,2.569116092059e-01,2.572226565640e-01,2.573167487350e-01,2.572162803798e-01,2.569413367411e-01,2.565099558691e-01,2.559383578359e-01,2.552411452238e-01,2.544314792662e-01,2.535212344625e-01,2.525211349945e-01,2.514408751014e-01,2.502892253573e-01,2.490741271217e-01,2.478027760475e-01,2.464816965796e-01,2.451168080633e-01,2.437134838704e-01,2.422766040636e-01,2.408106025984e-01,2.393195095252e-01,2.378069888787e-01,2.362763726801e-01,2.347306915117e-01,2.331727020467e-01,2.316049118469e-01,2.300296017505e-01,2.284488460848e-01,2.268645309416e-01,2.252783707326e-01,2.236919231771e-01,2.221066028744e-01,2.205236937003e-01,2.189443599449e-01,2.173696565939e-01,2.158005385215e-01,2.142378690321e-01,2.126824274816e-01,2.111349163858e-01,2.095959677710e-01,2.080661490909e-01,2.065459685533e-01,2.050358800349e-01,2.035362875880e-01,2.020475495021e-01,2.005699821611e-01,1.991038633673e-01,1.976494356931e-01,1.962069091558e-01,1.947764641518e-01,1.933582537650e-01,1.919524058914e-01,1.905590257260e-01,1.891781971475e-01,1.878099849993e-01,1.864544362218e-01,1.851115817887e-01,1.837814376848e-01,1.824640065133e-01,1.811592783847e-01,1.798672322013e-01,1.785878365201e-01,1.773210505118e-01,1.760668248577e-01,1.748251023729e-01,1.735958189953e-01,1.723789040576e-01,1.711742814239e-01,1.699818693899e-01,1.688015819278e-01,1.676333287500e-01,1.664770154310e-01,1.653325448546e-01,1.641998162750e-01,1.630787269486e-01,1.619691712866e-01,1.608710421988e-01,1.597842304541e-01,1.587086257032e-01,1.576441160939e-01,1.565905889394e-01,1.555479306350e-01,1.545160269365e-01,1.534947632227e-01,1.524840243508e-01,1.514836953066e-01,1.504936606039e-01,1.495138053601e-01,1.485440142125e-01,1.475841726930e-01,1.466341665710e-01,1.456938814315e-01,1.447632044378e-01,1.438420222736e-01,1.429302232335e-01,1.420276954673e-01,1.411343286134e-01,1.402500124895e-01,1.393746382466e-01,1.385080975274e-01,1.376502831256e-01,1.368010886255e-01,1.359604085601e-01,1.351281385343e-01,1.343041748893e-01,1.334884152957e-01,1.326807579487e-01,1.318811025996e-01,1.310893493276e-01,1.303053998161e-01,1.295291565789e-01,1.287605226079e-01,1.279994027281e-01,1.272457019392e-01,1.264993268834e-01,1.257601846518e-01,1.250281837194e-01,1.243032332465e-01,1.235852435793e-01,1.228741259331e-01,1.221697925917e-01,1.214721568219e-01,1.207811329408e-01,1.200966362762e-01,1.194185832984e-01,1.187468914180e-01,1.180814793934e-01,1.174222667477e-01,1.167691746647e-01,1.161221249771e-01,1.154810407536e-01,1.148458469889e-01,1.142164686808e-01,1.135928333292e-01,1.129748684383e-01,1.123625038614e-01,1.117556696558e-01,1.111542979637e-01,1.105583213959e-01,1.099676742986e-01,1.093822917915e-01,1.088021103236e-01,1.082270674397e-01,1.076571015813e-01,1.070921526045e-01,1.065321608298e-01,1.059770682902e-01,1.054268170753e-01,1.048813512509e-01,1.043406147967e-01
-4.276749001555e-01,-3.306644379349e-01,-2.485510014803e-01,-1.786794893330e-01,-1.189478121900e-01,-6.767532604167e-02,-2.350625638628e-02,1.466211116097e-02,4.773346106711e-02,7.645354578144e-02,1.014417635841e-01,1.232156490143e-01,1.422100322200e-01,1.587921494974e-01,1.732736506900e-01,1.859202088612e-01,1.969592615493e-01,2.065862866701e-01,2.149699193689e-01,2.222561481682e-01,2.285717728207e-01,2.340272690311e-01,2.387191722409e-01,2.427320699146e-01,2.461402744445e-01,2.490092324240e-01,2.513967174036e-01,2.533538421819e-01,2.549259216203e-01,2.561532099439e-01,2.570715331550e-01,2.577128328966e-01,2.581056355885e-01,2.582754582908e-01,2.582451605599e-01,2.580352505819e-01,2.576641517373e-01,2.571484357982e-01,2.565030267526e-01,2.557413800681e-01,2.548756399057e-01,2.539167779757e-01,2.528747159943e-01,2.517584338559e-01,2.505760657618e-01,2.493349852347e-01,2.480418809558e-01,2.467028240913e-01,2.453233284895e-01,2.439084043387e-01,2.424626062307e-01,2.409900761778e-01,2.394945822004e-01,2.379795530013e-01,2.364481091086e-01,2.349030909632e-01,2.333470841827e-01,2.317824424114e-01,2.302113079215e-01,2.286356302695e-01,2.270571831802e-01,2.254775798444e-01,2.238982867802e-01,2.223206364740e-01,2.207458387727e-01,2.191749913647e-01,2.176090891929e-01,2.160490331578e-01,2.144956379351e-01,2.129496392101e-01,2.114117002080e-01,2.098824177028e-01,2.083623275157e-01,2.068519094873e-01,2.053515921554e-01,2.038617568394e-01,2.023827416737e-01,2.009148449181e-01,1.994583284991e-01,1.980134206374e-01,1.965803189623e-01,1.951591927891e-01,1.937501853771e-01,1.923534164100e-01,1.909689834891e-01,1.895969643966e-01,1.882374183489e-01,1.868903878848e-01,1.855558999860e-01,1.842339676001e-01,1.829245907020e-01,1.816277574516e-01,1.803434452666e-01,1.790716216059e-01,1.778122451207e-01,1.765652660476e-01,1.753306275042e-01,1.741082654681e-01,1.728981102815e-01,1.717000862052e-01,1.705141130187e-01,1.693401058306e-01,1.681779754137e-01,1.670276295264e-01,1.658889721092e-01,1.647619047927e-01,1.636463262286e-01,1.625421332489e-01,1.614492204666e-01,1.603674810451e-01,1.592968066251e-01,1.582370876603e-01,1.571882137271e-01,1.561500733833e-01,1.551225549130e-01,1.541055456666e-01,1.530989332910e-01,1.521026045106e-01,1.511164468895e-01,1.501403470468e-01,1.491741926847e-01,1.482178714329e-01,1.472712707660e-01,1.463342795744e-01,1.454067862551e-01,1.444886806413e-01,1.435798524630e-01,1.426801927258e-01,1.417895927149e-01,1.409079447933e-01,1.400351419778e-01,1.391710781359e-01,1.383156481507e-01,1.374687475071e-01,1.366302730517e-01,1.358001219715e-01,1.349781931377e-01,1.341643855005e-01,1.333585999847e-01,1.325607373781e-01,1.317707004167e-01,1.309883924256e-01,1.302137172516e-01,1.294465805937e-01,1.286868882575e-01,1.279345477023e-01,1.271894668019e-01,1.264515547840e-01,1.257207215542e-01,1.249968781348e-01,1.242799364265e-01,1.235698092971e-01,1.228664106105e-01,1.221696551593e-01,1.214794587482e-01,1.207957382026e-01,1.201184112568e-01,1.194473968999e-01,1.187826147969e-01,1.181239862206e-01,1.174714329786e-01,1.168248781475e-01,1.161842464452e-01,1.155494627802e-01,1.149204542463e-01,1.142971481378e-01,1.136794737948e-01,1.130673609884e-01,1.124607412601e-01,1.118595469062e-01,1.112637116068e-01,1.106731701842e-01,1.100878583784e-01,1.095077134929e-01,1.089326732374e-01,1.083626773114e-01,1.077976652983e-01,1.072375791766e-01,1.066823603065e-01,1.061319527576e-01,1.055862999623e-01
-4.428228971188e-01,-3.439914959962e-01,-2.603036644632e-01,-1.890624707527e-01,-1.281325109479e-01,-7.580634046426e-02,-3.070642548913e-02,8.287765089581e-03,4.209461813745e-02,7.147210682162e-02,9.704985529325e-02,1.193540083472e-01,1.388266882556e-01,1.558413404788e-01,1.707149291671e-01,1.837176970446e-01,1.950810291103e-01,2.050038271922e-01,2.136577084191e-01,2.211912678751e-01,2.277335919657e-01,2.333971690704e-01,2.382803117871e-01,2.424691815626e-01,2.460394887003e-01,2.490579249055e-01,2.515833753477e-01,2.536679480453e-01,2.553578506004e-01,2.566941402010e-01,2.577133663417e-01,2.584481240259e-01,2.589275308623e-01,2.591776397077e-01,2.592217968388e-01,2.590809530254e-01,2.587739350888e-01,2.583176828496e-01,2.577274568046e-01,2.570170203725e-01,2.561988000284e-01,2.552840266052e-01,2.542828599672e-01,2.532044991769e-01,2.520572803235e-01,2.508487632101e-01,2.495858084624e-01,2.482746462828e-01,2.469209376076e-01,2.455298289503e-01,2.441060012620e-01,2.426537138449e-01,2.411768436856e-01,2.396789207692e-01,2.381631599132e-01,2.366324893303e-01,2.350895764782e-01,2.335368513177e-01,2.319765273678e-01,2.304106207375e-01,2.288409673600e-01,2.272692386173e-01,2.256969554992e-01,2.241255014977e-01,2.225561342817e-01,2.209899963503e-01,2.194281247383e-01,2.178714597977e-01,2.163208533359e-01,2.147770758572e-01,2.132408233790e-01,2.117127235060e-01,2.101933410446e-01,2.086831832146e-01,2.071827042041e-01,2.056923096788e-01,2.042123605383e-01,2.027431766920e-01,2.012850403359e-01,1.998381989454e-01,1.984028682608e-01,1.969792347196e-01,1.955674577819e-01,1.941676723716e-01,1.927799906305e-01,1.914045038942e-01,1.900412844710e-01,1.886903869540e-01,1.873518501057e-01,1.860256976764e-01,1.847119401102e-01,1.834105754088e-01,1.821215902060e-01,1.808449610031e-01,1.795806545414e-01,1.783286293044e-01,1.770888356278e-01,1.758612168892e-01,1.746457099823e-01,1.734422457372e-01,1.722507499758e-01,1.710711435846e-01,1.699033428758e-01,1.687472606910e-01,1.676028061236e-01,1.664698852128e-01,1.653484014511e-01,1.642382554743e-01,1.631393463770e-01,1.620515707741e-01,1.609748241295e-01,1.599090003595e-01,1.588539921064e-01,1.578096914853e-01,1.567759891751e-01,1.557527759662e-01,1.547399415899e-01,1.537373758213e-01,1.527449682482e-01,1.517626080583e-01,1.507901850608e-01,1.498275889647e-01,1.488747093022e-01,1.479314366504e-01,1.469976615313e-01,1.460732750287e-01,1.451581690949e-01,1.442522356166e-01,1.433553680468e-01,1.424674596013e-01,1.415884049211e-01,1.407180991682e-01,1.398564381634e-01,1.390033191557e-01,1.381586393788e-01,1.373222978967e-01,1.364941938998e-01,1.356742279454e-01,1.348623014990e-01,1.340583165762e-01,1.332621767735e-01,1.324737863257e-01,1.316930500016e-01,1.309198742277e-01,1.301541659167e-01,1.293958330111e-01,1.286447846424e-01,1.279009303647e-01,1.271641813083e-01,1.264344489044e-01,1.257116459341e-01,1.249956859418e-01,1.242864833583e-01,1.235839537176e-01,1.228880132685e-01,1.221985793709e-01,1.215155702592e-01,1.208389051607e-01,1.201685042491e-01,1.195042888303e-01,1.188461809924e-01,1.181941039083e-01,1.175479821493e-01,1.169077408371e-01,1.162733065400e-01,1.156446068832e-01,1.150215702449e-01,1.144041268926e-01,1.137922071317e-01,1.131857435793e-01,1.125846691121e-01,1.119889180775e-01,1.113984261815e-01,1.108131293763e-01,1.102329660309e-01,1.096578741651e-01,1.090877940510e-01,1.085226663038e-01,1.079624325766e-01,1.074070361212e-01,1.068564201270e-01
-4.588208064375e-01,-3.580811242551e-01,-2.727433591851e-01,-2.000667242004e-01,-1.378808915957e-01,-8.445032459337e-02,-3.837468362381e-02,1.485233823869e-03,3.606322111023e-02,6.613005559445e-02,9.232607485898e-02,1.151864434305e-01,1.351609216357e-01,1.526294584218e-01,1.679145831340e-01,1.812913239613e-01,1.929951990589e-01,2.032286951366e-01,2.121665512062e-01,2.199600909956e-01,2.267407945175e-01,2.326232567940e-01,2.377076504608e-01,2.420817842550e-01,2.458228314241e-01,2.489987866184e-01,2.516696983294e-01,2.538887158128e-01,2.557029810088e-01,2.571543910538e-01,2.582802525782e-01,2.591138441763e-01,2.596849019129e-01,2.600200394139e-01,2.601431120133e-01,2.600755337090e-01,2.598365533437e-01,2.594434958678e-01,2.589119738836e-01,2.582560730384e-01,2.574885152342e-01,2.566208024538e-01,2.556633437869e-01,2.546255676680e-01,2.535160214841e-01,2.523424600013e-01,2.511119238679e-01,2.498308097040e-01,2.485049325213e-01,2.471395814766e-01,2.457395698856e-01,2.443092798666e-01,2.428527024966e-01,2.413734738953e-01,2.398749076005e-01,2.383600238142e-01,2.368315757263e-01,2.352920732726e-01,2.337438046471e-01,2.321888557157e-01,2.306291276289e-01,2.290663527822e-01,2.275021092879e-01,2.259378341376e-01,2.243748351613e-01,2.228143018885e-01,2.212573154931e-01,2.197048577908e-01,2.181578194850e-01,2.166170077349e-01,2.150831529336e-01,2.135569150754e-01,2.120388894917e-01,2.105296120377e-01,2.090295640304e-01,2.075391765759e-01,2.060588346303e-01,2.045888808276e-01,2.031296187068e-01,2.016813160039e-01,2.002442075132e-01,1.988184977203e-01,1.974043631422e-01,1.960019547702e-01,1.946114000576e-01,1.932328046967e-01,1.918662546402e-01,1.905118174774e-01,1.891695440031e-01,1.878394698053e-01,1.865216161041e-01,1.852159913244e-01,1.839225920995e-01,1.826414040015e-01,1.813724029003e-01,1.801155554863e-01,1.788708201027e-01,1.776381478138e-01,1.764174824917e-01,1.752087619207e-01,1.740119182907e-01,1.728268786660e-01,1.716535652147e-01,1.704918961949e-01,1.693417861427e-01,1.682031459374e-01,1.670758838287e-01,1.659599051553e-01,1.648551128486e-01,1.637614081912e-01,1.626786900806e-01,1.616068561863e-01,1.605458029701e-01,1.594954253118e-01,1.584556176268e-01,1.574262733310e-01,1.564072851044e-01,1.553985457020e-01,1.543999469316e-01,1.534113807252e-01,1.524327390721e-01,1.514639139978e-01,1.505047972043e-01,1.495552811006e-01,1.486152584513e-01,1.476846219156e-01,1.467632652254e-01,1.458510822284e-01,1.449479672806e-01,1.440538160118e-01,1.431685238462e-01,1.422919874373e-01,1.414241043678e-01,1.405647723685e-01,1.397138906488e-01,1.388713589249e-01,1.380370776041e-01,1.372109486388e-01,1.363928740680e-01,1.355827572293e-01,1.347805025114e-01,1.339860151934e-01,1.331992009775e-01,1.324199670165e-01,1.316482214050e-01,1.308838726832e-01,1.301268308890e-01,1.293770065991e-01,1.286343112731e-01,1.278986577476e-01,1.271699591258e-01,1.264481297866e-01,1.257330850632e-01,1.250247408754e-01,1.243230143417e-01,1.236278233313e-01,1.229390866193e-01,1.222567239708e-01,1.215806560002e-01,1.209108043129e-01,1.202470914128e-01,1.195894407020e-01,1.189377767988e-01,1.182920251166e-01,1.176521119933e-01,1.170179651832e-01,1.163895129818e-01,1.157666850906e-01,1.151494123998e-01,1.145376261324e-01,1.139312596318e-01,1.133302467367e-01,1.127345221114e-01,1.121440223879e-01,1.115586843528e-01,1.109784463308e-01,1.104032479703e-01,1.098330289402e-01,1.092677311673e-01,1.087072969739e-01,1.081516694340e-01
-4.757029811107e-01,-3.729643403637e-01,-2.858982119855e-01,-2.117178531424e-01,-1.482163429798e-01,-9.362871255884e-02,-4.653073090721e-02,-5.763637208179e-03,2.962249858362e-02,6.041186399429e-02,8.725601553306e-02,1.106995624621e-01,1.312002624553e-01,1.491448728664e-01,1.648617491120e-01,1.786309285045e-01,1.906922551890e-01,2.012519679109e-01,2.104880726653e-01,2.185547485875e-01,2.255859802987e-01,2.316985670254e-01,2.369946274724e-01,2.415636937594e-01,2.454844696153e-01,2.488263126574e-01,2.516504883501e-01,2.540112350874e-01,2.559566720304e-01,2.575295751001e-01,2.587680426527e-01,2.597060683328e-01,2.603740351822e-01,2.607991431672e-01,2.610057802046e-01,2.610158447548e-01,2.608490270392e-01,2.605230549268e-01,2.600539092543e-01,2.594560127522e-01,2.587423963584e-01,2.579248457070e-01,2.570140306155e-01,2.560196194853e-01,2.549503807871e-01,2.538142732597e-01,2.526185259571e-01,2.513697096357e-01,2.500738005165e-01,2.487362371417e-01,2.473619712930e-01,2.459555136791e-01,2.445209748574e-01,2.430621020152e-01,2.415823121065e-01,2.400847216583e-01,2.385721736472e-01,2.370472617988e-01,2.355123525315e-01,2.339696048032e-01,2.324209881102e-01,2.308682987953e-01,2.293131748483e-01,2.277571093548e-01,2.262014627357e-01,2.246474738557e-01,2.230962701761e-01,2.215488770118e-01,2.200062259266e-01,2.184691624570e-01,2.169384531704e-01,2.154147920511e-01,2.138988064105e-01,2.123910623140e-01,2.108920694691e-01,2.094022857615e-01,2.079221214692e-01,2.064519430249e-01,2.049920764983e-01,2.035428109035e-01,2.021044010897e-01,2.006770705347e-01,1.992610137105e-01,1.978563985461e-01,1.964633685821e-01,1.950820447107e-01,1.937125271781e-01,1.923548972950e-01,1.910092187478e-01,1.896755391836e-01,1.883538916005e-01,1.870442953356e-01,1.857467572965e-01,1.844612731241e-01,1.831878279374e-01,1.819263972561e-01,1.806769480076e-01,1.794394390975e-01,1.782138220454e-01,1.770000419002e-01,1.757980376130e-01,1.746077427888e-01,1.734290858009e-01,1.722619906957e-01,1.711063776818e-01,1.699621629590e-01,1.688292596080e-01,1.677075780219e-01,1.665970256721e-01,1.654975078134e-01,1.644089279277e-01,1.633311874604e-01,1.622641863230e-01,1.612078233820e-01,1.601619961946e-01,1.591266012896e-01,1.581015347272e-01,1.570866918645e-01,1.560819673892e-01,1.550872559774e-01,1.541024519732e-01,1.531274498703e-01,1.521621436896e-01,1.512064278690e-01,1.502601974104e-01,1.493233469607e-01,1.483957717879e-01,1.474773679593e-01,1.465680314931e-01,1.456676590932e-01,1.447761484417e-01,1.438933974425e-01,1.430193046899e-01,1.421537698889e-01,1.412966932066e-01,1.404479754591e-01,1.396075186640e-01,1.387752255153e-01,1.379509992774e-01,1.371347444725e-01,1.363263663210e-01,1.355257711919e-01,1.347328657672e-01,1.339475579847e-01,1.331697570466e-01,1.323993723646e-01,1.316363145399e-01,1.308804954052e-01,1.301318271725e-01,1.293902230933e-01,1.286555975962e-01,1.279278656467e-01,1.272069431207e-01,1.264927470037e-01,1.257851949556e-01,1.250842054681e-01,1.243896980699e-01,1.237015930701e-01,1.230198116102e-01,1.223442757992e-01,1.216749086045e-01,1.210116338428e-01,1.203543763437e-01,1.197030618555e-01,1.190576168589e-01,1.184179691041e-01,1.177840472324e-01,1.171557805605e-01,1.165330998353e-01,1.159159367539e-01,1.153042236339e-01,1.146978942712e-01,1.140968835411e-01,1.135011268801e-01,1.129105611331e-01,1.123251243987e-01,1.117447552674e-01,1.111693935667e-01,1.105989805672e-01,1.100334579538e-01,1.094727686650e-01
-4.935061677231e-01,-3.886743238670e-01,-2.997983106177e-01,-2.240432478504e-01,-1.591638877391e-01,-1.033644374545e-01,-5.519564707211e-02,-1.347827604973e-02,2.275450088318e-02,5.430091053344e-02,8.182425395303e-02,1.058790265389e-01,1.269313562598e-01,1.453751261776e-01,1.615447885485e-01,1.757256221883e-01,1.881619977429e-01,1.990640795308e-01,2.086132913987e-01,2.169667995897e-01,2.242612086842e-01,2.306156234987e-01,2.361341982120e-01,2.409082673877e-01,2.450181354797e-01,2.485345854219e-01,2.515201553245e-01,2.540302226583e-01,2.561139283865e-01,2.578149672806e-01,2.591722657502e-01,2.602205650770e-01,2.609909246931e-01,2.615111578340e-01,2.618062092614e-01,2.618984839656e-01,2.618081337627e-01,2.615533078404e-01,2.611503720925e-01,2.606141017612e-01,2.599578509695e-01,2.591937020007e-01,2.583325973593e-01,2.573844564196e-01,2.563582789421e-01,2.552622369871e-01,2.541037566922e-01,2.528895910510e-01,2.516258849090e-01,2.503182330840e-01,2.489717323234e-01,2.475910278812e-01,2.461803553228e-01,2.447435781502e-01,2.432842215584e-01,2.418055029072e-01,2.403103591994e-01,2.388014719043e-01,2.372812893629e-01,2.357520470946e-01,2.342157861968e-01,2.326743700117e-01,2.311294992749e-01,2.295827258651e-01,2.280354653223e-01,2.264890082390e-01,2.249445306258e-01,2.234031033856e-01,2.218657009567e-01,2.203332091791e-01,2.188064325092e-01,2.172861006236e-01,2.157728744765e-01,2.142673517561e-01,2.127700720156e-01,2.112815213137e-01,2.098021364815e-01,2.083323089796e-01,2.068723885697e-01,2.054226866267e-01,2.039834790969e-01,2.025550094342e-01,2.011374910018e-01,1.997311095900e-01,1.983360255835e-01,1.969523759664e-01,1.955802760976e-01,1.942198215521e-01,1.928710897180e-01,1.915341411318e-01,1.902090208887e-01,1.888957599394e-01,1.875943763177e-01,1.863048759141e-01,1.850272537372e-01,1.837614947844e-01,1.825075748840e-01,1.812654612844e-01,1.800351136267e-01,1.788164846120e-01,1.776095203636e-01,1.764141614066e-01,1.752303426843e-01,1.740579944672e-01,1.728970427345e-01,1.717474095561e-01,1.706090132666e-01,1.694817691489e-01,1.683655897823e-01,1.672603850391e-01,1.661660625195e-01,1.650825279258e-01,1.640096854611e-01,1.629474373969e-01,1.618956849040e-01,1.608543281395e-01,1.598232664121e-01,1.588023979549e-01,1.577916205958e-01,1.567908318759e-01,1.557999286770e-01,1.548188081206e-01,1.538473667030e-01,1.528855011867e-01,1.519331085397e-01,1.509900859437e-01,1.500563305036e-01,1.491317398830e-01,1.482162123690e-01,1.473096464167e-01,1.464119409592e-01,1.455229956278e-01,1.446427110112e-01,1.437709877017e-01,1.429077272798e-01,1.420528321691e-01,1.412062056325e-01,1.403677512633e-01,1.395373737297e-01,1.387149787349e-01,1.379004723846e-01,1.370937621899e-01,1.362947558641e-01,1.355033623157e-01,1.347194914394e-01,1.339430540202e-01,1.331739613495e-01,1.324121258448e-01,1.316574610024e-01,1.309098808900e-01,1.301693004213e-01,1.294356354988e-01,1.287088031298e-01,1.279887206686e-01,1.272753065674e-01,1.265684801906e-01,1.258681617585e-01,1.251742721138e-01,1.244867330999e-01,1.238054674452e-01,1.231303986110e-01,1.224614509856e-01,1.217985497587e-01,1.211416210472e-01,1.204905918121e-01,1.198453898521e-01,1.192059440166e-01,1.185721840197e-01,1.179440403388e-01,1.173214445821e-01,1.167043293939e-01,1.160926283038e-01,1.154862754392e-01,1.148852066117e-01,1.142893583482e-01,1.136986680280e-01,1.131130738980e-01,1.125325158173e-01,1.119569342923e-01,1.113862704953e-01,1.108204672148e-01
-5.122696642133e-01,-4.052465589972e-01,-3.144758340710e-01,-2.370722038707e-01,-1.707502909168e-01,-1.136820312170e-01,-6.439198343644e-02,-2.167946929932e-02,1.544002074269e-02,4.777940714358e-02,7.601428177040e-02,1.007094853836e-01,1.223399044830e-01,1.413068774660e-01,1.579512351176e-01,1.725637396222e-01,1.853934966744e-01,1.966547765905e-01,2.065325780766e-01,2.151871914768e-01,2.227579613297e-01,2.293664035161e-01,2.351188007020e-01,2.401083721731e-01,2.444170960838e-01,2.481172457112e-01,2.512726896800e-01,2.539399963421e-01,2.561693750447e-01,2.580054811606e-01,2.594881066560e-01,2.606527744828e-01,2.615312513074e-01,2.621519913658e-01,2.625405215498e-01,2.627197764430e-01,2.627103904758e-01,2.625309532419e-01,2.621982332410e-01,2.617273742760e-01,2.611320683800e-01,2.604247080134e-01,2.596165208150e-01,2.587176886003e-01,2.577374529888e-01,2.566842091744e-01,2.555655893797e-01,2.543885371980e-01,2.531593739121e-01,2.518838578092e-01,2.505672372439e-01,2.492142982737e-01,2.478294073123e-01,2.464165495337e-01,2.449793634133e-01,2.435211718675e-01,2.420450103366e-01,2.405536521328e-01,2.390496313814e-01,2.375352637752e-01,2.360126654034e-01,2.344837697868e-01,2.329503433935e-01,2.314139997039e-01,2.298762120241e-01,2.283383251499e-01,2.268015659918e-01,2.252670532630e-01,2.237358063330e-01,2.222087533084e-01,2.206867384369e-01,2.191705288279e-01,2.176608206764e-01,2.161582449252e-01,2.146633724737e-01,2.131767189332e-01,2.116987489898e-01,2.102298804588e-01,2.087704879676e-01,2.073209063903e-01,2.058814338567e-01,2.044523348233e-01,2.030338425204e-01,2.016261615294e-01,2.002294699987e-01,1.988439217486e-01,1.974696481417e-01,1.961067598367e-01,1.947553484869e-01,1.934154882216e-01,1.920872371134e-01,1.907706382627e-01,1.894657211818e-01,1.881725028433e-01,1.868909887376e-01,1.856211737562e-01,1.843630430186e-01,1.831165728012e-01,1.818817312364e-01,1.806584791130e-01,1.794467701548e-01,1.782465522038e-01,1.770577671551e-01,1.758803518712e-01,1.747142385427e-01,1.735593551975e-01,1.724156259817e-01,1.712829715038e-01,1.701613093478e-01,1.690505543229e-01,1.679506189313e-01,1.668614131601e-01,1.657828451986e-01,1.647148215422e-01,1.636572472921e-01,1.626100262213e-01,1.615730608692e-01,1.605462529728e-01,1.595295035170e-01,1.585227130921e-01,1.575257813095e-01,1.565386080860e-01,1.555610925576e-01,1.545931339716e-01,1.536346315630e-01,1.526854847700e-01,1.517455930884e-01,1.508148561025e-01,1.498931738423e-01,1.489804467146e-01,1.480765758309e-01,1.471814622758e-01,1.462950079096e-01,1.454171151900e-01,1.445476873268e-01,1.436866281078e-01,1.428338418051e-01,1.419892335798e-01,1.411527093420e-01,1.403241760476e-01,1.395035407555e-01,1.386907121774e-01,1.378855991174e-01,1.370881115061e-01,1.362981601145e-01,1.355156567013e-01,1.347405137437e-01,1.339726444084e-01,1.332119628712e-01,1.324583841616e-01,1.317118244087e-01,1.309722000851e-01,1.302394287466e-01,1.295134288002e-01,1.287941195768e-01,1.280814211517e-01,1.273752542859e-01,1.266755406876e-01,1.259822028814e-01,1.252951643078e-01,1.246143489374e-01,1.239396818544e-01,1.232710887335e-01,1.226084961773e-01,1.219518316167e-01,1.213010232918e-01,1.206560002693e-01,1.200166925325e-01,1.193830309190e-01,1.187549471481e-01,1.181323736306e-01,1.175152440256e-01,1.169034927847e-01,1.162970552833e-01,1.156958676977e-01,1.150998672177e-01,1.145089922428e-01,1.139231819618e-01,1.133423765248e-01,1.127665166554e-01,1.121955449860e-01
-5.320354921073e-01,-4.227189905552e-01,-3.299651942874e-01,-2.508360514450e-01,-1.830041784395e-01,-1.246077336087e-01,-7.414386355358e-02,-3.038945496842e-02,7.658507306368e-03,4.082831867600e-02,6.980843087700e-02,9.517450800001e-02,1.174105990633e-01,1.369258412445e-01,1.540677372840e-01,1.691327845195e-01,1.823750407007e-01,1.940130701931e-01,2.042356100015e-01,2.132062172921e-01,2.210671014740e-01,2.279422993563e-01,2.339403189604e-01,2.391563499858e-01,2.436741202968e-01,2.475674611865e-01,2.509016321839e-01,2.537344464265e-01,2.561172300485e-01,2.580956425457e-01,2.597103807355e-01,2.609977845383e-01,2.619903598033e-01,2.627172308162e-01,2.632045330099e-01,2.634757545342e-01,2.635520342259e-01,2.634524220746e-01,2.631941074264e-01,2.627926193990e-01,2.622620032412e-01,2.616149756950e-01,2.608630625016e-01,2.600167198664e-01,2.590854422821e-01,2.580778582746e-01,2.570018155895e-01,2.558644571033e-01,2.546722886261e-01,2.534312394308e-01,2.521467165001e-01,2.508236531455e-01,2.494665526495e-01,2.480795275051e-01,2.466663347455e-01,2.452304077469e-01,2.437748849551e-01,2.423026358271e-01,2.408162842883e-01,2.393182299785e-01,2.378106675045e-01,2.362956038833e-01,2.347748744295e-01,2.332501571534e-01,2.317229858836e-01,2.301947622128e-01,2.286667663866e-01,2.271401672395e-01,2.256160312531e-01,2.240953308513e-01,2.225789519755e-01,2.210677010187e-01,2.195623111798e-01,2.180634482824e-01,2.165717160924e-01,2.150876612389e-01,2.136117777032e-01,2.121445109501e-01,2.106862617369e-01,2.092373895916e-01,2.077982159945e-01,2.063690274650e-01,2.049500781195e-01,2.035415923009e-01,2.021437668669e-01,2.007567733298e-01,1.993807598381e-01,1.980158530212e-01,1.966621595788e-01,1.953197679413e-01,1.939887496741e-01,1.926691608091e-01,1.913610430942e-01,1.900644251257e-01,1.887793233232e-01,1.875057430161e-01,1.862436793077e-01,1.849931179127e-01,1.837540359698e-01,1.825264027039e-01,1.813101799934e-01,1.801053233773e-01,1.789117821022e-01,1.777295000072e-01,1.765584159210e-01,1.753984641181e-01,1.742495747596e-01,1.731116743367e-01,1.719846857912e-01,1.708685291218e-01,1.697631216057e-01,1.686683780877e-01,1.675842112914e-01,1.665105320484e-01,1.654472493515e-01,1.643942708199e-01,1.633515028036e-01,1.623188505663e-01,1.612962185283e-01,1.602835103038e-01,1.592806286540e-01,1.582874763938e-01,1.573039554721e-01,1.563299677888e-01,1.553654151096e-01,1.544101991629e-01,1.534642217588e-01,1.525273849575e-01,1.515995907205e-01,1.506807414561e-01,1.497707399182e-01,1.488694892640e-01,1.479768931728e-01,1.470928558585e-01,1.462172818403e-01,1.453500763804e-01,1.444911453681e-01,1.436403953525e-01,1.427977336742e-01,1.419630683154e-01,1.411363076733e-01,1.403173616252e-01,1.395061401326e-01,1.387025542084e-01,1.379065156673e-01,1.371179371351e-01,1.363367320898e-01,1.355628149586e-01,1.347961006381e-01,1.340365050506e-01,1.332839449471e-01,1.325383379056e-01,1.317996023878e-01,1.310676576902e-01,1.303424237026e-01,1.296238212726e-01,1.289117720540e-01,1.282061985010e-01,1.275070239244e-01,1.268141723613e-01,1.261275684790e-01,1.254471380880e-01,1.247728074472e-01,1.241045037368e-01,1.234421549242e-01,1.227856897675e-01,1.221350378183e-01,1.214901293968e-01,1.208508956650e-01,1.202172686116e-01,1.195891810579e-01,1.189665666691e-01,1.183493599204e-01,1.177374961079e-01,1.171309115995e-01,1.165295435589e-01,1.159333300510e-01,1.153422100509e-01,1.147561233250e-01,1.141750106295e-01,1.135988140732e-01
-5.528485845789e-01,-4.411321941118e-01,-3.463031908923e-01,-2.653682967331e-01,-1.959561665501e-01,-1.361696111273e-01,-8.447709295352e-02,-3.963202417197e-02,-6.120280582032e-04,3.342727579348e-02,6.318779192118e-02,8.925650609769e-02,1.121270510693e-01,1.322167207822e-01,1.498799956208e-01,1.654193705361e-01,1.790940816823e-01,1.911271834443e-01,2.017113215598e-01,2.110134687217e-01,2.191788294885e-01,2.263340761195e-01,2.325900429815e-01,2.380439795258e-01,2.427814425922e-01,2.468778919948e-01,2.504000410992e-01,2.534070041888e-01,2.559512745874e-01,2.580795612572e-01,2.598335066995e-01,2.612503047432e-01,2.623632338156e-01,2.632021185297e-01,2.637937302742e-01,2.641621357633e-01,2.643290010528e-01,2.643138573301e-01,2.641343338408e-01,2.638063624392e-01,2.633443575834e-01,2.627613749980e-01,2.620692520500e-01,2.612787317960e-01,2.603995730983e-01,2.594406484247e-01,2.584100308740e-01,2.573150717434e-01,2.561624697716e-01,2.549583330392e-01,2.537082344225e-01,2.524172612784e-01,2.510900600703e-01,2.497308764937e-01,2.483435915960e-01,2.469317543333e-01,2.454986109509e-01,2.440471315253e-01,2.425800339805e-01,2.410998058307e-01,2.396087238842e-01,2.381088721153e-01,2.366021579350e-01,2.350903269388e-01,2.335749763528e-01,2.320575672756e-01,2.305394358395e-01,2.290218033937e-01,2.275057858043e-01,2.259924019570e-01,2.244825815236e-01,2.229771720811e-01,2.214769456312e-01,2.199826045741e-01,2.184947871886e-01,2.170140726630e-01,2.155409857152e-01,2.140760008446e-01,2.126195462294e-01,2.111720073096e-01,2.097337300949e-01,2.083050242864e-01,2.068861659521e-01,2.054774002098e-01,2.040789435910e-01,2.026909862456e-01,2.013136939772e-01,1.999472101239e-01,1.985916572955e-01,1.972471390044e-01,1.959137410923e-01,1.945915331413e-01,1.932805697536e-01,1.919808917201e-01,1.906925271109e-01,1.894154922851e-01,1.881497928275e-01,1.868954244370e-01,1.856523736998e-01,1.844206188047e-01,1.832001302442e-01,1.819908716850e-01,1.807928001442e-01,1.796058668403e-01,1.784300176260e-01,1.772651934629e-01,1.761113308630e-01,1.749683622970e-01,1.738362165751e-01,1.727148192575e-01,1.716040928336e-01,1.705039571208e-01,1.694143295628e-01,1.683351254674e-01,1.672662582488e-01,1.662076396515e-01,1.651591799590e-01,1.641207882319e-01,1.630923724184e-01,1.620738394591e-01,1.610650954676e-01,1.600660463300e-01,1.590765969895e-01,1.580966521760e-01,1.571261163555e-01,1.561648938342e-01,1.552128888538e-01,1.542700056797e-01,1.533361486824e-01,1.524112225136e-01,1.514951319165e-01,1.505877819606e-01,1.496890781260e-01,1.487989263155e-01,1.479172329033e-01,1.470439047785e-01,1.461788493859e-01,1.453219748286e-01,1.444731897962e-01,1.436324035115e-01,1.427995258060e-01,1.419744677728e-01,1.411571406053e-01,1.403474564682e-01,1.395453282836e-01,1.387506697436e-01,1.379633953207e-01,1.371834202767e-01,1.364106606683e-01,1.356450334652e-01,1.348864562558e-01,1.341348474531e-01,1.333901263203e-01,1.326522129207e-01,1.319210281156e-01,1.311964935600e-01,1.304785316980e-01,1.297670658096e-01,1.290620199115e-01,1.283633187055e-01,1.276708876390e-01,1.269846532654e-01,1.263045425016e-01,1.256304831737e-01,1.249624038638e-01,1.243002339092e-01,1.236439034042e-01,1.229933432026e-01,1.223484849227e-01,1.217092609363e-01,1.210756043914e-01,1.204474492413e-01,1.198247302339e-01,1.192073829244e-01,1.185953436863e-01,1.179885497229e-01,1.173869390786e-01,1.167904505852e-01,1.161990239541e-01,1.156125998950e-01,1.150311201082e-01
-5.747569918584e-01,-4.605295619054e-01,-3.635291801938e-01,-2.807047760781e-01,-2.096390031781e-01,-1.483976869810e-01,-9.541927881096e-02,-4.943263185901e-02,-9.395114705085e-03,2.555447895607e-02,5.613212514196e-02,8.293665121465e-02,1.064717131104e-01,1.271631350337e-01,1.453726941172e-01,1.614091567982e-01,1.755371738142e-01,1.879844941161e-01,1.989478499896e-01,2.085977848220e-01,2.170826343065e-01,2.245318256634e-01,2.310586249998e-01,2.367624347554e-01,2.417307234706e-01,2.460406530869e-01,2.497604564720e-01,2.529506077707e-01,2.556648202014e-01,2.579508995712e-01,2.598514766915e-01,2.614046377884e-01,2.626444686918e-01,2.636015259071e-01,2.643032454812e-01,2.647742987795e-01,2.650369028726e-01,2.651110918859e-01,2.650149548241e-01,2.647648444511e-01,2.643755611471e-01,2.638605149615e-01,2.632318690042e-01,2.625006661904e-01,2.616769417544e-01,2.607698231931e-01,2.597876192126e-01,2.587378990163e-01,2.576275630963e-01,2.564629065330e-01,2.552496756808e-01,2.539931190024e-01,2.526980327191e-01,2.513688018598e-01,2.500094372202e-01,2.486236086789e-01,2.472146752811e-01,2.457857124053e-01,2.443395363498e-01,2.428787265995e-01,2.414056460183e-01,2.399224591512e-01,2.384311489002e-01,2.369335316377e-01,2.354312709903e-01,2.339258903900e-01,2.324187845200e-01,2.309112297604e-01,2.294043937290e-01,2.278993440033e-01,2.263970560996e-01,2.248984207780e-01,2.234042507364e-01,2.219152867463e-01,2.204322032845e-01,2.189556137066e-01,2.174860749846e-01,2.160240920817e-01,2.145701219672e-01,2.131245773126e-01,2.116878298781e-01,2.102602137195e-01,2.088420279701e-01,2.074335395826e-01,2.060349857713e-01,2.046465762839e-01,2.032684955003e-01,2.019009043721e-01,2.005439422155e-01,1.991977283691e-01,1.978623637285e-01,1.965379321655e-01,1.952245018432e-01,1.939221264330e-01,1.926308462429e-01,1.913506892820e-01,1.900816721782e-01,1.888238011156e-01,1.875770726652e-01,1.863414745533e-01,1.851169863234e-01,1.839035802326e-01,1.827012215072e-01,1.815098691673e-01,1.803294764942e-01,1.791599915243e-01,1.780013575082e-01,1.768535133371e-01,1.757163939383e-01,1.745899306430e-01,1.734740515272e-01,1.723686817293e-01,1.712737437437e-01,1.701891576945e-01,1.691148415891e-01,1.680507115980e-01,1.669966821553e-01,1.659526662523e-01,1.649185756205e-01,1.638943208933e-01,1.628798116562e-01,1.618749570700e-01,1.608796652637e-01,1.598938439828e-01,1.589174005731e-01,1.579502420905e-01,1.569922754029e-01,1.560434072842e-01,1.551035445008e-01,1.541725938919e-01,1.532504624431e-01,1.523370573543e-01,1.514322861023e-01,1.505360564980e-01,1.496482767392e-01,1.487688555281e-01,1.478977019274e-01,1.470347255485e-01,1.461798365767e-01,1.453329457858e-01,1.444939644065e-01,1.436628048345e-01,1.428393795770e-01,1.420236020282e-01,1.412153862904e-01,1.404146471895e-01,1.396213002894e-01,1.388352619028e-01,1.380564491006e-01,1.372847797198e-01,1.365201723679e-01,1.357625464277e-01,1.350118220585e-01,1.342679201968e-01,1.335307625556e-01,1.328002716899e-01,1.320763708043e-01,1.313589839041e-01,1.306480357762e-01,1.299434519644e-01,1.292451586466e-01,1.285530831350e-01,1.278671530576e-01,1.271872969339e-01,1.265134440159e-01,1.258455242852e-01,1.251834684508e-01,1.245272079483e-01,1.238766749406e-01,1.232318023199e-01,1.225925237114e-01,1.219587734781e-01,1.213304867274e-01,1.207075993188e-01,1.200900478726e-01,1.194777697417e-01,1.188707031089e-01,1.182687869461e-01,1.176719610194e-01,1.170801659069e-01,1.164933431709e-01
-5.978121056840e-01,-4.809575059730e-01,-3.816852598460e-01,-2.968838245704e-01,-2.240877223672e-01,-1.613240831176e-01,-1.069999610741e-01,-5.981851791843e-02,-1.871593477193e-02,1.718659432945e-02,4.861976310861e-02,7.619478358634e-02,1.004257939313e-01,1.217475387526e-01,1.405294252250e-01,1.570867773991e-01,1.716899072768e-01,1.845714719960e-01,1.959324761476e-01,2.059471959697e-01,2.147672403232e-01,2.225249162391e-01,2.293360316697e-01,2.353022394461e-01,2.405130062328e-01,2.450472729961e-01,2.489748607132e-01,2.523576647585e-01,2.552506732744e-01,2.577028383563e-01,2.597578236946e-01,2.614546481472e-01,2.628282413399e-01,2.639099246611e-01,2.647278287802e-01,2.653072569988e-01,2.656710022401e-01,2.658396242479e-01,2.658316925408e-01,2.656639998191e-01,2.653517498312e-01,2.649087229817e-01,2.643474228739e-01,2.636792058737e-01,2.629143961277e-01,2.620623877483e-01,2.611317357657e-01,2.601302372158e-01,2.590650035469e-01,2.579425253741e-01,2.567687304754e-01,2.555490358088e-01,2.542883942315e-01,2.529913365172e-01,2.516620091929e-01,2.503042086544e-01,2.489214119636e-01,2.475168046835e-01,2.460933060634e-01,2.446535918531e-01,2.432001149957e-01,2.417351243847e-01,2.402606819620e-01,2.387786782140e-01,2.372908463069e-01,2.357987749623e-01,2.343039202000e-01,2.328076160571e-01,2.313110843811e-01,2.298154437838e-01,2.283217178355e-01,2.268308425677e-01,2.253436733499e-01,2.238609911954e-01,2.223835085490e-01,2.209118746018e-01,2.194466801752e-01,2.179884622119e-01,2.165377079085e-01,2.150948585189e-01,2.136603128444e-01,2.122344305234e-01,2.108175349201e-01,2.094099159316e-01,2.080118325107e-01,2.066235150082e-01,2.052451673379e-01,2.038769689772e-01,2.025190768183e-01,2.011716268798e-01,1.998347358912e-01,1.985085027603e-01,1.971930099320e-01,1.958883246471e-01,1.945945001095e-01,1.933115765677e-01,1.920395823185e-01,1.907785346374e-01,1.895284406421e-01,1.882892980945e-01,1.870610960928e-01,1.858438159689e-01,1.846374316189e-01,1.834419103074e-01,1.822572131683e-01,1.810832957196e-01,1.799201083407e-01,1.787675967167e-01,1.776257022511e-01,1.764943624490e-01,1.753735112736e-01,1.742630794774e-01,1.731629949098e-01,1.720731828033e-01,1.709935660390e-01,1.699240653937e-01,1.688645997691e-01,1.678150864046e-01,1.667754410757e-01,1.657455782768e-01,1.647254112857e-01,1.637148527523e-01,1.627138141927e-01,1.617222065641e-01,1.607399402804e-01,1.597669253287e-01,1.588030713774e-01,1.578482878767e-01,1.569024841506e-01,1.559655694824e-01,1.550374531941e-01,1.541180447191e-01,1.532072536690e-01,1.523049898959e-01,1.514111635493e-01,1.505256851280e-01,1.496484655283e-01,1.487794160879e-01,1.479184486256e-01,1.470654754783e-01,1.462204093766e-01,1.453831641134e-01,1.445536535994e-01,1.437317925440e-01,1.429174963107e-01,1.421106809358e-01,1.413112631455e-01,1.405191603703e-01,1.397342907572e-01,1.389565731801e-01,1.381859272482e-01,1.374222733120e-01,1.366655324687e-01,1.359156265649e-01,1.351724781985e-01,1.344360107183e-01,1.337061482237e-01,1.329828155619e-01,1.322659383249e-01,1.315554428454e-01,1.308512560593e-01,1.301533060471e-01,1.294615211859e-01,1.287758307213e-01,1.280961646133e-01,1.274224535323e-01,1.267546288544e-01,1.260926226580e-01,1.254363677216e-01,1.247857975219e-01,1.241408462344e-01,1.235014487341e-01,1.228675405986e-01,1.222390581118e-01,1.216159382695e-01,1.209981187861e-01,1.203855381022e-01,1.197781353936e-01,1.191758505803e-01,1.185786243362e-01,1.179863982237e-01
-6.220689046949e-01,-5.024656802329e-01,-4.008164707466e-01,-3.139464603510e-01,-2.393398131504e-01,-1.749831754740e-01,-1.192507556368e-01,-7.081883976736e-02,-2.860144633238e-02,8.298639294038e-03,4.062750418749e-02,6.900931283576e-02,9.396916561147e-02,1.159511354714e-01,1.353326081347e-01,1.524357644104e-01,1.675368355437e-01,1.808736102658e-01,1.926515597223e-01,2.030488625517e-01,2.122205493092e-01,2.203019373876e-01,2.274114917322e-01,2.336532174246e-01,2.391186696303e-01,2.438886487571e-01,2.480346356382e-01,2.516200110549e-01,2.547010956214e-01,2.573280394468e-01,2.595455856983e-01,2.613937279343e-01,2.629082776365e-01,2.641213555782e-01,2.650618183876e-01,2.657556298067e-01,2.662261846120e-01,2.664945919028e-01,2.665799234197e-01,2.664994316860e-01,2.662687420645e-01,2.659020220759e-01,2.654121312493e-01,2.648107536164e-01,2.641085153531e-01,2.633150893049e-01,2.624392880359e-01,2.614891467959e-01,2.604719976160e-01,2.593945355822e-01,2.582628782006e-01,2.570826186500e-01,2.558588736186e-01,2.545963263319e-01,2.532992653064e-01,2.519716192968e-01,2.506169888499e-01,2.492386748271e-01,2.478397042177e-01,2.464228535243e-01,2.449906699794e-01,2.435454907767e-01,2.420894606130e-01,2.406245475801e-01,2.391525576695e-01,2.376751479862e-01,2.361938388014e-01,2.347100245576e-01,2.332249839254e-01,2.317398889998e-01,2.302558137179e-01,2.287737415693e-01,2.272945726635e-01,2.258191302128e-01,2.243481664842e-01,2.228823682650e-01,2.214223618888e-01,2.199687178565e-01,2.185219550899e-01,2.170825448493e-01,2.156509143285e-01,2.142274500379e-01,2.128125007902e-01,2.114063805896e-01,2.100093712334e-01,2.086217247286e-01,2.072436655260e-01,2.058753925850e-01,2.045170812851e-01,2.031688851939e-01,2.018309377046e-01,2.005033535522e-01,1.991862302193e-01,1.978796492380e-01,1.965836773980e-01,1.952983678662e-01,1.940237612264e-01,1.927598864437e-01,1.915067617595e-01,1.902643955232e-01,1.890327869166e-01,1.878119268668e-01,1.866017984119e-01,1.854023775254e-01,1.842136336397e-01,1.830355301810e-01,1.818680250671e-01,1.807110711698e-01,1.795646167454e-01,1.784286058344e-01,1.773029786342e-01,1.761876718445e-01,1.750826189892e-01,1.739877507164e-01,1.729029950758e-01,1.718282777782e-01,1.707635224357e-01,1.697086507859e-01,1.686635828994e-01,1.676282373734e-01,1.666025314100e-01,1.655863814001e-01,1.645797024347e-01,1.635824088892e-01,1.625944144441e-01,1.616156322089e-01,1.606459748365e-01,1.596853546301e-01,1.587336836416e-01,1.577908737626e-01,1.568568368095e-01,1.559314846006e-01,1.550147290292e-01,1.541064821294e-01,1.532066561381e-01,1.523151635511e-01,1.514319171753e-01,1.505568301766e-01,1.496898161236e-01,1.488307890277e-01,1.479796632265e-01,1.471363540525e-01,1.463007768783e-01,1.454728478217e-01,1.446524835962e-01,1.438396015326e-01,1.430341195993e-01,1.422359564194e-01,1.414450312863e-01,1.406612641764e-01,1.398845757608e-01,1.391148874141e-01,1.383521212224e-01,1.375961999891e-01,1.368470472387e-01,1.361045872200e-01,1.353687449071e-01,1.346394459995e-01,1.339166169211e-01,1.332001848175e-01,1.324900774091e-01,1.317862235897e-01,1.310885524776e-01,1.303969940674e-01,1.297114790534e-01,1.290319388244e-01,1.283583054587e-01,1.276905117186e-01,1.270284910462e-01,1.263721775599e-01,1.257215060511e-01,1.250764119825e-01,1.244368314874e-01,1.238027013702e-01,1.231739591080e-01,1.225505428537e-01,1.219323914407e-01,1.213194443881e-01,1.207116419074e-01,1.201089249106e-01,1.195112351020e-01
-6.475862228863e-01,-5.251072234322e-01,-4.209710178861e-01,-3.319365861903e-01,-2.554354042254e-01,-1.894117637432e-01,-1.322055108842e-01,-8.246481708587e-02,-3.908051756027e-02,-1.136142328140e-03,3.213049617894e-02,6.135710920334e-02,8.708026168654e-02,1.097537819044e-01,1.297633988982e-01,1.474384633773e-01,1.630613958517e-01,1.768753504880e-01,1.890904683179e-01,1.998890078567e-01,2.094295768259e-01,2.178506396403e-01,2.252734387700e-01,2.318044381715e-01,2.375373761168e-01,2.425549966347e-01,2.469305155185e-01,2.507288661372e-01,2.540077618184e-01,2.568186048313e-01,2.592072665983e-01,2.612147594168e-01,2.628778164663e-01,2.642293940126e-01,2.652991074492e-01,2.661136108154e-01,2.666969279503e-01,2.670707421547e-01,2.672546501163e-01,2.672663849999e-01,2.671220128833e-01,2.668361059515e-01,2.664218958129e-01,2.658914090474e-01,2.652555875912e-01,2.645243957095e-01,2.637069152355e-01,2.628114305022e-01,2.618455042017e-01,2.608160452466e-01,2.597293695656e-01,2.585912546475e-01,2.574069885443e-01,2.561814139515e-01,2.549189679297e-01,2.536237177170e-01,2.522993930667e-01,2.509494154933e-01,2.495769247400e-01,2.481848027625e-01,2.467756954915e-01,2.453520325596e-01,2.439160453088e-01,2.424697830933e-01,2.410151281713e-01,2.395538092711e-01,2.380874139686e-01,2.366173999912e-01,2.351451055490e-01,2.336717587850e-01,2.321984864268e-01,2.307263217128e-01,2.292562116595e-01,2.277890237311e-01,2.263255519592e-01,2.248665225676e-01,2.234125991465e-01,2.219643874101e-01,2.205224395768e-01,2.190872584040e-01,2.176593008954e-01,2.162389817823e-01,2.148266766052e-01,2.134227246932e-01,2.120274318481e-01,2.106410728373e-01,2.092638937003e-01,2.078961138814e-01,2.065379282029e-01,2.051895086930e-01,2.038510062784e-01,2.025225523517e-01,2.012042602261e-01,1.998962264939e-01,1.985985322535e-01,1.973112442738e-01,1.960344160872e-01,1.947680889813e-01,1.935122929266e-01,1.922670474401e-01,1.910323623419e-01,1.898082386934e-01,1.885946691774e-01,1.873916389645e-01,1.861991262531e-01,1.850171028265e-01,1.838455345708e-01,1.826843819573e-01,1.815336004910e-01,1.803931411282e-01,1.792629506647e-01,1.781429720978e-01,1.770331449627e-01,1.759334056740e-01,1.748436877575e-01,1.737639221344e-01,1.726940374141e-01,1.716339601076e-01,1.705836148455e-01,1.695429245821e-01,1.685118106890e-01,1.674901935494e-01,1.664779920404e-01,1.654751241735e-01,1.644815071054e-01,1.634970572693e-01,1.625216904969e-01,1.615553221312e-01,1.605978671317e-01,1.596492401716e-01,1.587093557278e-01,1.577781281649e-01,1.568554718120e-01,1.559413010846e-01,1.550355304420e-01,1.541380744771e-01,1.532488480404e-01,1.523677662541e-01,1.514947445597e-01,1.506296987620e-01,1.497725449203e-01,1.489232000405e-01,1.480815810382e-01,1.472476055405e-01,1.464211917072e-01,1.456022582557e-01,1.447907244841e-01,1.439865102916e-01,1.431895361963e-01,1.423997233514e-01,1.416169935595e-01,1.408412692843e-01,1.400724736610e-01,1.393105305670e-01,1.385553644904e-01,1.378069005773e-01,1.370650647182e-01,1.363297835018e-01,1.356009842169e-01,1.348785948517e-01,1.341625439409e-01,1.334527612362e-01,1.327491765945e-01,1.320517207808e-01,1.313603252450e-01,1.306749221167e-01,1.299954442007e-01,1.293218249711e-01,1.286539985664e-01,1.279918997844e-01,1.273354640776e-01,1.266846275490e-01,1.260393269491e-01,1.253994996948e-01,1.247650838067e-01,1.241360179454e-01,1.235122414361e-01,1.228936942503e-01,1.222803170092e-01,1.216720509884e-01,1.210688381669e-01
-6.744270435039e-01,-5.489390251269e-01,-4.422005121547e-01,-3.509012102259e-01,-2.724174662173e-01,-2.046492573480e-01,-1.459004792325e-01,-9.478989050780e-02,-5.018407394256e-02,-1.114641718424e-02,2.310210869596e-02,5.321338432426e-02,7.973596554351e-02,1.031338833349e-01,1.238015922474e-01,1.420759409585e-01,1.582458221389e-01,1.725600004199e-01,1.852334997770e-01,1.964528445625e-01,2.063803825691e-01,2.151578684322e-01,2.229094484365e-01,2.297441571363e-01,2.357580150404e-01,2.410357980033e-01,2.456525354751e-01,2.496747838060e-01,2.531617121491e-01,2.561660316622e-01,2.587347931541e-01,2.609100738062e-01,2.627295702427e-01,2.642271120850e-01,2.654331078593e-01,2.663749331648e-01,2.670772693975e-01,2.675624001049e-01,2.678504707415e-01,2.679597169281e-01,2.679066654725e-01,2.677063116144e-01,2.673722759655e-01,2.669169432480e-01,2.663515855474e-01,2.656864718421e-01,2.649309655322e-01,2.640936114232e-01,2.631822134237e-01,2.622039040730e-01,2.611652068454e-01,2.600720920162e-01,2.589300268961e-01,2.577440210189e-01,2.565186668535e-01,2.552581765286e-01,2.539664149937e-01,2.526469300334e-01,2.513029794042e-01,2.499375554410e-01,2.485534073946e-01,2.471530616743e-01,2.457388403451e-01,2.443128778568e-01,2.428771363417e-01,2.414334195481e-01,2.399833855579e-01,2.385285584018e-01,2.370703386770e-01,2.356100132650e-01,2.341487642261e-01,2.326876769500e-01,2.312277476325e-01,2.297698901373e-01,2.283149422967e-01,2.268636717024e-01,2.254167810364e-01,2.239749129614e-01,2.225386546380e-01,2.211085418859e-01,2.196850630050e-01,2.182686623594e-01,2.168597435618e-01,2.154586725449e-01,2.140657803314e-01,2.126813656081e-01,2.113056971071e-01,2.099390158091e-01,2.085815369907e-01,2.072334521068e-01,2.058949305165e-01,2.045661211423e-01,2.032471539601e-01,2.019381413946e-01,2.006391796146e-01,1.993503497341e-01,1.980717189544e-01,1.968033415393e-01,1.955452598145e-01,1.942975050729e-01,1.930600983563e-01,1.918330514178e-01,1.906163671212e-01,1.894100403471e-01,1.882140585518e-01,1.870284023469e-01,1.858530460396e-01,1.846879581344e-01,1.835331018236e-01,1.823884354022e-01,1.812539126086e-01,1.801294831062e-01,1.790150927954e-01,1.779106841409e-01,1.768161964774e-01,1.757315662940e-01,1.746567275590e-01,1.735916118186e-01,1.725361485173e-01,1.714902652346e-01,1.704538877695e-01,1.694269407436e-01,1.684093470615e-01,1.674010286002e-01,1.664019062140e-01,1.654118998727e-01,1.644309287915e-01,1.634589115506e-01,1.624957662499e-01,1.615414105695e-01,1.605957617445e-01,1.596587368546e-01,1.587302528284e-01,1.578102265198e-01,1.568985747791e-01,1.559952145188e-01,1.551000628766e-01,1.542130370149e-01,1.533340543346e-01,1.524630325595e-01,1.515998895928e-01,1.507445442280e-01,1.498969150385e-01,1.490569212688e-01,1.482244826285e-01,1.473995193215e-01,1.465819520707e-01,1.457717021421e-01,1.449686914257e-01,1.441728423893e-01,1.433840779317e-01,1.426023216785e-01,1.418274978827e-01,1.410595314358e-01,1.402983478772e-01,1.395438734023e-01,1.387960349922e-01,1.380547601024e-01,1.373199768730e-01,1.365916141721e-01,1.358696013850e-01,1.351538691491e-01,1.344443480869e-01,1.337409697577e-01,1.330436663892e-01,1.323523708730e-01,1.316670167612e-01,1.309875382615e-01,1.303138702795e-01,1.296459483508e-01,1.289837085218e-01,1.283270875685e-01,1.276760228975e-01,1.270304525414e-01,1.263903151553e-01,1.257555500142e-01,1.251260970487e-01,1.245018967224e-01,1.238828901378e-01,1.232690190369e-01,1.226602257860e-01
-7.026588210413e-01,-5.740220170966e-01,-4.645602352748e-01,-3.708906878120e-01,-2.903320332881e-01,-2.207378792064e-01,-1.603745051004e-01,-1.078298955573e-01,-6.194525962347e-02,-2.176291232418e-02,1.351379353033e-02,4.455156092328e-02,7.191148854721e-02,9.606827929790e-02,1.174255140737e-01,1.363278836270e-01,1.530710495667e-01,1.679096439193e-01,1.810637970255e-01,1.927244941434e-01,2.030579939979e-01,2.122094916388e-01,2.203061696237e-01,2.274597502855e-01,2.337686403422e-01,2.393197399882e-01,2.441899748507e-01,2.484475980923e-01,2.521533009419e-01,2.553611629698e-01,2.581194679406e-01,2.604714063178e-01,2.624556819206e-01,2.641070374455e-01,2.654567106080e-01,2.665328313791e-01,2.673607686499e-01,2.679634334849e-01,2.683615450607e-01,2.685738643541e-01,2.686173998954e-01,2.685075892681e-01,2.682584598377e-01,2.678827708245e-01,2.673921395550e-01,2.667971536646e-01,2.661074710061e-01,2.653319088040e-01,2.644785232869e-01,2.635546809128e-01,2.625671222359e-01,2.615220192098e-01,2.604250266649e-01,2.592813287092e-01,2.580956804268e-01,2.568724455694e-01,2.556156305894e-01,2.543289154104e-01,2.530156813073e-01,2.516790361720e-01,2.503218374237e-01,2.489467128004e-01,2.475560793672e-01,2.461521606922e-01,2.447370025659e-01,2.433124873216e-01,2.418803469028e-01,2.404421748123e-01,2.389994370285e-01,2.375534819914e-01,2.361055497579e-01,2.346567803898e-01,2.332082216490e-01,2.317608360587e-01,2.303155073905e-01,2.288730466298e-01,2.274341974617e-01,2.259996413249e-01,2.245700020594e-01,2.231458501851e-01,2.217277068586e-01,2.203160475603e-01,2.189113053864e-01,2.175138742154e-01,2.161241115688e-01,2.147423412697e-01,2.133688559138e-01,2.120039191276e-01,2.106477676683e-01,2.093006134045e-01,2.079626451148e-01,2.066340301665e-01,2.053149161081e-01,2.040054320157e-01,2.027056899240e-01,2.014157860478e-01,2.001358019370e-01,1.988658055723e-01,1.976058523359e-01,1.963559859105e-01,1.951162391720e-01,1.938866351518e-01,1.926671874584e-01,1.914579012220e-01,1.902587736742e-01,1.890697947511e-01,1.878909476923e-01,1.867222095018e-01,1.855635514152e-01,1.844149394403e-01,1.832763347422e-01,1.821476940386e-01,1.810289700593e-01,1.799201116272e-01,1.788210642219e-01,1.777317702099e-01,1.766521691167e-01,1.755821979346e-01,1.745217912926e-01,1.734708816133e-01,1.724293993952e-01,1.713972737583e-01,1.703744318886e-01,1.693607997717e-01,1.683563021927e-01,1.673608628831e-01,1.663744047309e-01,1.653968497774e-01,1.644281192985e-01,1.634681340894e-01,1.625168144873e-01,1.615740804671e-01,1.606398519004e-01,1.597140481443e-01,1.587965885826e-01,1.578873925638e-01,1.569863794573e-01,1.560934687972e-01,1.552085802108e-01,1.543316333605e-01,1.534625481222e-01,1.526012451989e-01,1.517476449439e-01,1.509016683342e-01,1.500632367408e-01,1.492322719601e-01,1.484086963518e-01,1.475924326642e-01,1.467834040120e-01,1.459815341562e-01,1.451867474035e-01,1.443989686239e-01,1.436181234962e-01,1.428441378475e-01,1.420769383095e-01,1.413164521422e-01,1.405626072300e-01,1.398153321913e-01,1.390745562201e-01,1.383402089666e-01,1.376122207109e-01,1.368905230111e-01,1.361750472900e-01,1.354657259320e-01,1.347624919689e-01,1.340652790791e-01,1.333740216900e-01,1.326886547665e-01,1.320091137822e-01,1.313353349635e-01,1.306672551635e-01,1.300048118571e-01,1.293479433009e-01,1.286965880189e-01,1.280506853077e-01,1.274101750768e-01,1.267749978342e-01,1.261450947270e-01,1.255204074432e-01,1.249008781965e-01,1.242864498299e-01
-7.323538343316e-01,-6.004214929002e-01,-4.881094303119e-01,-3.919589867106e-01,-3.092284461243e-01,-2.377228891677e-01,-1.756692309564e-01,-1.216232530986e-01,-7.439961398069e-02,-3.301857954183e-02,3.334931269911e-03,3.534312931062e-02,6.358023569514e-02,8.853211770328e-02,1.106119033262e-01,1.301724866969e-01,1.475166098599e-01,1.629050420797e-01,1.765632546380e-01,1.886868984346e-01,1.994463225275e-01,2.089903200654e-01,2.174492489441e-01,2.249376423003e-01,2.315564022196e-01,2.373946503265e-01,2.425312951446e-01,2.470363641857e-01,2.509721402047e-01,2.543941336336e-01,2.573519174784e-01,2.598898463324e-01,2.620476772514e-01,2.638611076066e-01,2.653622421006e-01,2.665799995659e-01,2.675404677651e-01,2.682672139860e-01,2.687815573337e-01,2.691028081390e-01,2.692484787068e-01,2.692344692149e-01,2.690752324172e-01,2.687839192038e-01,2.683725079861e-01,2.678519196707e-01,2.672321201439e-01,2.665222116029e-01,2.657305141921e-01,2.648646390697e-01,2.639315539073e-01,2.629376416929e-01,2.618887535095e-01,2.607902561035e-01,2.596470747120e-01,2.584637318017e-01,2.572443819249e-01,2.559928433442e-01,2.547126266341e-01,2.534069606608e-01,2.520788161090e-01,2.507309268255e-01,2.493658093674e-01,2.479857806443e-01,2.465929740801e-01,2.451893543287e-01,2.437767307347e-01,2.423567696003e-01,2.409310054161e-01,2.395008511446e-01,2.380676076422e-01,2.366324722949e-01,2.351965469329e-01,2.337608451082e-01,2.323262987813e-01,2.308937644594e-01,2.294640288540e-01,2.280378140866e-01,2.266157824921e-01,2.251985410246e-01,2.237866453347e-01,2.223806035771e-01,2.209808798150e-01,2.195878972835e-01,2.182020413462e-01,2.168236622583e-01,2.154530776701e-01,2.140905749999e-01,2.127364136242e-01,2.113908269031e-01,2.100540240440e-01,2.087261918012e-01,2.074074961457e-01,2.060980837410e-01,2.047980833786e-01,2.035076071351e-01,2.022267517025e-01,2.009555994618e-01,1.996942195633e-01,1.984426687887e-01,1.972009924756e-01,1.959692255507e-01,1.947473929607e-01,1.935355106535e-01,1.923335861798e-01,1.911416193811e-01,1.899596028357e-01,1.887875224826e-01,1.876253581610e-01,1.864730840935e-01,1.853306692950e-01,1.841980778826e-01,1.830752696251e-01,1.819622002412e-01,1.808588218492e-01,1.797650829287e-01,1.786809289582e-01,1.776063025737e-01,1.765411439233e-01,1.754853906549e-01,1.744389782111e-01,1.734018404850e-01,1.723739092126e-01,1.713551147442e-01,1.703453860426e-01,1.693446509609e-01,1.683528360894e-01,1.673698670625e-01,1.663956687461e-01,1.654301653684e-01,1.644732805568e-01,1.635249372421e-01,1.625850580807e-01,1.616535654182e-01,1.607303815825e-01,1.598154283080e-01,1.589086274560e-01,1.580099008655e-01,1.571191705889e-01,1.562363585092e-01,1.553613865378e-01,1.544941774158e-01,1.536346534064e-01,1.527827373423e-01,1.519383523736e-01,1.511014221947e-01,1.502718706020e-01,1.494496218062e-01,1.486346005495e-01,1.478267321435e-01,1.470259423787e-01,1.462321572660e-01,1.454453035342e-01,1.446653084612e-01,1.438921001731e-01,1.431256067681e-01,1.423657572253e-01,1.416124811151e-01,1.408657088273e-01,1.401253710160e-01,1.393913988136e-01,1.386637247425e-01,1.379422810703e-01,1.372270010444e-01,1.365178185359e-01,1.358146682457e-01,1.351174851785e-01,1.344262049707e-01,1.337407639787e-01,1.330610992732e-01,1.323871485136e-01,1.317188497002e-01,1.310561416259e-01,1.303989636881e-01,1.297472560928e-01,1.291009591601e-01,1.284600140455e-01,1.278243624843e-01,1.271939469031e-01,1.265687100850e-01,1.259485953584e-01
-7.635895740931e-01,-6.282074586215e-01,-5.129116205506e-01,-4.141639781869e-01,-3.291596186888e-01,-2.556528291996e-01,-1.918293234632e-01,-1.362111787358e-01,-8.758526605073e-02,-4.494877609026e-02,-7.467336853799e-03,2.555749061009e-02,5.471365870983e-02,8.049871679958e-02,1.033357822982e-01,1.235863321656e-01,1.415605162967e-01,1.575255247098e-01,1.717124162207e-01,1.843217225001e-01,1.955280714734e-01,2.054840200998e-01,2.143232477574e-01,2.221632276750e-01,2.291074719888e-01,2.352474258965e-01,2.406640718632e-01,2.454292931701e-01,2.496070371072e-01,2.532543107136e-01,2.564220354191e-01,2.591557832511e-01,2.614964127552e-01,2.634806198486e-01,2.651414160887e-01,2.665085452169e-01,2.676088468937e-01,2.684665747530e-01,2.691036754245e-01,2.695400337899e-01,2.697936891026e-01,2.698810254146e-01,2.698169404505e-01,2.696149948137e-01,2.692875446299e-01,2.688458595043e-01,2.683002275714e-01,2.676600491570e-01,2.669339205205e-01,2.661297089217e-01,2.652546197139e-01,2.643152566751e-01,2.633176762485e-01,2.622674363827e-01,2.611696404647e-01,2.600289770235e-01,2.588497556731e-01,2.576359395114e-01,2.563911745170e-01,2.551188162114e-01,2.538219539039e-01,2.525034325730e-01,2.511658729893e-01,2.498116898432e-01,2.484431083625e-01,2.470621794708e-01,2.456707936168e-01,2.442706933926e-01,2.428634850961e-01,2.414506493424e-01,2.400335507319e-01,2.386134467492e-01,2.371914959295e-01,2.357687653520e-01,2.343462375207e-01,2.329248167059e-01,2.315053347692e-01,2.300885565317e-01,2.286751847256e-01,2.272658645600e-01,2.258611879036e-01,2.244616972248e-01,2.230678891134e-01,2.216802176456e-01,2.202990974504e-01,2.189249065333e-01,2.175579888903e-01,2.161986569727e-01,2.148471939618e-01,2.135038557751e-01,2.121688730777e-01,2.108424530816e-01,2.095247812011e-01,2.082160225554e-01,2.069163234812e-01,2.056258128907e-01,2.043446034002e-01,2.030727925741e-01,2.018104640142e-01,2.005576883610e-01,1.993145240791e-01,1.980810186401e-01,1.968572089543e-01,1.956431223846e-01,1.944387774167e-01,1.932441842478e-01,1.920593453563e-01,1.908842561859e-01,1.897189057266e-01,1.885632767346e-01,1.874173464371e-01,1.862810869522e-01,1.851544656419e-01,1.840374453555e-01,1.829299849870e-01,1.818320398397e-01,1.807435616248e-01,1.796644989811e-01,1.785947977660e-01,1.775344012937e-01,1.764832502178e-01,1.754412834946e-01,1.744084376934e-01,1.733846478002e-01,1.723698473065e-01,1.713639682252e-01,1.703669411628e-01,1.693786957102e-01,1.683991606727e-01,1.674282636202e-01,1.664659315158e-01,1.655120907892e-01,1.645666673352e-01,1.636295863542e-01,1.627007728467e-01,1.617801517507e-01,1.608676474433e-01,1.599631842567e-01,1.590666865820e-01,1.581780789018e-01,1.572972852385e-01,1.564242305088e-01,1.555588390240e-01,1.547010356023e-01,1.538507454461e-01,1.530078939304e-01,1.521724065188e-01,1.513442091965e-01,1.505232286333e-01,1.497093913241e-01,1.489026244162e-01,1.481028556653e-01,1.473100132957e-01,1.465240256621e-01,1.457448218602e-01,1.449723318020e-01,1.442064854303e-01,1.434472133636e-01,1.426944469463e-01,1.419481182083e-01,1.412081590962e-01,1.404745031493e-01,1.397470835343e-01,1.390258344092e-01,1.383106906982e-01,1.376015877905e-01,1.368984614215e-01,1.362012481381e-01,1.355098854156e-01,1.348243106963e-01,1.341444622752e-01,1.334702791989e-01,1.328017010841e-01,1.321386677931e-01,1.314811200056e-01,1.308289992182e-01,1.301822470575e-01,1.295408058462e-01,1.289046185982e-01,1.282736289382e-01,1.276477806245e-01
-7.964491687146e-01,-6.574550182291e-01,-5.390349598453e-01,-4.375677568447e-01,-3.501823312521e-01,-2.745797929070e-01,-2.089027221686e-01,-1.516379128399e-01,-1.015431476259e-01,-5.759146278566e-02,-1.892829400814e-02,1.516178358328e-02,4.528109428017e-02,7.193941379312e-02,9.557031414941e-02,1.165442546529e-01,1.351791372511e-01,1.517488710008e-01,1.664903615864e-01,1.796092478397e-01,1.912846348336e-01,2.016730176643e-01,2.109115509266e-01,2.191207839440e-01,2.264069595557e-01,2.328639539635e-01,2.385749193132e-01,2.436136802845e-01,2.480459257377e-01,2.519302282556e-01,2.553189198032e-01,2.582588461609e-01,2.607920182187e-01,2.629561763486e-01,2.647852808206e-01,2.663099384975e-01,2.675577755056e-01,2.685537635463e-01,2.693205057555e-01,2.698784881308e-01,2.702463012172e-01,2.704408353294e-01,2.704774537594e-01,2.703701458036e-01,2.701316627998e-01,2.697736392705e-01,2.693067005285e-01,2.687405588535e-01,2.680840995972e-01,2.673454579766e-01,2.665320880568e-01,2.656508248147e-01,2.647079396850e-01,2.637091906893e-01,2.626598677408e-01,2.615648333175e-01,2.604285593239e-01,2.592551605462e-01,2.580484247680e-01,2.568118401716e-01,2.555486203120e-01,2.542617265872e-01,2.529538889477e-01,2.516276245350e-01,2.502852547692e-01,2.489289209991e-01,2.475605986646e-01,2.461821103157e-01,2.447951375653e-01,2.434012319368e-01,2.420018248617e-01,2.405982368728e-01,2.391916859795e-01,2.377832954010e-01,2.363741006808e-01,2.349650562019e-01,2.335570412097e-01,2.321508653462e-01,2.307472737555e-01,2.293469518045e-01,2.279505294008e-01,2.265585850511e-01,2.251716495144e-01,2.237902092699e-01,2.224147097019e-01,2.210455579689e-01,2.196831257815e-01,2.183277519360e-01,2.169797445576e-01,2.156393833475e-01,2.143069216088e-01,2.129825879948e-01,2.116665883441e-01,2.103591073105e-01,2.090603097145e-01,2.077703420598e-01,2.064893338517e-01,2.052173986287e-01,2.039546352311e-01,2.027011288753e-01,2.014569518944e-01,2.002221649835e-01,1.989968176748e-01,1.977809493772e-01,1.965745901323e-01,1.953777610104e-01,1.941904750198e-01,1.930127377288e-01,1.918445474952e-01,1.906858962886e-01,1.895367702090e-01,1.883971495723e-01,1.872670096692e-01,1.861463212026e-01,1.850350502475e-01,1.839331589653e-01,1.828406059783e-01,1.817573462181e-01,1.806833316095e-01,1.796185113980e-01,1.785628318295e-01,1.775162372138e-01,1.764786692531e-01,1.754500678554e-01,1.744303713574e-01,1.734195160550e-01,1.724174369863e-01,1.714240681275e-01,1.704393418377e-01,1.694631896536e-01,1.684955424689e-01,1.675363299003e-01,1.665854810963e-01,1.656429249072e-01,1.647085891779e-01,1.637824015726e-01,1.628642897405e-01,1.619541805420e-01,1.610520008884e-01,1.601576779087e-01,1.592711379945e-01,1.583923083540e-01,1.575211154933e-01,1.566574863550e-01,1.558013484011e-01,1.549526285740e-01,1.541112543890e-01,1.532771540156e-01,1.524502551899e-01,1.516304863221e-01,1.508177765849e-01,1.500120547852e-01,1.492132504805e-01,1.484212940762e-01,1.476361156659e-01,1.468576461485e-01,1.460858173368e-01,1.453205607755e-01,1.445618088506e-01,1.438094949108e-01,1.430635519155e-01,1.423239144419e-01,1.415905166194e-01,1.408632935739e-01,1.401421814401e-01,1.394271160337e-01,1.387180341718e-01,1.380148736875e-01,1.373175721242e-01,1.366260680119e-01,1.359403008872e-01,1.352602100318e-01,1.345857356858e-01,1.339168190712e-01,1.332534011981e-01,1.325954239964e-01,1.319428303356e-01,1.312955629311e-01,1.306535653685e-01,1.300167821160e-01,1.293851574508e-01
-8.310218525413e-01,-6.882447974104e-01,-5.665526179599e-01,-4.622369924234e-01,-3.723575527772e-01,-2.945597219720e-01,-2.269409129427e-01,-1.679509732943e-01,-1.163172280031e-01,-7.098742259869e-02,-3.108585107176e-02,4.120694932303e-03,3.524958598803e-02,6.282339769978e-02,8.728664625545e-02,1.090191937922e-01,1.283470571066e-01,1.455511781533e-01,1.608745825999e-01,1.745282548493e-01,1.866959858782e-01,1.975383924891e-01,2.071962663719e-01,2.157933761123e-01,2.234388224297e-01,2.302290254759e-01,2.362494079107e-01,2.415758262488e-01,2.462757916173e-01,2.504095148458e-01,2.540308041769e-01,2.571878380697e-01,2.599238332430e-01,2.622776232447e-01,2.642841608976e-01,2.659749562842e-01,2.673784586781e-01,2.685203910698e-01,2.694240436494e-01,2.701105315210e-01,2.705990221291e-01,2.709069356291e-01,2.710501225659e-01,2.710430208845e-01,2.708987956476e-01,2.706294632550e-01,2.702460019323e-01,2.697584506420e-01,2.691759972306e-01,2.685070574277e-01,2.677593458301e-01,2.669399393470e-01,2.660553345143e-01,2.651114989862e-01,2.641139178836e-01,2.630676358692e-01,2.619772949037e-01,2.608471685794e-01,2.596811932438e-01,2.584829960751e-01,2.572559207809e-01,2.560030507497e-01,2.547272303413e-01,2.534310840546e-01,2.521170341608e-01,2.507873167637e-01,2.494439963938e-01,2.480889794795e-01,2.467240265622e-01,2.453507635258e-01,2.439706919330e-01,2.425851984165e-01,2.411955633835e-01,2.398029689733e-01,2.384085063678e-01,2.370131825547e-01,2.356179265114e-01,2.342235949330e-01,2.328309774985e-01,2.314408017398e-01,2.300537375197e-01,2.286704012004e-01,2.272913594406e-01,2.259171327762e-01,2.245481988858e-01,2.231849956056e-01,2.218279237947e-01,2.204773498758e-01,2.191336082923e-01,2.177970037734e-01,2.164678133240e-01,2.151462882685e-01,2.138326559703e-01,2.125271214963e-01,2.112298692660e-01,2.099410643244e-01,2.086608538318e-01,2.073893682782e-01,2.061267225454e-01,2.048730171689e-01,2.036283391464e-01,2.023927631074e-01,2.011663519003e-01,1.999491576840e-01,1.987412225686e-01,1.975425792419e-01,1.963532518735e-01,1.951732564440e-01,1.940026015079e-01,1.928412887969e-01,1.916893134141e-01,1.905466646910e-01,1.894133263713e-01,1.882892770270e-01,1.871744907317e-01,1.860689369266e-01,1.849725811915e-01,1.838853854469e-01,1.828073079911e-01,1.817383042419e-01,1.806783264800e-01,1.796273246629e-01,1.785852459419e-01,1.775520355394e-01,1.765276366454e-01,1.755119904161e-01,1.745050366883e-01,1.735067134870e-01,1.725169575924e-01,1.715357048053e-01,1.705628894204e-01,1.695984451657e-01,1.686423047731e-01,1.676944001079e-01,1.667546628392e-01,1.658230235545e-01,1.648994127088e-01,1.639837604741e-01,1.630759963352e-01,1.621760500373e-01,1.612838506960e-01,1.603993279068e-01,1.595224105266e-01,1.586530279237e-01,1.577911094827e-01,1.569365843436e-01,1.560893823651e-01,1.552494330597e-01,1.544166663384e-01,1.535910127292e-01,1.527724023560e-01,1.519607662746e-01,1.511560356293e-01,1.503581417301e-01,1.495670169305e-01,1.487825931789e-01,1.480048033314e-01,1.472335808077e-01,1.464688589292e-01,1.457105721786e-01,1.449586548685e-01,1.442130425994e-01,1.434736705366e-01,1.427404750371e-01,1.420133929118e-01,1.412923610583e-01,1.405773176290e-01,1.398682006462e-01,1.391649489020e-01,1.384675021534e-01,1.377757998902e-01,1.370897828690e-01,1.364093920931e-01,1.357345689021e-01,1.350652558790e-01,1.344013952829e-01,1.337429304260e-01,1.330898052553e-01,1.324419637188e-01,1.317993509392e-01,1.311619119681e-01
-8.674034814756e-01,-7.206634102398e-01,-5.955432048598e-01,-4.882433171103e-01,-3.957507958990e-01,-3.156527325675e-01,-2.459992289180e-01,-1.852014342617e-01,-1.319547724982e-01,-8.518050060814e-02,-4.398077082263e-02,-7.603750288203e-03,2.458368866450e-02,5.311752556844e-02,7.845373731919e-02,1.009820318247e-01,1.210369229799e-01,1.389067167063e-01,1.548408464063e-01,1.690558933094e-01,1.817405543825e-01,1.930597616011e-01,2.031581143705e-01,2.121627514769e-01,2.201857654492e-01,2.273262395073e-01,2.336719732610e-01,2.393009500359e-01,2.442825884625e-01,2.486788144936e-01,2.525449813783e-01,2.559306628039e-01,2.588803376791e-01,2.614339836779e-01,2.636275928643e-01,2.654936205734e-01,2.670613777850e-01,2.683573739888e-01,2.694056185334e-01,2.702278851062e-01,2.708439450772e-01,2.712717732783e-01,2.715277303592e-01,2.716267239687e-01,2.715823523288e-01,2.714070316361e-01,2.711121097143e-01,2.707079675115e-01,2.702041096081e-01,2.696092456343e-01,2.689313628290e-01,2.681777916170e-01,2.673552642790e-01,2.664699679470e-01,2.655275923792e-01,2.645333729659e-01,2.634921298596e-01,2.624083030657e-01,2.612859845691e-01,2.601289472114e-01,2.589406710964e-01,2.577243674684e-01,2.564830006080e-01,2.552193075514e-01,2.539358163031e-01,2.526348623010e-01,2.513186035269e-01,2.499890343430e-01,2.486479980644e-01,2.472971986238e-01,2.459382110951e-01,2.445724915023e-01,2.432013857185e-01,2.418261377015e-01,2.404478970551e-01,2.390677259664e-01,2.376866056372e-01,2.363054421632e-01,2.349250719946e-01,2.335462669520e-01,2.321697388672e-01,2.307961438769e-01,2.294260863635e-01,2.280601226526e-01,2.266987643747e-01,2.253424816255e-01,2.239917058786e-01,2.226468326537e-01,2.213082240863e-01,2.199762111470e-01,2.186510959155e-01,2.173331534775e-01,2.160226338578e-01,2.147197637254e-01,2.134247479672e-01,2.121377712888e-01,2.108589994362e-01,2.095885807009e-01,2.083266469246e-01,2.070733147819e-01,2.058286867264e-01,2.045928520883e-01,2.033658877659e-01,2.021478593648e-01,2.009388217438e-01,1.997388198979e-01,1.985478896360e-01,1.973660581001e-01,1.961933446513e-01,1.950297610174e-01,1.938753122783e-01,1.927299969658e-01,1.915938077857e-01,1.904667319565e-01,1.893487515111e-01,1.882398439842e-01,1.871399822643e-01,1.860491355196e-01,1.849672689378e-01,1.838943444482e-01,1.828303207142e-01,1.817751536915e-01,1.807287963155e-01,1.796911994351e-01,1.786623114129e-01,1.776420786636e-01,1.766304457937e-01,1.756273554892e-01,1.746327493020e-01,1.736465668800e-01,1.726687471081e-01,1.716992273881e-01,1.707379443218e-01,1.697848336234e-01,1.688398300276e-01,1.679028680102e-01,1.669738808855e-01,1.660528020689e-01,1.651395640474e-01,1.642340992949e-01,1.633363398108e-01,1.624462177530e-01,1.615636644945e-01,1.606886119771e-01,1.598209916667e-01,1.589607352233e-01,1.581077744635e-01,1.572620409272e-01,1.564234669752e-01,1.555919842893e-01,1.547675255693e-01,1.539500231665e-01,1.531394100296e-01,1.523356193989e-01,1.515385845328e-01,1.507482396798e-01,1.499645185884e-01,1.491873562965e-01,1.484166874935e-01,1.476524477783e-01,1.468945728963e-01,1.461429995547e-01,1.453976640364e-01,1.446585040050e-01,1.439254570049e-01,1.431984613186e-01,1.424774558472e-01,1.417623795129e-01,1.410531726046e-01,1.403497748520e-01,1.396521274980e-01,1.389601715801e-01,1.382738490505e-01,1.375931023646e-01,1.369178741561e-01,1.362481082922e-01,1.355837482087e-01,1.349247388291e-01,1.342710247960e-01,1.336225517735e-01,1.329792656446e-01
-9.056971013315e-01,-7.548039736059e-01,-6.260912384382e-01,-5.156637526036e-01,-4.204325082353e-01,-3.379234751469e-01,-2.661371826143e-01,-2.034442333175e-01,-1.485066271592e-01,-1.002178693924e-01,-5.765691486407e-02,-2.005241934376e-02,1.324525194494e-02,4.278611999706e-02,6.903816688971e-02,9.240141413396e-02,1.132192757280e-01,1.317877709392e-01,1.483630444838e-01,1.631675395125e-01,1.763950911881e-01,1.882151507769e-01,1.987763054138e-01,2.082092233338e-01,2.166291301733e-01,2.241378979169e-01,2.308258153615e-01,2.367730928186e-01,2.420511466536e-01,2.467236984708e-01,2.508477196510e-01,2.544742446754e-01,2.576490742032e-01,2.604133840044e-01,2.628042542073e-01,2.648551301727e-01,2.665962250195e-01,2.680548719522e-01,2.692558333281e-01,2.702215725182e-01,2.709724933279e-01,2.715271514625e-01,2.719024417833e-01,2.721137638535e-01,2.721751695518e-01,2.720994937884e-01,2.718984715508e-01,2.715828418937e-01,2.711624413504e-01,2.706462872062e-01,2.700426525032e-01,2.693591331372e-01,2.686027084267e-01,2.677797954918e-01,2.668962984247e-01,2.659576526055e-01,2.649688648162e-01,2.639345495449e-01,2.628589618627e-01,2.617460273116e-01,2.605993689785e-01,2.594223321501e-01,2.582180068410e-01,2.569892480906e-01,2.557386947843e-01,2.544687865301e-01,2.531817793520e-01,2.518797598108e-01,2.505646581288e-01,2.492382600498e-01,2.479022178506e-01,2.465580603375e-01,2.452072021123e-01,2.438509520275e-01,2.424905210059e-01,2.411270292126e-01,2.397615126756e-01,2.383949293836e-01,2.370281649102e-01,2.356620376085e-01,2.342973034043e-01,2.329346602338e-01,2.315747521290e-01,2.302181730338e-01,2.288654702801e-01,2.275171478839e-01,2.261736695079e-01,2.248354613131e-01,2.235029144916e-01,2.221763877346e-01,2.208562094072e-01,2.195426796818e-01,2.182360724165e-01,2.169366369943e-01,2.156445999578e-01,2.143601665863e-01,2.130835223337e-01,2.118148341676e-01,2.105542518533e-01,2.093019090729e-01,2.080579245721e-01,2.068224031914e-01,2.055954366535e-01,2.043771047463e-01,2.031674757998e-01,2.019666078101e-01,2.007745488217e-01,1.995913379258e-01,1.984170055853e-01,1.972515745071e-01,1.960950599348e-01,1.949474703938e-01,1.938088079748e-01,1.926790689472e-01,1.915582440580e-01,1.904463190059e-01,1.893432747794e-01,1.882490879817e-01,1.871637312321e-01,1.860871733306e-01,1.850193796925e-01,1.839603126428e-01,1.829099312554e-01,1.818681923338e-01,1.808350497601e-01,1.798104555541e-01,1.787943592559e-01,1.777867088641e-01,1.767874503005e-01,1.757965282109e-01,1.748138855344e-01,1.738394641488e-01,1.728732045690e-01,1.719150464168e-01,1.709649282731e-01,1.700227879513e-01,1.690885625285e-01,1.681621884007e-01,1.672436015186e-01,1.663327372018e-01,1.654295305043e-01,1.645339163321e-01,1.636458287498e-01,1.627652024250e-01,1.618919710907e-01,1.610260691481e-01,1.601674302682e-01,1.593159887799e-01,1.584716784848e-01,1.576344338070e-01,1.568041888464e-01,1.559808782666e-01,1.551644366109e-01,1.543547989059e-01,1.535519002640e-01,1.527556761801e-01,1.519660624441e-01,1.511829951087e-01,1.504064107332e-01,1.496362460042e-01,1.488724381834e-01,1.481149251778e-01,1.473636444771e-01,1.466185351249e-01,1.458795354902e-01,1.451465854266e-01,1.444196242989e-01,1.436985928027e-01,1.429834313353e-01,1.422740814591e-01,1.415704846323e-01,1.408725833017e-01,1.401803200061e-01,1.394936380894e-01,1.388124811825e-01,1.381367935335e-01,1.374665198703e-01,1.368016053475e-01,1.361419957879e-01,1.354876372520e-01,1.348384765008e-01
-9.460135751047e-01,-7.907666749775e-01,-6.582876607525e-01,-5.445811814175e-01,-4.464785043332e-01,-3.614415316885e-01,-2.874188323559e-01,-2.227385103080e-01,-1.660275335882e-01,-1.161503212889e-01,-7.216151651557e-02,-3.326932671016e-02,1.193181885884e-03,3.179074506059e-02,5.900392521968e-02,8.324355131823e-02,1.048623633043e-01,1.241644626168e-01,1.414130259986e-01,1.568366384620e-01,1.706345186010e-01,1.829808525451e-01,1.940284052556e-01,2.039115426528e-01,2.127487726165e-01,2.206448887901e-01,2.276927874604e-01,2.339750120631e-01,2.395650714889e-01,2.445285686005e-01,2.489241696377e-01,2.528044394780e-01,2.562165632256e-01,2.592029717814e-01,2.618018849968e-01,2.640477853414e-01,2.659718309528e-01,2.676022179229e-01,2.689644974374e-01,2.700818553656e-01,2.709753580523e-01,2.716641697383e-01,2.721657449369e-01,2.724959986166e-01,2.726694578923e-01,2.726993964633e-01,2.725979548718e-01,2.723762475311e-01,2.720444586699e-01,2.716119281147e-01,2.710872282910e-01,2.704782334181e-01,2.697921816466e-01,2.690357312129e-01,2.682150108366e-01,2.673356655557e-01,2.664028977942e-01,2.654215049734e-01,2.643959131569e-01,2.633302080039e-01,2.622281625384e-01,2.610932626219e-01,2.599287301351e-01,2.587375439105e-01,2.575224591190e-01,2.562860246931e-01,2.550305994761e-01,2.537583668279e-01,2.524713481141e-01,2.511714149992e-01,2.498603007478e-01,2.485396106089e-01,2.472108313139e-01,2.458753398753e-01,2.445344115958e-01,2.431892275427e-01,2.418408813261e-01,2.404903854586e-01,2.391386771212e-01,2.377866235691e-01,2.364350270679e-01,2.350846294917e-01,2.337361165568e-01,2.323901217555e-01,2.310472299753e-01,2.297079808886e-01,2.283728720497e-01,2.270423618150e-01,2.257168720102e-01,2.243967904379e-01,2.230824731946e-01,2.217742468096e-01,2.204724102832e-01,2.191772368899e-01,2.178889760010e-01,2.166078545759e-01,2.153340788267e-01,2.140678354217e-01,2.128092930065e-01,2.115586032081e-01,2.103159019490e-01,2.090813104360e-01,2.078549360473e-01,2.066368734948e-01,2.054272054073e-01,2.042260033940e-01,2.030333285770e-01,2.018492324719e-01,2.006737575191e-01,1.995069377692e-01,1.983487994513e-01,1.971993614503e-01,1.960586359479e-01,1.949266286743e-01,1.938033396613e-01,1.926887632457e-01,1.915828889738e-01,1.904857013538e-01,1.893971808438e-01,1.883173035482e-01,1.872460420266e-01,1.861833653658e-01,1.851292391842e-01,1.840836264964e-01,1.830464872292e-01,1.820177790842e-01,1.809974572002e-01,1.799854747672e-01,1.789817829051e-01,1.779863309947e-01,1.769990668143e-01,1.760199365511e-01,1.750488852389e-01,1.740858564099e-01,1.731307928792e-01,1.721836359958e-01,1.712443268195e-01,1.703128049708e-01,1.693890100341e-01,1.684728804023e-01,1.675643543674e-01,1.666633697796e-01,1.657698636406e-01,1.648837733329e-01,1.640050353475e-01,1.631335865377e-01,1.622693631862e-01,1.614123018224e-01,1.605623387348e-01,1.597194103065e-01,1.588834530193e-01,1.580544032632e-01,1.572321978767e-01,1.564167733883e-01,1.556080671362e-01,1.548060158996e-01,1.540105576401e-01,1.532216295496e-01,1.524391701235e-01,1.516631172604e-01,1.508934098276e-01,1.501299870326e-01,1.493727877517e-01,1.486217522387e-01,1.478768202084e-01,1.471379325575e-01,1.464050299839e-01,1.456780540642e-01,1.449569465267e-01,1.442416496571e-01,1.435321062523e-01,1.428282593302e-01,1.421300527849e-01,1.414374303844e-01,1.407503371398e-01,1.400687175831e-01,1.393925178531e-01,1.387216833316e-01,1.380561610624e-01,1.373958975223e-01,1.367408403916e-01
-9.884722761420e-01,-8.286593998344e-01,-6.922304085226e-01,-5.750848677588e-01,-4.739704429982e-01,-3.862818547101e-01,-3.099131871903e-01,-2.431479822954e-01,-1.845764764076e-01,-1.330325919975e-01,-8.754548217925e-02,-4.730191585163e-02,-1.161682282789e-02,2.008995894225e-02,4.831218056942e-02,7.347200022990e-02,9.593193429258e-02,1.160045560644e-01,1.339604135031e-01,1.500345293567e-01,1.644317649351e-01,1.773312691295e-01,1.888901857025e-01,1.992467560873e-01,2.085229281130e-01,2.168265575101e-01,2.242532731956e-01,2.308880638193e-01,2.368066311718e-01,2.420765496523e-01,2.467582617260e-01,2.509059359536e-01,2.545682084697e-01,2.577888252589e-01,2.606072008243e-01,2.630589042424e-01,2.651760842313e-01,2.669878409888e-01,2.685205525015e-01,2.697981617619e-01,2.708424294928e-01,2.716731577078e-01,2.723083874676e-01,2.727645739557e-01,2.730567423601e-01,2.731986263475e-01,2.732027915014e-01,2.730807457550e-01,2.728430377781e-01,2.724993455322e-01,2.720585553432e-01,2.715288331522e-01,2.709176886064e-01,2.702320326059e-01,2.694782295789e-01,2.686621442710e-01,2.677891844181e-01,2.668643391922e-01,2.658922140720e-01,2.648770626368e-01,2.638228152092e-01,2.627331051291e-01,2.616112926262e-01,2.604604864386e-01,2.592835637457e-01,2.580831882379e-01,2.568618266434e-01,2.556217639585e-01,2.543651172088e-01,2.530938482712e-01,2.518097754609e-01,2.505145842702e-01,2.492098372258e-01,2.478969828788e-01,2.465773642147e-01,2.452522262409e-01,2.439227231054e-01,2.425899245941e-01,2.412548221389e-01,2.399183343944e-01,2.385813123427e-01,2.372445440570e-01,2.359087590873e-01,2.345746325208e-01,2.332427887498e-01,2.319138049575e-01,2.305882143632e-01,2.292665092014e-01,2.279491435437e-01,2.266365358441e-01,2.253290713793e-01,2.240271044710e-01,2.227309605430e-01,2.214409381233e-01,2.201573105358e-01,2.188803276945e-01,2.176102175807e-01,2.163471877308e-01,2.150914266296e-01,2.138431048722e-01,2.126023764843e-01,2.113693799444e-01,2.101442391559e-01,2.089270645696e-01,2.077179539374e-01,2.065169932044e-01,2.053242573617e-01,2.041398109978e-01,2.029637092463e-01,2.017959981545e-01,2.006367154954e-01,1.994858912524e-01,1.983435480602e-01,1.972097019674e-01,1.960843624814e-01,1.949675334352e-01,1.938592130891e-01,1.927593946228e-01,1.916680665976e-01,1.905852129771e-01,1.895108138502e-01,1.884448454808e-01,1.873872804405e-01,1.863380882939e-01,1.852972354544e-01,1.842646855529e-01,1.832403998129e-01,1.822243368060e-01,1.812164532654e-01,1.802167036129e-01,1.792250406178e-01,1.782414153650e-01,1.772657772143e-01,1.762980745230e-01,1.753382538684e-01,1.743862611010e-01,1.734420408060e-01,1.725055366484e-01,1.715766916816e-01,1.706554478088e-01,1.697417466898e-01,1.688355293288e-01,1.679367358857e-01,1.670453065643e-01,1.661611809384e-01,1.652842982867e-01,1.644145979432e-01,1.635520185422e-01,1.626964992006e-01,1.618479784012e-01,1.610063949167e-01,1.601716875150e-01,1.593437946865e-01,1.585226556687e-01,1.577082089606e-01,1.569003939100e-01,1.560991496639e-01,1.553044155942e-01,1.545161316472e-01,1.537342373767e-01,1.529586732474e-01,1.521893798767e-01,1.514262976701e-01,1.506693680613e-01,1.499185324185e-01,1.491737324700e-01,1.484349107276e-01,1.477020093504e-01,1.469749717478e-01,1.462537409655e-01,1.455382609112e-01,1.448284758947e-01,1.441243302301e-01,1.434257695327e-01,1.427327387546e-01,1.420451841917e-01,1.413630521104e-01,1.406862892600e-01,1.400148432599e-01,1.393486614150e-01,1.386876922439e-01
-1.033201855148e+00,-8.685984259518e-01,-7.280250444412e-01,-6.072710339383e-01,-5.029963555919e-01,-4.125252531062e-01,-3.336946551651e-01,-2.647413582387e-01,-2.042170681654e-01,-1.509237183992e-01,-1.038637252142e-01,-6.220137090129e-02,-2.523256305316e-02,7.639040163457e-03,3.692102175840e-02,6.304742180114e-02,8.639100941421e-02,1.072732424243e-01,1.259723988552e-01,1.427302523379e-01,1.577575812786e-01,1.712387385064e-01,1.833354592784e-01,1.941900486969e-01,2.039280614801e-01,2.126605639393e-01,2.204860502683e-01,2.274920726576e-01,2.337566323139e-01,2.393493704780e-01,2.443325919768e-01,2.487621468025e-01,2.526881921505e-01,2.561558531202e-01,2.592057964057e-01,2.618747305084e-01,2.641958426068e-01,2.661991808232e-01,2.679119900429e-01,2.693590070401e-01,2.705627205938e-01,2.715436014241e-01,2.723203056011e-01,2.729098547504e-01,2.733277963289e-01,2.735883462977e-01,2.737045160508e-01,2.736882260546e-01,2.735504073425e-01,2.733010923517e-01,2.729494966944e-01,2.725040923354e-01,2.719726735413e-01,2.713624164693e-01,2.706799326134e-01,2.699313173315e-01,2.691221937039e-01,2.682577521015e-01,2.673427862849e-01,2.663817260190e-01,2.653786667091e-01,2.643373964768e-01,2.632614207621e-01,2.621539846650e-01,2.610180934440e-01,2.598565312567e-01,2.586718781521e-01,2.574665257819e-01,2.562426917091e-01,2.550024324890e-01,2.537476558026e-01,2.524801314556e-01,2.512015015438e-01,2.499132898682e-01,2.486169104685e-01,2.473136755875e-01,2.460048029907e-01,2.446914226695e-01,2.433745831014e-01,2.420552569801e-01,2.407343465201e-01,2.394126883864e-01,2.380910582367e-01,2.367701749219e-01,2.354507043959e-01,2.341332633273e-01,2.328184224569e-01,2.315067097069e-01,2.301986130672e-01,2.288945832992e-01,2.275950364003e-01,2.263003559463e-01,2.250108952649e-01,2.237269793906e-01,2.224489069980e-01,2.211769521186e-01,2.199113657374e-01,2.186523773759e-01,2.174001964337e-01,2.161550135311e-01,2.149170017871e-01,2.136863179101e-01,2.124631032433e-01,2.112474848616e-01,2.100395764743e-01,2.088394792161e-01,2.076472826166e-01,2.064630652487e-01,2.052868954575e-01,2.041188321583e-01,2.029589252544e-01,2.018072163809e-01,2.006637394994e-01,1.995285211738e-01,1.984015813309e-01,1.972829335907e-01,1.961725856012e-01,1.950705396759e-01,1.939767929229e-01,1.928913376867e-01,1.918141620165e-01,1.907452497934e-01,1.896845809573e-01,1.886321320387e-01,1.875878763105e-01,1.865517838098e-01,1.855238219502e-01,1.845039554282e-01,1.834921464577e-01,1.824883552559e-01,1.814925397166e-01,1.805046559434e-01,1.795246584907e-01,1.785524999711e-01,1.775881318067e-01,1.766315040781e-01,1.756825654541e-01,1.747412638085e-01,1.738075458075e-01,1.728813572045e-01,1.719626432084e-01,1.710513481995e-01,1.701474156973e-01,1.692507889443e-01,1.683614107666e-01,1.674792232322e-01,1.666041684441e-01,1.657361880255e-01,1.648752232483e-01,1.640212156236e-01,1.631741060469e-01,1.623338355093e-01,1.615003452782e-01,1.606735760087e-01,1.598534688443e-01,1.590399649640e-01,1.582330053071e-01,1.574325314335e-01,1.566384847007e-01,1.558508066155e-01,1.550694392895e-01,1.542943248678e-01,1.535254053885e-01,1.527626235815e-01,1.520059225501e-01,1.512552451833e-01,1.505105352552e-01,1.497717365884e-01,1.490387931847e-01,1.483116499963e-01,1.475902516616e-01,1.468745434573e-01,1.461644714765e-01,1.454599813854e-01,1.447610198653e-01,1.440675339562e-01,1.433794706736e-01,1.426967780801e-01,1.420194042003e-01,1.413472974489e-01,1.406804071534e-01
-1.080341090063e+00,-9.107091927179e-01,-7.657854567271e-01,-6.412434991129e-01,-5.336512314563e-01,-4.402589305009e-01,-3.588435401020e-01,-2.875927985503e-01,-2.250179758867e-01,-1.698874353233e-01,-1.211755357029e-01,-7.802296258777e-02,-3.970566251846e-02,-5.610316295488e-03,2.478517284675e-02,5.192731216516e-02,7.619962814419e-02,9.793290035083e-02,1.174135169276e-01,1.348903341866e-01,1.505803382942e-01,1.646733414969e-01,1.773358958665e-01,1.887145694831e-01,1.989387008412e-01,2.081227241174e-01,2.163681392152e-01,2.237651874333e-01,2.303942818312e-01,2.363272319209e-01,2.416282958442e-01,2.463550872742e-01,2.505593591403e-01,2.542876828295e-01,2.575820386421e-01,2.604803302824e-01,2.630168340995e-01,2.652225926141e-01,2.671257599963e-01,2.687519056775e-01,2.701242821596e-01,2.712640616204e-01,2.721905452865e-01,2.729213489919e-01,2.734725681172e-01,2.738589245472e-01,2.740938974278e-01,2.741898400456e-01,2.741580845075e-01,2.740090353548e-01,2.737522535822e-01,2.733965322564e-01,2.729499644815e-01,2.724200045886e-01,2.718135234619e-01,2.711368585175e-01,2.703958587974e-01,2.695959259180e-01,2.687420512595e-01,2.678388495554e-01,2.668905895347e-01,2.659012218278e-01,2.648744043538e-01,2.638135254042e-01,2.627217247636e-01,2.616019130911e-01,2.604567894895e-01,2.592888576514e-01,2.581004407160e-01,2.568936947984e-01,2.556706214213e-01,2.544330789897e-01,2.531827932957e-01,2.519213671577e-01,2.506502893474e-01,2.493709428045e-01,2.480846121635e-01,2.467924907432e-01,2.454956870130e-01,2.441952305079e-01,2.428920773402e-01,2.415871152994e-01,2.402811685604e-01,2.389750020343e-01,2.376693254179e-01,2.363647969487e-01,2.350620268748e-01,2.337615806897e-01,2.324639821273e-01,2.311697159472e-01,2.298792305356e-01,2.285929403046e-01,2.273112279316e-01,2.260344464656e-01,2.247629212618e-01,2.234969517755e-01,2.222368132850e-01,2.209827584648e-01,2.197350188072e-01,2.184938060509e-01,2.172593134615e-01,2.160317169977e-01,2.148111764106e-01,2.135978363440e-01,2.123918273292e-01,2.111932665914e-01,2.100022589935e-01,2.088188978631e-01,2.076432656409e-01,2.064754346363e-01,2.053154677399e-01,2.041634189526e-01,2.030193339649e-01,2.018832507905e-01,2.007552002114e-01,1.996352061831e-01,1.985232864221e-01,1.974194527970e-01,1.963237115560e-01,1.952360638971e-01,1.941565062956e-01,1.930850307315e-01,1.920216249493e-01,1.909662729053e-01,1.899189550718e-01,1.888796483988e-01,1.878483267957e-01,1.868249614128e-01,1.858095205931e-01,1.848019702115e-01,1.838022739862e-01,1.828103934432e-01,1.818262880908e-01,1.808499157823e-01,1.798812327150e-01,1.789201934127e-01,1.779667511642e-01,1.770208580746e-01,1.760824648302e-01,1.751515212316e-01,1.742279762450e-01,1.733117778932e-01,1.724028732611e-01,1.715012088973e-01,1.706067309505e-01,1.697193846784e-01,1.688391149930e-01,1.679658666236e-01,1.670995836947e-01,1.662402100522e-01,1.653876895406e-01,1.645419656707e-01,1.637029816912e-01,1.628706810008e-01,1.620450069259e-01,1.612259025022e-01,1.604133110413e-01,1.596071760394e-01,1.588074406319e-01,1.580140483359e-01,1.572269429856e-01,1.564460684283e-01,1.556713684291e-01,1.549027871974e-01,1.541402694842e-01,1.533837597372e-01,1.526332028564e-01,1.518885443450e-01,1.511497296086e-01,1.504167043763e-01,1.496894150307e-01,1.489678080675e-01,1.482518301532e-01,1.475414286476e-01,1.468365512394e-01,1.461371456148e-01,1.454431601843e-01,1.447545439066e-01,1.440712455484e-01,1.433932146242e-01,1.427204012656e-01
-1.130039829109e+00,-9.551271548142e-01,-8.056346354125e-01,-6.771143881100e-01,-5.660376675794e-01,-4.695770827999e-01,-3.854465928623e-01,-3.117824254074e-01,-2.470533942621e-01,-1.899926159446e-01,-1.395449911987e-01,-9.482643159227e-02,-5.509192746883e-02,-1.971033599572e-02,1.185567630833e-02,4.006570440713e-02,6.531456741574e-02,8.794283030684e-02,1.082453943295e-01,1.264785503527e-01,1.428658005562e-01,1.576026875191e-01,1.708608190765e-01,1.827912376306e-01,1.935272530717e-01,2.031868342167e-01,2.118746355128e-01,2.196837206351e-01,2.266970338215e-01,2.329886600157e-01,2.386249075021e-01,2.436652408758e-01,2.481630875214e-01,2.521665368215e-01,2.557189476713e-01,2.588594779655e-01,2.616235471220e-01,2.640432413410e-01,2.661476689709e-01,2.679632733300e-01,2.695141084665e-01,2.708220827289e-01,2.719071744652e-01,2.727876231437e-01,2.734800992979e-01,2.739998557721e-01,2.743608626644e-01,2.745759276723e-01,2.746568038723e-01,2.746142863286e-01,2.744582987437e-01,2.741979712841e-01,2.738417106615e-01,2.733972633889e-01,2.728717727207e-01,2.722718301641e-01,2.716035220606e-01,2.708724719275e-01,2.700838786319e-01,2.692425511935e-01,2.683529404072e-01,2.674191675968e-01,2.664450508665e-01,2.654341289330e-01,2.643896829600e-01,2.633147564929e-01,2.622121737354e-01,2.610845561771e-01,2.599343378980e-01,2.587637796205e-01,2.575749815805e-01,2.563698953272e-01,2.551503345937e-01,2.539179853426e-01,2.526744149438e-01,2.514210806633e-01,2.501593374805e-01,2.488904453593e-01,2.476155758685e-01,2.463358183598e-01,2.450521856722e-01,2.437656194024e-01,2.424769947978e-01,2.411871252621e-01,2.398967665554e-01,2.386066206846e-01,2.373173395153e-01,2.360295281150e-01,2.347437478715e-01,2.334605193858e-01,2.321803251594e-01,2.309036121015e-01,2.296307938667e-01,2.283622530088e-01,2.270983430123e-01,2.258393901801e-01,2.245856954068e-01,2.233375357711e-01,2.220951661100e-01,2.208588204413e-01,2.196287132924e-01,2.184050409566e-01,2.171879826198e-01,2.159777015006e-01,2.147743458606e-01,2.135780499626e-01,2.123889349057e-01,2.112071095330e-01,2.100326712127e-01,2.088657065313e-01,2.077062919733e-01,2.065544946143e-01,2.054103727457e-01,2.042739763357e-01,2.031453476330e-01,2.020245216728e-01,2.009115267986e-01,1.998063849053e-01,1.987091120405e-01,1.976197187516e-01,1.965382104265e-01,1.954645876636e-01,1.943988464739e-01,1.933409787384e-01,1.922909724569e-01,1.912488120208e-01,1.902144783080e-01,1.891879491163e-01,1.881691993692e-01,1.871582012205e-01,1.861549242349e-01,1.851593356922e-01,1.841714008016e-01,1.831910826162e-01,1.822183423598e-01,1.812531395831e-01,1.802954324136e-01,1.793451772524e-01,1.784023293109e-01,1.774668426307e-01,1.765386701375e-01,1.756177637999e-01,1.747040744811e-01,1.737975523456e-01,1.728981468659e-01,1.720058069102e-01,1.711204805147e-01,1.702421153378e-01,1.693706586881e-01,1.685060573874e-01,1.676482578042e-01,1.667972061298e-01,1.659528484948e-01,1.651151305699e-01,1.642839979254e-01,1.634593960919e-01,1.626412707890e-01,1.618295672239e-01,1.610242308436e-01,1.602252072019e-01,1.594324419007e-01,1.586458807124e-01,1.578654692177e-01,1.570911533468e-01,1.563228792729e-01,1.555605934440e-01,1.548042421399e-01,1.540537720902e-01,1.533091304244e-01,1.525702643894e-01,1.518371213363e-01,1.511096490634e-01,1.503877959134e-01,1.496715101461e-01,1.489607404066e-01,1.482554357583e-01,1.475555459439e-01,1.468610203872e-01,1.461718091874e-01,1.454878628916e-01,1.448091323822e-01
-1.182460038771e+00,-1.001998730914e+00,-8.477055350600e-01,-7.150049192001e-01,-6.002665906497e-01,-5.005815623052e-01,-4.135976240726e-01,-3.373968897175e-01,-2.704035720605e-01,-2.113137611558e-01,-1.590414130194e-01,-1.126764154791e-01,-7.145174591990e-02,-3.471753973914e-02,-1.920459347828e-03,2.741283680954e-02,5.368902886753e-02,7.725895913859e-02,9.842646996897e-02,1.174556603094e-01,1.345768755689e-01,1.499916762899e-01,1.638769797277e-01,1.763885269961e-01,1.876637984298e-01,1.978244747283e-01,2.069785227937e-01,2.152219699957e-01,2.226404185774e-01,2.293103428330e-01,2.353002036224e-01,2.406714091046e-01,2.454791450437e-01,2.497730946544e-01,2.535980643219e-01,2.569945288794e-01,2.599991081508e-01,2.626449840583e-01,2.649622669310e-01,2.669783177077e-01,2.687180321060e-01,2.702040915076e-01,2.714571852985e-01,2.724962078320e-01,2.733384336002e-01,2.739996731243e-01,2.744944120091e-01,2.748359351686e-01,2.750364378785e-01,2.751071253824e-01,2.750583022336e-01,2.748994527037e-01,2.746393130280e-01,2.742859365796e-01,2.738467527001e-01,2.733286198448e-01,2.727378737709e-01,2.720803710326e-01,2.713615285508e-01,2.705863595033e-01,2.697595060146e-01,2.688852687984e-01,2.679676343169e-01,2.670102993988e-01,2.660166938074e-01,2.649900008339e-01,2.639331761574e-01,2.628489651183e-01,2.617399184940e-01,2.606084070216e-01,2.594566346982e-01,2.582866510585e-01,2.571003623927e-01,2.558995421004e-01,2.546858402302e-01,2.534607922606e-01,2.522258272418e-01,2.509822752367e-01,2.497313742459e-01,2.484742765904e-01,2.472120548359e-01,2.459457072351e-01,2.446761628199e-01,2.434042860682e-01,2.421308812627e-01,2.408566965249e-01,2.395824275646e-01,2.383087211587e-01,2.370361783794e-01,2.357653576024e-01,2.344967773055e-01,2.332309186672e-01,2.319682279896e-01,2.307091189579e-01,2.294539747441e-01,2.282031499752e-01,2.269569725415e-01,2.257157453249e-01,2.244797477870e-01,2.232492374667e-01,2.220244513483e-01,2.208056072005e-01,2.195929047386e-01,2.183865268068e-01,2.171866404285e-01,2.159933978130e-01,2.148069372777e-01,2.136273840977e-01,2.124548513658e-01,2.112894407439e-01,2.101312432105e-01,2.089803396651e-01,2.078368016099e-01,2.067006917462e-01,2.055720645287e-01,2.044509667158e-01,2.033374377514e-01,2.022315103424e-01,2.011332108530e-01,2.000425597406e-01,1.989595718554e-01,1.978842569336e-01,1.968166197552e-01,1.957566606123e-01,1.947043755594e-01,1.936597567229e-01,1.926227925324e-01,1.915934679057e-01,1.905717645978e-01,1.895576613752e-01,1.885511342918e-01,1.875521567082e-01,1.865606995998e-01,1.855767317355e-01,1.846002198300e-01,1.836311287575e-01,1.826694214481e-01,1.817150592894e-01,1.807680021635e-01,1.798282086281e-01,1.788956358520e-01,1.779702400044e-01,1.770519759776e-01,1.761407977967e-01,1.752366586055e-01,1.743395108052e-01,1.734493060655e-01,1.725659952770e-01,1.716895288454e-01,1.708198566663e-01,1.699569283128e-01,1.691006927648e-01,1.682510986994e-01,1.674080945504e-01,1.665716285360e-01,1.657416488081e-01,1.649181030579e-01,1.641009390282e-01,1.632901043878e-01,1.624855468688e-01,1.616872139983e-01,1.608950536031e-01,1.601090132110e-01,1.593290406029e-01,1.585550836641e-01,1.577870904948e-01,1.570250093230e-01,1.562687883368e-01,1.555183760581e-01,1.547737212148e-01,1.540347729463e-01,1.533014803235e-01,1.525737927234e-01,1.518516598520e-01,1.511350317230e-01,1.504238588152e-01,1.497180914648e-01,1.490176805488e-01,1.483225772602e-01,1.476327332532e-01,1.469481002430e-01
-1.237776970179e+00,-1.051482359594e+00,-8.921420350080e-01,-7.550462809520e-01,-6.364580607658e-01,-5.333826169663e-01,-4.433981863125e-01,-3.645300023449e-01,-2.951553977215e-01,-2.339315447260e-01,-1.797398745795e-01,-1.316429232820e-01,-8.885053242428e-02,-5.069316107631e-02,-1.660065186635e-02,1.391478367001e-02,4.127229039815e-02,6.583351103994e-02,8.791168382320e-02,1.077791127471e-01,1.256733342007e-01,1.418022323695e-01,1.563483035022e-01,1.694722258919e-01,1.813158618735e-01,1.920047922784e-01,2.016504644806e-01,2.103520196258e-01,2.181978526399e-01,2.252669481992e-01,2.316300288757e-01,2.373505447443e-01,2.424855288891e-01,2.470863390357e-01,2.511993023998e-01,2.548662774991e-01,2.581251451665e-01,2.610102385810e-01,2.635527207841e-01,2.657809168029e-01,2.677206066540e-01,2.693952839167e-01,2.708263850504e-01,2.720334924943e-01,2.730345153176e-01,2.738458500223e-01,2.744825239560e-01,2.749583234012e-01,2.752859083167e-01,2.754769149911e-01,2.755420483012e-01,2.754911646201e-01,2.753333464515e-01,2.750769696848e-01,2.747297644096e-01,2.742988697338e-01,2.737908834885e-01,2.732119072490e-01,2.725675871766e-01,2.718631510927e-01,2.711034422918e-01,2.702929501143e-01,2.694358380624e-01,2.685359692410e-01,2.675969296899e-01,2.666220496885e-01,2.656144232478e-01,2.645769259421e-01,2.635122313264e-01,2.624228258898e-01,2.613110228560e-01,2.601789748490e-01,2.590286855410e-01,2.578620203609e-01,2.566807164113e-01,2.554863915324e-01,2.542805527129e-01,2.530646038453e-01,2.518398528887e-01,2.506075184828e-01,2.493687361061e-01,2.481245636945e-01,2.468759869454e-01,2.456239241534e-01,2.443692307352e-01,2.431127034186e-01,2.418550841322e-01,2.405970636169e-01,2.393392847933e-01,2.380823458749e-01,2.368268032783e-01,2.355731743289e-01,2.343219397813e-01,2.330735461701e-01,2.318284079923e-01,2.305869097537e-01,2.293494078743e-01,2.281162324658e-01,2.268876889934e-01,2.256640598368e-01,2.244456057086e-01,2.232325670645e-01,2.220251653137e-01,2.208236040432e-01,2.196280701193e-01,2.184387347280e-01,2.172557543499e-01,2.160792716935e-01,2.149094164943e-01,2.137463063707e-01,2.125900475609e-01,2.114407356289e-01,2.102984561272e-01,2.091632852471e-01,2.080352903229e-01,2.069145304542e-01,2.058010570008e-01,2.046949140658e-01,2.035961389501e-01,2.025047626175e-01,2.014208099654e-01,2.003443004206e-01,1.992752480673e-01,1.982136621264e-01,1.971595472306e-01,1.961129037211e-01,1.950737279265e-01,1.940420124809e-01,1.930177464103e-01,1.920009155187e-01,1.909915025613e-01,1.899894874489e-01,1.889948474423e-01,1.880075574033e-01,1.870275897738e-01,1.860549149185e-01,1.850895012278e-01,1.841313152582e-01,1.831803218681e-01,1.822364844258e-01,1.812997646439e-01,1.803701231652e-01,1.794475191787e-01,1.785319108320e-01,1.776232552398e-01,1.767215085740e-01,1.758266261478e-01,1.749385626040e-01,1.740572716726e-01,1.731827065461e-01,1.723148198525e-01,1.714535637145e-01,1.705988898083e-01,1.697507495420e-01,1.689090937516e-01,1.680738730844e-01,1.672450379507e-01,1.664225385595e-01,1.656063249589e-01,1.647963472114e-01,1.639925549369e-01,1.631948981564e-01,1.624033264856e-01,1.616177896949e-01,1.608382375894e-01,1.600646200355e-01,1.592968869847e-01,1.585349886673e-01,1.577788751116e-01,1.570284966492e-01,1.562838037842e-01,1.555447472052e-01,1.548112778011e-01,1.540833468582e-01,1.533609055441e-01,1.526439054223e-01,1.519322983215e-01,1.512260363351e-01,1.505250718315e-01,1.498293576528e-01,1.491388464399e-01
-1.296180459340e+00,-1.103749676455e+00,-9.391000098701e-01,-7.973806097930e-01,-6.747421675185e-01,-5.680997145587e-01,-4.749583346495e-01,-3.932834380680e-01,-3.214030526229e-01,-2.579334207238e-01,-2.017217679304e-01,-1.518018654072e-01,-1.073592242714e-01,-6.770361160587e-02,-3.224718257800e-02,-4.869568741137e-04,2.800931763372e-02,5.361464051825e-02,7.665212972659e-02,9.740271671848e-02,1.161114987803e-01,1.329930089838e-01,1.482356093760e-01,1.620051691388e-01,1.744481577022e-01,1.856942562773e-01,1.958585713569e-01,2.050435177808e-01,2.133404263423e-01,2.208309208427e-01,2.275881014914e-01,2.336775650181e-01,2.391582865395e-01,2.440833842024e-01,2.485007839157e-01,2.524537987496e-01,2.559816352252e-01,2.591198367857e-01,2.619006731276e-01,2.643534828493e-01,2.665049755526e-01,2.683794986902e-01,2.699992741221e-01,2.713846076859e-01,2.725540756070e-01,2.735246904474e-01,2.743120491254e-01,2.749304651640e-01,2.753930870432e-01,2.757120042750e-01,2.758983426434e-01,2.759623498407e-01,2.759134725138e-01,2.757604257755e-01,2.755112559464e-01,2.751733972726e-01,2.747537232625e-01,2.742585932119e-01,2.736938944049e-01,2.730650804945e-01,2.723772063699e-01,2.716349598337e-01,2.708426906590e-01,2.700044369088e-01,2.691239490703e-01,2.682047120976e-01,2.672499655825e-01,2.662627222282e-01,2.652457847863e-01,2.642017615922e-01,2.631330808419e-01,2.620420037204e-01,2.609306364462e-01,2.598009413888e-01,2.586547473026e-01,2.574937587632e-01,2.563195648741e-01,2.551336473065e-01,2.539373877219e-01,2.527320746573e-01,2.515189098757e-01,2.502990142209e-01,2.490734331194e-01,2.478431415999e-01,2.466090489907e-01,2.453720032716e-01,2.441327951144e-01,2.428921616380e-01,2.416507898993e-01,2.404093201405e-01,2.391683488124e-01,2.379284313890e-01,2.366900849872e-01,2.354537908118e-01,2.342199964349e-01,2.329891179213e-01,2.317615418143e-01,2.305376269876e-01,2.293177063807e-01,2.281020886091e-01,2.268910594748e-01,2.256848834081e-01,2.244838047503e-01,2.232880490206e-01,2.220978240696e-01,2.209133211658e-01,2.197347160146e-01,2.185621697125e-01,2.173958296429e-01,2.162358303202e-01,2.150822941736e-01,2.139353322713e-01,2.127950450377e-01,2.116615228969e-01,2.105348468843e-01,2.094150892225e-01,2.083023138617e-01,2.071965769878e-01,2.060979275175e-01,2.050064075062e-01,2.039220525708e-01,2.028448924015e-01,2.017749509571e-01,2.007122469389e-01,1.996567940899e-01,1.986086015081e-01,1.975676739397e-01,1.965340120568e-01,1.955076127180e-01,1.944884692281e-01,1.934765715567e-01,1.924719065172e-01,1.914744580360e-01,1.904842073221e-01,1.895011330499e-01,1.885252115311e-01,1.875564168779e-01,1.865947211559e-01,1.856400945668e-01,1.846925054901e-01,1.837519206160e-01,1.828183053151e-01,1.818916233597e-01,1.809718372988e-01,1.800589084887e-01,1.791527971891e-01,1.782534626535e-01,1.773608632141e-01,1.764749563623e-01,1.755956988509e-01,1.747230467384e-01,1.738569553819e-01,1.729973796238e-01,1.721442738030e-01,1.712975918109e-01,1.704572871444e-01,1.696233129560e-01,1.687956221001e-01,1.679741672449e-01,1.671589007453e-01,1.663497746948e-01,1.655467413912e-01,1.647497526896e-01,1.639587604989e-01,1.631737166889e-01,1.623945731191e-01,1.616212816656e-01,1.608537942463e-01,1.600920628441e-01,1.593360395714e-01,1.585856766459e-01,1.578409262954e-01,1.571017409705e-01,1.563680732841e-01,1.556398760267e-01,1.549171021814e-01,1.541997049375e-01,1.534876377029e-01,1.527808542126e-01,1.520793082952e-01,1.513829539084e-01
-1.357876378964e+00,-1.158986828520e+00,-9.887485249210e-01,-8.421620816486e-01,-7.152600306561e-01,-6.048624631659e-01,-5.083974759287e-01,-4.237675215837e-01,-3.492487406298e-01,-2.834143025420e-01,-2.250754368868e-01,-1.732356450572e-01,-1.270548352498e-01,-8.582100088688e-02,-4.892768538324e-02,-1.585592306333e-02,1.384032978269e-02,4.054602226975e-02,6.459466748961e-02,8.627627415386e-02,1.058438945448e-01,1.235190570273e-01,1.394962949296e-01,1.539469385523e-01,1.670223041716e-01,1.788563866854e-01,1.895681419954e-01,1.992634287849e-01,2.080366663489e-01,2.159722547703e-01,2.231457954323e-01,2.296251431748e-01,2.354713160010e-01,2.407392838487e-01,2.454786543663e-01,2.497342706987e-01,2.535467338716e-01,2.569528604366e-01,2.599860842517e-01,2.626768100618e-01,2.650527253516e-01,2.671390758090e-01,2.689589095059e-01,2.705332932789e-01,2.718815051981e-01,2.730212059305e-01,2.739685916042e-01,2.747385303990e-01,2.753446847979e-01,2.757996211757e-01,2.761149081887e-01,2.763012052406e-01,2.763683421391e-01,2.763253909232e-01,2.761807307150e-01,2.759421063532e-01,2.756166814631e-01,2.752110865852e-01,2.747314628175e-01,2.741835014766e-01,2.735724801928e-01,2.729032956903e-01,2.721804938395e-01,2.714082969030e-01,2.705906285136e-01,2.697311364922e-01,2.688332137328e-01,2.679000173323e-01,2.669344861324e-01,2.659393568165e-01,2.649171786959e-01,2.638703273016e-01,2.628010168900e-01,2.617113119571e-01,2.606031378493e-01,2.594782905486e-01,2.583384456987e-01,2.571851669558e-01,2.560199136889e-01,2.548440481077e-01,2.536588418684e-01,2.524654821526e-01,2.512650773775e-01,2.500586624111e-01,2.488472034513e-01,2.476316025478e-01,2.464127018020e-01,2.451912872709e-01,2.439680925965e-01,2.427438023843e-01,2.415190553469e-01,2.402944472332e-01,2.390705335568e-01,2.378478321414e-01,2.366268254933e-01,2.354079630170e-01,2.341916630833e-01,2.329783149601e-01,2.317682806172e-01,2.305618964142e-01,2.293594746740e-01,2.281613051777e-01,2.269676565186e-01,2.257787774151e-01,2.245948979174e-01,2.234162305443e-01,2.222429713468e-01,2.210753009068e-01,2.199133852736e-01,2.187573768420e-01,2.176074151775e-01,2.164636277900e-01,2.153261308611e-01,2.141950299274e-01,2.130704205221e-01,2.119523887786e-01,2.108410120051e-01,2.097363591999e-01,2.086384915641e-01,2.075474629767e-01,2.064633204141e-01,2.053861044597e-01,2.043158495559e-01,2.032525844722e-01,2.021963326301e-01,2.011471124315e-01,2.001049375695e-01,1.990698173201e-01,1.980417568180e-01,1.970207573162e-01,1.960068164306e-01,1.949999283714e-01,1.940000841604e-01,1.930072718363e-01,1.920214766489e-01,1.910426812415e-01,1.900708658417e-01,1.891060083791e-01,1.881480846662e-01,1.871970685506e-01,1.862529319944e-01,1.853156454088e-01,1.843851774561e-01,1.834614953852e-01,1.825445650831e-01,1.816343511774e-01,1.807308171329e-01,1.798339253426e-01,1.789436372144e-01,1.780599132516e-01,1.771827131298e-01,1.763119957693e-01,1.754477194033e-01,1.745898416422e-01,1.737383195343e-01,1.728931096229e-01,1.720541680340e-01,1.712214504436e-01,1.703949121775e-01,1.695745082691e-01,1.687601934005e-01,1.679519223056e-01,1.671496492415e-01,1.663533284155e-01,1.655629139173e-01,1.647783597507e-01,1.639996198626e-01,1.632266481712e-01,1.624593985919e-01,1.616978250621e-01,1.609418815637e-01,1.601915221451e-01,1.594467009411e-01,1.587073721922e-01,1.579734902618e-01,1.572450096532e-01,1.565218850753e-01,1.558040713300e-01,1.550915234067e-01,1.543841965122e-01,1.536820459355e-01
-1.423088262339e+00,-1.217395944441e+00,-1.041271173218e+00,-8.895581330564e-01,-7.581649194664e-01,-6.438116408717e-01,-5.438453190768e-01,-4.561021069798e-01,-3.788035041478e-01,-3.104773220052e-01,-2.498968851039e-01,-1.960338202788e-01,-1.480210759505e-01,-1.051237184025e-01,-6.671569371216e-02,-3.226120467694e-02,-1.299686237456e-03,2.656639226954e-02,5.168148862699e-02,7.434516852010e-02,9.481885946982e-02,1.133314545232e-01,1.300839840425e-01,1.452535276065e-01,1.589965039930e-01,1.714514492429e-01,1.827413715770e-01,1.929757549996e-01,2.022522700155e-01,2.106582392007e-01,2.182718968067e-01,2.251634746875e-01,2.313961412663e-01,2.370268157345e-01,2.421068759832e-01,2.466827757490e-01,2.507965839668e-01,2.544864572764e-01,2.577870549310e-01,2.607299039449e-01,2.633437211675e-01,2.656546978100e-01,2.676867516626e-01,2.694617506436e-01,2.709997116459e-01,2.723189776005e-01,2.734363754391e-01,2.743673572566e-01,2.751261266654e-01,2.757257520751e-01,2.761782684065e-01,2.764947685562e-01,2.766854857639e-01,2.767598678903e-01,2.767266444918e-01,2.765938874692e-01,2.763690659778e-01,2.760590962012e-01,2.756703865268e-01,2.752088785926e-01,2.746800846444e-01,2.740891214718e-01,2.734407415146e-01,2.727393610841e-01,2.719890862272e-01,2.711937363624e-01,2.703568659143e-01,2.694817841348e-01,2.685715732810e-01,2.676291052990e-01,2.666570571507e-01,2.656579249062e-01,2.646340367113e-01,2.635875647295e-01,2.625205361489e-01,2.614348433345e-01,2.603322531982e-01,2.592144158562e-01,2.580828726295e-01,2.569390634459e-01,2.557843336994e-01,2.546199405632e-01,2.534470589216e-01,2.522667867915e-01,2.510801503924e-01,2.498881088476e-01,2.486915585518e-01,2.474913372305e-01,2.462882277169e-01,2.450829614664e-01,2.438762218294e-01,2.426686470998e-01,2.414608333575e-01,2.402533371182e-01,2.390466778063e-01,2.378413400634e-01,2.366377759036e-01,2.354364067278e-01,2.342376252061e-01,2.330417970384e-01,2.318492625979e-01,2.306603384848e-01,2.294753189518e-01,2.282944772670e-01,2.271180669776e-01,2.259463230968e-01,2.247794632173e-01,2.236176885551e-01,2.224611849293e-01,2.213101236814e-01,2.201646625390e-01,2.190249464267e-01,2.178911082275e-01,2.167632694995e-01,2.156415411484e-01,2.145260240606e-01,2.134168096986e-01,2.123139806612e-01,2.112176112100e-01,2.101277677663e-01,2.090445093582e-01,2.079678881388e-01,2.068979496836e-01,2.058347334589e-01,2.047782731699e-01,2.037285971080e-01,2.026857284774e-01,2.016496857036e-01,2.006204827237e-01,1.995981292611e-01,1.985826310840e-01,1.975739902492e-01,1.965722053330e-01,1.955772716480e-01,1.945891814485e-01,1.936079241243e-01,1.926334863835e-01,1.916658524250e-01,1.907050041017e-01,1.897509210746e-01,1.888035809129e-01,1.878629594118e-01,1.869290304514e-01,1.860017663000e-01,1.850811376847e-01,1.841671139005e-01,1.832596629140e-01,1.823587514605e-01,1.814643451365e-01,1.805764084865e-01,1.796949050856e-01,1.788197976168e-01,1.779510479446e-01,1.770886171840e-01,1.762324657664e-01,1.753825535009e-01,1.745388396329e-01,1.737012828990e-01,1.728698415788e-01,1.720444735445e-01,1.712251362263e-01,1.704117869790e-01,1.696043826366e-01,1.688028798771e-01,1.680072351772e-01,1.672174048463e-01,1.664333450598e-01,1.656550118889e-01,1.648823613298e-01,1.641153493305e-01,1.633539318168e-01,1.625980647155e-01,1.618477039775e-01,1.611028055985e-01,1.603633256393e-01,1.596292202440e-01,1.589004456575e-01,1.581769582422e-01,1.574587144929e-01,1.567456710513e-01,1.560377846005e-01
-1.492059122847e+00,-1.279196781873e+00,-1.096867573899e+00,-9.397508295148e-01,-8.036235071763e-01,-6.851003496858e-01,-5.814429399742e-01,-4.904175634207e-01,-4.101881390570e-01,-3.392346807602e-01,-2.762905700463e-01,-2.202938459652e-01,-1.703490485942e-01,-1.256970856250e-01,-8.569125357938e-02,-4.977802034994e-02,-1.748152045140e-02,1.160903308979e-02,3.784962949625e-02,6.154990357673e-02,8.298010674076e-02,1.023768910747e-01,1.199481317624e-01,1.358769653018e-01,1.503251859105e-01,1.634361136022e-01,1.753370255399e-01,1.861412247893e-01,1.959498067646e-01,2.048531726338e-01,2.129323301141e-01,2.202600149827e-01,2.269016608751e-01,2.329162402743e-01,2.383569957889e-01,2.432720776941e-01,2.477051011517e-01,2.516956344056e-01,2.552796274999e-01,2.584897896098e-01,2.613559218884e-01,2.639052115337e-01,2.661624924969e-01,2.681504765570e-01,2.698899588953e-01,2.714000011617e-01,2.726980948094e-01,2.738003070718e-01,2.747214116397e-01,2.754750058277e-01,2.760736157902e-01,2.765287911447e-01,2.768511901928e-01,2.770506567807e-01,2.771362897137e-01,2.771165055283e-01,2.769990953310e-01,2.767912763276e-01,2.764997385966e-01,2.761306875951e-01,2.756898828470e-01,2.751826730922e-01,2.746140285191e-01,2.739885699948e-01,2.733105958701e-01,2.725841064752e-01,2.718128265444e-01,2.710002257653e-01,2.701495376257e-01,2.692637767157e-01,2.683457546244e-01,2.673980945582e-01,2.664232447956e-01,2.654234910791e-01,2.644009680393e-01,2.633576697333e-01,2.622954593740e-01,2.612160783193e-01,2.601211543825e-01,2.590122095221e-01,2.578906669682e-01,2.567578577812e-01,2.556150270251e-01,2.544633393964e-01,2.533038844998e-01,2.521376817372e-01,2.509656848512e-01,2.497887861504e-01,2.486078204392e-01,2.474235686775e-01,2.462367613876e-01,2.450480818306e-01,2.438581689667e-01,2.426676202166e-01,2.414769940398e-01,2.402868123404e-01,2.390975627152e-01,2.379097005551e-01,2.367236510089e-01,2.355398108210e-01,2.343585500487e-01,2.331802136794e-01,2.320051231271e-01,2.308335776519e-01,2.296658556817e-01,2.285022160538e-01,2.273428991790e-01,2.261881281336e-01,2.250381096855e-01,2.238930352560e-01,2.227530818245e-01,2.216184127783e-01,2.204891787103e-01,2.193655181707e-01,2.182475583718e-01,2.171354158530e-01,2.160291971052e-01,2.149289991590e-01,2.138349101384e-01,2.127470097822e-01,2.116653699181e-01,2.105900549967e-01,2.095211224162e-01,2.084586230104e-01,2.074026014164e-01,2.063530964398e-01,2.053101413996e-01,2.042737644535e-01,2.032439889041e-01,2.022208334891e-01,2.012043126541e-01,2.001944368108e-01,1.991912125807e-01,1.981946430249e-01,1.972047278612e-01,1.962214636699e-01,1.952448440871e-01,1.942748599881e-01,1.933114996604e-01,1.923547489674e-01,1.914045914624e-01,1.904610087048e-01,1.895239801311e-01,1.885934833714e-01,1.876694943239e-01,1.867519872722e-01,1.858409349956e-01,1.849363088729e-01,1.840380789815e-01,1.831462141903e-01,1.822606822481e-01,1.813814498666e-01,1.805084827996e-01,1.796417459171e-01,1.787812032761e-01,1.779268181867e-01,1.770785532754e-01,1.762363705443e-01,1.754002314275e-01,1.745700968440e-01,1.737459271743e-01,1.729276826184e-01,1.721153227516e-01,1.713088069072e-01,1.705080941283e-01,1.697131432046e-01,1.689239127089e-01,1.681403610297e-01,1.673624464035e-01,1.665901269441e-01,1.658233606713e-01,1.650621055365e-01,1.643063194485e-01,1.635559602966e-01,1.628109859724e-01,1.620713543912e-01,1.613370235109e-01,1.606079513509e-01,1.598840960088e-01,1.591654156772e-01,1.584518685464e-01
-1.565053496437e+00,-1.344628576804e+00,-1.155755054224e+00,-9.929384016885e-01,-8.518172792588e-01,-7.288953110732e-01,-6.213439770377e-01,-5.268558817223e-01,-4.435342216868e-01,-3.698086058180e-01,-3.043702942392e-01,-2.461219069972e-01,-1.941380274853e-01,-1.476340885235e-01,-1.059416123511e-01,-6.848836633098e-02,-3.478235177651e-02,-4.398804148044e-03,2.303042439531e-02,4.782558523057e-02,7.026623322377e-02,9.059720103939e-02,1.090335804288e-01,1.257648936471e-01,1.409586020928e-01,1.547630693102e-01,1.673100729472e-01,1.787169422127e-01,1.890883830901e-01,1.985180421831e-01,2.070898509488e-01,2.148791847294e-01,2.219538650540e-01,2.283750288826e-01,2.341978845269e-01,2.394723706558e-01,2.442437323702e-01,2.485530259395e-01,2.524375620800e-01,2.559312961314e-01,2.590651722603e-01,2.618674275822e-01,2.643638618325e-01,2.665780763636e-01,2.685316868152e-01,2.702445125095e-01,2.717347454486e-01,2.730191013667e-01,2.741129549629e-01,2.750304611666e-01,2.757846640430e-01,2.763875947466e-01,2.768503597452e-01,2.771832204055e-01,2.773956648950e-01,2.774964731596e-01,2.774937758083e-01,2.773951074926e-01,2.772074553639e-01,2.769373031167e-01,2.765906710804e-01,2.761731526432e-01,2.756899476801e-01,2.751458928386e-01,2.745454893369e-01,2.738929283662e-01,2.731921143481e-01,2.724466862503e-01,2.716600371396e-01,2.708353321345e-01,2.699755249028e-01,2.690833728343e-01,2.681614510055e-01,2.672121650483e-01,2.662377630256e-01,2.652403463579e-01,2.642218799381e-01,2.631842014713e-01,2.621290301110e-01,2.610579744516e-01,2.599725399380e-01,2.588741356800e-01,2.577640808849e-01,2.566436107011e-01,2.555138817108e-01,2.543759770179e-01,2.532309109771e-01,2.520796335922e-01,2.509230346097e-01,2.497619473286e-01,2.485971521516e-01,2.474293798935e-01,2.462593148666e-01,2.450875977607e-01,2.439148283336e-01,2.427415679162e-01,2.415683417599e-01,2.403956412291e-01,2.392239258518e-01,2.380536252380e-01,2.368851408749e-01,2.357188478109e-01,2.345550962280e-01,2.333942129192e-01,2.322365026727e-01,2.310822495701e-01,2.299317182048e-01,2.287851548246e-01,2.276427884056e-01,2.265048316604e-01,2.253714819852e-01,2.242429223501e-01,2.231193221383e-01,2.220008379331e-01,2.208876142484e-01,2.197797842382e-01,2.186774703487e-01,2.175807849350e-01,2.164898308438e-01,2.154047019610e-01,2.143254837131e-01,2.132522536217e-01,2.121850816501e-01,2.111240307176e-01,2.100691570857e-01,2.090205107433e-01,2.079781357699e-01,2.069420706787e-01,2.059123487405e-01,2.048889982890e-01,2.038720430099e-01,2.028615022131e-01,2.018573910973e-01,2.008597209904e-01,1.998684995505e-01,1.988837310234e-01,1.979054164334e-01,1.969335537770e-01,1.959681382071e-01,1.950091622063e-01,1.940566157151e-01,1.931104864529e-01,1.921707597870e-01,1.912374190753e-01,1.903104457429e-01,1.893898194058e-01,1.884755179893e-01,1.875675178390e-01,1.866657938263e-01,1.857703194481e-01,1.848810669212e-01,1.839980072718e-01,1.831211104326e-01,1.822503453173e-01,1.813856798385e-01,1.805270810601e-01,1.796745152349e-01,1.788279478685e-01,1.779873437801e-01,1.771526671598e-01,1.763238815555e-01,1.755009502326e-01,1.746838357041e-01,1.738725001579e-01,1.730669053966e-01,1.722670128779e-01,1.714727837540e-01,1.706841789077e-01,1.699011589876e-01,1.691236844402e-01,1.683517155413e-01,1.675852124246e-01,1.668241351316e-01,1.660684436261e-01,1.653180977242e-01,1.645730572526e-01,1.638332820188e-01,1.630987318314e-01,1.623693665203e-01,1.616451459537e-01,1.609260299514e-01
-1.642359738733e+00,-1.413952123459e+00,-1.218170541379e+00,-1.049336973245e+00,-9.029441174907e-01,-7.753783232432e-01,-6.637159761775e-01,-5.655719193064e-01,-4.789852643690e-01,-4.023324248605e-01,-3.342602082671e-01,-2.736338558713e-01,-2.194963373207e-01,-1.710362018326e-01,-1.275619936900e-01,-8.848174629381e-02,-5.328643650828e-02,-2.153655028914e-02,7.148890055165e-03,3.310133836801e-02,5.661016622520e-02,7.792883802076e-02,9.728005992475e-02,1.148600918807e-01,1.308423746968e-01,1.453805932295e-01,1.586112734104e-01,1.706559922092e-01,1.816232648438e-01,1.916101619160e-01,2.007036994526e-01,2.089820375168e-01,2.165155168372e-01,2.233675578583e-01,2.295954426085e-01,2.352509964327e-01,2.403811839293e-01,2.450286311938e-01,2.492320843888e-01,2.530268135007e-01,2.564449685279e-01,2.595158942099e-01,2.622664091551e-01,2.647210531973e-01,2.669023075516e-01,2.688307908869e-01,2.705254342977e-01,2.720036377094e-01,2.732814098999e-01,2.743734941338e-01,2.752934809368e-01,2.760539095466e-01,2.766663593274e-01,2.771415322227e-01,2.774893272375e-01,2.777189078020e-01,2.778387627888e-01,2.778567618813e-01,2.777802057561e-01,2.776158717665e-01,2.773700555150e-01,2.770486086221e-01,2.766569734147e-01,2.762002143250e-01,2.756830467364e-01,2.751098633414e-01,2.744847582779e-01,2.738115492527e-01,2.730937978269e-01,2.723348280853e-01,2.715377437509e-01,2.707054439333e-01,2.698406376444e-01,2.689458571658e-01,2.680234703748e-01,2.670756921161e-01,2.661045947079e-01,2.651121176745e-01,2.641000766938e-01,2.630701719218e-01,2.620239957000e-01,2.609630396404e-01,2.598887013311e-01,2.588022904065e-01,2.577050342683e-01,2.565980833836e-01,2.554825162095e-01,2.543593437748e-01,2.532295139382e-01,2.520939153745e-01,2.509533812659e-01,2.498086927482e-01,2.486605821321e-01,2.475097359065e-01,2.463567975421e-01,2.452023701099e-01,2.440470187305e-01,2.428912728678e-01,2.417356284616e-01,2.405805499359e-01,2.394264720754e-01,2.382738017799e-01,2.371229197183e-01,2.359741818652e-01,2.348279209520e-01,2.336844478247e-01,2.325440527187e-01,2.314070064563e-01,2.302735615736e-01,2.291439533705e-01,2.280184009047e-01,2.268971079287e-01,2.257802637656e-01,2.246680441353e-01,2.235606119311e-01,2.224581179547e-01,2.213607016059e-01,2.202684915126e-01,2.191816061651e-01,2.181001544842e-01,2.170242363517e-01,2.159539431848e-01,2.148893583095e-01,2.138305574994e-01,2.127776093826e-01,2.117305758471e-01,2.106895124249e-01,2.096544686527e-01,2.086254884307e-01,2.076026103078e-01,2.065858678029e-01,2.055752897069e-01,2.045709003459e-01,2.035727198383e-01,2.025807643388e-01,2.015950462776e-01,2.006155745784e-01,1.996423548112e-01,1.986753894557e-01,1.977146780609e-01,1.967602173869e-01,1.958120017304e-01,1.948700227971e-01,1.939342700664e-01,1.930047308706e-01,1.920813905275e-01,1.911642324663e-01,1.902532383459e-01,1.893483882037e-01,1.884496604790e-01,1.875570321527e-01,1.866704788715e-01,1.857899750188e-01,1.849154938000e-01,1.840470073240e-01,1.831844866983e-01,1.823279021021e-01,1.814772227497e-01,1.806324170936e-01,1.797934528359e-01,1.789602969258e-01,1.781329159180e-01,1.773112754871e-01,1.764953408898e-01,1.756850768960e-01,1.748804478335e-01,1.740814176302e-01,1.732879498538e-01,1.725000078130e-01,1.717175544450e-01,1.709405524206e-01,1.701689642255e-01,1.694027521555e-01,1.686418783441e-01,1.678863047903e-01,1.671359934138e-01,1.663909060783e-01,1.656510044409e-01,1.649162502021e-01,1.641866050419e-01,1.634620305409e-01
-1.724292613585e+00,-1.487452118176e+00,-1.284372694447e+00,-1.109182508103e+00,-9.572200852109e-01,-8.247479035774e-01,-7.087419066519e-01,-6.067348033836e-01,-5.166980178575e-01,-4.369517781602e-01,-3.660959411194e-01,-3.029562692662e-01,-2.465423428874e-01,-1.960143180401e-01,-1.506564711738e-01,-1.098559942812e-01,-7.308588466329e-02,-3.989105166974e-02,-9.876968431692e-03,1.729964921892e-02,4.193853957294e-02,6.430228220981e-02,8.462162405562e-02,1.030999398709e-01,1.199169844541e-01,1.352320616402e-01,1.491867111457e-01,1.619069951919e-01,1.735054512047e-01,1.840827650886e-01,1.937292097311e-01,2.025258854390e-01,2.105457927863e-01,2.178547632264e-01,2.245122682889e-01,2.305721253260e-01,2.360831144415e-01,2.410895190725e-01,2.456316009760e-01,2.497460181619e-01,2.534661937587e-01,2.568226419523e-01,2.598432570982e-01,2.625535699050e-01,2.649769754946e-01,2.671349365257e-01,2.690471644451e-01,2.707317816128e-01,2.722054663837e-01,2.734835832371e-01,2.745802997035e-01,2.755086915279e-01,2.762808374224e-01,2.769079046114e-01,2.774002259779e-01,2.777673699566e-01,2.780182038141e-01,2.781609510074e-01,2.782032433849e-01,2.781521684787e-01,2.780143126581e-01,2.777958003226e-01,2.775023299212e-01,2.771392065253e-01,2.767113717816e-01,2.762234312782e-01,2.756796795895e-01,2.750841232988e-01,2.744405020574e-01,2.737523079337e-01,2.730228032231e-01,2.722550368182e-01,2.714518592867e-01,2.706159368065e-01,2.697497639274e-01,2.688556754199e-01,2.679358572017e-01,2.669923564181e-01,2.660270908400e-01,2.650418574617e-01,2.640383405349e-01,2.630181189409e-01,2.619826731865e-01,2.609333917111e-01,2.598715768501e-01,2.587984503541e-01,2.577151585108e-01,2.566227769433e-01,2.555223150419e-01,2.544147200973e-01,2.533008811657e-01,2.521816326639e-01,2.510577577280e-01,2.499299913622e-01,2.487990233431e-01,2.476655009631e-01,2.465300315874e-01,2.453931850395e-01,2.442554958546e-01,2.431174653580e-01,2.419795636320e-01,2.408422313460e-01,2.397058814963e-01,2.385709010058e-01,2.374376522443e-01,2.363064744501e-01,2.351776850668e-01,2.340515809945e-01,2.329284397666e-01,2.318085206588e-01,2.306920657294e-01,2.295793007999e-01,2.284704363775e-01,2.273656685069e-01,2.262651796024e-01,2.251691392109e-01,2.240777047351e-01,2.229910221289e-01,2.219092265048e-01,2.208324427684e-01,2.197607861742e-01,2.186943629191e-01,2.176332705475e-01,2.165775985110e-01,2.155274285996e-01,2.144828353689e-01,2.134438865617e-01,2.124106434508e-01,2.113831612150e-01,2.103614892962e-01,2.093456717111e-01,2.083357473647e-01,2.073317503415e-01,2.063337101192e-01,2.053416518992e-01,2.043555968241e-01,2.033755622084e-01,2.024015617980e-01,2.014336058643e-01,2.004717014961e-01,1.995158527375e-01,1.985660609106e-01,1.976223244971e-01,1.966846395200e-01,1.957529996277e-01,1.948273962365e-01,1.939078187042e-01,1.929942543639e-01,1.920866886844e-01,1.911851054210e-01,1.902894866984e-01,1.893998131327e-01,1.885160639335e-01,1.876382168714e-01,1.867662485221e-01,1.859001342922e-01,1.850398484973e-01,1.841853645177e-01,1.833366546435e-01,1.824936903359e-01,1.816564421966e-01,1.808248803117e-01,1.799989737578e-01,1.791786910910e-01,1.783640002728e-01,1.775548687185e-01,1.767512634180e-01,1.759531508055e-01,1.751604968796e-01,1.743732673061e-01,1.735914274112e-01,1.728149422493e-01,1.720437766439e-01,1.712778950045e-01,1.705172616298e-01,1.697618406359e-01,1.690115959831e-01,1.682664916349e-01,1.675264912068e-01,1.667915583157e-01,1.660616564459e-01
-1.811196215999e+00,-1.565439806145e+00,-1.354644311939e+00,-1.172733009433e+00,-1.014881443452e+00,-8.772211434983e-01,-7.566218730535e-01,-6.505295156888e-01,-5.568439423039e-01,-4.738259875178e-01,-4.000258772550e-01,-3.342276420604e-01,-2.754055676042e-01,-2.226897971219e-01,-1.753389552421e-01,-1.327182042604e-01,-9.428153712857e-02,-5.955739891158e-02,-2.813694186504e-02,3.356222366755e-04,2.617098856184e-02,4.964137062874e-02,7.098601358287e-02,9.041581166193e-02,1.081171926593e-01,1.242553987303e-01,1.389772683906e-01,1.524136039096e-01,1.646811932978e-01,1.758845430194e-01,1.861173677278e-01,1.954638749080e-01,2.039998759663e-01,2.117937500549e-01,2.189072823821e-01,2.253963953306e-01,2.313117874562e-01,2.366994936370e-01,2.416013770399e-01,2.460555624533e-01,2.500968183314e-01,2.537568946248e-01,2.570648224451e-01,2.600471795773e-01,2.627283268938e-01,2.651306188845e-01,2.672745917203e-01,2.691791311925e-01,2.708616231961e-01,2.723380886884e-01,2.736233050048e-01,2.747309149374e-01,2.756735249818e-01,2.764627940336e-01,2.771095135303e-01,2.776236800049e-01,2.780145606666e-01,2.782907529998e-01,2.784602388229e-01,2.785304335918e-01,2.785082310562e-01,2.784000439926e-01,2.782118416300e-01,2.779491834628e-01,2.776172503727e-01,2.772208730297e-01,2.767645580191e-01,2.762525116532e-01,2.756886618878e-01,2.750766784412e-01,2.744199913419e-01,2.737218079467e-01,2.729851285913e-01,2.722127610509e-01,2.714073338793e-01,2.705713087554e-01,2.697069917923e-01,2.688165440721e-01,2.679019913504e-01,2.669652331367e-01,2.660080509671e-01,2.650321161038e-01,2.640389968368e-01,2.630301650413e-01,2.620070023972e-01,2.609708061247e-01,2.599227943814e-01,2.588641112022e-01,2.577958311382e-01,2.567189635713e-01,2.556344567628e-01,2.545432016022e-01,2.534460350964e-01,2.523437436464e-01,2.512370661078e-01,2.501266966623e-01,2.490132874631e-01,2.478974511435e-01,2.467797631492e-01,2.456607639529e-01,2.445409610797e-01,2.434208310248e-01,2.423008210866e-01,2.411813510304e-01,2.400628146825e-01,2.389455814195e-01,2.378299975694e-01,2.367163877205e-01,2.356050559572e-01,2.344962870230e-01,2.333903474097e-01,2.322874863805e-01,2.311879369418e-01,2.300919167533e-01,2.289996289855e-01,2.279112631112e-01,2.268269956838e-01,2.257469910486e-01,2.246714020326e-01,2.236003705380e-01,2.225340281769e-01,2.214724968751e-01,2.204158893124e-01,2.193643095036e-01,2.183178532541e-01,2.172766086333e-01,2.162406563446e-01,2.152100701673e-01,2.141849173383e-01,2.131652589247e-01,2.121511501268e-01,2.111426406007e-01,2.101397747968e-01,2.091425922442e-01,2.081511278181e-01,2.071654119405e-01,2.061854709039e-01,2.052113270765e-01,2.042429991638e-01,2.032805022747e-01,2.023238482358e-01,2.013730458767e-01,2.004281009250e-01,1.994890164006e-01,1.985557927084e-01,1.976284278441e-01,1.967069173925e-01,1.957912547685e-01,1.948814313449e-01,1.939774366020e-01,1.930792581533e-01,1.921868818627e-01,1.913002920235e-01,1.904194714471e-01,1.895444015427e-01,1.886750622839e-01,1.878114324647e-01,1.869534897217e-01,1.861012106941e-01,1.852545708081e-01,1.844135445893e-01,1.835781059156e-01,1.827482275245e-01,1.819238815201e-01,1.811050392970e-01,1.802916716973e-01,1.794837487862e-01,1.786812401031e-01,1.778841147030e-01,1.770923412483e-01,1.763058878852e-01,1.755247222995e-01,1.747488118878e-01,1.739781237717e-01,1.732126248049e-01,1.724522813933e-01,1.716970598252e-01,1.709469261965e-01,1.702018465776e-01,1.694617865555e-01,1.687267116720e-01
-1.903447279607e+00,-1.648255976437e+00,-1.429295056220e+00,-1.240271008189e+00,-1.076186932570e+00,-9.330358077511e-01,-8.075750529265e-01,-6.971586862134e-01,-5.996108723535e-01,-5.131296057957e-01,-4.362126018916e-01,-3.675997383792e-01,-3.062279593487e-01,-2.511956548836e-01,-2.017343107105e-01,-1.571857828158e-01,-1.169839586507e-01,-8.063986536409e-02,-4.772950495709e-02,-1.788386138531e-02,9.219351535333e-03,3.386253864255e-02,5.629393482676e-02,7.673238859232e-02,9.537138641912e-02,1.123824520557e-01,1.279180288745e-01,1.421139329450e-01,1.550914482435e-01,1.669591225002e-01,1.778143107673e-01,1.877445068798e-01,1.968284952144e-01,2.051373496958e-01,2.127353026955e-01,2.196805028438e-01,2.260256778389e-01,2.318187149384e-01,2.371031711471e-01,2.419187224797e-01,2.463015603039e-01,2.502847415739e-01,2.538984996911e-01,2.571705198857e-01,2.601261844305e-01,2.627887911701e-01,2.651797485106e-01,2.673187497011e-01,2.692239289578e-01,2.709120017360e-01,2.723983903755e-01,2.736973373710e-01,2.748220074812e-01,2.757845797894e-01,2.765963308436e-01,2.772677099149e-01,2.778084073688e-01,2.782274163553e-01,2.785330890272e-01,2.787331877020e-01,2.788349313757e-01,2.788450379504e-01,2.787697631732e-01,2.786149357608e-01,2.783859897315e-01,2.780879940176e-01,2.777256795393e-01,2.773034639857e-01,2.768254745874e-01,2.762955691927e-01,2.757173553770e-01,2.750942081854e-01,2.744292865017e-01,2.737255480816e-01,2.729857633905e-01,2.722125284043e-01,2.714082765620e-01,2.705752895951e-01,2.697157076793e-01,2.688315388603e-01,2.679246677460e-01,2.669968634661e-01,2.660497873164e-01,2.650849995788e-01,2.641039659973e-01,2.631080638100e-01,2.620985873249e-01,2.610767530856e-01,2.600437047004e-01,2.590005174270e-01,2.579482022959e-01,2.568877100473e-01,2.558199348177e-01,2.547457175505e-01,2.536658491705e-01,2.525810735651e-01,2.514920904266e-01,2.503995578107e-01,2.493040945941e-01,2.482062827825e-01,2.471066696539e-01,2.460057697376e-01,2.449040667542e-01,2.438020153450e-01,2.427000427429e-01,2.415985503408e-01,2.404979151528e-01,2.393984911862e-01,2.383006107398e-01,2.372045856232e-01,2.361107082963e-01,2.350192529520e-01,2.339304765280e-01,2.328446196582e-01,2.317619075778e-01,2.306825509800e-01,2.296067467864e-01,2.285346789259e-01,2.274665190472e-01,2.264024271724e-01,2.253425523227e-01,2.242870331724e-01,2.232359985229e-01,2.221895679022e-01,2.211478520629e-01,2.201109534328e-01,2.190789665599e-01,2.180519785657e-01,2.170300695683e-01,2.160133129626e-01,2.150017758762e-01,2.139955195009e-01,2.129945993721e-01,2.119990656735e-01,2.110089635672e-01,2.100243334927e-01,2.090452112864e-01,2.080716285643e-01,2.071036129425e-01,2.061411881918e-01,2.051843744323e-01,2.042331885193e-01,2.032876439318e-01,2.023477511750e-01,2.014135179213e-01,2.004849490973e-01,1.995620470311e-01,1.986448116731e-01,1.977332407790e-01,1.968273297909e-01,1.959270722053e-01,1.950324596616e-01,1.941434819505e-01,1.932601271256e-01,1.923823816962e-01,1.915102307750e-01,1.906436578628e-01,1.897826452392e-01,1.889271740097e-01,1.880772240461e-01,1.872327740353e-01,1.863938019293e-01,1.855602844050e-01,1.847321973825e-01,1.839095160248e-01,1.830922146497e-01,1.822802667798e-01,1.814736453397e-01,1.806723227874e-01,1.798762706963e-01,1.790854602589e-01,1.782998622701e-01,1.775194469791e-01,1.767441841423e-01,1.759740432255e-01,1.752089935254e-01,1.744490036666e-01,1.736940421693e-01,1.729440774145e-01,1.721990774331e-01,1.714590098983e-01
-2.001458927474e+00,-1.736274358588e+00,-1.508664543310e+00,-1.312106385456e+00,-1.141420360117e+00,-9.924527153969e-01,-8.618418944903e-01,-7.468446277448e-01,-6.452049057438e-01,-5.550541745499e-01,-4.748345408143e-01,-4.032391248070e-01,-3.391653266385e-01,-2.816779109413e-01,-2.299796245760e-01,-1.833876434019e-01,-1.413145648013e-01,-1.032529718601e-01,-6.876282404489e-02,-3.746109866096e-02,-9.013236233234e-03,1.687395911410e-02,4.045824087687e-02,6.196687963682e-02,8.160083558251e-02,9.953828332433e-02,1.159376004102e-01,1.309399112021e-01,1.446712599613e-01,1.572444727791e-01,1.687607587495e-01,1.793110911556e-01,1.889774017855e-01,1.978336172731e-01,2.059465607722e-01,2.133767379237e-01,2.201790243479e-01,2.264032683823e-01,2.320948202016e-01,2.372949979894e-01,2.420414994567e-01,2.463687651927e-01,2.503083013816e-01,2.538889656323e-01,2.571372215076e-01,2.600773655654e-01,2.627317295634e-01,2.651208615235e-01,2.672636881063e-01,2.691776598480e-01,2.708788819008e-01,2.723822318503e-01,2.737014654945e-01,2.748493125379e-01,2.758375632120e-01,2.766771462975e-01,2.773782000431e-01,2.779501366198e-01,2.784017003402e-01,2.787410208193e-01,2.789756614854e-01,2.791126633745e-01,2.791585856735e-01,2.791195422319e-01,2.790012351724e-01,2.788089858198e-01,2.785477626879e-01,2.782222073375e-01,2.778366582531e-01,2.773951724645e-01,2.769015456124e-01,2.763593305312e-01,2.757718540871e-01,2.751422328714e-01,2.744733877748e-01,2.737680571953e-01,2.730288094046e-01,2.722580540571e-01,2.714580526237e-01,2.706309282018e-01,2.697786746775e-01,2.689031649467e-01,2.680061589244e-01,2.670893106421e-01,2.661541749930e-01,2.652022141009e-01,2.642348030294e-01,2.632532352177e-01,2.622587276240e-01,2.612524253322e-01,2.602354059576e-01,2.592086838199e-01,2.581732136799e-01,2.571298943296e-01,2.560795719909e-01,2.550230433636e-01,2.539610585636e-01,2.528943239025e-01,2.518235043863e-01,2.507492261303e-01,2.496720786449e-01,2.485926168680e-01,2.475113632216e-01,2.464288094093e-01,2.453454181665e-01,2.442616249266e-01,2.431778393216e-01,2.420944466355e-01,2.410118091784e-01,2.399302675424e-01,2.388501418125e-01,2.377717327004e-01,2.366953226031e-01,2.356211766135e-01,2.345495434564e-01,2.334806563871e-01,2.324147340364e-01,2.313519811824e-01,2.302925895198e-01,2.292367383664e-01,2.281845952940e-01,2.271363168230e-01,2.260920489367e-01,2.250519276997e-01,2.240160797961e-01,2.229846229607e-01,2.219576665216e-01,2.209353118539e-01,2.199176527204e-01,2.189047757581e-01,2.178967608594e-01,2.168936814354e-01,2.158956048593e-01,2.149025927837e-01,2.139147013400e-01,2.129319815467e-01,2.119544795713e-01,2.109822368759e-01,2.100152905983e-01,2.090536737655e-01,2.080974153730e-01,2.071465408608e-01,2.062010720030e-01,2.052610273182e-01,2.043264222536e-01,2.033972691392e-01,2.024735775685e-01,2.015553545511e-01,2.006426044292e-01,1.997353292562e-01,1.988335289178e-01,1.979372010159e-01,1.970463412498e-01,1.961609435056e-01,1.952809997143e-01,1.944065002372e-01,1.935374339245e-01,1.926737879533e-01,1.918155482184e-01,1.909626993608e-01,1.901152245500e-01,1.892731061163e-01,1.884363249761e-01,1.876048611597e-01,1.867786938785e-01,1.859578011533e-01,1.851421603138e-01,1.843317480426e-01,1.835265399863e-01,1.827265112725e-01,1.819316365275e-01,1.811418894739e-01,1.803572434656e-01,1.795776714778e-01,1.788031456960e-01,1.780336380684e-01,1.772691202669e-01,1.765095632715e-01,1.757549379411e-01,1.750052149421e-01,1.742603642653e-01
-2.105684935309e+00,-1.829905483331e+00,-1.593125855006e+00,-1.388579580631e+00,-1.210893542526e+00,-1.055758446516e+00,-9.196866150649e-01,-7.998316489206e-01,-6.938525505977e-01,-5.998102225393e-01,-5.160878245915e-01,-4.413289133054e-01,-3.743889718493e-01,-3.142971218518e-01,-2.602256475425e-01,-2.114655645215e-01,-1.674069034518e-01,-1.275226978601e-01,-9.135590322763e-02,-5.850865097737e-02,-2.863337321640e-02,-1.425436821442e-03,2.338300015893e-02,4.602813441638e-02,6.671884715714e-02,8.564036158233e-02,1.029573442646e-01,1.188165454771e-01,1.333490540321e-01,1.466722301027e-01,1.588913673332e-01,1.701011259981e-01,1.803867733291e-01,1.898252592227e-01,1.984861520185e-01,2.064324551131e-01,2.137213204056e-01,2.204046741789e-01,2.265297668223e-01,2.321396567021e-01,2.372736377170e-01,2.419676166524e-01,2.462544484129e-01,2.501642328990e-01,2.537245795932e-01,2.569608432501e-01,2.598963340521e-01,2.625525060270e-01,2.649491253485e-01,2.671044215666e-01,2.690352236311e-01,2.707570819110e-01,2.722843786188e-01,2.736304271690e-01,2.748075619789e-01,2.758272200701e-01,2.767000145048e-01,2.774358014356e-01,2.780437408640e-01,2.785323517403e-01,2.789095625593e-01,2.791827568890e-01,2.793588155773e-01,2.794441547118e-01,2.794447607232e-01,2.793662224343e-01,2.792137602366e-01,2.789922532107e-01,2.787062636667e-01,2.783600598713e-01,2.779576370400e-01,2.775027363763e-01,2.769988629407e-01,2.764493019073e-01,2.758571335696e-01,2.752252474334e-01,2.745563548847e-01,2.738530012032e-01,2.731175765740e-01,2.723523261823e-01,2.715593598561e-01,2.707406606121e-01,2.698980930274e-01,2.690334106184e-01,2.681482629559e-01,2.672442022237e-01,2.663226892018e-01,2.653850990637e-01,2.644327265519e-01,2.634667909158e-01,2.624884405672e-01,2.614987572563e-01,2.604987601653e-01,2.594894096016e-01,2.584716104577e-01,2.574462155719e-01,2.564140286798e-01,2.553758073368e-01,2.543322655947e-01,2.532840764613e-01,2.522318743412e-01,2.511762571392e-01,2.501177884329e-01,2.490569993360e-01,2.479943903623e-01,2.469304331440e-01,2.458655720110e-01,2.448002255480e-01,2.437347879870e-01,2.426696305565e-01,2.416051027560e-01,2.405415335234e-01,2.394792323710e-01,2.384184904306e-01,2.373595814507e-01,2.363027627318e-01,2.352482760125e-01,2.341963483023e-01,2.331471926622e-01,2.321010089672e-01,2.310579845728e-01,2.300182950265e-01,2.289821046359e-01,2.279495671114e-01,2.269208261034e-01,2.258960157142e-01,2.248752610517e-01,2.238586786303e-01,2.228463768746e-01,2.218384565416e-01,2.208350110631e-01,2.198361270190e-01,2.188418844117e-01,2.178523570424e-01,2.168676128867e-01,2.158877142674e-01,2.149127182943e-01,2.139426770512e-01,2.129776378471e-01,2.120176435799e-01,2.110627327672e-01,2.101129400307e-01,2.091682960263e-01,2.082288278799e-01,2.072945592709e-01,2.063655105660e-01,2.054416991673e-01,2.045231394380e-01,2.036098430401e-01,2.027018190657e-01,2.017990740139e-01,2.009016121812e-01,2.000094355542e-01,1.991225440287e-01,1.982409356471e-01,1.973646063829e-01,1.964935506047e-01,1.956277609607e-01,1.947672284547e-01,1.939119427926e-01,1.930618920141e-01,1.922170631451e-01,1.913774416656e-01,1.905430120852e-01,1.897137577815e-01,1.888896609737e-01,1.880707031392e-01,1.872568645965e-01,1.864481249274e-01,1.856444629937e-01,1.848458566751e-01,1.840522834116e-01,1.832637198034e-01,1.824801418442e-01,1.817015251894e-01,1.809278445972e-01,1.801590746309e-01,1.793951893011e-01,1.786361620743e-01,1.778819663606e-01,1.771325747455e-01
-2.216624588545e+00,-1.929601081241e+00,-1.683089540490e+00,-1.470065247029e+00,-1.284949657005e+00,-1.123268426410e+00,-9.814000481731e-01,-8.563886900484e-01,-7.458031723917e-01,-6.476295430969e-01,-5.601884133749e-01,-4.820707478913e-01,-4.120875523350e-01,-3.492301284610e-01,-2.926384374929e-01,-2.415757377530e-01,-1.954081156207e-01,-1.535878620177e-01,-1.156398909802e-01,-8.115058241506e-02,-4.975856674347e-02,-2.114707626008e-02,4.962434372346e-03,2.881563190262e-02,5.062980112116e-02,7.059764308368e-02,8.889049650185e-02,1.056610798684e-01,1.210458335954e-01,1.351669280421e-01,1.481339895291e-01,1.600455899017e-01,1.709905345259e-01,1.810489802515e-01,1.902934077756e-01,1.987894697821e-01,2.065967329075e-01,2.137693276060e-01,2.203565199201e-01,2.264032141689e-01,2.319503973516e-01,2.370355315294e-01,2.416929022525e-01,2.459539271753e-01,2.498474313075e-01,2.533998918380e-01,2.566356569626e-01,2.595771416021e-01,2.622450024795e-01,2.646582956912e-01,2.668346176775e-01,2.687902327795e-01,2.705401876058e-01,2.720984146987e-01,2.734778260200e-01,2.746903975489e-01,2.757472461852e-01,2.766586990843e-01,2.774343572690e-01,2.780831528094e-01,2.786134015019e-01,2.790328503716e-01,2.793487215755e-01,2.795677519132e-01,2.796962295123e-01,2.797400270295e-01,2.797046322687e-01,2.795951762700e-01,2.794164589129e-01,2.791729728028e-01,2.788689247718e-01,2.785082561774e-01,2.780946611590e-01,2.776316037955e-01,2.771223337825e-01,2.765699009058e-01,2.759771685870e-01,2.753468260994e-01,2.746814003130e-01,2.739832660993e-01,2.732546563999e-01,2.724976712072e-01,2.717142862751e-01,2.709063608041e-01,2.700756449532e-01,2.692237865702e-01,2.683523375825e-01,2.674627599482e-01,2.665564310829e-01,2.656346491442e-01,2.646986376661e-01,2.637495501980e-01,2.627884743612e-01,2.618164358363e-01,2.608344019936e-01,2.598432852873e-01,2.588439465246e-01,2.578371977527e-01,2.568238052000e-01,2.558044917764e-01,2.547799396416e-01,2.537507924291e-01,2.527176575173e-01,2.516811079659e-01,2.506416845088e-01,2.495998973074e-01,2.485562276574e-01,2.475111295888e-01,2.464650313306e-01,2.454183367655e-01,2.443714267035e-01,2.433246601768e-01,2.422783755818e-01,2.412328918072e-01,2.401885092717e-01,2.391455109094e-01,2.381041631034e-01,2.370647165609e-01,2.360274071397e-01,2.349924566372e-01,2.339600735184e-01,2.329304536334e-01,2.319037808463e-01,2.308802276970e-01,2.298599559572e-01,2.288431172113e-01,2.278298533788e-01,2.268202971973e-01,2.258145727412e-01,2.248127957950e-01,2.238150743729e-01,2.228215090210e-01,2.218321932842e-01,2.208472140122e-01,2.198666517166e-01,2.188905809278e-01,2.179190704178e-01,2.169521836348e-01,2.159899787918e-01,2.150325093222e-01,2.140798239636e-01,2.131319671640e-01,2.121889790939e-01,2.112508960913e-01,2.103177506742e-01,2.093895718512e-01,2.084663852696e-01,2.075482133345e-01,2.066350755272e-01,2.057269883179e-01,2.048239656170e-01,2.039260186096e-01,2.030331561486e-01,2.021453847210e-01,2.012627086160e-01,2.003851301210e-01,1.995126494196e-01,1.986452650478e-01,1.977829735371e-01,1.969257699704e-01,1.960736476839e-01,1.952265987396e-01,1.943846135310e-01,1.935476813733e-01,1.927157901605e-01,1.918889266928e-01,1.910670766652e-01,1.902502246225e-01,1.894383543294e-01,1.886314483374e-01,1.878294886415e-01,1.870324561256e-01,1.862403311186e-01,1.854530931249e-01,1.846707209621e-01,1.838931929505e-01,1.831204865605e-01,1.823525790993e-01,1.815894469095e-01,1.808310662460e-01,1.800774126050e-01
-2.334828229543e+00,-2.035859106548e+00,-1.779008186797e+00,-1.556976426998e+00,-1.363967070197e+00,-1.195330448711e+00,-1.047302895643e+00,-9.168123340992e-01,-8.013317893624e-01,-6.987677960218e-01,-6.073745242227e-01,-5.256870743010e-01,-4.524692072217e-01,-3.866720522118e-01,-3.274012371525e-01,-2.738905368643e-01,-2.254806048499e-01,-1.816016998698e-01,-1.417595733731e-01,-1.055238749862e-01,-7.251857605912e-02,-4.241402066284e-02,-1.492029547681e-02,1.021832418601e-02,3.322804824144e-02,5.430951957076e-02,7.364116296284e-02,9.138203513273e-02,1.076742601780e-01,1.226451164594e-01,1.364088318801e-01,1.490681318968e-01,1.607155794091e-01,1.714347367908e-01,1.813011773657e-01,1.903833673163e-01,1.987434373062e-01,2.064378586154e-01,2.135180375295e-01,2.200308386134e-01,2.260190467403e-01,2.315217754841e-01,2.365748295628e-01,2.412110259226e-01,2.454604803094e-01,2.493508617850e-01,2.529076208419e-01,2.561541926341e-01,2.591121797963e-01,2.618015158104e-01,2.642406124615e-01,2.664464919882e-01,2.684349067273e-01,2.702204466501e-01,2.718166369853e-01,2.732360262198e-01,2.744902661717e-01,2.755901843901e-01,2.765458501558e-01,2.773666343506e-01,2.780612641291e-01,2.786378725595e-01,2.791040443291e-01,2.794668569017e-01,2.797329188809e-01,2.799084044240e-01,2.799990854528e-01,2.800103605868e-01,2.799472822835e-01,2.798145812603e-01,2.796166894414e-01,2.793577606521e-01,2.790416900816e-01,2.786721318850e-01,2.782525157403e-01,2.777860618746e-01,2.772757951881e-01,2.767245581275e-01,2.761350227647e-01,2.755097018647e-01,2.748509592531e-01,2.741610192900e-01,2.734419759402e-01,2.726958007816e-01,2.719243509425e-01,2.711293759992e-01,2.703125248496e-01,2.694753517000e-01,2.686193220248e-01,2.677458177789e-01,2.668561425734e-01,2.659515262280e-01,2.650331292720e-01,2.641020469318e-01,2.631593130511e-01,2.622059035935e-01,2.612427400609e-01,2.602706925790e-01,2.592905828815e-01,2.583031870358e-01,2.573092380576e-01,2.563094282866e-01,2.553044117583e-01,2.542948062165e-01,2.532811952520e-01,2.522641300731e-01,2.512441313857e-01,2.502216909718e-01,2.491972733410e-01,2.481713171409e-01,2.471442366092e-01,2.461164228366e-01,2.450882450447e-01,2.440600517190e-01,2.430321717342e-01,2.420049153723e-01,2.409785753155e-01,2.399534275606e-01,2.389297322981e-01,2.379077347328e-01,2.368876658634e-01,2.358697432232e-01,2.348541715633e-01,2.338411435331e-01,2.328308402723e-01,2.318234320378e-01,2.308190787179e-01,2.298179304090e-01,2.288201278624e-01,2.278258030147e-01,2.268350793778e-01,2.258480725241e-01,2.248648904292e-01,2.238856339144e-01,2.229103969508e-01,2.219392670585e-01,2.209723255817e-01,2.200096480447e-01,2.190513044055e-01,2.180973593676e-01,2.171478726095e-01,2.162028991135e-01,2.152624892489e-01,2.143266892210e-01,2.133955410399e-01,2.124690829749e-01,2.115473495028e-01,2.106303717362e-01,2.097181773620e-01,2.088107910405e-01,2.079082343411e-01,2.070105261088e-01,2.061176824045e-01,2.052297168338e-01,2.043466405004e-01,2.034684622928e-01,2.025951888570e-01,2.017268248364e-01,2.008633728727e-01,2.000048337925e-01,1.991512066164e-01,1.983024888355e-01,1.974586761356e-01,1.966197629924e-01,1.957857421922e-01,1.949566054623e-01,1.941323430051e-01,1.933129440894e-01,1.924983966128e-01,1.916886876481e-01,1.908838030425e-01,1.900837279111e-01,1.892884462814e-01,1.884979415268e-01,1.877121960657e-01,1.869311917257e-01,1.861549095071e-01,1.853833298696e-01,1.846164325696e-01,1.838541968600e-01,1.830966013622e-01
-2.460903609129e+00,-2.149229489541e+00,-1.881381652249e+00,-1.649769333053e+00,-1.448363722455e+00,-1.272328709814e+00,-1.117749451999e+00,-9.814302551506e-01,-8.607422740089e-01,-7.535074874749e-01,-6.579094114241e-01,-5.724237396977e-01,-4.957639932861e-01,-4.268385822229e-01,-3.647166249812e-01,-3.086005443579e-01,-2.578039495376e-01,-2.117336713592e-01,-1.698750849402e-01,-1.317800501736e-01,-9.705695122904e-02,-6.536242814399e-02,-3.639448021262e-02,-9.886688375723e-03,1.439664687313e-02,3.666461264338e-02,5.710316763981e-02,7.587810769517e-02,9.313759950732e-02,1.090143524967e-01,1.236274865164e-01,1.370841432736e-01,1.494808801952e-01,1.609048804251e-01,1.714350049114e-01,1.811427110622e-01,1.900928552642e-01,1.983443973410e-01,2.059510188423e-01,2.129616682235e-01,2.194210416283e-01,2.253700082993e-01,2.308459879060e-01,2.358832849913e-01,2.405133873275e-01,2.447652311566e-01,2.486654385973e-01,2.522385296038e-01,2.555071121216e-01,2.584920526440e-01,2.612126294557e-01,2.636866707828e-01,2.659306789882e-01,2.679599431808e-01,2.697886403935e-01,2.714299279167e-01,2.728960261949e-01,2.741982948198e-01,2.753473009326e-01,2.763528819756e-01,2.772242024869e-01,2.779698060112e-01,2.785976627065e-01,2.791152123323e-01,2.795294042026e-01,2.798467332080e-01,2.800732732794e-01,2.802147077756e-01,2.802763575862e-01,2.802632068912e-01,2.801799268203e-01,2.800308973957e-01,2.798202274931e-01,2.795517736226e-01,2.792291567996e-01,2.788557786863e-01,2.784348359254e-01,2.779693339648e-01,2.774620993802e-01,2.769157916759e-01,2.763329139641e-01,2.757158229667e-01,2.750667384545e-01,2.743877516547e-01,2.736808335100e-01,2.729478419673e-01,2.721905290719e-01,2.714105473588e-01,2.706094559429e-01,2.697887261481e-01,2.689497467344e-01,2.680938288795e-01,2.672222106617e-01,2.663360614882e-01,2.654364859373e-01,2.645245277035e-01,2.636011729217e-01,2.626673536270e-01,2.617239507039e-01,2.607717968817e-01,2.598116793854e-01,2.588443424807e-01,2.578704899434e-01,2.568907871805e-01,2.559058634615e-01,2.549163138060e-01,2.539227009188e-01,2.529255568997e-01,2.519253849185e-01,2.509226607674e-01,2.499178343116e-01,2.489113308993e-01,2.479035526214e-01,2.468948795901e-01,2.458856710373e-01,2.448762664697e-01,2.438669866414e-01,2.428581345745e-01,2.418499964450e-01,2.408428424733e-01,2.398369277341e-01,2.388324929361e-01,2.378297651581e-01,2.368289585422e-01,2.358302749479e-01,2.348339045823e-01,2.338400265791e-01,2.328488095661e-01,2.318604121874e-01,2.308749836042e-01,2.298926639792e-01,2.289135849042e-01,2.279378698647e-01,2.269656345882e-01,2.259969875070e-01,2.250320300223e-01,2.240708569613e-01,2.231135567965e-01,2.221602120559e-01,2.212108995366e-01,2.202656906390e-01,2.193246516459e-01,2.183878438748e-01,2.174553240822e-01,2.165271445226e-01,2.156033533154e-01,2.146839945338e-01,2.137691084868e-01,2.128587318602e-01,2.119528979003e-01,2.110516366254e-01,2.101549748949e-01,2.092629367122e-01,2.083755431619e-01,2.074928128242e-01,2.066147615770e-01,2.057414030731e-01,2.048727485321e-01,2.040088071400e-01,2.031495859290e-01,2.022950900261e-01,2.014453227766e-01,2.006002855901e-01,1.997599784269e-01,1.989243994772e-01,1.980935455903e-01,1.972674120810e-01,1.964459929953e-01,1.956292810775e-01,1.948172678494e-01,1.940099437629e-01,1.932072980680e-01,1.924093191782e-01,1.916159943010e-01,1.908273100434e-01,1.900432518049e-01,1.892638045166e-01,1.884889520467e-01,1.877186777946e-01,1.869529642937e-01,1.861917935263e-01
-2.595523178325e+00,-2.270320740700e+00,-1.990763075135e+00,-1.748948837202e+00,-1.538602161940e+00,-1.354688441271e+00,-1.193131881119e+00,-1.050605178000e+00,-9.243710295192e-01,-8.121613920257e-01,-7.120845593105e-01,-6.225529783388e-01,-5.422266825766e-01,-4.699686018744e-01,-4.048089857315e-01,-3.459168792096e-01,-2.925770997935e-01,-2.441715371390e-01,-2.001638739812e-01,-1.600870317498e-01,-1.235328011066e-01,-9.014323349062e-02,-5.960346076198e-02,-3.163567946208e-02,-5.994088377525e-03,1.753938846348e-02,3.915872940520e-02,5.903690386942e-02,7.732851061777e-02,9.417204000953e-02,1.096918191704e-01,1.239996902563e-01,1.371964627831e-01,1.493731734081e-01,1.606121827412e-01,1.709881315893e-01,1.805687777275e-01,1.894157294800e-01,1.975850900990e-01,2.051280259714e-01,2.120912674483e-01,2.185175523545e-01,2.244460191615e-01,2.299125556917e-01,2.349501099382e-01,2.395889668535e-01,2.438569954646e-01,2.477798703264e-01,2.513812693544e-01,2.546830519884e-01,2.577054188962e-01,2.604670559144e-01,2.629852639740e-01,2.652760759797e-01,2.673543630660e-01,2.692339302228e-01,2.709276033541e-01,2.724473082295e-01,2.738041419771e-01,2.750084386669e-01,2.760698284227e-01,2.769972917422e-01,2.777992091228e-01,2.784834060250e-01,2.790571944521e-01,2.795274107922e-01,2.799004504642e-01,2.801823000210e-01,2.803785661644e-01,2.804945029015e-01,2.805350361839e-01,2.805047867326e-01,2.804080911930e-01,2.802490213283e-01,2.800314021845e-01,2.797588284443e-01,2.794346798342e-01,2.790621353287e-01,2.786441861197e-01,2.781836480292e-01,2.776831725590e-01,2.771452574516e-01,2.765722565175e-01,2.759663884894e-01,2.753297455729e-01,2.746643012321e-01,2.739719174097e-01,2.732543514693e-01,2.725132623401e-01,2.717502165813e-01,2.709666938012e-01,2.701640918105e-01,2.693437315126e-01,2.685068612612e-01,2.676546612292e-01,2.667882472140e-01,2.659086743861e-01,2.650169407640e-01,2.641139903547e-01,2.632007163428e-01,2.622779637956e-01,2.613465323919e-01,2.604071789902e-01,2.594606198787e-01,2.585075330755e-01,2.575485603894e-01,2.565843093462e-01,2.556153551149e-01,2.546422421480e-01,2.536654858994e-01,2.526855743194e-01,2.517029693114e-01,2.507181081369e-01,2.497314046477e-01,2.487432505723e-01,2.477540166130e-01,2.467640535573e-01,2.457736933091e-01,2.447832498291e-01,2.437930200954e-01,2.428032849290e-01,2.418143098317e-01,2.408263457673e-01,2.398396298787e-01,2.388543861939e-01,2.378708262789e-01,2.368891498624e-01,2.359095454209e-01,2.349321907466e-01,2.339572534654e-01,2.329848915476e-01,2.320152537870e-01,2.310484802333e-01,2.300847026575e-01,2.291240449110e-01,2.281666233545e-01,2.272125472047e-01,2.262619188685e-01,2.253148343301e-01,2.243713833719e-01,2.234316499640e-01,2.224957125198e-01,2.215636441072e-01,2.206355128076e-01,2.197113818804e-01,2.187913100150e-01,2.178753516046e-01,2.169635568366e-01,2.160559720444e-01,2.151526397604e-01,2.142535989805e-01,2.133588853381e-01,2.124685311744e-01,2.115825658658e-01,2.107010157650e-01,2.098239045207e-01,2.089512531306e-01,2.080830800290e-01,2.072194013865e-01,2.063602309414e-01,2.055055803863e-01,2.046554593817e-01,2.038098755067e-01,2.029688346258e-01,2.021323407740e-01,2.013003962983e-01,2.004730020665e-01,1.996501572652e-01,1.988318598301e-01,1.980181062040e-01,1.972088915946e-01,1.964042100423e-01,1.956040542822e-01,1.948084161656e-01,1.940172862846e-01,1.932306543932e-01,1.924485092911e-01,1.916708387932e-01,1.908976301244e-01,1.901288694078e-01,1.893645422431e-01
-2.739432482522e+00,-2.399807553533e+00,-2.107765791042e+00,-1.855074790795e+00,-1.635195340297e+00,-1.442881243350e+00,-1.273885140213e+00,-1.124739437555e+00,-9.925912230264e-01,-8.750764932081e-01,-7.702233590366e-01,-6.763768497687e-01,-5.921399843655e-01,-5.163272137066e-01,-4.479273558467e-01,-3.860738777919e-01,-3.300209076322e-01,-2.791237502035e-01,-2.328229664234e-01,-1.906312916594e-01,-1.521228300360e-01,-1.169240836349e-01,-8.470646963247e-02,-5.518005072470e-02,-2.808825910945e-02,-3.203438505022e-03,1.967693685373e-02,4.073348160906e-02,6.012764980240e-02,7.800409267384e-02,9.449268693016e-02,1.097102842992e-01,1.237622254372e-01,1.367436540944e-01,1.487406600978e-01,1.598312768666e-01,1.700863540757e-01,1.795703223593e-01,1.883418657850e-01,1.964545141257e-01,2.039571654845e-01,2.108945488889e-01,2.173076343963e-01,2.232339969899e-01,2.287081406912e-01,2.337617875926e-01,2.384241355961e-01,2.427220893834e-01,2.466804672570e-01,2.503221866033e-01,2.536684310030e-01,2.567388003574e-01,2.595514462578e-01,2.621231945925e-01,2.644696558829e-01,2.666053254720e-01,2.685436744858e-01,2.702972320004e-01,2.718776600749e-01,2.732958219468e-01,2.745618439730e-01,2.756851723436e-01,2.766746248946e-01,2.775384381754e-01,2.782843107633e-01,2.789194429999e-01,2.794505731075e-01,2.798840106533e-01,2.802256671786e-01,2.804810842160e-01,2.806554593774e-01,2.807536701260e-01,2.807802957016e-01,2.807396376420e-01,2.806357383275e-01,2.804723983465e-01,2.802531926535e-01,2.799814852214e-01,2.796604428831e-01,2.792930480985e-01,2.788821106609e-01,2.784302787284e-01,2.779400490896e-01,2.774137764938e-01,2.768536825109e-01,2.762618638211e-01,2.756402997082e-01,2.749908592709e-01,2.743153080666e-01,2.736153142078e-01,2.728924542668e-01,2.721482186090e-01,2.713840163879e-01,2.706011804128e-01,2.698009714257e-01,2.689845822629e-01,2.681531418121e-01,2.673077185206e-01,2.664493238626e-01,2.655789155468e-01,2.646974004398e-01,2.638056374169e-01,2.629044400469e-01,2.619945789856e-01,2.610767843389e-01,2.601517479070e-01,2.592201251634e-01,2.582825372521e-01,2.573395728177e-01,2.563917896768e-01,2.554397165075e-01,2.544838543430e-01,2.535246779909e-01,2.525626374666e-01,2.515981592105e-01,2.506316473171e-01,2.496634847168e-01,2.486940342069e-01,2.477236395041e-01,2.467526262151e-01,2.457813027275e-01,2.448099610904e-01,2.438388778433e-01,2.428683147671e-01,2.418985196287e-01,2.409297268836e-01,2.399621583199e-01,2.389960236913e-01,2.380315213051e-01,2.370688385839e-01,2.361081525953e-01,2.351496305560e-01,2.341934303197e-01,2.332397008113e-01,2.322885824761e-01,2.313402076910e-01,2.303947011276e-01,2.294521801554e-01,2.285127551748e-01,2.275765299390e-01,2.266436019035e-01,2.257140625131e-01,2.247879974541e-01,2.238654869833e-01,2.229466061729e-01,2.220314251085e-01,2.211200092008e-01,2.202124193591e-01,2.193087121943e-01,2.184089402922e-01,2.175131523147e-01,2.166213932307e-01,2.157337045472e-01,2.148501243325e-01,2.139706875082e-01,2.130954259844e-01,2.122243686947e-01,2.113575418825e-01,2.104949691521e-01,2.096366715584e-01,2.087826678377e-01,2.079329744654e-01,2.070876056679e-01,2.062465736931e-01,2.054098888602e-01,2.045775595259e-01,2.037495923773e-01,2.029259923858e-01,2.021067628693e-01,2.012919057374e-01,2.004814213492e-01,1.996753086975e-01,1.988735655980e-01,1.980761884354e-01,1.972831725215e-01,1.964945121116e-01,1.957102002332e-01,1.949302290505e-01,1.941545897476e-01,1.933832725079e-01,1.926162667848e-01
-2.893459852506e+00,-2.538439582273e+00,-2.233071319449e+00,-1.968769321359e+00,-1.738713304635e+00,-1.537431243784e+00,-1.360492665595e+00,-1.204280243839e+00,-1.065817674115e+00,-9.426385341405e-01,-8.326853547390e-01,-7.342312096998e-01,-6.458182661500e-01,-5.662092333787e-01,-4.943487099081e-01,-4.293321906784e-01,-3.703810496809e-01,-3.168222185037e-01,-2.680715810446e-01,-2.236203290528e-01,-1.830236908553e-01,-1.458915738008e-01,-1.118807585090e-01,-8.068835839038e-02,-5.204631556168e-02,-2.571674989595e-02,-1.488014080850e-03,2.082866521499e-02,4.140205739447e-02,6.038338837153e-02,7.790845676710e-02,9.409945988816e-02,1.090665738568e-01,1.229093246895e-01,1.357177815801e-01,1.475735982120e-01,1.585509232516e-01,1.687171988949e-01,1.781338629859e-01,1.868569670594e-01,1.949377222166e-01,2.024229820885e-01,2.093556710155e-01,2.157751641343e-01,2.217176257744e-01,2.272163113489e-01,2.323018366663e-01,2.370024189823e-01,2.413440931862e-01,2.453509056948e-01,2.490450887194e-01,2.524472173295e-01,2.555763510735e-01,2.584501616693e-01,2.610850486191e-01,2.634962440353e-01,2.656979073472e-01,2.677032114442e-01,2.695244211957e-01,2.711729645003e-01,2.726594972399e-01,2.739939625494e-01,2.751856449629e-01,2.762432197105e-01,2.771747979589e-01,2.779879684052e-01,2.786898351501e-01,2.792870525500e-01,2.797858573647e-01,2.801920981898e-01,2.805112625085e-01,2.807485017385e-01,2.809086543158e-01,2.809962668470e-01,2.810156137621e-01,2.809707155860e-01,2.808653555797e-01,2.807030952788e-01,2.804872890530e-01,2.802210972951e-01,2.799074988273e-01,2.795493024358e-01,2.791491576026e-01,2.787095643342e-01,2.782328824031e-01,2.777213400600e-01,2.771770419529e-01,2.766019765758e-01,2.759980233077e-01,2.753669588859e-01,2.747104634244e-01,2.740301261265e-01,2.733274506165e-01,2.726038598202e-01,2.718607006180e-01,2.710992482704e-01,2.703207103859e-01,2.695262307326e-01,2.687168929213e-01,2.678937236513e-01,2.670576958743e-01,2.662097317740e-01,2.653507055723e-01,2.644814460740e-01,2.636027391231e-01,2.627153299790e-01,2.618199254308e-01,2.609171958327e-01,2.600077770735e-01,2.590922723757e-01,2.581712539775e-01,2.572452647714e-01,2.563148198413e-01,2.553804078582e-01,2.544424924440e-01,2.535015134928e-01,2.525578883292e-01,2.516120128531e-01,2.506642626680e-01,2.497149940528e-01,2.487645449366e-01,2.478132358235e-01,2.468613706662e-01,2.459092376611e-01,2.449571100281e-01,2.440052467648e-01,2.430538933248e-01,2.421032822779e-01,2.411536339451e-01,2.402051569869e-01,2.392580489640e-01,2.383124968754e-01,2.373686776636e-01,2.364267586956e-01,2.354868982246e-01,2.345492458137e-01,2.336139427576e-01,2.326811224813e-01,2.317509108883e-01,2.308234267363e-01,2.298987819748e-01,2.289770820598e-01,2.280584262407e-01,2.271429078778e-01,2.262306147248e-01,2.253216291495e-01,2.244160284153e-01,2.235138849333e-01,2.226152664534e-01,2.217202362894e-01,2.208288535547e-01,2.199411733364e-01,2.190572468542e-01,2.181771216931e-01,2.173008419696e-01,2.164284484168e-01,2.155599786248e-01,2.146954672025e-01,2.138349457951e-01,2.129784433338e-01,2.121259861546e-01,2.112775980917e-01,2.104333005396e-01,2.095931126620e-01,2.087570515070e-01,2.079251319827e-01,2.070973670520e-01,2.062737678589e-01,2.054543437178e-01,2.046391022258e-01,2.038280494191e-01,2.030211897892e-01,2.022185262941e-01,2.014200605568e-01,2.006257929195e-01,1.998357223348e-01,1.990498466232e-01,1.982681625535e-01,1.974906656395e-01,1.967173504402e-01,1.959482105870e-01
-3.058527626119e+00,-2.687051606270e+00,-2.367438612337e+00,-2.090725282838e+00,-1.849790947452e+00,-1.638922230058e+00,-1.453492957864e+00,-1.289725779649e+00,-1.144512517011e+00,-1.015277288404e+00,-8.998711618785e-01,-7.964903096265e-01,-7.036118641991e-01,-6.199432370035e-01,-5.443817678915e-01,-4.759823702752e-01,-4.139314133404e-01,-3.575255058966e-01,-3.061541596075e-01,-2.592855427402e-01,-2.164547114301e-01,-1.772538387389e-01,-1.413240638015e-01,-1.083486618354e-01,-7.804729619180e-02,-5.017116136803e-02,-2.449886270609e-02,-8.329084302551e-04,2.100328794878e-02,4.116797768054e-02,5.980328745086e-02,7.703712664027e-02,9.298483796878e-02,1.077506301203e-01,1.214288244200e-01,1.341049425653e-01,1.458566581830e-01,1.567546314023e-01,1.668632422159e-01,1.762412366007e-01,1.849422969694e-01,1.930155469576e-01,2.005059989213e-01,2.074549512980e-01,2.139003423940e-01,2.198770657723e-01,2.254172521212e-01,2.305505211582e-01,2.353042075835e-01,2.397035639111e-01,2.437719428722e-01,2.475309614889e-01,2.510006491480e-01,2.541995813892e-01,2.571450008150e-01,2.598529265281e-01,2.623382534065e-01,2.646148423644e-01,2.666956022161e-01,2.685925642381e-01,2.703169501096e-01,2.718792339594e-01,2.732891990057e-01,2.745559892132e-01,2.756881566940e-01,2.766937050833e-01,2.775801294514e-01,2.783544526937e-01,2.790232591260e-01,2.795927253757e-01,2.800686488486e-01,2.804564738157e-01,2.807613155644e-01,2.809879827376e-01,2.811409979055e-01,2.812246165389e-01,2.812428446015e-01,2.811994549347e-01,2.810980022954e-01,2.809418373444e-01,2.807341196268e-01,2.804778296780e-01,2.801757802532e-01,2.798306266748e-01,2.794448765545e-01,2.790208988083e-01,2.785609321527e-01,2.780670928421e-01,2.775413820041e-01,2.769856924825e-01,2.764018152470e-01,2.757914452822e-01,2.751561871638e-01,2.744975603084e-01,2.738170038424e-01,2.731158811315e-01,2.723954840522e-01,2.716570370633e-01,2.709017009230e-01,2.701305762092e-01,2.693447066252e-01,2.685450821390e-01,2.677326419195e-01,2.669082770339e-01,2.660728330491e-01,2.652271124540e-01,2.643718770017e-01,2.635078497978e-01,2.626357173452e-01,2.617561314672e-01,2.608697111314e-01,2.599770441102e-01,2.590786885907e-01,2.581751747132e-01,2.572670059960e-01,2.563546606672e-01,2.554385929382e-01,2.545192342430e-01,2.535969943552e-01,2.526722624634e-01,2.517454081895e-01,2.508167825692e-01,2.498867189699e-01,2.489555339357e-01,2.480235280160e-01,2.470909865406e-01,2.461581803752e-01,2.452253665956e-01,2.442927891581e-01,2.433606795306e-01,2.424292572934e-01,2.414987306951e-01,2.405692971943e-01,2.396411439729e-01,2.387144484183e-01,2.377893785836e-01,2.368660936282e-01,2.359447442308e-01,2.350254729857e-01,2.341084147808e-01,2.331936971588e-01,2.322814406536e-01,2.313717591075e-01,2.304647599920e-01,2.295605446993e-01,2.286592088278e-01,2.277608424215e-01,2.268655302533e-01,2.259733520632e-01,2.250843827838e-01,2.241986927411e-01,2.233163478930e-01,2.224374100311e-01,2.215619369468e-01,2.206899826135e-01,2.198215973821e-01,2.189568281564e-01,2.180957185012e-01,2.172383088227e-01,2.163846365210e-01,2.155347361378e-01,2.146886394587e-01,2.138463756150e-01,2.130079712616e-01,2.121734506741e-01,2.113428358735e-01,2.105161466431e-01,2.096934007279e-01,2.088746139125e-01,2.080598000956e-01,2.072489713266e-01,2.064421379712e-01,2.056393087891e-01,2.048404909503e-01,2.040456901100e-01,2.032549105335e-01,2.024681551819e-01,2.016854256606e-01,2.009067223519e-01,2.001320444912e-01,1.993613902424e-01
-3.235665182860e+00,-2.846575336869e+00,-2.511714797619e+00,-2.221716071897e+00,-1.969137009592e+00,-1.748005935345e+00,-1.553487232368e+00,-1.381632285162e+00,-1.229191778851e+00,-1.093472684242e+00,-9.722281820828e-01,-8.635721414156e-01,-7.659120923127e-01,-6.778962643545e-01,-5.983714196412e-01,-5.263490401110e-01,-4.609780319868e-01,-4.015225522156e-01,-3.473438886618e-01,-2.978855698608e-01,-2.526610638445e-01,-2.112435647776e-01,-1.732574727257e-01,-1.383712538213e-01,-1.062914313503e-01,-7.675750803639e-02,-4.953765845606e-02,-2.442506112939e-02,-1.234764437556e-03,2.019900067963e-02,4.002513225351e-02,5.837765191524e-02,7.537743106601e-02,9.113368899918e-02,1.057452967891e-01,1.193019149911e-01,1.318849890863e-01,1.435686222248e-01,1.544203424773e-01,1.645017787943e-01,1.738692578023e-01,1.825743319222e-01,1.906642475727e-01,1.981823610006e-01,2.051685084964e-01,2.116593364571e-01,2.176885962367e-01,2.232874080614e-01,2.284844973843e-01,2.333064072201e-01,2.377776889990e-01,2.419210745238e-01,2.457576309848e-01,2.493069009166e-01,2.525870288499e-01,2.556148759415e-01,2.584061240810e-01,2.609753702122e-01,2.633362121762e-01,2.655013268474e-01,2.674825413064e-01,2.692908978361e-01,2.709367132574e-01,2.724296330967e-01,2.737786812630e-01,2.749923055185e-01,2.760784191975e-01,2.770444395726e-01,2.778973229498e-01,2.786435970739e-01,2.792893909033e-01,2.798404621187e-01,2.803022224376e-01,2.806797609454e-01,2.809778657088e-01,2.812010437034e-01,2.813535393767e-01,2.814393516736e-01,2.814622498918e-01,2.814257883854e-01,2.813333201877e-01,2.811880097120e-01,2.809928445326e-01,2.807506462773e-01,2.804640808385e-01,2.801356678485e-01,2.797677895188e-01,2.793626989312e-01,2.789225276518e-01,2.784492929337e-01,2.779449044006e-01,2.774111703469e-01,2.768498035873e-01,2.762624269052e-01,2.756505781971e-01,2.750157152517e-01,2.743592203170e-01,2.736824042649e-01,2.729865105549e-01,2.722727189529e-01,2.715421490079e-01,2.707958633521e-01,2.700348707854e-01,2.692601291339e-01,2.684725479893e-01,2.676729912647e-01,2.668622796082e-01,2.660411927074e-01,2.652104713828e-01,2.643708196228e-01,2.635229064754e-01,2.626673678661e-01,2.618048082867e-01,2.609358023753e-01,2.600608964365e-01,2.591806098536e-01,2.582954364750e-01,2.574058458565e-01,2.565122844700e-01,2.556151768464e-01,2.547149266494e-01,2.538119177097e-01,2.529065149940e-01,2.519990655036e-01,2.510898991516e-01,2.501793295826e-01,2.492676549549e-01,2.483551586926e-01,2.474421101686e-01,2.465287653781e-01,2.456153675678e-01,2.447021478439e-01,2.437893257392e-01,2.428771097501e-01,2.419656978539e-01,2.410552779965e-01,2.401460285631e-01,2.392381188140e-01,2.383317093068e-01,2.374269522969e-01,2.365239921196e-01,2.356229655515e-01,2.347240021520e-01,2.338272245959e-01,2.329327489853e-01,2.320406851491e-01,2.311511369285e-01,2.302642024345e-01,2.293799743208e-01,2.284985400247e-01,2.276199820083e-01,2.267443779695e-01,2.258718010552e-01,2.250023200765e-01,2.241359996975e-01,2.232729006347e-01,2.224130797973e-01,2.215565904839e-01,2.207034825422e-01,2.198538025208e-01,2.190075938263e-01,2.181648968451e-01,2.173257490667e-01,2.164901852457e-01,2.156582375097e-01,2.148299354849e-01,2.140053064081e-01,2.131843751880e-01,2.123671645678e-01,2.115536952007e-01,2.107439857641e-01,2.099380530100e-01,2.091359118526e-01,2.083375754856e-01,2.075430554435e-01,2.067523617118e-01,2.059655027055e-01,2.051824854103e-01,2.044033154442e-01,2.036279971138e-01,2.028565334960e-01
-3.426024133602e+00,-3.018053176824e+00,-2.666847699612e+00,-2.362607068075e+00,-2.097544573392e+00,-1.865411695820e+00,-1.661148335994e+00,-1.480622315605e+00,-1.320433047952e+00,-1.177761943177e+00,-1.050257264790e+00,-9.359446677796e-01,-8.331570810141e-01,-7.404793020564e-01,-6.567038831071e-01,-5.807957557999e-01,-5.118636733728e-01,-4.491370108795e-01,-3.919468060969e-01,-3.397101790451e-01,-2.919174600863e-01,-2.481215024041e-01,-2.079287657943e-01,-1.709918447556e-01,-1.370031798618e-01,-1.056897434519e-01,-7.680853116556e-02,-5.014272293957e-02,-2.549840230993e-02,-2.701743539296e-03,1.840340815244e-02,3.795762462390e-02,5.608770195499e-02,7.290822894167e-02,8.852295229941e-02,1.030259679306e-01,1.165027630932e-01,1.290311304274e-01,1.406819714246e-01,1.515200043124e-01,1.616043891615e-01,1.709892809108e-01,1.797243198659e-01,1.878550672713e-01,1.954233931306e-01,2.024678220068e-01,2.090238419326e-01,2.151241808068e-01,2.207990542721e-01,2.260763880981e-01,2.309820182267e-01,2.355398709355e-01,2.397721253205e-01,2.436993600282e-01,2.473406860465e-01,2.507138669057e-01,2.538354276703e-01,2.567207539558e-01,2.593841819351e-01,2.618390802544e-01,2.640979247364e-01,2.661723664476e-01,2.680732940123e-01,2.698108904247e-01,2.713946851626e-01,2.728336019111e-01,2.741360023360e-01,2.753097262449e-01,2.763621286029e-01,2.773001134429e-01,2.781301651527e-01,2.788583773100e-01,2.794904792698e-01,2.800318606885e-01,2.804875942431e-01,2.808624565825e-01,2.811609477030e-01,2.813873089303e-01,2.815455395704e-01,2.816394123418e-01,2.816724877381e-01,2.816481272959e-01,2.815695060369e-01,2.814396239093e-01,2.812613165212e-01,2.810372651150e-01,2.807700058618e-01,2.804619385062e-01,2.801153345134e-01,2.797323445694e-01,2.793150056369e-01,2.788652475529e-01,2.783848991931e-01,2.778756942249e-01,2.773392765402e-01,2.767772053024e-01,2.761909596683e-01,2.755819432444e-01,2.749514882569e-01,2.743008594576e-01,2.736312578209e-01,2.729438239648e-01,2.722396414450e-01,2.715197397604e-01,2.707850972413e-01,2.700366437515e-01,2.692752632333e-01,2.685017960897e-01,2.677170414837e-01,2.669217594354e-01,2.661166728326e-01,2.653024693311e-01,2.644798031422e-01,2.636492967138e-01,2.628115423457e-01,2.619671036899e-01,2.611165171641e-01,2.602602933065e-01,2.593989180499e-01,2.585328539237e-01,2.576625412075e-01,2.567883989942e-01,2.559108262405e-01,2.550302027110e-01,2.541468899072e-01,2.532612319393e-01,2.523735563524e-01,2.514841749047e-01,2.505933843299e-01,2.497014670277e-01,2.488086917363e-01,2.479153141709e-01,2.470215776289e-01,2.461277135621e-01,2.452339421296e-01,2.443404727145e-01,2.434475044141e-01,2.425552265123e-01,2.416638189267e-01,2.407734526334e-01,2.398842900738e-01,2.389964855381e-01,2.381101855336e-01,2.372255291331e-01,2.363426483088e-01,2.354616682497e-01,2.345827076644e-01,2.337058790728e-01,2.328312890731e-01,2.319590386094e-01,2.310892232220e-01,2.302219332858e-01,2.293572542375e-01,2.284952667985e-01,2.276360471724e-01,2.267796672446e-01,2.259261947787e-01,2.250756935934e-01,2.242282237356e-01,2.233838416500e-01,2.225426003248e-01,2.217045494619e-01,2.208697355883e-01,2.200382022244e-01,2.192099900053e-01,2.183851368069e-01,2.175636778661e-01,2.167456459125e-01,2.159310712355e-01,2.151199818225e-01,2.143124034579e-01,2.135083598157e-01,2.127078725518e-01,2.119109614079e-01,2.111176442634e-01,2.103279372248e-01,2.095418547239e-01,2.087594095809e-01,2.079806130757e-01,2.072054750280e-01,2.064340038326e-01
-3.630896081961e+00,-3.202654309698e+00,-2.833900480149e+00,-2.514369012216e+00,-2.235903333351e+00,-1.991957745124e+00,-1.777231175631e+00,-1.587394398771e+00,-1.418884442130e+00,-1.268747929882e+00,-1.134520499419e+00,-1.014133110027e+00,-9.058386078601e-01,-8.081536976613e-01,-7.198127385993e-01,-6.397306918145e-01,-5.669732075446e-01,-5.007323236967e-01,-4.403066058017e-01,-3.850848255690e-01,-3.345324763241e-01,-2.881805764563e-01,-2.456163281405e-01,-2.064752889354e-01,-1.704347828784e-01,-1.372083322004e-01,-1.065409332122e-01,-7.820503347833e-02,-5.199709400617e-02,-2.773464139749e-02,-5.253731947817e-03,1.559323679403e-02,3.493942001129e-02,5.290516967884e-02,6.959946550426e-02,8.512116368269e-02,9.956008943183e-02,1.129979951883e-01,1.255094029632e-01,1.371623465147e-01,1.480190268415e-01,1.581363919531e-01,1.675666512949e-01,1.763577325146e-01,1.845536881801e-01,1.921950584563e-01,1.993191951109e-01,2.059605514730e-01,2.121509423547e-01,2.179197774266e-01,2.232942710567e-01,2.282996314151e-01,2.329592308791e-01,2.372947600571e-01,2.413263670874e-01,2.450727838069e-01,2.485514401808e-01,2.517785682169e-01,2.547692964484e-01,2.575377359205e-01,2.600970586801e-01,2.624595691432e-01,2.646367696021e-01,2.666394198768e-01,2.684775920432e-01,2.701607205607e-01,2.716976482545e-01,2.730966685373e-01,2.743655642158e-01,2.755116431902e-01,2.765417713024e-01,2.774624027045e-01,2.782796077332e-01,2.789990987313e-01,2.796262538865e-01,2.801661392751e-01,2.806235292627e-01,2.810029253982e-01,2.813085739270e-01,2.815444820144e-01,2.817144329016e-01,2.818219997828e-01,2.818705589563e-01,2.818633018540e-01,2.818032463362e-01,2.816932471911e-01,2.815360059190e-01,2.813340798590e-01,2.810898907034e-01,2.808057324493e-01,2.804837788082e-01,2.801260902050e-01,2.797346202188e-01,2.793112216775e-01,2.788576523500e-01,2.783755802781e-01,2.778665887741e-01,2.773321811076e-01,2.767737849039e-01,2.761927562566e-01,2.755903836616e-01,2.749678915669e-01,2.743264438918e-01,2.736671471911e-01,2.729910537011e-01,2.722991641940e-01,2.715924306640e-01,2.708717588599e-01,2.701380106708e-01,2.693920063766e-01,2.686345267581e-01,2.678663151369e-01,2.670880792303e-01,2.663004929479e-01,2.655041980799e-01,2.646998058914e-01,2.638878986302e-01,2.630690309525e-01,2.622437312723e-01,2.614125030293e-01,2.605758259311e-01,2.597341570424e-01,2.588879319258e-01,2.580375656353e-01,2.571834537002e-01,2.563259730492e-01,2.554654828867e-01,2.546023255251e-01,2.537368271733e-01,2.528692986868e-01,2.520000362737e-01,2.511293221879e-01,2.502574253543e-01,2.493846019846e-01,2.485110961582e-01,2.476371403746e-01,2.467629560778e-01,2.458887541563e-01,2.450147354185e-01,2.441410910432e-01,2.432680030186e-01,2.423956445395e-01,2.415241804105e-01,2.406537674114e-01,2.397845546538e-01,2.389166839197e-01,2.380502899844e-01,2.371855009234e-01,2.363224384065e-01,2.354612179774e-01,2.346019493232e-01,2.337447365232e-01,2.328896782975e-01,2.320368682379e-01,2.311863950297e-01,2.303383426637e-01,2.294927906387e-01,2.286498141546e-01,2.278094842977e-01,2.269718682234e-01,2.261370293018e-01,2.253050273194e-01,2.244759185905e-01,2.236497561321e-01,2.228265897973e-01,2.220064664113e-01,2.211894298999e-01,2.203755214137e-01,2.195647794466e-01,2.187572399490e-01,2.179529364492e-01,2.171519001205e-01,2.163541599155e-01,2.155597426512e-01,2.147686730996e-01,2.139809740756e-01,2.131966665205e-01,2.124157695825e-01,2.116383006935e-01,2.108642756607e-01,2.100937086716e-01
-3.851733466601e+00,-3.401693580742e+00,-3.014068820405e+00,-2.678093706902e+00,-2.385213997263e+00,-2.128564469449e+00,-1.902584958276e+00,-1.702734370722e+00,-1.525275135460e+00,-1.367108952597e+00,-1.225650361698e+00,-1.098728502978e+00,-9.845101157022e-01,-8.814386895027e-01,-7.881860129867e-01,-7.036133178742e-01,-6.267399091733e-01,-5.567176792560e-01,-4.928102790868e-01,-4.343760000432e-01,-3.808536306645e-01,-3.317507126809e-01,-2.866337427277e-01,-2.451199606136e-01,-2.068704375368e-01,-1.715842347097e-01,-1.389934473649e-01,-1.088589843035e-01,-8.096696105369e-02,-5.512560695594e-02,-3.116260432797e-02,-8.922792220184e-03,1.173382110930e-02,3.093378343315e-02,4.879170023880e-02,6.541154528099e-02,8.088780723757e-02,9.530649541315e-02,1.087460239199e-01,1.212779907685e-01,1.329678658582e-01,1.438755997206e-01,1.540561635514e-01,1.635600287905e-01,1.724335941586e-01,1.807195664807e-01,1.884573009227e-01,1.956831054930e-01,2.024305140180e-01,2.087305312529e-01,2.146118533177e-01,2.201010662453e-01,2.252228250793e-01,2.300000156590e-01,2.344539009702e-01,2.386042537116e-01,2.424694765359e-01,2.460667112423e-01,2.494119380841e-01,2.525200661769e-01,2.554050158972e-01,2.580797939948e-01,2.605565624232e-01,2.628467010656e-01,2.649608652750e-01,2.669090385848e-01,2.687005810655e-01,2.703442737310e-01,2.718483593548e-01,2.732205800244e-01,2.744682117231e-01,2.755980962053e-01,2.766166704012e-01,2.775299935667e-01,2.783437723713e-01,2.790633841000e-01,2.796938981283e-01,2.802400958078e-01,2.807064889145e-01,2.810973367600e-01,2.814166620711e-01,2.816682656781e-01,2.818557403408e-01,2.819824834297e-01,2.820517088228e-01,2.820664579692e-01,2.820296102014e-01,2.819438923540e-01,2.818118877398e-01,2.816360445328e-01,2.814186836004e-01,2.811620058266e-01,2.808680989621e-01,2.805389440356e-01,2.801764213583e-01,2.797823161503e-01,2.793583238141e-01,2.789060548780e-01,2.784270396450e-01,2.779227325562e-01,2.773945162848e-01,2.768437055370e-01,2.762715507521e-01,2.756792414490e-01,2.750679094434e-01,2.744386318636e-01,2.737924339908e-01,2.731302919352e-01,2.724531351597e-01,2.717618488589e-01,2.710572762049e-01,2.703402204658e-01,2.696114470067e-01,2.688716851802e-01,2.681216301115e-01,2.673619443875e-01,2.665932596528e-01,2.658161781176e-01,2.650312739909e-01,2.642390948368e-01,2.634401628544e-01,2.626349760629e-01,2.618240095029e-01,2.610077162902e-01,2.601865286595e-01,2.593608589439e-01,2.585311005059e-01,2.576976286193e-01,2.568608013079e-01,2.560209601408e-01,2.551784309889e-01,2.543335247426e-01,2.534865379948e-01,2.526377536898e-01,2.517874417405e-01,2.509358596155e-01,2.500832528973e-01,2.492298558133e-01,2.483758917434e-01,2.475215737026e-01,2.466671047992e-01,2.458126786627e-01,2.449584798773e-01,2.441046843669e-01,2.432514597765e-01,2.423989658332e-01,2.415473546899e-01,2.406967712540e-01,2.398473535003e-01,2.389992327698e-01,2.381525340551e-01,2.373073762728e-01,2.364638725230e-01,2.356221303385e-01,2.347822519213e-01,2.339443343697e-01,2.331084698947e-01,2.322747460280e-01,2.314432458189e-01,2.306140480219e-01,2.297872272762e-01,2.289628542946e-01,2.281409960038e-01,2.273217157196e-01,2.265050732942e-01,2.256911252618e-01,2.248799249766e-01,2.240715227464e-01,2.232659659597e-01,2.224632992076e-01,2.216635644005e-01,2.208668008800e-01,2.200730455262e-01,2.192823328599e-01,2.184946951416e-01,2.177101624654e-01,2.169287628493e-01,2.161505223257e-01,2.153754650192e-01,2.146036132212e-01,2.138349874652e-01
-4.090174110007e+00,-3.616653736102e+00,-3.208701159454e+00,-2.855012510649e+00,-2.546605250442e+00,-2.276270022446e+00,-2.038167609653e+00,-1.827528729829e+00,-1.640427760374e+00,-1.473610310477e+00,-1.324360490305e+00,-1.190397774705e+00,-1.069796160283e+00,-9.609202791774e-01,-8.623745273431e-01,-7.729622663714e-01,-6.916528844689e-01,-6.175550347722e-01,-5.498947632023e-01,-4.879975321765e-01,-4.312733678552e-01,-3.792045265866e-01,-3.313352043785e-01,-2.872629122849e-01,-2.466312168504e-01,-2.091236045884e-01,-1.744582762260e-01,-1.423837133893e-01,-1.126748896963e-01,-8.513002158906e-02,-5.956777295900e-02,-3.582484269778e-02,-1.375387650189e-02,6.778345829437e-03,2.589248827816e-02,4.369803572319e-02,6.029449889050e-02,7.577247124226e-02,9.021455818432e-02,1.036961958734e-01,1.162863743455e-01,1.280482773634e-01,1.390398500516e-01,1.493143030490e-01,1.589205614334e-01,1.679036650879e-01,1.763051264198e-01,1.841632505255e-01,1.915134222260e-01,1.983883638168e-01,2.048183668850e-01,2.108315011226e-01,2.164538026944e-01,2.217094444098e-01,2.266208896690e-01,2.312090319204e-01,2.354933211594e-01,2.394918788201e-01,2.432216022550e-01,2.466982598610e-01,2.499365778146e-01,2.529503191194e-01,2.557523560368e-01,2.583547361248e-01,2.607687428055e-01,2.630049508583e-01,2.650732773327e-01,2.669830283061e-01,2.687429418662e-01,2.703612276601e-01,2.718456033183e-01,2.732033280296e-01,2.744412335175e-01,2.755657526435e-01,2.765829458410e-01,2.774985255642e-01,2.783178789199e-01,2.790460886314e-01,2.796879524757e-01,2.802480013152e-01,2.807305158567e-01,2.811395421372e-01,2.814789060916e-01,2.817522269375e-01,2.819629297208e-01,2.821142569863e-01,2.822092796582e-01,2.822509071884e-01,2.822418970301e-01,2.821848634846e-01,2.820822859692e-01,2.819365167478e-01,2.817497881638e-01,2.815242194105e-01,2.812618228724e-01,2.809645100680e-01,2.806340972211e-01,2.802723104883e-01,2.798807908640e-01,2.794610987876e-01,2.790147184842e-01,2.785430619798e-01,2.780474730067e-01,2.775292305488e-01,2.769895522425e-01,2.764295975667e-01,2.758504708481e-01,2.752532240932e-01,2.746388596591e-01,2.740083327722e-01,2.733625539051e-01,2.727023910207e-01,2.720286716917e-01,2.713421851020e-01,2.706436839394e-01,2.699338861847e-01,2.692134768034e-01,2.684831093470e-01,2.677434074684e-01,2.669949663564e-01,2.662383541031e-01,2.654741129571e-01,2.647027605963e-01,2.639247912492e-01,2.631406768010e-01,2.623508678349e-01,2.615557946194e-01,2.607558680466e-01,2.599514805221e-01,2.591430068109e-01,2.583308048410e-01,2.575152164670e-01,2.566965681960e-01,2.558751718782e-01,2.550513253632e-01,2.542253131249e-01,2.533974068559e-01,2.525678660338e-01,2.517369384595e-01,2.509048607709e-01,2.500718589354e-01,2.492381487005e-01,2.484039360611e-01,2.475694176670e-01,2.467347812303e-01,2.459002059108e-01,2.450658626828e-01,2.442319146858e-01,2.433985175586e-01,2.425658197588e-01,2.417339628674e-01,2.409030818799e-01,2.400733054845e-01,2.392447563274e-01,2.384175512668e-01,2.375918016152e-01,2.367676133718e-01,2.359450874437e-01,2.351243198578e-01,2.343054019643e-01,2.334884206272e-01,2.326734584201e-01,2.318605937898e-01,2.310499012351e-01,2.302414514672e-01,2.294353115658e-01,2.286315451282e-01,2.278302124117e-01,2.270313704711e-01,2.262350732893e-01,2.254413719031e-01,2.246503145236e-01,2.238619466514e-01,2.230763111873e-01,2.222934485383e-01,2.215133967190e-01,2.207361914495e-01,2.199618662488e-01,2.191904525238e-01,2.184219796565e-01,2.176564750752e-01
-4.348070245753e+00,-3.849211719886e+00,-3.419322626310e+00,-3.046518207839e+00,-2.721353816971e+00,-2.436248791428e+00,-2.185062826736e+00,-1.962780430207e+00,-1.765273075134e+00,-1.589117950216e+00,-1.431458432890e+00,-1.289895669049e+00,-1.162403585612e+00,-1.047261726971e+00,-9.430017718635e-01,-8.483646395095e-01,-7.622658574743e-01,-6.837674234627e-01,-6.120548073838e-01,-5.464180491605e-01,-4.862361404228e-01,-4.309640547893e-01,-3.801219261832e-01,-3.332859787218e-01,-2.900808918988e-01,-2.501733476670e-01,-2.132665551810e-01,-1.790955877911e-01,-1.474233976794e-01,-1.180373980846e-01,-9.074652275247e-02,-6.537868809427e-02,-4.177859636173e-02,-1.980582856628e-02,6.668156292921e-04,1.975476685260e-02,3.756295387481e-02,5.418691572437e-02,6.971377949286e-02,8.422312200765e-02,9.778773085179e-02,1.104742777727e-01,1.223439161371e-01,1.334528115643e-01,1.438526144779e-01,1.535908815616e-01,1.627114523403e-01,1.712547862470e-01,1.792582648277e-01,1.867564631295e-01,1.937813937981e-01,2.003627269655e-01,2.065279886219e-01,2.123027398346e-01,2.177107388902e-01,2.227740881864e-01,2.275133674829e-01,2.319477549340e-01,2.360951371602e-01,2.399722094737e-01,2.435945672669e-01,2.469767893068e-01,2.501325140812e-01,2.530745093787e-01,2.558147361337e-01,2.583644069206e-01,2.607340396246e-01,2.629335067366e-01,2.649720806708e-01,2.668584754676e-01,2.686008852029e-01,2.702070193976e-01,2.716841356886e-01,2.730390700006e-01,2.742782644308e-01,2.754077930438e-01,2.764333857502e-01,2.773604504291e-01,2.781940934398e-01,2.789391386538e-01,2.796001451444e-01,2.801814235299e-01,2.806870513704e-01,2.811208872830e-01,2.814865841961e-01,2.817876016757e-01,2.820272174171e-01,2.822085379665e-01,2.823345087287e-01,2.824079233157e-01,2.824314322838e-01,2.824075513039e-01,2.823386688069e-01,2.822270531412e-01,2.820748592777e-01,2.818841350931e-01,2.816568272631e-01,2.813947867909e-01,2.810997741968e-01,2.807734643919e-01,2.804174512718e-01,2.800332519620e-01,2.796223109648e-01,2.791860038987e-01,2.787256411041e-01,2.782424710216e-01,2.777376833746e-01,2.772124121696e-01,2.766677385256e-01,2.761046933432e-01,2.755242598237e-01,2.749273758480e-01,2.743149362228e-01,2.736877948042e-01,2.730467665036e-01,2.723926291864e-01,2.717261254665e-01,2.710479644051e-01,2.703588231195e-01,2.696593483056e-01,2.689501576898e-01,2.682318413562e-01,2.675049631088e-01,2.667700616524e-01,2.660276517714e-01,2.652782254361e-01,2.645222528527e-01,2.637601834604e-01,2.629924468778e-01,2.622194538030e-01,2.614415968682e-01,2.606592514522e-01,2.598727764532e-01,2.590825150238e-01,2.582887952699e-01,2.574919309164e-01,2.566922219403e-01,2.558899551738e-01,2.550854048789e-01,2.542788332938e-01,2.534704911599e-01,2.526606181972e-01,2.518494436126e-01,2.510371865263e-01,2.502240564098e-01,2.494102534965e-01,2.485959691740e-01,2.477813863587e-01,2.469666798528e-01,2.461520166855e-01,2.453375564389e-01,2.445234515595e-01,2.437098476552e-01,2.428968837797e-01,2.420846927043e-01,2.412734011774e-01,2.404631301728e-01,2.396539951273e-01,2.388461061679e-01,2.380395683291e-01,2.372344817599e-01,2.364309419269e-01,2.356290397988e-01,2.348288620329e-01,2.340304911484e-01,2.332340056943e-01,2.324394804094e-01,2.316469863757e-01,2.308565911657e-01,2.300683589835e-01,2.292823507996e-01,2.284986244809e-01,2.277172349145e-01,2.269382341272e-01,2.261616713992e-01,2.253875933743e-01,2.246160441646e-01,2.238470654516e-01,2.230806965826e-01,2.223169746641e-01,2.215559346427e-01
-4.627522981878e+00,-4.101269897251e+00,-3.647663456013e+00,-3.254190977300e+00,-2.910908281486e+00,-2.609833325829e+00,-2.344500328055e+00,-2.109627637725e+00,-1.900867383513e+00,-1.714614685878e+00,-1.547860784476e+00,-1.398078906131e+00,-1.263134797309e+00,-1.141216017937e+00,-1.030775635282e+00,-9.304870646811e-01,-8.392076071387e-01,-7.559488230727e-01,-6.798523173694e-01,-6.101698362559e-01,-5.462468213958e-01,-4.875087524402e-01,-4.334497511362e-01,-3.836230295963e-01,-3.376328497965e-01,-2.951277275275e-01,-2.557946657809e-01,-2.193542434262e-01,-1.855564174553e-01,-1.541769229282e-01,-1.250141754714e-01,-9.788659787441e-02,-7.263030584512e-02,-4.909709883392e-02,-2.715271108819e-02,-6.675285042425e-03,1.244596454158e-02,3.031192239252e-02,4.701460307579e-02,6.263805900845e-02,7.725918244387e-02,9.094841516163e-02,1.037703781668e-01,1.157844309455e-01,1.270451695619e-01,1.376028709127e-01,1.475038897006e-01,1.567910137731e-01,1.655037827267e-01,1.736787740384e-01,1.813498604388e-01,1.885484417727e-01,1.953036541595e-01,2.016425590654e-01,2.075903142364e-01,2.131703286461e-01,2.184044030470e-01,2.233128576422e-01,2.279146482009e-01,2.322274717962e-01,2.362678632237e-01,2.400512828838e-01,2.435921973680e-01,2.469041528586e-01,2.499998425194e-01,2.528911682330e-01,2.555892972531e-01,2.581047142407e-01,2.604472691068e-01,2.626262210422e-01,2.646502790732e-01,2.665276394531e-01,2.682660201443e-01,2.698726927469e-01,2.713545118923e-01,2.727179425090e-01,2.739690850504e-01,2.751136988693e-01,2.761572238914e-01,2.771048007277e-01,2.779612893689e-01,2.787312864549e-01,2.794191415724e-01,2.800289721534e-01,2.805646774979e-01,2.810299518074e-01,2.814282963388e-01,2.817630307436e-01,2.820373036543e-01,2.822541025744e-01,2.824162631222e-01,2.825264776770e-01,2.825873034524e-01,2.826011701230e-01,2.825703868726e-01,2.824971490616e-01,2.823835444669e-01,2.822315591370e-01,2.820430828878e-01,2.818199144663e-01,2.815637664151e-01,2.812762695664e-01,2.809589774551e-01,2.806133702615e-01,2.802408586412e-01,2.798427873053e-01,2.794204383965e-01,2.789750346695e-01,2.785077424928e-01,2.780196746799e-01,2.775118931617e-01,2.769854115112e-01,2.764411973149e-01,2.758801744639e-01,2.753032252480e-01,2.747111923814e-01,2.741048809103e-01,2.734850600173e-01,2.728524647297e-01,2.722077975382e-01,2.715517299398e-01,2.708849038429e-01,2.702079330319e-01,2.695214044066e-01,2.688258792414e-01,2.681218943625e-01,2.674099632644e-01,2.666905771717e-01,2.659642060461e-01,2.652312995447e-01,2.644922879299e-01,2.637475829351e-01,2.629975785799e-01,2.622426519768e-01,2.614831640532e-01,2.607194602674e-01,2.599518712846e-01,2.591807136199e-01,2.584062902509e-01,2.576288912016e-01,2.568487941042e-01,2.560662647023e-01,2.552815574055e-01,2.544949157336e-01,2.537065727877e-01,2.529167516898e-01,2.521256660011e-01,2.513335201230e-01,2.505405096786e-01,2.497468218781e-01,2.489526358669e-01,2.481581230591e-01,2.473634474529e-01,2.465687659437e-01,2.457742286061e-01,2.449799789749e-01,2.441861543114e-01,2.433928858579e-01,2.426002990814e-01,2.418085139069e-01,2.410176449405e-01,2.402278016813e-01,2.394390887303e-01,2.386516059821e-01,2.378654488141e-01,2.370807082661e-01,2.362974712128e-01,2.355158205286e-01,2.347358352462e-01,2.339575907082e-01,2.331811587123e-01,2.324066076512e-01,2.316340026494e-01,2.308634056827e-01,2.300948757092e-01,2.293284687853e-01,2.285642381791e-01,2.278022344791e-01,2.270425056988e-01,2.262850973768e-01,2.255300526675e-01
-4.930923394501e+00,-4.374993285087e+00,-3.895692873974e+00,-3.479829358857e+00,-3.116917496440e+00,-2.798540487389e+00,-2.517880003298e+00,-2.269366098169e+00,-2.048413309750e+00,-1.851219543410e+00,-1.674611242935e+00,-1.515923072152e+00,-1.372903595006e+00,-1.243640732062e+00,-1.126502396884e+00,-1.020088882898e+00,-9.231944185661e-01,-8.347759292532e-01,-7.539275040516e-01,-6.798594084495e-01,-6.118807419699e-01,-5.493850357614e-01,-4.918382347201e-01,-4.387686240461e-01,-3.897583492927e-01,-3.444362486222e-01,-3.024717705802e-01,-2.635697937813e-01,-2.274661991038e-01,-1.939240721088e-01,-1.627304355774e-01,-1.336934292427e-01,-1.066398683005e-01,-8.141312376261e-02,-5.787127715701e-02,-3.588550984293e-02,-1.533869340708e-02,3.875846771667e-03,2.185541878858e-02,3.868892243726e-02,5.445769557089e-02,6.923626309578e-02,8.309300159702e-02,9.609072960272e-02,1.082872333529e-01,1.197357357508e-01,1.304853154265e-01,1.405812818685e-01,1.500655117566e-01,1.589767511685e-01,1.673508872377e-01,1.752211930061e-01,1.826185483267e-01,1.895716394586e-01,1.961071396662e-01,2.022498728198e-01,2.080229619382e-01,2.134479639808e-01,2.185449925179e-01,2.233328294450e-01,2.278290268522e-01,2.320499998746e-01,2.360111118699e-01,2.397267519574e-01,2.432104062472e-01,2.464747230913e-01,2.495315729638e-01,2.523921034671e-01,2.550667898759e-01,2.575654817820e-01,2.598974458876e-01,2.620714055639e-01,2.640955773431e-01,2.659777046186e-01,2.677250887986e-01,2.693446181009e-01,2.708427943147e-01,2.722257574689e-01,2.734993087696e-01,2.746689318899e-01,2.757398127530e-01,2.767168578037e-01,2.776047112816e-01,2.784077709684e-01,2.791302030414e-01,2.797759558743e-01,2.803487729066e-01,2.808522046525e-01,2.812896198862e-01,2.816642161967e-01,2.819790297083e-01,2.822369442583e-01,2.824406999740e-01,2.825929013013e-01,2.826960245265e-01,2.827524248068e-01,2.827643428457e-01,2.827339110508e-01,2.826631593671e-01,2.825540207585e-01,2.824083363679e-01,2.822278602789e-01,2.820142642170e-01,2.817691417135e-01,2.814940121765e-01,2.811903246916e-01,2.808594616048e-01,2.805027419009e-01,2.801214243685e-01,2.797167106688e-01,2.792897481176e-01,2.788416323808e-01,2.783734100107e-01,2.778860808407e-01,2.773806002498e-01,2.768578812880e-01,2.763187967492e-01,2.757641810531e-01,2.751948320652e-01,2.746115128237e-01,2.740149531807e-01,2.734058512920e-01,2.727848751927e-01,2.721526640997e-01,2.715098297577e-01,2.708569576930e-01,2.701946084031e-01,2.695233184867e-01,2.688436017036e-01,2.681559500373e-01,2.674608346259e-01,2.667587066944e-01,2.660499984346e-01,2.653351238400e-01,2.646144795007e-01,2.638884453498e-01,2.631573854134e-01,2.624216484731e-01,2.616815687220e-01,2.609374663914e-01,2.601896483513e-01,2.594384086427e-01,2.586840290842e-01,2.579267797333e-01,2.571669193949e-01,2.564046960904e-01,2.556403475065e-01,2.548741014230e-01,2.541061761144e-01,2.533367807629e-01,2.525661158102e-01,2.517943733197e-01,2.510217373188e-01,2.502483841245e-01,2.494744826556e-01,2.487001947266e-01,2.479256753454e-01,2.471510729758e-01,2.463765298001e-01,2.456021819705e-01,2.448281598506e-01,2.440545882352e-01,2.432815865887e-01,2.425092692400e-01,2.417377455887e-01,2.409671202985e-01,2.401974934828e-01,2.394289608821e-01,2.386616140349e-01,2.378955404402e-01,2.371308237139e-01,2.363675437398e-01,2.356057768131e-01,2.348455957795e-01,2.340870701674e-01,2.333302663190e-01,2.325752475043e-01,2.318220740443e-01,2.310708034236e-01,2.303214903981e-01,2.295741870954e-01
-5.261001749011e+00,-4.672854147761e+00,-4.165659684730e+00,-3.725487348198e+00,-3.341264612311e+00,-3.004102777500e+00,-2.706800844765e+00,-2.443475935188e+00,-2.209284688976e+00,-2.000210938349e+00,-1.812902243129e+00,-1.644542857563e+00,-1.492754143696e+00,-1.355515862853e+00,-1.231103493155e+00,-1.118037953018e+00,-1.015045004369e+00,-9.210222650492e-01,-8.350122447308e-01,-7.561801806386e-01,-6.837957221271e-01,-6.172177196174e-01,-5.558815315580e-01,-4.992883846473e-01,-4.469964168534e-01,-3.986131061846e-01,-3.537888458765e-01,-3.122114720243e-01,-2.736015860287e-01,-2.377085427333e-01,-2.043069983313e-01,-1.731939307141e-01,-1.441860598359e-01,-1.171176080776e-01,-9.183835044668e-02,-6.821191252802e-02,-4.611428099581e-02,-2.543249690150e-02,-6.063506560756e-03,1.208685107208e-02,2.910473897301e-02,4.506911371061e-02,6.005242798287e-02,7.412125454798e-02,8.733684203139e-02,9.975561068739e-02,1.114295954012e-01,1.224068424191e-01,1.327317649164e-01,1.424454624387e-01,1.515860082799e-01,1.601887083600e-01,1.682863349001e-01,1.759093375101e-01,1.830860341548e-01,1.898427842621e-01,1.962041457456e-01,2.021930176794e-01,2.078307701387e-01,2.131373622847e-01,2.181314501872e-01,2.228304850701e-01,2.272508034695e-01,2.314077092679e-01,2.353155490889e-01,2.389877813622e-01,2.424370396680e-01,2.456751910733e-01,2.487133895938e-01,2.515621254809e-01,2.542312706386e-01,2.567301204645e-01,2.590674325461e-01,2.612514623439e-01,2.632899961444e-01,2.651903816143e-01,2.669595560576e-01,2.686040726231e-01,2.701301246623e-01,2.715435681924e-01,2.728499428952e-01,2.740544914762e-01,2.751621779960e-01,2.761777045388e-01,2.771055269679e-01,2.779498695585e-01,2.787147386104e-01,2.794039352736e-01,2.800210673702e-01,2.805695605089e-01,2.810526684842e-01,2.814734829735e-01,2.818349426799e-01,2.821398418444e-01,2.823908381929e-01,2.825904604405e-01,2.827411153026e-01,2.828450940921e-01,2.829045789560e-01,2.829216486188e-01,2.828982838898e-01,2.828363727160e-01,2.827377151964e-01,2.826040279844e-01,2.824369486214e-01,2.822380395762e-01,2.820087920271e-01,2.817506295245e-01,2.814649113227e-01,2.811529355803e-01,2.808159423881e-01,2.804551166039e-01,2.800715905843e-01,2.796664467264e-01,2.792407198491e-01,2.787953994886e-01,2.783314320471e-01,2.778497228418e-01,2.773511380759e-01,2.768365066178e-01,2.763066217703e-01,2.757622428533e-01,2.752040968990e-01,2.746328800229e-01,2.740492588641e-01,2.734538719223e-01,2.728473308067e-01,2.722302214941e-01,2.716031054331e-01,2.709665206345e-01,2.703209827135e-01,2.696669858617e-01,2.690050038104e-01,2.683354907172e-01,2.676588819951e-01,2.669755951315e-01,2.662860304523e-01,2.655905718599e-01,2.648895875558e-01,2.641834306707e-01,2.634724399209e-01,2.627569401721e-01,2.620372431042e-01,2.613136476892e-01,2.605864407404e-01,2.598558974150e-01,2.591222816825e-01,2.583858468150e-01,2.576468357999e-01,2.569054817595e-01,2.561620083550e-01,2.554166301621e-01,2.546695530516e-01,2.539209745351e-01,2.531710840892e-01,2.524200634814e-01,2.516680870737e-01,2.509153221181e-01,2.501619290483e-01,2.494080617304e-01,2.486538677305e-01,2.478994885444e-01,2.471450598687e-01,2.463907117968e-01,2.456365690452e-01,2.448827511616e-01,2.441293727216e-01,2.433765435284e-01,2.426243687884e-01,2.418729492877e-01,2.411223815628e-01,2.403727580611e-01,2.396241672989e-01,2.388766940086e-01,2.381304192812e-01,2.373854207051e-01,2.366417724989e-01,2.358995456381e-01,2.351588079732e-01,2.344196243506e-01,2.336820567224e-01
-5.620886737335e+00,-4.997685669298e+00,-4.460141123073e+00,-3.993519044227e+00,-3.586108037557e+00,-3.228506044770e+00,-2.913095772873e+00,-2.633653909456e+00,-2.385056530240e+00,-2.163054577052e+00,-1.964101000105e+00,-1.785216420349e+00,-1.623883813404e+00,-1.477965270363e+00,-1.345635705242e+00,-1.225329680907e+00,-1.115698471297e+00,-1.015575170568e+00,-9.239461723560e-01,-8.399277252320e-01,-7.627465585676e-01,-6.917237917556e-01,-6.262615066548e-01,-5.658314916700e-01,-5.099657657947e-01,-4.582485684305e-01,-4.103095617588e-01,-3.658180407704e-01,-3.244779839484e-01,-2.860238082177e-01,-2.502167159810e-01,-2.168415420429e-01,-1.857040237672e-01,-1.566284309100e-01,-1.294555019806e-01,-1.040406428693e-01,-8.025235037469e-02,-5.797082910972e-02,-3.708677518865e-02,-1.750030418376e-02,8.799957433193e-04,1.813790196384e-02,3.435030116210e-02,4.958784990051e-02,6.391556310700e-02,7.739333894823e-02,9.007642812772e-02,1.020158537385e-01,1.132587879258e-01,1.238488901490e-01,1.338266116577e-01,1.432294696297e-01,1.520922946065e-01,1.604474540838e-01,1.683250549478e-01,1.757531268113e-01,1.827577883366e-01,1.893633983944e-01,1.955926936143e-01,2.014669136540e-01,2.070059153259e-01,2.122282767514e-01,2.171513929367e-01,2.217915626980e-01,2.261640685886e-01,2.302832500537e-01,2.341625707901e-01,2.378146803368e-01,2.412514708774e-01,2.444841294621e-01,2.475231862779e-01,2.503785589666e-01,2.530595935967e-01,2.555751025057e-01,2.579333993828e-01,2.601423316327e-01,2.622093103226e-01,2.641413379825e-01,2.659450344313e-01,2.676266607385e-01,2.691921413906e-01,2.706470848714e-01,2.719968031416e-01,2.732463293111e-01,2.744004343750e-01,2.754636427019e-01,2.764402466647e-01,2.773343200415e-01,2.781497306719e-01,2.788901522294e-01,2.795590753602e-01,2.801598179380e-01,2.806955347216e-01,2.811692263951e-01,2.815837481199e-01,2.819418174697e-01,2.822460218556e-01,2.824988255350e-01,2.827025762268e-01,2.828595113191e-01,2.829717636289e-01,2.830413668010e-01,2.830702606624e-01,2.830602958852e-01,2.830132386046e-01,2.829307746788e-01,2.828145138552e-01,2.826659934924e-01,2.824866821876e-01,2.822779831574e-01,2.820412375345e-01,2.817777273491e-01,2.814886783931e-01,2.811752629247e-01,2.808386022886e-01,2.804797693288e-01,2.800997906576e-01,2.796996488358e-01,2.792802844625e-01,2.788425981485e-01,2.783874523289e-01,2.779156729680e-01,2.774280513868e-01,2.769253457064e-01,2.764082823925e-01,2.758775576517e-01,2.753338388712e-01,2.747777658297e-01,2.742099519363e-01,2.736309853758e-01,2.730414302747e-01,2.724418277118e-01,2.718326967143e-01,2.712145352037e-01,2.705878209423e-01,2.699530123840e-01,2.693105494760e-01,2.686608544453e-01,2.680043325664e-01,2.673413728859e-01,2.666723488745e-01,2.659976190402e-01,2.653175276573e-01,2.646324052619e-01,2.639425692452e-01,2.632483243730e-01,2.625499633560e-01,2.618477672908e-01,2.611420061398e-01,2.604329391692e-01,2.597208154165e-01,2.590058740728e-01,2.582883448731e-01,2.575684484677e-01,2.568463968043e-01,2.561223934634e-01,2.553966339742e-01,2.546693061321e-01,2.539405903105e-01,2.532106597560e-01,2.524796808489e-01,2.517478133524e-01,2.510152107212e-01,2.502820202970e-01,2.495483835567e-01,2.488144363289e-01,2.480803090326e-01,2.473461268599e-01,2.466120099798e-01,2.458780737235e-01,2.451444287807e-01,2.444111813628e-01,2.436784333709e-01,2.429462825567e-01,2.422148226830e-01,2.414841436684e-01,2.407543317281e-01,2.400254695125e-01,2.392976362408e-01,2.385709078250e-01,2.378453569914e-01
-6.014177127858e+00,-5.352746874000e+00,-4.782101944976e+00,-4.286632656641e+00,-3.853930986936e+00,-3.474035101729e+00,-3.138873766337e+00,-2.841852443731e+00,-2.577541265387e+00,-2.341437213648e+00,-2.129781020384e+00,-1.939414865674e+00,-1.767670815022e+00,-1.612282639559e+00,-1.471315586644e+00,-1.343110046597e+00,-1.226236062472e+00,-1.119456363529e+00,-1.021696147059e+00,-9.320182378417e-01,-8.496025595040e-01,-7.737290843995e-01,-7.037636050935e-01,-6.391458065265e-01,-5.793792241188e-01,-5.240227548549e-01,-4.726834532030e-01,-4.250103946816e-01,-3.806894302303e-01,-3.394386867225e-01,-3.010046951610e-01,-2.651590484219e-01,-2.316955074432e-01,-2.004274887163e-01,-1.711858767021e-01,-1.438171140725e-01,-1.181815302121e-01,-9.415187492864e-02,-7.161202887934e-02,-5.045586672792e-02,-3.058625317332e-02,-1.191415420434e-02,5.642151666123e-03,2.215777392472e-02,3.770183413868e-02,5.233802280067e-02,6.612509688693e-02,7.911732527756e-02,9.136488827073e-02,1.029142366349e-01,1.138084142792e-01,1.240873491928e-01,1.337881161325e-01,1.429451737741e-01,1.515905793842e-01,1.597541834265e-01,1.674638062327e-01,1.747453982600e-01,1.816231860173e-01,1.881198051880e-01,1.942564216917e-01,2.000528422314e-01,2.055276157867e-01,2.106981258758e-01,2.155806753762e-01,2.201905643669e-01,2.245421614455e-01,2.286489692166e-01,2.325236845839e-01,2.361782544308e-01,2.396239265615e-01,2.428712968807e-01,2.459303530753e-01,2.488105147351e-01,2.515206705074e-01,2.540692125441e-01,2.564640684787e-01,2.587127308206e-01,2.608222843509e-01,2.627994317418e-01,2.646505170463e-01,2.663815475635e-01,2.679982145812e-01,2.695059121432e-01,2.709097548137e-01,2.722145942927e-01,2.734250347971e-01,2.745454473854e-01,2.755799833949e-01,2.765325871505e-01,2.774070075350e-01,2.782068089903e-01,2.789353819278e-01,2.795959522792e-01,2.801915904984e-01,2.807252200593e-01,2.811996254898e-01,2.816174597075e-01,2.819812510223e-01,2.822934098727e-01,2.825562348995e-01,2.827719186846e-01,2.829425534853e-01,2.830701361813e-01,2.831565731697e-01,2.832036850234e-01,2.832132107852e-01,2.831868119927e-01,2.831260765253e-01,2.830325223573e-01,2.829076008475e-01,2.827526999907e-01,2.825691475806e-01,2.823582140366e-01,2.821211151206e-01,2.818590145525e-01,2.815730265340e-01,2.812642179739e-01,2.809336106877e-01,2.805821836041e-01,2.802108746509e-01,2.798205825661e-01,2.794121688766e-01,2.789864594206e-01,2.785442459792e-01,2.780862878595e-01,2.776133133219e-01,2.771260209177e-01,2.766250807985e-01,2.761111360532e-01,2.755848037848e-01,2.750466762449e-01,2.744973219814e-01,2.739372868054e-01,2.733670947460e-01,2.727872489928e-01,2.721982328279e-01,2.716005103936e-01,2.709945274913e-01,2.703807124324e-01,2.697594766987e-01,2.691312155912e-01,2.684963090347e-01,2.678551220916e-01,2.672080055862e-01,2.665552967239e-01,2.658973196285e-01,2.652343858424e-01,2.645667948329e-01,2.638948345365e-01,2.632187817474e-01,2.625389025652e-01,2.618554528663e-01,2.611686786719e-01,2.604788165237e-01,2.597860938645e-01,2.590907294236e-01,2.583929335094e-01,2.576929083333e-01,2.569908483738e-01,2.562869406313e-01,2.555813648883e-01,2.548742940640e-01,2.541658944075e-01,2.534563257612e-01,2.527457418255e-01,2.520342903803e-01,2.513221134943e-01,2.506093477398e-01,2.498961244272e-01,2.491825697656e-01,2.484688050572e-01,2.477549468994e-01,2.470411073423e-01,2.463273940526e-01,2.456139104799e-01,2.449007560196e-01,2.441880261461e-01,2.434758125570e-01,2.427642033237e-01,2.420532830104e-01
-6.445028889073e+00,-5.741801569847e+00,-5.134966284226e+00,-4.607956182945e+00,-4.147601738705e+00,-3.743329199842e+00,-3.386571099531e+00,-3.070327086757e+00,-2.788832838996e+00,-2.537307708838e+00,-2.311760428402e+00,-2.108838102728e+00,-1.925707817104e+00,-1.759963057716e+00,-1.609549179224e+00,-1.472703617277e+00,-1.347907608060e+00,-1.233846953274e+00,-1.129379946044e+00,-1.033511004178e+00,-9.453688796717e-01,-8.641885596782e-01,-7.892961624158e-01,-7.200962747577e-01,-6.560612916258e-01,-5.967224037354e-01,-5.416619491140e-01,-4.905068979178e-01,-4.429232827520e-01,-3.986114212700e-01,-3.573018048702e-01,-3.187515495430e-01,-2.827413230980e-01,-2.490726769106e-01,-2.175657226084e-01,-1.880571039986e-01,-1.603982218397e-01,-1.344536762829e-01,-1.100998972682e-01,-8.722393704495e-02,-6.572240352648e-02,-4.550051630708e-02,-2.647126869683e-02,-8.554683510130e-03,8.322849959636e-03,2.422916769930e-02,3.922685941747e-02,5.337374195248e-02,6.672328400891e-02,7.932498727334e-02,9.122472960511e-02,1.024650743906e-01,1.130855493395e-01,1.231228987507e-01,1.326113118575e-01,1.415826294425e-01,1.500665316432e-01,1.580907085718e-01,1.656810152751e-01,1.728616132011e-01,1.796550991397e-01,1.860826226172e-01,1.921639938813e-01,1.979177819957e-01,2.033614050378e-01,2.085112130314e-01,2.133825635627e-01,2.179898915708e-01,2.223467736937e-01,2.264659870628e-01,2.303595637884e-01,2.340388413047e-01,2.375145084664e-01,2.407966484444e-01,2.438947784200e-01,2.468178860096e-01,2.495744633021e-01,2.521725383795e-01,2.546197043091e-01,2.569231463554e-01,2.590896671910e-01,2.611257100313e-01,2.630373807827e-01,2.648304680027e-01,2.665104618111e-01,2.680825717132e-01,2.695517427699e-01,2.709226709718e-01,2.721998177359e-01,2.733874230626e-01,2.744895181140e-01,2.755099370631e-01,2.764523278581e-01,2.773201625754e-01,2.781167471470e-01,2.788452302146e-01,2.795086117001e-01,2.801097508224e-01,2.806513734178e-01,2.811360790741e-01,2.815663477765e-01,2.819445459047e-01,2.822729324035e-01,2.825536640359e-01,2.827888005999e-01,2.829803100054e-01,2.831300726777e-01,2.832398859491e-01,2.833114683132e-01,2.833464631170e-01,2.833464422771e-01,2.833129098541e-01,2.832473051606e-01,2.831510059219e-01,2.830253312844e-01,2.828715444428e-01,2.826908553424e-01,2.824844232130e-01,2.822533588005e-01,2.819987266874e-01,2.817215474419e-01,2.814227994527e-01,2.811034210911e-01,2.807643123163e-01,2.804063364158e-01,2.800303217831e-01,2.796370633029e-01,2.792273238573e-01,2.788018358416e-01,2.783613023514e-01,2.779063984928e-01,2.774377726755e-01,2.769560476338e-01,2.764618215717e-01,2.759556692653e-01,2.754381429445e-01,2.749097732990e-01,2.743710704158e-01,2.738225245447e-01,2.732646069857e-01,2.726977708939e-01,2.721224518973e-01,2.715390689996e-01,2.709480251097e-01,2.703497077087e-01,2.697444895775e-01,2.691327292690e-01,2.685147716996e-01,2.678909487730e-01,2.672615797942e-01,2.666269719963e-01,2.659874210745e-01,2.653432115507e-01,2.646946172445e-01,2.640419017291e-01,2.633853186542e-01,2.627251121682e-01,2.620615173066e-01,2.613947602791e-01,2.607250588494e-01,2.600526226702e-01,2.593776535090e-01,2.587003456641e-01,2.580208861511e-01,2.573394549878e-01,2.566562255181e-01,2.559713645886e-01,2.552850328050e-01,2.545973848084e-01,2.539085694366e-01,2.532187299552e-01,2.525280042931e-01,2.518365251904e-01,2.511444204068e-01,2.504518129220e-01,2.497588210720e-01,2.490655587369e-01,2.483721355110e-01,2.476786568293e-01,2.469852241363e-01,2.462919350318e-01
-6.918261723706e+00,-6.169214882718e+00,-5.522705523339e+00,-4.961117724827e+00,-4.470447323888e+00,-4.039449874751e+00,-3.659014006788e+00,-3.321694564993e+00,-3.021360632018e+00,-2.752927248613e+00,-2.512148847827e+00,-2.295458705658e+00,-2.099843066119e+00,-1.922741641915e+00,-1.761968365487e+00,-1.615647817054e+00,-1.482163884822e+00,-1.360118043748e+00,-1.248295247491e+00,-1.145635888565e+00,-1.051212624844e+00,-9.642111307637e-01,-8.839140335042e-01,-8.096874453690e-01,-7.409696250184e-01,-6.772613915165e-01,-6.181179887263e-01,-5.631421549123e-01,-5.119781979841e-01,-4.643069132482e-01,-4.198412096041e-01,-3.783223338720e-01,-3.395166013962e-01,-3.032125572754e-01,-2.692185044746e-01,-2.373603456308e-01,-2.074796943422e-01,-1.794322176417e-01,-1.530861784638e-01,-1.283211508237e-01,-1.050268844764e-01,-8.310230034980e-02,-6.245459865842e-02,-4.299846682242e-02,-2.465537358757e-02,-7.352939333110e-03,8.975626516374e-03,2.439202973901e-02,3.895334299484e-02,5.271241194528e-02,6.571822069032e-02,7.801622071853e-02,8.964862832905e-02,1.006546929407e-01,1.110709401450e-01,1.209313921689e-01,1.302677674634e-01,1.391096626276e-01,1.474847175233e-01,1.554187657406e-01,1.629359721939e-01,1.700589580352e-01,1.768089157508e-01,1.832057136146e-01,1.892679919642e-01,1.950132513376e-01,2.004579331134e-01,2.056174941849e-01,2.105064750116e-01,2.151385626670e-01,2.195266489510e-01,2.236828836189e-01,2.276187240822e-01,2.313449808187e-01,2.348718595903e-01,2.382090006902e-01,2.413655148249e-01,2.443500169253e-01,2.471706571200e-01,2.498351495522e-01,2.523507994976e-01,2.547245279017e-01,2.569628950623e-01,2.590721218666e-01,2.610581101246e-01,2.629264613807e-01,2.646824942224e-01,2.663312609578e-01,2.678775626202e-01,2.693259633526e-01,2.706808038670e-01,2.719462137113e-01,2.731261232544e-01,2.742242744584e-01,2.752442311798e-01,2.761893889790e-01,2.770629839163e-01,2.778681012891e-01,2.786076834954e-01,2.792845374798e-01,2.799013420314e-01,2.804606540671e-01,2.809649152785e-01,2.814164576938e-01,2.818175093863e-01,2.821701997289e-01,2.824765641461e-01,2.827385490349e-01,2.829580159247e-01,2.831367457093e-01,2.832764426477e-01,2.833787378713e-01,2.834451931152e-01,2.834773038671e-01,2.834765025153e-01,2.834441614515e-01,2.833815956683e-01,2.832900656164e-01,2.831707796257e-01,2.830248962491e-01,2.828535267242e-01,2.826577368336e-01,2.824385492678e-01,2.821969452987e-01,2.819338667516e-01,2.816502177728e-01,2.813468663478e-01,2.810246460951e-01,2.806843575830e-01,2.803267698252e-01,2.799526217066e-01,2.795626231214e-01,2.791574563872e-01,2.787377772891e-01,2.783042162097e-01,2.778573792998e-01,2.773978493289e-01,2.769261868055e-01,2.764429308213e-01,2.759485998964e-01,2.754436929680e-01,2.749286899698e-01,2.744040528434e-01,2.738702260671e-01,2.733276374549e-01,2.727766988375e-01,2.722178065924e-01,2.716513424137e-01,2.710776737562e-01,2.704971544437e-01,2.699101252495e-01,2.693169142931e-01,2.687178376613e-01,2.681131997809e-01,2.675032938762e-01,2.668884024720e-01,2.662687976875e-01,2.656447417369e-01,2.650164872506e-01,2.643842776119e-01,2.637483474055e-01,2.631089225971e-01,2.624662210183e-01,2.618204525354e-01,2.611718194100e-01,2.605205165885e-01,2.598667319017e-01,2.592106464276e-01,2.585524346506e-01,2.578922647330e-01,2.572302987732e-01,2.565666929565e-01,2.559015978474e-01,2.552351585355e-01,2.545675148383e-01,2.538988015306e-01,2.532291484599e-01,2.525586807797e-01,2.518875190852e-01,2.512157795630e-01,2.505435741966e-01
-7.439490112966e+00,-6.640072003584e+00,-5.949946387179e+00,-5.350344292465e+00,-4.826344180612e+00,-4.365964412476e+00,-3.959495778572e+00,-3.599004202641e+00,-3.277955808550e+00,-2.990931135434e+00,-2.733405083808e+00,-2.501575882912e+00,-2.292230986827e+00,-2.102641071904e+00,-1.930475602940e+00,-1.773735100459e+00,-1.630696440012e+00,-1.499868396713e+00,-1.379955302425e+00,-1.269827166481e+00,-1.168494982031e+00,-1.075090213475e+00,-9.888476776582e-01,-9.090911911235e-01,-8.352214859322e-01,-7.667059929941e-01,-7.030701710438e-01,-6.438901198105e-01,-5.887862648710e-01,-5.374179403076e-01,-4.894787264854e-01,-4.446924249889e-01,-4.028095735483e-01,-3.636044194978e-01,-3.268722845135e-01,-2.924272637498e-01,-2.601002118633e-01,-2.297369760114e-01,-2.011968414210e-01,-1.743511615631e-01,-1.490821474007e-01,-1.252817961013e-01,-1.028509399283e-01,-8.169840150996e-02,-6.174024087493e-02,-4.289908407513e-02,-2.510352279563e-02,-8.287576812086e-03,7.609787981433e-03,2.264509295985e-02,3.687073613342e-02,5.033534380216e-02,6.308408713522e-02,7.515896899648e-02,8.659908307973e-02,9.744084900856e-02,1.077182257159e-01,1.174629050845e-01,1.267044886390e-01,1.354706478075e-01,1.437872709238e-01,1.516785965436e-01,1.591673362899e-01,1.662747863185e-01,1.730209302589e-01,1.794245330310e-01,1.855032273093e-01,1.912735929021e-01,1.967512295912e-01,2.019508246266e-01,2.068862142742e-01,2.115704414090e-01,2.160158078322e-01,2.202339233427e-01,2.242357506219e-01,2.280316470226e-01,2.316314032881e-01,2.350442791894e-01,2.382790370850e-01,2.413439723939e-01,2.442469427204e-01,2.469953940526e-01,2.495963860719e-01,2.520566148089e-01,2.543824345318e-01,2.565798775975e-01,2.586546732907e-01,2.606122653354e-01,2.624578280957e-01,2.641962821083e-01,2.658323080182e-01,2.673703603628e-01,2.688146797085e-01,2.701693046790e-01,2.714380827842e-01,2.726246807978e-01,2.737325945035e-01,2.747651576199e-01,2.757255506212e-01,2.766168084267e-01,2.774418283416e-01,2.782033767571e-01,2.789040962694e-01,2.795465115926e-01,2.801330358043e-01,2.806659757516e-01,2.811475374221e-01,2.815798309467e-01,2.819648751850e-01,2.823046023875e-01,2.826008620954e-01,2.828554254566e-01,2.830699886520e-01,2.832461766925e-01,2.833855466329e-01,2.834895908014e-01,2.835597398609e-01,2.835973655202e-01,2.836037834682e-01,2.835802556519e-01,2.835279930281e-01,2.834481575329e-01,2.833418646232e-01,2.832101850347e-01,2.830541470080e-01,2.828747380055e-01,2.826729065689e-01,2.824495640292e-01,2.822055860228e-01,2.819418142027e-01,2.816590574573e-01,2.813580935811e-01,2.810396703347e-01,2.807045069048e-01,2.803532949885e-01,2.799866999768e-01,2.796053620855e-01,2.792098972825e-01,2.788008984615e-01,2.783789361630e-01,2.779445597295e-01,2.774982979024e-01,2.770406599204e-01,2.765721360548e-01,2.760931985567e-01,2.756043022505e-01,2.751058852778e-01,2.745983697637e-01,2.740821623713e-01,2.735576550359e-01,2.730252253565e-01,2.724852373573e-01,2.719380418153e-01,2.713839769139e-01,2.708233686368e-01,2.702565312602e-01,2.696837678231e-01,2.691053704691e-01,2.685216209847e-01,2.679327910246e-01,2.673391426669e-01,2.667409285804e-01,2.661383925642e-01,2.655317696985e-01,2.649212867995e-01,2.643071626345e-01,2.636896082541e-01,2.630688272785e-01,2.624450161158e-01,2.618183643113e-01,2.611890546719e-01,2.605572636459e-01,2.599231614203e-01,2.592869122394e-01,2.586486745583e-01,2.580086012663e-01,2.573668398990e-01,2.567235327765e-01,2.560788172635e-01,2.554328258455e-01,2.547856864034e-01
-8.015285527998e+00,-7.160325182516e+00,-6.422104753130e+00,-5.780584117321e+00,-5.219830382661e+00,-4.727049183894e+00,-4.291872208712e+00,-3.905826348140e+00,-3.561933462361e+00,-3.254405293083e+00,-2.978408548161e+00,-2.729882304287e+00,-2.505394838673e+00,-2.302030451937e+00,-2.117299321379e+00,-1.949065180032e+00,-1.795486910741e+00,-1.654971076893e+00,-1.526133114987e+00,-1.407765428132e+00,-1.298811015899e+00,-1.198341568698e+00,-1.105539185720e+00,-1.019681046277e+00,-9.401265038374e-01,-8.663061738421e-01,-7.977126724752e-01,-7.338927264240e-01,-6.744404274065e-01,-6.189914453298e-01,-5.672180479143e-01,-5.188248009537e-01,-4.735448450145e-01,-4.311366622360e-01,-3.913812606814e-01,-3.540797161948e-01,-3.190510204545e-01,-2.861301929564e-01,-2.551666201004e-01,-2.260225913007e-01,-1.985720053115e-01,-1.726992252349e-01,-1.482980621630e-01,-1.252708723660e-01,-1.035277524381e-01,-8.298582191457e-02,-6.356858120778e-02,-4.520533745711e-02,-2.783068875324e-02,-1.138406152522e-02,4.190706504171e-03,1.894574142540e-02,3.292947243484e-02,4.618693780543e-02,5.876006252658e-02,7.068790928937e-02,8.200690692123e-02,9.275105736615e-02,1.029521246067e-01,1.126398062186e-01,1.218418903970e-01,1.305843987361e-01,1.388917175380e-01,1.467867170339e-01,1.542908616555e-01,1.614243101321e-01,1.682060084003e-01,1.746537740124e-01,1.807843747294e-01,1.866135999780e-01,1.921563275856e-01,1.974265844998e-01,2.024376036588e-01,2.072018757725e-01,2.117311979526e-01,2.160367180231e-01,2.201289762396e-01,2.240179433339e-01,2.277130564138e-01,2.312232517343e-01,2.345569956964e-01,2.377223130721e-01,2.407268140269e-01,2.435777183608e-01,2.462818790995e-01,2.488458034986e-01,2.512756736027e-01,2.535773645191e-01,2.557564623781e-01,2.578182802724e-01,2.597678739830e-01,2.616100559203e-01,2.633494089233e-01,2.649902984834e-01,2.665368848785e-01,2.679931339185e-01,2.693628276350e-01,2.706495737513e-01,2.718568151169e-01,2.729878380735e-01,2.740457808109e-01,2.750336406962e-01,2.759542818428e-01,2.768104414267e-01,2.776047365193e-01,2.783396696572e-01,2.790176349361e-01,2.796409229561e-01,2.802117262623e-01,2.807321437455e-01,2.812041855051e-01,2.816297767747e-01,2.820107622739e-01,2.823489097175e-01,2.826459137137e-01,2.829033989093e-01,2.831229234840e-01,2.833059819762e-01,2.834540084177e-01,2.835683788791e-01,2.836504142960e-01,2.837013827001e-01,2.837225019002e-01,2.837149413439e-01,2.836798246250e-01,2.836182311354e-01,2.835311983370e-01,2.834197232509e-01,2.832847645147e-01,2.831272437291e-01,2.829480473214e-01,2.827480277659e-01,2.825280052724e-01,2.822887688956e-01,2.820310780648e-01,2.817556635955e-01,2.814632290749e-01,2.811544517875e-01,2.808299839689e-01,2.804904536562e-01,2.801364658319e-01,2.797686031540e-01,2.793874271040e-01,2.789934785366e-01,2.785872787946e-01,2.781693301928e-01,2.777401170378e-01,2.773001060710e-01,2.768497473999e-01,2.763894749062e-01,2.759197070946e-01,2.754408474705e-01,2.749532853136e-01,2.744573960294e-01,2.739535418522e-01,2.734420721743e-01,2.729233241851e-01,2.723976231799e-01,2.718652831394e-01,2.713266070219e-01,2.707818872956e-01,2.702314061756e-01,2.696754361897e-01,2.691142403131e-01,2.685480725354e-01,2.679771779755e-01,2.674017934010e-01,2.668221473384e-01,2.662384605477e-01,2.656509461291e-01,2.650598099555e-01,2.644652507771e-01,2.638674606143e-01,2.632666248615e-01,2.626629226428e-01,2.620565269157e-01,2.614476047922e-01,2.608363176426e-01,2.602228213852e-01,2.596072665897e-01,2.589897987430e-01
-8.653378569712e+00,-7.736976910670e+00,-6.945552408149e+00,-6.257659086927e+00,-5.656245509034e+00,-5.127618431695e+00,-4.660680558143e+00,-4.246362590248e+00,-3.877195005803e+00,-3.546981632762e+00,-3.250548289385e+00,-2.983547405905e+00,-2.742304823473e+00,-2.523698689216e+00,-2.325062985516e+00,-2.144110138974e+00,-1.978868513269e+00,-1.827631608772e+00,-1.688916527839e+00,-1.561429826847e+00,-1.444039291424e+00,-1.335750490127e+00,-1.235687205680e+00,-1.143075026972e+00,-1.057227533904e+00,-9.775346161743e-01,-9.034525588907e-01,-8.344955957864e-01,-7.702286875095e-01,-7.102613261907e-01,-6.542422031269e-01,-6.018546050722e-01,-5.528124276587e-01,-5.068567132606e-01,-4.637526361808e-01,-4.232868701294e-01,-3.852652840139e-01,-3.495109197596e-01,-3.158622137958e-01,-2.841714290134e-01,-2.543032693721e-01,-2.261336533918e-01,-1.995486256185e-01,-1.744433894577e-01,-1.507214451685e-01,-1.282938211583e-01,-1.070783864254e-01,-8.699923511062e-02,-6.798613432327e-02,-4.997402799927e-02,-3.290259061907e-02,-1.671582463036e-02,-1.361697603289e-03,1.320818644406e-02,2.703888376091e-02,4.017238063536e-02,5.264783749962e-02,6.450181139556e-02,7.576845795577e-02,8.647971569992e-02,9.666547406458e-02,1.063537266580e-01,1.155707119114e-01,1.243410410118e-01,1.326878159656e-01,1.406327371713e-01,1.481962027214e-01,1.553973993222e-01,1.622543860944e-01,1.687841717723e-01,1.750027856359e-01,1.809253433623e-01,1.865661072252e-01,1.919385425079e-01,1.970553687927e-01,2.019286083385e-01,2.065696300883e-01,2.109891911347e-01,2.151974747176e-01,2.192041257995e-01,2.230182840419e-01,2.266486142829e-01,2.301033354344e-01,2.333902466003e-01,2.365167522528e-01,2.394898850058e-01,2.423163273892e-01,2.450024318451e-01,2.475542395643e-01,2.499774981270e-01,2.522776777969e-01,2.544599871619e-01,2.565293872189e-01,2.584906052985e-01,2.603481472974e-01,2.621063099854e-01,2.637691918102e-01,2.653407036529e-01,2.668245784969e-01,2.682243807834e-01,2.695435151340e-01,2.707852343907e-01,2.719526476626e-01,2.730487271971e-01,2.740763156015e-01,2.750381320248e-01,2.759367784530e-01,2.767747453524e-01,2.775544171338e-01,2.782780773385e-01,2.789479133569e-01,2.795660212273e-01,2.801344096842e-01,2.806550046167e-01,2.811296525752e-01,2.815601248095e-01,2.819481204480e-01,2.822952700348e-01,2.826031385046e-01,2.828732282329e-01,2.831069818609e-01,2.833057848341e-01,2.834709682169e-01,2.836038107619e-01,2.837055415109e-01,2.837773417315e-01,2.838203471540e-01,2.838356498437e-01,2.838243000985e-01,2.837873082743e-01,2.837256463692e-01,2.836402498164e-01,2.835320187796e-01,2.834018199136e-01,2.832504874460e-01,2.830788248059e-01,2.828876056405e-01,2.826775752196e-01,2.824494514619e-01,2.822039261037e-01,2.819416657588e-01,2.816633128125e-01,2.813694866071e-01,2.810607840817e-01,2.807377809003e-01,2.804010320962e-01,2.800510730081e-01,2.796884199695e-01,2.793135710619e-01,2.789270068517e-01,2.785291909725e-01,2.781205709090e-01,2.777015784202e-01,2.772726303622e-01,2.768341290040e-01,2.763864628030e-01,2.759300067239e-01,2.754651228879e-01,2.749921609475e-01,2.745114585954e-01,2.740233420075e-01,2.735281261778e-01,2.730261154953e-01,2.725176039175e-01,2.720028755352e-01,2.714822047808e-01,2.709558568740e-01,2.704240880926e-01,2.698871461040e-01,2.693452702950e-01,2.687986919982e-01,2.682476348769e-01,2.676923150534e-01,2.671329415399e-01,2.665697163060e-01,2.660028346896e-01,2.654324854835e-01,2.648588512667e-01,2.642821085463e-01,2.637024279996e-01,2.631199746757e-01
-9.362912667745e+00,-8.378309832630e+00,-7.527826353500e+00,-6.788456077251e+00,-6.141906212132e+00,-5.573485931671e+00,-5.071288890588e+00,-4.625584112638e+00,-4.228356708893e+00,-3.872957771262e+00,-3.553834767960e+00,-3.266321975598e+00,-3.006476151831e+00,-2.770946624447e+00,-2.556871809707e+00,-2.361796188811e+00,-2.183603253138e+00,-2.020461004700e+00,-1.870777395593e+00,-1.733163692113e+00,-1.606404191550e+00,-1.489431065984e+00,-1.381303365378e+00,-1.281189411670e+00,-1.188351974395e+00,-1.102135736076e+00,-1.021956652655e+00,-9.472928892078e-01,-8.776770694440e-01,-8.126896268367e-01,-7.519530816504e-01,-6.951270998261e-01,-6.419042141084e-01,-5.920061079502e-01,-5.451803793415e-01,-5.011977150846e-01,-4.598494171909e-01,-4.209452320993e-01,-3.843114413790e-01,-3.497891782204e-01,-3.172329401478e-01,-2.865092720610e-01,-2.574955975654e-01,-2.300791803644e-01,-2.041561988177e-01,-1.796309202488e-01,-1.564149629096e-01,-1.344266346813e-01,-1.135903403790e-01,-9.383604873797e-02,-7.509881302089e-02,-5.731833894223e-02,-4.043859434493e-02,-2.440745688179e-02,-9.176394530195e-03,5.299823602485e-03,1.906338990654e-02,3.215369716373e-02,4.460755546339e-02,5.645939044300e-02,6.774142360245e-02,7.848383716372e-02,8.871492510009e-02,9.846123075372e-02,1.077476735119e-01,1.165976647403e-01,1.250332140939e-01,1.330750277353e-01,1.407425979931e-01,1.480542865697e-01,1.550274008626e-01,1.616782643870e-01,1.680222821677e-01,1.740740005617e-01,1.798471632435e-01,1.853547625561e-01,1.906090872471e-01,1.956217669468e-01,2.004038129289e-01,2.049656566121e-01,2.093171847854e-01,2.134677725733e-01,2.174263144140e-01,2.212012522801e-01,2.248006025697e-01,2.282319809161e-01,2.315026252108e-01,2.346194175965e-01,2.375889043316e-01,2.404173149894e-01,2.431105800551e-01,2.456743474123e-01,2.481139981281e-01,2.504346606684e-01,2.526412248413e-01,2.547383544290e-01,2.567304991984e-01,2.586219063789e-01,2.604166309747e-01,2.621185460597e-01,2.637313519480e-01,2.652585850155e-01,2.667036262755e-01,2.680697088835e-01,2.693599257476e-01,2.705772364589e-01,2.717244737142e-01,2.728043498197e-01,2.738194622173e-01,2.747722992650e-01,2.756652453727e-01,2.765005858714e-01,2.772805119205e-01,2.780071246401e-01,2.786824395641e-01,2.793083904585e-01,2.798868330741e-01,2.804195488735e-01,2.809082481512e-01,2.813545735138e-01,2.817601027339e-01,2.821263516264e-01,2.824547770089e-01,2.827467790182e-01,2.830037037749e-01,2.832268457022e-01,2.834174496325e-01,2.835767131888e-01,2.837057885234e-01,2.838057844523e-01,2.838777682061e-01,2.839227671105e-01,2.839417704419e-01,2.839357307626e-01,2.839055656514e-01,2.838521590162e-01,2.837763624608e-01,2.836789967310e-01,2.835608527478e-01,2.834226930307e-01,2.832652526800e-01,2.830892404572e-01,2.828953400062e-01,2.826842106088e-01,2.824564882923e-01,2.822127867101e-01,2.819536979037e-01,2.816797933426e-01,2.813916244856e-01,2.810897237123e-01,2.807746049831e-01,2.804467644839e-01,2.801066814496e-01,2.797548186007e-01,2.793916229345e-01,2.790175262088e-01,2.786329454993e-01,2.782382838476e-01,2.778339306051e-01,2.774202621119e-01,2.769976420482e-01,2.765664218840e-01,2.761269414618e-01,2.756795292287e-01,2.752245027650e-01,2.747621691510e-01,2.742928252564e-01,2.738167582616e-01,2.733342458201e-01,2.728455565221e-01,2.723509501599e-01,2.718506779927e-01,2.713449831608e-01,2.708341008127e-01,2.703182585136e-01,2.697976764276e-01,2.692725675663e-01,2.687431381123e-01,2.682095875222e-01,2.676721088880e-01,2.671308890595e-01
-1.015476492203e+01,-9.094177514622e+00,-8.177893516751e+00,-7.381168943354e+00,-6.684328274312e+00,-6.071569467719e+00,-5.530084960891e+00,-5.049406703449e+00,-4.620912291315e+00,-4.237448477911e+00,-3.893041251394e+00,-3.582670463917e+00,-3.302093105385e+00,-3.047703591718e+00,-2.816422467332e+00,-2.605607111200e+00,-2.412979616183e+00,-2.236568167403e+00,-2.074659112869e+00,-1.925757555060e+00,-1.788554775271e+00,-1.661901172468e+00,-1.544783675471e+00,-1.436306802627e+00,-1.335676713065e+00,-1.242187721460e+00,-1.155210850714e+00,-1.074184079300e+00,-9.986040022766e-01,-9.280186767412e-01,-8.620214639142e-01,-8.002457120684e-01,-7.423601519406e-01,-6.880648977583e-01,-6.370879644758e-01,-5.891822267082e-01,-5.441227564522e-01,-5.017044867805e-01,-4.617401567083e-01,-4.240584991887e-01,-3.885026401656e-01,-3.549286809118e-01,-3.232044400426e-01,-2.932083353311e-01,-2.648283875447e-01,-2.379613313650e-01,-2.125118208087e-01,-1.883917174062e-01,-1.655194516662e-01,-1.438194495270e-01,-1.232216159007e-01,-1.036608693387e-01,-8.507672206569e-02,-6.741290000551e-02,-5.061699913923e-02,-3.464017393916e-02,-1.943685419519e-02,-4.964488179032e-03,8.816691398312e-03,2.194388076819e-02,3.445189935769e-02,4.637336746667e-02,5.773886889060e-02,6.857709931750e-02,7.891500262440e-02,8.877789602498e-02,9.818958455433e-02,1.071724666794e-01,1.157476314056e-01,1.239349474393e-01,1.317531457700e-01,1.392198956217e-01,1.463518744957e-01,1.531648333089e-01,1.596736562268e-01,1.658924161364e-01,1.718344264539e-01,1.775122885412e-01,1.829379360790e-01,1.881226764100e-01,1.930772285241e-01,1.978117586847e-01,2.023359137530e-01,2.066588517426e-01,2.107892706358e-01,2.147354353771e-01,2.185052026269e-01,2.221060442700e-01,2.255450693159e-01,2.288290441147e-01,2.319644116618e-01,2.349573094291e-01,2.378135859804e-01,2.405388169317e-01,2.431383195090e-01,2.456171662894e-01,2.479801984875e-01,2.502320378422e-01,2.523770981421e-01,2.544195961832e-01,2.563635616674e-01,2.582128467981e-01,2.599711354655e-01,2.616419514550e-01,2.632286664967e-01,2.647345079623e-01,2.661625657252e-01,2.675157989940e-01,2.687970427016e-01,2.700090133042e-01,2.711543146152e-01,2.722354431009e-01,2.732547928140e-01,2.742146604067e-01,2.751172495092e-01,2.759646749520e-01,2.767589671057e-01,2.775020754678e-01,2.781958723788e-01,2.788421566506e-01,2.794426566471e-01,2.799990334558e-01,2.805128840272e-01,2.809857437659e-01,2.814190892682e-01,2.818143410135e-01,2.821728655739e-01,2.824959780283e-01,2.827849442016e-01,2.830409825920e-01,2.832652665104e-01,2.834589259269e-01,2.836230491653e-01,2.837586848134e-01,2.838668432279e-01,2.839484980352e-01,2.840045878520e-01,2.840360174771e-01,2.840436592982e-01,2.840283547222e-01,2.839909152333e-01,2.839321236134e-01,2.838527352164e-01,2.837534788542e-01,2.836350578784e-01,2.834981512872e-01,2.833434144912e-01,2.831714803083e-01,2.829829598666e-01,2.827784432984e-01,2.825585006585e-01,2.823236826443e-01,2.820745212315e-01,2.818115305292e-01,2.815352073357e-01,2.812460317278e-01,2.809444678625e-01,2.806309643755e-01,2.803059549858e-01,2.799698591468e-01,2.796230824177e-01,2.792660169942e-01,2.788990423037e-01,2.785225253075e-01,2.781368209819e-01,2.777422728393e-01,2.773392131911e-01,2.769279636130e-01,2.765088353517e-01,2.760821295798e-01,2.756481378442e-01,2.752071423693e-01,2.747594163068e-01,2.743052241707e-01,2.738448220465e-01,2.733784578390e-01,2.729063716950e-01,2.724287961209e-01,2.719459562705e-01,2.714580702755e-01,2.709653493686e-01
-1.104195517352e+01,-9.896375182783e+00,-8.906488278396e+00,-8.045607082527e+00,-7.292509763111e+00,-6.630151576870e+00,-6.044717090003e+00,-5.524913936689e+00,-5.061440277439e+00,-4.646578815923e+00,-4.273884149853e+00,-3.937939730249e+00,-3.634167274352e+00,-3.358676087203e+00,-3.108143027984e+00,-2.879716204561e+00,-2.670937183587e+00,-2.479677762674e+00,-2.304088272239e+00,-2.142555065901e+00,-1.993665381786e+00,-1.856178150581e+00,-1.728999628484e+00,-1.611162964444e+00,-1.501810994007e+00,-1.400181690573e+00,-1.305595814988e+00,-1.217446392831e+00,-1.135189717000e+00,-1.058337628056e+00,-9.864508693486e-01,-9.191333496221e-01,-8.560271742428e-01,-7.968083295621e-01,-7.411829244755e-01,-6.888839084578e-01,-6.396681982641e-01,-5.933141563891e-01,-5.496193728769e-01,-5.083987095749e-01,-4.694825720051e-01,-4.327153790925e-01,-3.979542052460e-01,-3.650675731891e-01,-3.339343785813e-01,-3.044429302112e-01,-2.764900920216e-01,-2.499805146956e-01,-2.248259462179e-01,-2.009446124010e-01,-1.782606594547e-01,-1.567036514405e-01,-1.362081165095e-01,-1.167131369291e-01,-9.816197782420e-02,-8.050175039069e-02,-6.368310655134e-02,-4.765996124124e-02,-3.238923952888e-02,-1.783064640337e-02,-3.946456718170e-03,9.298676709403e-03,2.193789872218e-02,3.400231224331e-02,4.552112547327e-02,5.652178707750e-02,6.703011005731e-02,7.707038567621e-02,8.666548842708e-02,9.583697262779e-02,1.046051613400e-01,1.129892285511e-01,1.210072751920e-01,1.286763990728e-01,1.360127597378e-01,1.430316387781e-01,1.497474952463e-01,1.561740172793e-01,1.623241701596e-01,1.682102407050e-01,1.738438785775e-01,1.792361347619e-01,1.843974975434e-01,1.893379256429e-01,1.940668793188e-01,1.985933495381e-01,2.029258849143e-01,2.070726169409e-01,2.110412837184e-01,2.148392520599e-01,2.184735380486e-01,2.219508264274e-01,2.252774888816e-01,2.284596008494e-01,2.315029574516e-01,2.344130886934e-01,2.371952732786e-01,2.398545518181e-01,2.423957393870e-01,2.448234370942e-01,2.471420430172e-01,2.493557625487e-01,2.514686182901e-01,2.534844590189e-01,2.554069683488e-01,2.572396730440e-01,2.589859505957e-01,2.606490364445e-01,2.622320309360e-01,2.637379058133e-01,2.651695102405e-01,2.665295766289e-01,2.678207262541e-01,2.690454742758e-01,2.702062346400e-01,2.713053249495e-01,2.723449706639e-01,2.733273092909e-01,2.742543944872e-01,2.751281997331e-01,2.759506218652e-01,2.767234844773e-01,2.774485412808e-01,2.781274789823e-01,2.787619202024e-01,2.793534263784e-01,2.799035002873e-01,2.804135885079e-01,2.808850838822e-01,2.813193277881e-01,2.817176122033e-01,2.820811817861e-01,2.824112359489e-01,2.827089305756e-01,2.829753797899e-01,2.832116578387e-01,2.834188005271e-01,2.835978067714e-01,2.837496401902e-01,2.838752304359e-01,2.839754745070e-01,2.840512380420e-01,2.841033566671e-01,2.841326370149e-01,2.841398578559e-01,2.841257712901e-01,2.840911036832e-01,2.840365566162e-01,2.839628078944e-01,2.838705124532e-01,2.837603031407e-01,2.836327915646e-01,2.834885689806e-01,2.833282069234e-01,2.831522579243e-01,2.829612563631e-01,2.827557189810e-01,2.825361455282e-01,2.823030194741e-01,2.820568085333e-01,2.817979652033e-01,2.815269273155e-01,2.812441186555e-01,2.809499493348e-01,2.806448162804e-01,2.803291037934e-01,2.800031839190e-01,2.796674168458e-01,2.793221513729e-01,2.789677253083e-01,2.786044657837e-01,2.782326896369e-01,2.778527038417e-01,2.774648057425e-01,2.770692833729e-01,2.766664158933e-01,2.762564737680e-01,2.758397190603e-01,2.754164057894e-01,2.749867801474e-01,2.745510807375e-01
-1.204017214001e+01,-1.079911657067e+01,-9.726546614842e+00,-8.793592335847e+00,-7.977295260436e+00,-7.259214957978e+00,-6.624404027918e+00,-6.060644278889e+00,-5.557870754051e+00,-5.107732624184e+00,-4.703255022161e+00,-4.338576155075e+00,-4.008741148535e+00,-3.709539056874e+00,-3.437373017162e+00,-3.189156065545e+00,-2.962226984699e+00,-2.754281901034e+00,-2.563318353045e+00,-2.387589299712e+00,-2.225565102635e+00,-2.075901940937e+00,-1.937415445777e+00,-1.809058591310e+00,-1.689903076353e+00,-1.579123580681e+00,-1.475984400666e+00,-1.379828061495e+00,-1.290065580031e+00,-1.206168110281e+00,-1.127659751988e+00,-1.054111340725e+00,-9.851350699455e-01,-9.203798199253e-01,-8.595270895379e-01,-8.022874435611e-01,-7.483974024420e-01,-6.976167126372e-01,-6.497259452809e-01,-6.045243788877e-01,-5.618281284080e-01,-5.214684884356e-01,-4.832904630091e-01,-4.471514585027e-01,-4.129201191980e-01,-3.804752880927e-01,-3.497050776877e-01,-3.205060379073e-01,-2.927824095206e-01,-2.664454532889e-01,-2.414128460828e-01,-2.176081367042e-01,-1.949602545194e-01,-1.734030652369e-01,-1.528749686698e-01,-1.333185342314e-01,-1.146801699404e-01,-9.690982153532e-02,-7.996069861928e-02,-6.378902523925e-02,-4.835381223615e-02,-3.361664933122e-02,-1.954151488724e-02,-6.094602010079e-03,6.755840999844e-03,1.903965692914e-02,3.078491419331e-02,4.201803018107e-02,5.276388496263e-02,6.304592595864e-02,7.288626457982e-02,8.230576511967e-02,9.132412703352e-02,9.995996097358e-02,1.082308592119e-01,1.161534606282e-01,1.237435110788e-01,1.310159194038e-01,1.379848094195e-01,1.446635680596e-01,1.510648902472e-01,1.572008206122e-01,1.630827924542e-01,1.687216637499e-01,1.741277509317e-01,1.793108603004e-01,1.842803175679e-01,1.890449950886e-01,1.936133375462e-01,1.979933859102e-01,2.021928000041e-01,2.062188793467e-01,2.100785828704e-01,2.137785473825e-01,2.173251049608e-01,2.207242990594e-01,2.239818997825e-01,2.271034182530e-01,2.300941201272e-01,2.329590381574e-01,2.357029841356e-01,2.383305601139e-01,2.408461690955e-01,2.432540248336e-01,2.455581612754e-01,2.477624413783e-01,2.498705656379e-01,2.518860797964e-01,2.538123823480e-01,2.556527315679e-01,2.574102522966e-01,2.590879420853e-01,2.606886771911e-01,2.622152182293e-01,2.636702155969e-01,2.650562144096e-01,2.663756593188e-01,2.676308990948e-01,2.688241909801e-01,2.699577046852e-01,2.710335262934e-01,2.720536619459e-01,2.730200414514e-01,2.739345214673e-01,2.747988887088e-01,2.756148629176e-01,2.763840998705e-01,2.771081939360e-01,2.777886807075e-01,2.784270394551e-01,2.790246955825e-01,2.795830227276e-01,2.801033449251e-01,2.805869386479e-01,2.810350348155e-01,2.814488205333e-01,2.818294408738e-01,2.821780005913e-01,2.824955657633e-01,2.827831652412e-01,2.830417921340e-01,2.832724052062e-01,2.834759303095e-01,2.836532615341e-01,2.838052624721e-01,2.839327673543e-01,2.840365822971e-01,2.841174862311e-01,2.841762319639e-01,2.842135471493e-01,2.842301353201e-01,2.842266766717e-01,2.842038289504e-01,2.841622282883e-01,2.841024900559e-01,2.840252095285e-01,2.839309626300e-01,2.838203066591e-01,2.836937809888e-01,2.835519076389e-01,2.833951919093e-01,2.832241229713e-01,2.830391745154e-01,2.828408051900e-01,2.826294591615e-01,2.824055665906e-01,2.821695442245e-01,2.819217957441e-01,2.816627122431e-01,2.813926726494e-01,2.811120442167e-01,2.808211828262e-01,2.805204333913e-01,2.802101302342e-01,2.798905974907e-01,2.795621493750e-01,2.792250905221e-01,2.788797163270e-01,2.785263132744e-01,2.781651591746e-01,2.777965234600e-01
-1.316845649950e+01,-1.181965302959e+01,-1.065376978009e+01,-9.639474330766e+00,-8.751848796539e+00,-7.970877999465e+00,-7.280337318955e+00,-6.666963920769e+00,-6.119831780058e+00,-5.629875205908e+00,-5.189521884556e+00,-4.792407604017e+00,-4.433152534069e+00,-4.107184343496e+00,-3.810597282846e+00,-3.540039115154e+00,-3.292619782837e+00,-3.065837165800e+00,-2.857516373068e+00,-2.665759823020e+00,-2.488905976333e+00,-2.325495050675e+00,-2.174240400230e+00,-2.034004515168e+00,-1.903778809745e+00,-1.782666530603e+00,-1.669868247302e+00,-1.564669489314e+00,-1.466430173764e+00,-1.374575534520e+00,-1.288588313672e+00,-1.208002018859e+00,-1.132395083546e+00,-1.061385794607e+00,-9.946278745265e-01,-9.318066233596e-01,-8.726355410003e-01,-8.168533626481e-01,-7.642214507657e-01,-7.145214954881e-01,-6.675534824886e-01,-6.231338933967e-01,-5.810941088634e-01,-5.412789886721e-01,-5.035456068320e-01,-4.677621226491e-01,-4.338067713525e-01,-4.015669599811e-01,-3.709384563280e-01,-3.418246600380e-01,-3.141359465724e-01,-2.877890758140e-01,-2.627066581165e-01,-2.388166716578e-01,-2.160520253847e-01,-1.943501628071e-01,-1.736527022638e-01,-1.539051099292e-01,-1.350564022703e-01,-1.170588748318e-01,-9.986785482749e-02,-8.344147512755e-02,-6.774046751431e-02,-5.272797357943e-02,-3.836937128687e-02,-2.463211589966e-02,-1.148559390733e-02,1.099011394202e-03,1.314884335921e-02,2.468948586945e-02,3.574506826301e-02,4.633836218439e-02,5.649087109828e-02,6.622291286606e-02,7.555369628090e-02,8.450139187368e-02,9.308319759793e-02,1.013153997311e-01,1.092134293083e-01,1.167919146440e-01,1.240647301052e-01,1.310450415130e-01,1.377453484820e-01,1.441775236627e-01,1.503528494862e-01,1.562820523889e-01,1.619753347447e-01,1.674424048420e-01,1.726925046396e-01,1.777344359124e-01,1.825765846544e-01,1.872269439560e-01,1.916931355040e-01,1.959824295589e-01,2.001017638391e-01,2.040577611790e-01,2.078567461806e-01,2.115047608386e-01,2.150075791347e-01,2.183707208671e-01,2.215994646152e-01,2.246988599740e-01,2.276737391503e-01,2.305287276941e-01,2.332682547777e-01,2.358965628388e-01,2.384177166665e-01,2.408356121239e-01,2.431539841335e-01,2.453764144047e-01,2.475063386761e-01,2.495470535912e-01,2.515017232644e-01,2.533733853283e-01,2.551649567971e-01,2.568792395603e-01,2.585189256535e-01,2.600866022359e-01,2.615847562247e-01,2.630157787875e-01,2.643819695601e-01,2.656855406789e-01,2.669286206737e-01,2.681132579884e-01,2.692414244731e-01,2.703150186577e-01,2.713358688504e-01,2.723057362167e-01,2.732263174796e-01,2.740992476553e-01,2.749261026006e-01,2.757084014635e-01,2.764476090718e-01,2.771451380593e-01,2.778023510169e-01,2.784205624885e-01,2.790010409333e-01,2.795450105809e-01,2.800536531242e-01,2.805281094226e-01,2.809694810868e-01,2.813788320169e-01,2.817571899290e-01,2.821055476553e-01,2.824248645184e-01,2.827160676017e-01,2.829800529544e-01,2.832176868565e-01,2.834298068298e-01,2.836172227488e-01,2.837807178556e-01,2.839210497508e-01,2.840389513906e-01,2.841351319100e-01,2.842102775201e-01,2.842650523201e-01,2.843000991260e-01,2.843160402491e-01,2.843134781770e-01,2.842929963008e-01,2.842551595771e-01,2.842005151845e-01,2.841295932018e-01,2.840429071232e-01,2.839409544653e-01,2.838242173128e-01,2.836931628341e-01,2.835482438727e-01,2.833898993436e-01,2.832185547386e-01,2.830346225687e-01,2.828385028076e-01,2.826305833563e-01,2.824112403798e-01,2.821808387223e-01,2.819397322662e-01,2.816882643198e-01,2.814267679762e-01,2.811555664045e-01,2.808749731916e-01,2.805852926419e-01
-1.445009675855e+01,-1.297908551952e+01,-1.170736362113e+01,-1.060080641484e+01,-9.632274181878e+00,-8.779966059046e+00,-8.026209097923e+00,-7.356555846272e+00,-6.759103818460e+00,-6.223976648187e+00,-5.742924488281e+00,-5.309013349190e+00,-4.916381462661e+00,-4.560046648085e+00,-4.235752841111e+00,-3.939846948753e+00,-3.669179372845e+00,-3.421023147367e+00,-3.193007814456e+00,-2.983065049215e+00,-2.789383708352e+00,-2.610372482811e+00,-2.444628720045e+00,-2.290912278512e+00,-2.148123508539e+00,-2.015284631883e+00,-1.891523934015e+00,-1.776062294186e+00,-1.668201666912e+00,-1.567315198317e+00,-1.472838717828e+00,-1.384263391060e+00,-1.301129356313e+00,-1.223020197193e+00,-1.149558128256e+00,-1.080399790653e+00,-1.015232570882e+00,-9.537713699169e-01,-8.957557607569e-01,-8.409474820213e-01,-7.891282229936e-01,-7.400976620815e-01,-6.936717261113e-01,-6.496810425293e-01,-6.079695605210e-01,-5.683933203084e-01,-5.308193527337e-01,-4.951246936336e-01,-4.611954995118e-01,-4.289262528317e-01,-3.982190467165e-01,-3.689829401042e-01,-3.411333755674e-01,-3.145916529459e-01,-2.892844527728e-01,-2.651434041226e-01,-2.421046923836e-01,-2.201087026335e-01,-1.990996950605e-01,-1.790255091735e-01,-1.598372939373e-01,-1.414892612307e-01,-1.239384603686e-01,-1.071445717608e-01,-9.106971772342e-02,-7.567828892558e-02,-6.093678499691e-02,-4.681366801533e-02,-3.327922760906e-02,-2.030545676542e-02,-7.865937341155e-03,4.064265632283e-03,1.550870155725e-02,2.648962449677e-02,3.702807664625e-02,4.714396573039e-02,5.685613655046e-02,6.618243747301e-02,7.513978211345e-02,8.374420663634e-02,9.201092300509e-02,9.995436856187e-02,1.075882522026e-01,1.149255972838e-01,1.219787817248e-01,1.287595753914e-01,1.352791749945e-01,1.415482366631e-01,1.475769064773e-01,1.533748489476e-01,1.589512736587e-01,1.643149602677e-01,1.694742819101e-01,1.744372271372e-01,1.792114204853e-01,1.838041418904e-01,1.882223447271e-01,1.924726728971e-01,1.965614768595e-01,2.004948287084e-01,2.042785363442e-01,2.079181568595e-01,2.114190091635e-01,2.147861857696e-01,2.180245640124e-01,2.211388166012e-01,2.241334215795e-01,2.270126717047e-01,2.297806833910e-01,2.324414050842e-01,2.349986251718e-01,2.374559795104e-01,2.398169585326e-01,2.420849139678e-01,2.442630651982e-01,2.463545053826e-01,2.483622070775e-01,2.502890276979e-01,2.521377146637e-01,2.539109102833e-01,2.556111563715e-01,2.572408986744e-01,2.588024910866e-01,2.602981995539e-01,2.617302058811e-01,2.631006113233e-01,2.644114400034e-01,2.656646421402e-01,2.668620971974e-01,2.680056168104e-01,2.690969475669e-01,2.701377736984e-01,2.711297196298e-01,2.720743524035e-01,2.729731839839e-01,2.738276735475e-01,2.746392295011e-01,2.754092115288e-01,2.761389325156e-01,2.768296603834e-01,2.774826198306e-01,2.780989940297e-01,2.786799262608e-01,2.792265213818e-01,2.797398473200e-01,2.802209364740e-01,2.806707870554e-01,2.810903643516e-01,2.814806020032e-01,2.818424031623e-01,2.821766415968e-01,2.824841627848e-01,2.827657849501e-01,2.830223000487e-01,2.832544747080e-01,2.834630512079e-01,2.836487482754e-01,2.838122619523e-01,2.839542664011e-01,2.840754146776e-01,2.841763394600e-01,2.842576537792e-01,2.843199517302e-01,2.843638090756e-01,2.843897838995e-01,2.843984172148e-01,2.843902335467e-01,2.843657414759e-01,2.843254342191e-01,2.842697901319e-01,2.841992731878e-01,2.841143334711e-01,2.840154076389e-01,2.839029193615e-01,2.837772797402e-01,2.836388877786e-01,2.834881307109e-01,2.833253844089e-01,2.831510137505e-01,2.829653729746e-01,2.827688060118e-01
-1.591381711584e+01,-1.430344128794e+01,-1.291101891940e+01,-1.169924197960e+01,-1.063843761826e+01,-9.704769058430e+00,-8.878912038006e+00,-8.145068437641e+00,-7.490222417394e+00,-6.903573267417e+00,-6.376098594023e+00,-5.900214717089e+00,-5.469510328619e+00,-5.078535900737e+00,-4.722635902386e+00,-4.397814165697e+00,-4.100625127084e+00,-3.828085415420e+00,-3.577601552985e+00,-3.346910500622e+00,-3.134030505653e+00,-2.937220263115e+00,-2.754944822285e+00,-2.585846995428e+00,-2.428723277984e+00,-2.282503484966e+00,-2.146233462861e+00,-2.019060357852e+00,-1.900220017696e+00,-1.789026181547e+00,-1.684861173745e+00,-1.587167867432e+00,-1.495442723805e+00,-1.409229745759e+00,-1.328115211399e+00,-1.251723074584e+00,-1.179710937794e+00,-1.111766517431e+00,-1.047604534011e+00,-9.869639699165e-01,-9.296056459460e-01,-8.753100750648e-01,-8.238755577205e-01,-7.751164881818e-01,-7.288618456634e-01,-6.849538475532e-01,-6.432467451734e-01,-6.036057451166e-01,-5.659060414321e-01,-5.300319458500e-01,-4.958761048776e-01,-4.633387939897e-01,-4.323272803844e-01,-4.027552468177e-01,-3.745422699039e-01,-3.476133471000e-01,-3.218984672551e-01,-2.973322202084e-01,-2.738534414355e-01,-2.514048882002e-01,-2.299329440713e-01,-2.093873489787e-01,-1.897209523443e-01,-1.708894870948e-01,-1.528513625014e-01,-1.355674741185e-01,-1.190010292237e-01,-1.031173863316e-01,-8.788390750356e-02,-7.326982230230e-02,-5.924610237047e-02,-4.578534564345e-02,-3.286166942810e-02,-2.045061157757e-02,-8.529039015898e-03,2.924936960944e-03,1.393203918431e-02,2.451189742435e-02,3.468311597872e-02,4.446333645971e-02,5.386929615708e-02,6.291688236767e-02,7.162118296745e-02,7.999653348290e-02,8.805656102811e-02,9.581422528069e-02,1.032818567359e-01,1.104711924435e-01,1.173934094135e-01,1.240591558632e-01,1.304785804467e-01,1.366613596766e-01,1.426167235850e-01,1.483534797589e-01,1.538800359296e-01,1.592044211635e-01,1.643343057632e-01,1.692770199691e-01,1.740395715420e-01,1.786286623016e-01,1.830507036823e-01,1.873118314140e-01,1.914179193412e-01,1.953745924004e-01,1.991872389128e-01,2.028610221640e-01,2.064008913344e-01,2.098115918211e-01,2.130976749892e-01,2.162635073887e-01,2.193132794532e-01,2.222510137772e-01,2.250805729134e-01,2.278056667320e-01,2.304298594313e-01,2.329565761663e-01,2.353891093322e-01,2.377306245229e-01,2.399841661833e-01,2.421526629715e-01,2.442389328413e-01,2.462456878997e-01,2.481755390097e-01,2.500310001206e-01,2.518144924358e-01,2.535283483599e-01,2.551748152547e-01,2.567560590125e-01,2.582741674588e-01,2.597311535919e-01,2.611289586548e-01,2.624694551068e-01,2.637544494220e-01,2.649856847375e-01,2.661648434158e-01,2.672935494767e-01,2.683733709188e-01,2.694058219346e-01,2.703923650268e-01,2.713344130274e-01,2.722333310202e-01,2.730904382048e-01,2.739070096692e-01,2.746842780436e-01,2.754234351291e-01,2.761256334407e-01,2.767919876850e-01,2.774235761732e-01,2.780214421752e-01,2.785865952159e-01,2.791200123037e-01,2.796226391482e-01,2.800953912960e-01,2.805391552017e-01,2.809547892880e-01,2.813431249508e-01,2.817049675232e-01,2.820410972010e-01,2.823522699303e-01,2.826392182590e-01,2.829026521469e-01,2.831432597689e-01,2.833617082772e-01,2.835586444972e-01,2.837346956383e-01,2.838904699632e-01,2.840265574323e-01,2.841435303222e-01,2.842419438217e-01,2.843223366040e-01,2.843852313667e-01,2.844311353856e-01,2.844605410219e-01,2.844739261936e-01,2.844717548590e-01,2.844544774720e-01,2.844225314210e-01,2.843763414510e-01,2.843163200715e-01,2.842428679473e-01,2.841563742699e-01
-1.759537129847e+01,-1.582511856406e+01,-1.429422685734e+01,-1.296173722316e+01,-1.179507158282e+01,-1.076805814107e+01,-9.859478684702e+00,-9.051985936150e+00,-8.331287061939e+00,-7.685521130778e+00,-7.104779622879e+00,-6.580733636608e+00,-6.106341508392e+00,-5.675617625762e+00,-5.283448229732e+00,-4.925443605703e+00,-4.597818677722e+00,-4.297295938800e+00,-4.021026069526e+00,-3.766522657076e+00,-3.531608225429e+00,-3.314369391367e+00,-3.113119427342e+00,-2.926366864620e+00,-2.752789049901e+00,-2.591209782233e+00,-2.440580326849e+00,-2.299963235919e+00,-2.168518512167e+00,-2.045491735824e+00,-1.930203843127e+00,-1.822042299163e+00,-1.720453452052e+00,-1.624935891322e+00,-1.535034662694e+00,-1.450336215456e+00,-1.370463978413e+00,-1.295074476690e+00,-1.223853915196e+00,-1.156515165807e+00,-1.092795104772e+00,-1.032452254456e+00,-9.752646906114e-01,-9.210281813412e-01,-8.695545290835e-01,-8.206700906723e-01,-7.742144539807e-01,-7.300392525200e-01,-6.880071018236e-01,-6.479906435398e-01,-6.098716849662e-01,-5.735404233006e-01,-5.388947452245e-01,-5.058395935845e-01,-4.742863939350e-01,-4.441525345731e-01,-4.153608944471e-01,-3.878394139726e-01,-3.615207043666e-01,-3.363416916110e-01,-3.122432915447e-01,-2.891701131277e-01,-2.670701869556e-01,-2.458947167733e-01,-2.255978516798e-01,-2.061364771266e-01,-1.874700229513e-01,-1.695602868842e-01,-1.523712721187e-01,-1.358690376842e-01,-1.200215604814e-01,-1.047986079567e-01,-9.017162048843e-02,-7.611360265057e-02,-6.259902259777e-02,-4.960371888686e-02,-3.710481411521e-02,-2.508063481297e-02,-1.351063707829e-02,-2.375337504173e-03,8.343751103897e-03,1.866417940061e-02,2.860261723219e-02,3.817490542519e-02,4.739610413747e-02,5.628053795662e-02,6.484183800501e-02,7.309298127565e-02,8.104632740456e-02,8.871365306818e-02,9.610618417915e-02,1.032346260393e-01,1.101091915964e-01,1.167396279394e-01,1.231352411556e-01,1.293049196652e-01,1.352571561369e-01,1.410000680839e-01,1.465414172283e-01,1.518886277037e-01,1.570488032573e-01,1.620287433000e-01,1.668349582166e-01,1.714736836461e-01,1.759508940204e-01,1.802723153231e-01,1.844434371331e-01,1.884695239986e-01,1.923556261830e-01,1.961065898220e-01,1.997270665288e-01,2.032215224807e-01,2.065942470184e-01,2.098493607893e-01,2.129908234590e-01,2.160224410204e-01,2.189478727213e-01,2.217706376342e-01,2.244941208896e-01,2.271215795766e-01,2.296561484136e-01,2.321008449887e-01,2.344585749220e-01,2.367321366251e-01,2.389242258953e-01,2.410374402707e-01,2.430742831738e-01,2.450371678553e-01,2.469284211482e-01,2.487502870435e-01,2.505049300967e-01,2.521944386738e-01,2.538208280458e-01,2.553860433389e-01,2.568919623498e-01,2.583403982305e-01,2.597331020514e-01,2.610717652483e-01,2.623580219590e-01,2.635934512423e-01,2.647795792613e-01,2.659178812353e-01,2.670097834764e-01,2.680566652009e-01,2.690598603254e-01,2.700206591727e-01,2.709403101043e-01,2.718200210828e-01,2.726609611684e-01,2.734642619520e-01,2.742310189282e-01,2.749622928107e-01,2.756591107935e-01,2.763224677601e-01,2.769533274420e-01,2.775526235313e-01,2.781212607472e-01,2.786601158594e-01,2.791700386710e-01,2.796518529496e-01,2.801063573783e-01,2.805343263481e-01,2.809365108723e-01,2.813136393418e-01,2.816664183096e-01,2.819955332324e-01,2.823016491834e-01,2.825854115383e-01,2.828474466347e-01,2.830883624067e-01,2.833087489951e-01,2.835091793353e-01,2.836902097227e-01,2.838523803569e-01,2.839962158664e-01,2.841222258132e-01,2.842309051794e-01,2.843227348356e-01,2.843981819925e-01,2.844577006261e-01,2.845017319366e-01
-1.953970893052e+01,-1.758485026809e+01,-1.589406712603e+01,-1.442218610751e+01,-1.313327541967e+01,-1.199846773498e+01,-1.099435843122e+01,-1.010181182230e+01,-9.305060835922e+00,-8.591020534003e+00,-7.948759360945e+00,-7.369088038874e+00,-6.844237130671e+00,-6.367602079374e+00,-5.933540063019e+00,-5.537206976326e+00,-5.174425734516e+00,-4.841579209087e+00,-4.535522670525e+00,-4.253511781665e+00,-3.993143065458e+00,-3.752304438163e+00,-3.529133911367e+00,-3.321984956284e+00,-3.129397331620e+00,-2.950072412065e+00,-2.782852241652e+00,-2.626701683337e+00,-2.480693152981e+00,-2.343993519124e+00,-2.215852824668e+00,-2.095594546775e+00,-1.982607160014e+00,-1.876336807387e+00,-1.776280916178e+00,-1.681982622080e+00,-1.593025886831e+00,-1.509031212603e+00,-1.429651871297e+00,-1.354570579307e+00,-1.283496558690e+00,-1.216162934231e+00,-1.152324423476e+00,-1.091755282439e+00,-1.034247475363e+00,-9.796090409980e-01,-9.276626316847e-01,-8.782442046943e-01,-8.312018479738e-01,-7.863947247721e-01,-7.436921236052e-01,-7.029726017295e-01,-6.641232117640e-01,-6.270388023770e-01,-5.916213850507e-01,-5.577795598933e-01,-5.254279942988e-01,-4.944869489758e-01,-4.648818464960e-01,-4.365428780671e-01,-4.094046447059e-01,-3.834058294558e-01,-3.584888975414e-01,-3.345998218773e-01,-3.116878314419e-01,-2.897051803964e-01,-2.686069360174e-01,-2.483507837125e-01,-2.288968475682e-01,-2.102075250342e-01,-1.922473344885e-01,-1.749827745503e-01,-1.583821941202e-01,-1.424156722236e-01,-1.270549068252e-01,-1.122731118559e-01,-9.804492176984e-02,-8.434630300908e-02,-7.115447181202e-02,-5.844781785225e-02,-4.620583322966e-02,-3.440904645768e-02,-2.303896088573e-02,-1.207799743374e-02,-1.509441142503e-03,8.682608686658e-03,1.851328504479e-02,2.799699670861e-02,3.714746890118e-02,4.597778132836e-02,5.450040378229e-02,6.272722948762e-02,7.066960635215e-02,7.833836627058e-02,8.574385261837e-02,9.289594606203e-02,9.980408880214e-02,1.064773073568e-01,1.129242339844e-01,1.191531268382e-01,1.251718889497e-01,1.309880860413e-01,1.366089634382e-01,1.420414618830e-01,1.472922325141e-01,1.523676509860e-01,1.572738307990e-01,1.620166358879e-01,1.666016925171e-01,1.710344005238e-01,1.753199439512e-01,1.794633011083e-01,1.834692540909e-01,1.873423977972e-01,1.910871484682e-01,1.947077517801e-01,1.982082905169e-01,2.015926918465e-01,2.048647342240e-01,2.080280539439e-01,2.110861513738e-01,2.140423968112e-01,2.169000361756e-01,2.196621962929e-01,2.223318899817e-01,2.249120208799e-01,2.274053880359e-01,2.298146902796e-01,2.321425303833e-01,2.343914190250e-01,2.365637785641e-01,2.386619466405e-01,2.406881796045e-01,2.426446557890e-01,2.445334786297e-01,2.463566796436e-01,2.481162212708e-01,2.498139995883e-01,2.514518469024e-01,2.530315342239e-01,2.545547736468e-01,2.560232205606e-01,2.574384758867e-01,2.588020880964e-01,2.601155552022e-01,2.613803266503e-01,2.625978051327e-01,2.637693483216e-01,2.648962705304e-01,2.659798443052e-01,2.670213019485e-01,2.680218369806e-01,2.689826055400e-01,2.699047277255e-01,2.707892888841e-01,2.716373408463e-01,2.724499031109e-01,2.732279639823e-01,2.739724816620e-01,2.746843852973e-01,2.753645759979e-01,2.760139277593e-01,2.766332884577e-01,2.772234806982e-01,2.777853026839e-01,2.783195290401e-01,2.788269116079e-01,2.793081802064e-01,2.797640433664e-01,2.801951890361e-01,2.806022852604e-01,2.809859808343e-01,2.813469059327e-01,2.816856727157e-01,2.820028759126e-01,2.822990933836e-01,2.825748866613e-01,2.828308014728e-01,2.830673682419e-01,2.832851025743e-01,2.834845057344e-01
-2.180396196900e+01,-1.963441115027e+01,-1.775767305379e+01,-1.612367441554e+01,-1.469258421151e+01,-1.343240106315e+01,-1.231717819654e+01,-1.132570049125e+01,-1.044048670184e+01,-9.647028647739e+00,-8.933205192187e+00,-8.288826597422e+00,-7.705277143620e+00,-7.175232528738e+00,-6.692434694360e+00,-6.251511124461e+00,-5.847828859576e+00,-5.477375812132e+00,-5.136663703098e+00,-4.822648235237e+00,-4.532663093599e+00,-4.264365103161e+00,-4.015688442004e+00,-3.784806239258e+00,-3.570098230117e+00,-3.370123400079e+00,-3.183596758622e+00,-3.009369545484e+00,-2.846412302181e+00,-2.693800344746e+00,-2.550701256452e+00,-2.416364086043e+00,-2.290109990988e+00,-2.171324109150e+00,-2.059448478124e+00,-1.953975850837e+00,-1.854444280184e+00,-1.760432365412e+00,-1.671555069512e+00,-1.587460030633e+00,-1.507824302015e+00,-1.432351464416e+00,-1.360769063565e+00,-1.292826331034e+00,-1.228292153710e+00,-1.166953261210e+00,-1.108612604966e+00,-1.053087906199e+00,-1.000210352979e+00,-9.498234291518e-01,-9.017818601267e-01,-8.559506623860e-01,-8.122042852430e-01,-7.704258347626e-01,-7.305063709916e-01,-6.923442706978e-01,-6.558446487432e-01,-6.209188320124e-01,-5.874838805193e-01,-5.554621509249e-01,-5.247808982300e-01,-4.953719119018e-01,-4.671711830212e-01,-4.401185995503e-01,-4.141576669791e-01,-3.892352519939e-01,-3.653013470238e-01,-3.423088537462e-01,-3.202133838317e-01,-2.989730753775e-01,-2.785484236373e-01,-2.589021247914e-01,-2.399989316224e-01,-2.218055200745e-01,-2.042903657686e-01,-1.874236296352e-01,-1.711770519066e-01,-1.555238537764e-01,-1.404386461025e-01,-1.258973445829e-01,-1.118770908757e-01,-9.835617926371e-02,-8.531398823032e-02,-7.273091685478e-02,-6.058832541942e-02,-4.886848000928e-02,-3.755450078448e-02,-2.663031365013e-02,-1.608060507183e-02,-5.890779805551e-03,3.953078670519e-03,1.346424521723e-02,2.265538776823e-02,3.153859990137e-02,4.012543139984e-02,4.842691694324e-02,5.645360305779e-02,6.421557344509e-02,7.172247279965e-02,7.898352921702e-02,8.600757529912e-02,9.280306795841e-02,9.937810724465e-02,1.057404539065e-01,1.118975460579e-01,1.178565148830e-01,1.236241994611e-01,1.292071607695e-01,1.346116949145e-01,1.398438456389e-01,1.449094161512e-01,1.498139803168e-01,1.545628932518e-01,1.591613013539e-01,1.636141518056e-01,1.679262015792e-01,1.721020259757e-01,1.761460267219e-01,1.800624396544e-01,1.838553420120e-01,1.875286593726e-01,1.910861721694e-01,1.945315220512e-01,1.978682177377e-01,2.010996406931e-01,2.042290504999e-01,2.072595899717e-01,2.101942900205e-01,2.130360742912e-01,2.157877635751e-01,2.184520800164e-01,2.210316511202e-01,2.235290135742e-01,2.259466168938e-01,2.282868268988e-01,2.305519290316e-01,2.327441315245e-01,2.348655684237e-01,2.369183024782e-01,2.389043278988e-01,2.408255730079e-01,2.426839027010e-01,2.444811209634e-01,2.462189730931e-01,2.478991479308e-01,2.495232799701e-01,2.510929513780e-01,2.526096939296e-01,2.540749908605e-01,2.554902786419e-01,2.568569486807e-01,2.581763489494e-01,2.594497855486e-01,2.606785242049e-01,2.618637917079e-01,2.630067772885e-01,2.641086339416e-01,2.651704796952e-01,2.661933988295e-01,2.671784430466e-01,2.681266326055e-01,2.690389573469e-01,2.699163778281e-01,2.707598262442e-01,2.715702074074e-01,2.723483996690e-01,2.730952558043e-01,2.738116038652e-01,2.744982479997e-01,2.751559692404e-01,2.757855262638e-01,2.763876561206e-01,2.769630749393e-01,2.775124786035e-01,2.780365434041e-01,2.785359266680e-01,2.790112673633e-01,2.794631866831e-01,2.798922886076e-01,2.802991604462e-01,2.806843733704e-01
-2.446162592937e+01,-2.204040809256e+01,-1.994568316793e+01,-1.812163587322e+01,-1.652386569174e+01,-1.511669839000e+01,-1.387120793826e+01,-1.276374219037e+01,-1.177481090959e+01,-1.088823785909e+01,-1.009050767298e+01,-9.370258018383e+00,-8.717881266434e+00,-8.125209502593e+00,-7.585263537078e+00,-7.092051481599e+00,-6.640406017546e+00,-6.225852093167e+00,-5.844498719771e+00,-5.492949980261e+00,-5.168231450196e+00,-4.867729055405e+00,-4.589138024323e+00,-4.330420071665e+00,-4.089767334790e+00,-3.865571871890e+00,-3.656399763747e+00,-3.460969042311e+00,-3.278130813677e+00,-3.106853058166e+00,-2.946206682578e+00,-2.795353473936e+00,-2.653535664615e+00,-2.520066866999e+00,-2.394324176282e+00,-2.275741272811e+00,-2.163802381935e+00,-2.058036971777e+00,-1.958015087776e+00,-1.863343238158e+00,-1.773660757294e+00,-1.688636584444e+00,-1.607966405133e+00,-1.531370108418e+00,-1.458589521564e+00,-1.389386387767e+00,-1.323540557673e+00,-1.260848369265e+00,-1.201121194055e+00,-1.144184130372e+00,-1.089874827001e+00,-1.038042422525e+00,-9.885465876068e-01,-9.412566588929e-01,-8.960508547064e-01,-8.528155638436e-01,-8.114446997789e-01,-7.718391135061e-01,-7.339060590186e-01,-6.975587061106e-01,-6.627156957765e-01,-6.293007340159e-01,-5.972422202928e-01,-5.664729073270e-01,-5.369295892352e-01,-5.085528153557e-01,-4.812866273725e-01,-4.550783175994e-01,-4.298782065017e-01,-4.056394377292e-01,-3.823177891056e-01,-3.598714981780e-01,-3.382611010363e-01,-3.174492832929e-01,-2.974007421885e-01,-2.780820588584e-01,-2.594615799342e-01,-2.415093077058e-01,-2.241967981467e-01,-2.074970661646e-01,-1.913844974921e-01,-1.758347667603e-01,-1.608247610546e-01,-1.463325088670e-01,-1.323371137371e-01,-1.188186923545e-01,-1.057583167627e-01,-9.313796035712e-02,-8.094044739488e-02,-6.914940576018e-02,-5.774922274645e-02,-4.672500365130e-02,-3.606253293139e-02,-2.574823780205e-02,-1.576915410109e-02,-6.112894207905e-03,3.232383081522e-03,1.227800086845e-02,2.103479077709e-02,2.951311800591e-02,3.772290492119e-02,4.567365319781e-02,5.337446488835e-02,6.083406203667e-02,6.806080532339e-02,7.506271162771e-02,8.184747060739e-02,8.842246035903e-02,9.479476221624e-02,1.009711747395e-01,1.069582269473e-01,1.127621908213e-01,1.183890931868e-01,1.238447269313e-01,1.291346616110e-01,1.342642535405e-01,1.392386553457e-01,1.440628250254e-01,1.487415345494e-01,1.532793780195e-01,1.576807794320e-01,1.619499999656e-01,1.660911451249e-01,1.701081712673e-01,1.740048919634e-01,1.777849840132e-01,1.814519931703e-01,1.850093395918e-01,1.884603230266e-01,1.918081277591e-01,1.950558273179e-01,1.982063889515e-01,2.012626779386e-01,2.042274616660e-01,2.071034134987e-01,2.098931165101e-01,2.125990670297e-01,2.152236780320e-01,2.177692823724e-01,2.202381358793e-01,2.226324203215e-01,2.249542461616e-01,2.272056554019e-01,2.293886240477e-01,2.315050646163e-01,2.335568285025e-01,2.355457082446e-01,2.374734396926e-01,2.393417040857e-01,2.411521300422e-01,2.429062954667e-01,2.446057293636e-01,2.462519136191e-01,2.478462846768e-01,2.493902351263e-01,2.508851152618e-01,2.523322345659e-01,2.537328631344e-01,2.550882330432e-01,2.563995396616e-01,2.576679429242e-01,2.588945684763e-01,2.600805089724e-01,2.612268250825e-01,2.623345466015e-01,2.634046734839e-01,2.644381768381e-01,2.654359998833e-01,2.663990588701e-01,2.673282439664e-01,2.682244201097e-01,2.690884278153e-01,2.699210839932e-01,2.707231827058e-01,2.714954958784e-01,2.722387740175e-01,2.729537468912e-01,2.736411241851e-01,2.743015961344e-01,2.749358341333e-01,2.755444913330e-01
-2.760851476922e+01,-2.488967839363e+01,-2.253715717370e+01,-2.048834746914e+01,-1.869344648434e+01,-1.711243766834e+01,-1.571287262665e+01,-1.446821786764e+01,-1.335660783521e+01,-1.235989403889e+01,-1.146291259002e+01,-1.065291466465e+01,-9.919119765257e+00,-9.252362440580e+00,-8.644810777331e+00,-8.089740478264e+00,-7.581352333264e+00,-7.114623814916e+00,-6.685187704106e+00,-6.289232263103e+00,-5.923418695363e+00,-5.584812554376e+00,-5.270826475944e+00,-4.979172142491e+00,-4.707819822602e+00,-4.454964149319e+00,-4.218995062591e+00,-3.998473044593e+00,-3.792107938546e+00,-3.598740771531e+00,-3.417328102714e+00,-3.246928505886e+00,-3.086690859406e+00,-2.935844172897e+00,-2.793688724617e+00,-2.659588320249e+00,-2.532963514086e+00,-2.413285657711e+00,-2.300071663650e+00,-2.192879387107e+00,-2.091303543979e+00,-1.994972094955e+00,-1.903543036765e+00,-1.816701547659e+00,-1.734157444395e+00,-1.655642911967e+00,-1.580910473272e+00,-1.509731170198e+00,-1.441892931351e+00,-1.377199105036e+00,-1.315467138274e+00,-1.256527385916e+00,-1.200222035203e+00,-1.146404133235e+00,-1.094936706224e+00,-1.045691960827e+00,-9.985505589243e-01,-9.534009581515e-01,-9.101388116029e-01,-8.686664206394e-01,-8.288922355287e-01,-7.907303991786e-01,-7.541003298537e-01,-7.189263389783e-01,-6.851372808318e-01,-6.526662310697e-01,-6.214501914084e-01,-5.914298180717e-01,-5.625491718468e-01,-5.347554877830e-01,-5.079989628411e-01,-4.822325598700e-01,-4.574118265134e-01,-4.334947277587e-01,-4.104414909738e-01,-3.882144623711e-01,-3.667779739248e-01,-3.460982199651e-01,-3.261431425573e-01,-3.068823250113e-01,-2.882868928521e-01,-2.703294217252e-01,-2.529838514786e-01,-2.362254062940e-01,-2.200305200905e-01,-2.043767669407e-01,-1.892427960946e-01,-1.746082712704e-01,-1.604538139033e-01,-1.467609499669e-01,-1.335120603306e-01,-1.206903341608e-01,-1.082797252694e-01,-9.626491117642e-02,-8.463125470548e-02,-7.336476791415e-02,-6.245207816376e-02,-5.188039634122e-02,-4.163748688539e-02,-3.171163960841e-02,-2.209164315813e-02,-1.276676010906e-02,-3.726703251198e-03,5.038386462566e-03,1.353796089952e-02,2.178108450664e-02,2.977645296633e-02,3.753241081253e-02,4.505696806480e-02,5.235781605983e-02,5.944234224337e-02,6.631764429481e-02,7.299054346533e-02,7.946759720936e-02,8.575511114048e-02,9.185915037811e-02,9.778555035844e-02,1.035399269569e-01,1.091276861984e-01,1.145540334463e-01,1.198239821398e-01,1.249423620002e-01,1.299138270918e-01,1.347428631505e-01,1.394337947554e-01,1.439907921047e-01,1.484178774632e-01,1.527189312947e-01,1.568976980884e-01,1.609577920196e-01,1.649027021515e-01,1.687357975300e-01,1.724603320061e-01,1.760794488363e-01,1.795961850594e-01,1.830134756900e-01,1.863341577743e-01,1.895609741283e-01,1.926965770167e-01,1.957435316382e-01,1.987043194684e-01,2.015813413611e-01,2.043769207778e-01,2.070933065402e-01,2.097326756682e-01,2.122971360480e-01,2.147887289866e-01,2.172094316521e-01,2.195611593981e-01,2.218457680987e-01,2.240650561976e-01,2.262207668063e-01,2.283145896807e-01,2.303481631174e-01,2.323230757608e-01,2.342408683528e-01,2.361030354619e-01,2.379110270132e-01,2.396662498617e-01,2.413700692744e-01,2.430238103646e-01,2.446287593803e-01,2.461861651937e-01,2.476972404106e-01,2.491631626334e-01,2.505850756287e-01,2.519640904509e-01,2.533012865173e-01,2.545977126308e-01,2.558543880654e-01,2.570723034333e-01,2.582524216462e-01,2.593956788085e-01,2.605029850769e-01,2.615752254787e-01,2.626132607141e-01,2.636179279765e-01,2.645900416215e-01,2.655303939090e-01,2.664397556930e-01,2.673188770958e-01
-3.137140389734e+01,-2.829712515081e+01,-2.563671149830e+01,-2.331945460202e+01,-2.128910169210e+01,-1.950045166342e+01,-1.791685047088e+01,-1.650832427417e+01,-1.525017131061e+01,-1.412188810535e+01,-1.310634230179e+01,-1.218912946101e+01,-1.135806853306e+01,-1.060280285920e+01,-9.914482227729e+00,-9.285507702913e+00,-8.709325457099e+00,-8.180259146473e+00,-7.693372808834e+00,-7.244358099182e+00,-6.829441050066e+00,-6.445304586445e+00,-6.089023831071e+00,-5.758011836518e+00,-5.449973874643e+00,-5.162868773013e+00,-4.894876084388e+00,-4.644368107348e+00,-4.409885952607e+00,-4.190119003764e+00,-3.983887232177e+00,-3.790125921726e+00,-3.607872436856e+00,-3.436254725419e+00,-3.274481303167e+00,-3.121832505209e+00,-2.977652824416e+00,-2.841344186069e+00,-2.712360029079e+00,-2.590200086062e+00,-2.474405769557e+00,-2.364556084762e+00,-2.260264002659e+00,-2.161173233039e+00,-2.066955349857e+00,-1.977307224741e+00,-1.891948731570e+00,-1.810620690462e+00,-1.733083022052e+00,-1.659113088809e+00,-1.588504201650e+00,-1.521064273291e+00,-1.456614602426e+00,-1.394988773850e+00,-1.336031662558e+00,-1.279598530596e+00,-1.225554206862e+00,-1.173772341481e+00,-1.124134726800e+00,-1.076530678525e+00,-1.030856470957e+00,-9.870148209068e-01,-9.449144157871e-01,-9.044694812288e-01,-8.655993848551e-01,-8.282282726264e-01,-7.922847347598e-01,-7.577014985616e-01,-7.244151456191e-01,-6.923658512817e-01,-6.614971443952e-01,-6.317556855237e-01,-6.030910620436e-01,-5.754555986716e-01,-5.488041821145e-01,-5.230940986461e-01,-4.982848835502e-01,-4.743381814018e-01,-4.512176163772e-01,-4.288886717400e-01,-4.073185777602e-01,-3.864762074631e-01,-3.663319794111e-01,-3.468577672753e-01,-3.280268154035e-01,-3.098136600522e-01,-2.921940558610e-01,-2.751449070359e-01,-2.586442031585e-01,-2.426709590394e-01,-2.272051584233e-01,-2.122277012882e-01,-1.977203543350e-01,-1.836657046984e-01,-1.700471164415e-01,-1.568486897052e-01,-1.440552223687e-01,-1.316521739065e-01,-1.196256315187e-01,-1.079622782262e-01,-9.664936280212e-02,-8.567467154997e-02,-7.502650144929e-02,-6.469363517459e-02,-5.466531732365e-02,-4.493123203180e-02,-3.548148188135e-02,-2.630656780556e-02,-1.739737033966e-02,-8.745131752739e-03,-3.414391691207e-04,7.821791356520e-03,1.575233006947e-02,2.345764773813e-02,3.094492922631e-02,3.822108635998e-02,4.529277007978e-02,5.216638210057e-02,5.884808582270e-02,6.534381673616e-02,7.165929234065e-02,7.780002145092e-02,8.377131334483e-02,8.957828606019e-02,9.522587453206e-02,1.007188382760e-01,1.060617686496e-01,1.112590959599e-01,1.163150959585e-01,1.212338961907e-01,1.260194820196e-01,1.306757023185e-01,1.352062750656e-01,1.396147924622e-01,1.439047259221e-01,1.480794308358e-01,1.521421510686e-01,1.560960233945e-01,1.599440815704e-01,1.636892602781e-01,1.673343989341e-01,1.708822452082e-01,1.743354587043e-01,1.776966140657e-01,1.809682042042e-01,1.841526433288e-01,1.872522697947e-01,1.902693490286e-01,1.932060760526e-01,1.960645780672e-01,1.988469168996e-01,2.015550913010e-01,2.041910393152e-01,2.067566403317e-01,2.092537171621e-01,2.116840380338e-01,2.140493184535e-01,2.163512231334e-01,2.185913676797e-01,2.207713202638e-01,2.228926032683e-01,2.249566947482e-01,2.269650301417e-01,2.289190035104e-01,2.308199689817e-01,2.326692420773e-01,2.344681009401e-01,2.362177877064e-01,2.379195095558e-01,2.395744398827e-01,2.411837193966e-01,2.427484571339e-01,2.442697315923e-01,2.457485916122e-01,2.471860573293e-01,2.485831210939e-01,2.499407483093e-01,2.512598783697e-01,2.525414254117e-01,2.537862790862e-01,2.549953053417e-01
-3.592084227715e+01,-3.241733250056e+01,-2.938509739145e+01,-2.674364457850e+01,-2.442893468815e+01,-2.238950753285e+01,-2.058363167842e+01,-1.897717973182e+01,-1.754202569484e+01,-1.625482279382e+01,-1.509606199063e+01,-1.404933985703e+01,-1.310078427823e+01,-1.223860027108e+01,-1.145270805762e+01,-1.073445257978e+01,-1.007636879703e+01,-9.471990852861e+00,-8.915695991312e+00,-8.402576171357e+00,-7.928331909294e+00,-7.489184056087e+00,-7.081800136120e+00,-6.703232554612e+00,-6.350866548335e+00,-6.022376158301e+00,-5.715686846924e+00,-5.428943632064e+00,-5.160483833203e+00,-4.908813679579e+00,-4.672588170516e+00,-4.450593677087e+00,-4.241732871127e+00,-4.045011630681e+00,-3.859527633231e+00,-3.684460389613e+00,-3.519062517215e+00,-3.362652078313e+00,-3.214605838865e+00,-3.074353321478e+00,-2.941371549245e+00,-2.815180389340e+00,-2.695338421234e+00,-2.581439259868e+00,-2.473108280508e+00,-2.369999694301e+00,-2.271793933591e+00,-2.178195308141e+00,-2.088929902528e+00,-2.003743685779e+00,-1.922400810008e+00,-1.844682075415e+00,-1.770383544584e+00,-1.699315289097e+00,-1.631300254789e+00,-1.566173232081e+00,-1.503779921243e+00,-1.443976082344e+00,-1.386626761593e+00,-1.331605585738e+00,-1.278794118280e+00,-1.228081271134e+00,-1.179362766776e+00,-1.132540645202e+00,-1.087522812237e+00,-1.044222624895e+00,-1.002558510617e+00,-9.624536168742e-01,-9.238354887911e-01,-8.866357720561e-01,-8.507899390158e-01,-8.162370357004e-01,-7.829194481814e-01,-7.507826864946e-01,-7.197751846850e-01,-6.898481155381e-01,-6.609552188607e-01,-6.330526421601e-01,-6.060987926989e-01,-5.800542000231e-01,-5.548813881262e-01,-5.305447565038e-01,-5.070104693047e-01,-4.842463521214e-01,-4.622217956826e-01,-4.409076660131e-01,-4.202762204426e-01,-4.003010292477e-01,-3.809569023068e-01,-3.622198205207e-01,-3.440668714927e-01,-3.264761894282e-01,-3.094268987150e-01,-2.928990610526e-01,-2.768736257152e-01,-2.613323830113e-01,-2.462579204819e-01,-2.316335817637e-01,-2.174434277786e-01,-2.036722003717e-01,-1.903052880057e-01,-1.773286935195e-01,-1.647290034930e-01,-1.524933597102e-01,-1.406094320229e-01,-1.290653928461e-01,-1.178498928691e-01,-1.069520384042e-01,-9.636136979989e-02,-8.606784111905e-02,-7.606180071971e-02,-6.633397315366e-02,-5.687544187357e-02,-4.767763292673e-02,-3.873229932153e-02,-3.003150646010e-02,-2.156761819770e-02,-1.333328367093e-02,-5.321424630928e-03,2.474776359496e-03,1.006188723861e-02,1.744623710012e-02,2.463392664071e-02,3.163083764100e-02,3.844264226476e-02,4.507481177470e-02,5.153262507742e-02,5.782117650009e-02,6.394538341879e-02,6.990999342036e-02,7.571959135658e-02,8.137860574555e-02,8.689131506108e-02,9.226185364960e-02,9.749421758257e-02,1.025922699569e-01,1.075597461015e-01,1.124002584915e-01,1.171173016255e-01,1.217142564405e-01,1.261943946478e-01,1.305608827780e-01,1.348167863944e-01,1.389650736377e-01,1.430086189221e-01,1.469502063330e-01,1.507925331431e-01,1.545382128008e-01,1.581897780278e-01,1.617496836778e-01,1.652203097115e-01,1.686039637145e-01,1.719028835026e-01,1.751192395379e-01,1.782551374550e-01,1.813126201943e-01,1.842936701987e-01,1.872002114633e-01,1.900341116883e-01,1.927971840971e-01,1.954911893010e-01,1.981178369899e-01,2.006787879020e-01,2.031756552302e-01,2.056100062792e-01,2.079833639200e-01,2.102972082486e-01,2.125529778060e-01,2.147520709868e-01,2.168958472854e-01,2.189856287276e-01,2.210227009199e-01,2.230083142488e-01,2.249436849540e-01,2.268299963668e-01,2.286683998179e-01,2.304600156594e-01,2.322059341924e-01,2.339072167395e-01,2.355648964375e-01,2.371799791160e-01
-4.149059954164e+01,-3.746219656066e+01,-3.397525804313e+01,-3.093733100724e+01,-2.827485704998e+01,-2.592872418422e+01,-2.385099366572e+01,-2.200246012154e+01,-2.035081112180e+01,-1.886922364603e+01,-1.753528282986e+01,-1.633014115076e+01,-1.523785885446e+01,-1.424488230569e+01,-1.333962828753e+01,-1.251215035742e+01,-1.175386925896e+01,-1.105735371617e+01,-1.041614113776e+01,-9.824590142902e+00,-9.277758606052e+00,-8.771302307854e+00,-8.301390311505e+00,-7.864633970392e+00,-7.458027128225e+00,-7.078895537320e+00,-6.724853903246e+00,-6.393769272593e+00,-6.083729717162e+00,-5.793017457021e+00,-5.520085714161e+00,-5.263538721261e+00,-5.022114404205e+00,-4.794669332156e+00,-4.580165607328e+00,-4.377659413239e+00,-4.186290984612e+00,-4.005275801047e+00,-3.833896838075e+00,-3.671497733496e+00,-3.517476744292e+00,-3.371281394485e+00,-3.232403725942e+00,-3.100376071353e+00,-2.974767289066e+00,-2.855179401947e+00,-2.741244590321e+00,-2.632622497866e+00,-2.528997814152e+00,-2.430078101786e+00,-2.335591839043e+00,-2.245286655421e+00,-2.158927738806e+00,-2.076296393684e+00,-1.997188735956e+00,-1.921414509449e+00,-1.848796010856e+00,-1.779167111997e+00,-1.712372369855e+00,-1.648266215617e+00,-1.586712213785e+00,-1.527582385555e+00,-1.470756590333e+00,-1.416121958451e+00,-1.363572371580e+00,-1.313007985977e+00,-1.264334794216e+00,-1.217464222189e+00,-1.172312758231e+00,-1.128801611451e+00,-1.086856396369e+00,-1.046406841948e+00,-1.007386522897e+00,-9.697326109067e-01,-9.333856445583e-01,-8.982893162230e-01,-8.643902744321e-01,-8.316379404932e-01,-7.999843382557e-01,-7.693839359430e-01,-7.397934989708e-01,-7.111719530379e-01,-6.834802566298e-01,-6.566812821412e-01,-6.307397050527e-01,-6.056219004832e-01,-5.812958465810e-01,-5.577310342597e-01,-5.348983827844e-01,-5.127701607537e-01,-4.913199121816e-01,-4.705223872318e-01,-4.503534772081e-01,-4.307901536985e-01,-4.118104114205e-01,-3.933932145069e-01,-3.755184460722e-01,-3.581668608495e-01,-3.413200406094e-01,-3.249603521069e-01,-3.090709076776e-01,-2.936355280604e-01,-2.786387071584e-01,-2.640655791271e-01,-2.499018871651e-01,-2.361339539911e-01,-2.227486540803e-01,-2.097333874453e-01,-1.970760547946e-01,-1.847650339714e-01,-1.727891578716e-01,-1.611376934460e-01,-1.498003216472e-01,-1.387671187329e-01,-1.280285384168e-01,-1.175753948693e-01,-1.073988466704e-01,-9.749038166227e-02,-8.784180250205e-02,-7.844521278697e-02,-6.929300419359e-02,-6.037784414092e-02,-5.169266377024e-02,-4.323064699737e-02,-3.498521984578e-02,-2.695004020897e-02,-1.911898827261e-02,-1.148615739976e-02,-4.045845364858e-03,3.207454087348e-03,1.027905901902e-02,1.717410684957e-02,2.389756177159e-02,3.045422144839e-02,3.684872357987e-02,4.308555226376e-02,4.916904397684e-02,5.510339319987e-02,6.089265788015e-02,6.654076483238e-02,7.205151453261e-02,7.742858584460e-02,8.267554087277e-02,8.779582905616e-02,9.279279137978e-02,9.766966450155e-02,1.024295845170e-01,1.070755905626e-01,1.116106283622e-01,1.160375537195e-01,1.203591355755e-01,1.245780590898e-01,1.286969288240e-01,1.327182713912e-01,1.366445381867e-01,1.404781081073e-01,1.442212900620e-01,1.478763252910e-01,1.514453896869e-01,1.549305962111e-01,1.583339968303e-01,1.616575845286e-01,1.649032955824e-01,1.680730111806e-01,1.711685592872e-01,1.741917165292e-01,1.771442098201e-01,1.800277179226e-01,1.828438730465e-01,1.855942624836e-01,1.882804298860e-01,1.909038766515e-01,1.934660634869e-01,1.959684115058e-01,1.984123034795e-01,2.007990851393e-01,2.031300663312e-01,2.054065220401e-01,2.076296934707e-01,2.098007892744e-01,2.119209863509e-01
-4.840798426664e+01,-4.372841306527e+01,-3.967736326308e+01,-3.614754892573e+01,-3.305360638095e+01,-3.032693386483e+01,-2.791189415436e+01,-2.576298389526e+01,-2.384269832334e+01,-2.211990280226e+01,-2.056857828645e+01,-1.916684571786e+01,-1.789620067505e+01,-1.674090807864e+01,-1.568751980682e+01,-1.472448751046e+01,-1.384184976889e+01,-1.303097769981e+01,-1.228436687420e+01,-1.159546616227e+01,-1.095853619276e+01,-1.036853171972e+01,-9.821003403465e+00,-9.312015407347e+00,-8.838075985642e+00,-8.396078771014e+00,-7.983252907564e+00,-7.597120552151e+00,-7.235460522030e+00,-6.896277087747e+00,-6.577773105510e+00,-6.278326808569e+00,-5.996471696329e+00,-5.730879064768e+00,-5.480342784225e+00,-5.243765999812e+00,-5.020149486962e+00,-4.808581425832e+00,-4.608228401770e+00,-4.418327470173e+00,-4.238179139254e+00,-4.067141153594e+00,-3.904622979302e+00,-3.750080894246e+00,-3.603013615208e+00,-3.462958394684e+00,-3.329487526923e+00,-3.202205219469e+00,-3.080744785682e+00,-2.964766119017e+00,-2.853953420614e+00,-2.748013149898e+00,-2.646672172535e+00,-2.549676086814e+00,-2.456787707278e+00,-2.367785688822e+00,-2.282463278340e+00,-2.200627178750e+00,-2.122096514493e+00,-2.046701889451e+00,-1.974284526187e+00,-1.904695479375e+00,-1.837794917407e+00,-1.773451462889e+00,-1.711541588880e+00,-1.651949065055e+00,-1.594564447925e+00,-1.539284612705e+00,-1.486012322442e+00,-1.434655830377e+00,-1.385128513758e+00,-1.337348535710e+00,-1.291238532457e+00,-1.246725324503e+00,-1.203739649137e+00,-1.162215912460e+00,-1.122091959826e+00,-1.083308862622e+00,-1.045810720226e+00,-1.009544476222e+00,-9.744597472433e-01,-9.405086636913e-01,-9.076457216385e-01,-8.758276444596e-01,-8.450132539823e-01,-8.151633502586e-01,-7.862405991288e-01,-7.582094272690e-01,-7.310359240305e-01,-7.046877495343e-01,-6.791340486796e-01,-6.543453705542e-01,-6.302935928923e-01,-6.069518512231e-01,-5.842944723626e-01,-5.622969119932e-01,-5.409356959734e-01,-5.201883651852e-01,-5.000334236972e-01,-4.804502898948e-01,-4.614192505401e-01,-4.429214175313e-01,-4.249386869693e-01,-4.074537007904e-01,-3.904498104585e-01,-3.739110425987e-01,-3.578220667626e-01,-3.421681648325e-01,-3.269352020475e-01,-3.121095998093e-01,-2.976783097846e-01,-2.836287893927e-01,-2.699489787708e-01,-2.566272787555e-01,-2.436525300824e-01,-2.310139937969e-01,-2.187013324515e-01,-2.067045924094e-01,-1.950141871191e-01,-1.836208809895e-01,-1.725157742934e-01,-1.616902888686e-01,-1.511361541463e-01,-1.408453943685e-01,-1.308103161663e-01,-1.210234965871e-01,-1.114777720916e-01,-1.021662278073e-01,-9.308218721868e-02,-8.421920266986e-02,-7.557104602908e-02,-6.713169979835e-02,-5.889534888808e-02,-5.085637247204e-02,-4.300933631653e-02,-3.534898563042e-02,-2.787023792825e-02,-2.056817641092e-02,-1.343804372784e-02,-6.475235695084e-03,3.247044208557e-04,6.966091321808e-03,1.345310333417e-02,1.978978719275e-02,2.598006295355e-02,3.202772887429e-02,3.793646561573e-02,4.370984059282e-02,4.935131222585e-02,5.486423363267e-02,6.025185650200e-02,6.551733479016e-02,7.066372797824e-02,7.569400453718e-02,8.061104513357e-02,8.541764551509e-02,9.011651962624e-02,9.471030237770e-02,9.920155221376e-02,1.035927539291e-01,1.078863210571e-01,1.120845981176e-01,1.161898632867e-01,1.202043302857e-01,1.241301505611e-01,1.279694155666e-01,1.317241584572e-01,1.353963560687e-01,1.389879309062e-01,1.425007526588e-01,1.459366400092e-01,1.492973623565e-01,1.525846411768e-01,1.558001516885e-01,1.589455243324e-01,1.620223460012e-01,1.650321615823e-01,1.679764752143e-01,1.708567514070e-01,1.736744164786e-01,1.764308596164e-01
-5.714257280393e+01,-5.164165795446e+01,-4.687904862674e+01,-4.272875603477e+01,-3.909053095586e+01,-3.588380546993e+01,-3.304323474103e+01,-3.051537364848e+01,-2.825616972083e+01,-2.622905113848e+01,-2.440345369212e+01,-2.275367521235e+01,-2.125797690050e+01,-1.989787252521e+01,-1.865756196604e+01,-1.752347653819e+01,-1.648391158052e+01,-1.552872771517e+01,-1.464910645775e+01,-1.383734919946e+01,-1.308671097365e+01,-1.239126228595e+01,-1.174577375149e+01,-1.114561930133e+01,-1.058669465215e+01,-1.006534833334e+01,-9.578323109068e+00,-9.122706058991e+00,-8.695885862370e+00,-8.295516143567e+00,-7.919483905074e+00,-7.565882255147e+00,-7.232986787957e+00,-6.919235050408e+00,-6.623208658530e+00,-6.343617673065e+00,-6.079286911287e+00,-5.829143935967e+00,-5.592208477592e+00,-5.367583108543e+00,-5.154444998698e+00,-4.952038607911e+00,-4.759669205708e+00,-4.576697099909e+00,-4.402532498539e+00,-4.236630920552e+00,-4.078489089329e+00,-3.927641257463e+00,-3.783655903168e+00,-3.646132764024e+00,-3.514700165140e+00,-3.389012608125e+00,-3.268748596912e+00,-3.153608667564e+00,-3.043313606317e+00,-2.937602832911e+00,-2.836232930918e+00,-2.738976313886e+00,-2.645620008074e+00,-2.555964544474e+00,-2.469822947422e+00,-2.387019808940e+00,-2.307390444430e+00,-2.230780116648e+00,-2.157043326205e+00,-2.086043159694e+00,-2.017650690159e+00,-1.951744427297e+00,-1.888209809432e+00,-1.826938736749e+00,-1.767829140395e+00,-1.710784584118e+00,-1.655713897393e+00,-1.602530834771e+00,-1.551153761494e+00,-1.501505362070e+00,-1.453512369590e+00,-1.407105315475e+00,-1.362218296136e+00,-1.318788756723e+00,-1.276757289958e+00,-1.236067448448e+00,-1.196665570677e+00,-1.158500617949e+00,-1.121524022945e+00,-1.085689548138e+00,-1.050953153420e+00,-1.017272872804e+00,-9.846086986251e-01,-9.529224735429e-01,-9.221777893072e-01,-8.923398918018e-01,-8.633755922815e-01,-8.352531838312e-01,-8.079423631522e-01,-7.814141570619e-01,-7.556408533762e-01,-7.305959360451e-01,-7.062540240289e-01,-6.825908138486e-01,-6.595830254652e-01,-6.372083513024e-01,-6.154454081848e-01,-5.942736920450e-01,-5.736735351660e-01,-5.536260658216e-01,-5.341131702200e-01,-5.151174564286e-01,-4.966222204272e-01,-4.786114138966e-01,-4.610696137613e-01,-4.439819934665e-01,-4.273342955758e-01,-4.111128060547e-01,-3.953043297379e-01,-3.798961670840e-01,-3.648760922834e-01,-3.502323322098e-01,-3.359535467452e-01,-3.220288099096e-01,-3.084475919226e-01,-2.951997423964e-01,-2.822754739405e-01,-2.696653470475e-01,-2.573602553642e-01,-2.453514117854e-01,-2.336303353809e-01,-2.221888385513e-01,-2.110190152752e-01,-2.001132295594e-01,-1.894641045115e-01,-1.790645121320e-01,-1.689075631386e-01,-1.589865977624e-01,-1.492951766202e-01,-1.398270720456e-01,-1.305762600704e-01,-1.215369122898e-01,-1.127033886013e-01,-1.040702299427e-01,-9.563215134271e-02,-8.738403562651e-02,-7.932092677349e-02,-7.143802426097e-02,-6.373067713509e-02,-5.619437849927e-02,-4.882476045370e-02,-4.161758871425e-02,-3.456875810461e-02,-2.767428776306e-02,-2.093031666330e-02,-1.433309958270e-02,-7.879002681802e-03,-1.564499897304e-03,4.613830951812e-03,1.065931183951e-02,1.657516775099e-02,2.236453034297e-02,2.803044084681e-02,3.357585324289e-02,3.900363731471e-02,4.431658117762e-02,4.951739442696e-02,5.460871035970e-02,5.959308870421e-02,6.447301805421e-02,6.925091796931e-02,7.392914159303e-02,7.850997744905e-02,8.299565169907e-02,8.738833018549e-02,9.169012011261e-02,9.590307227042e-02,1.000291824863e-01,1.040703934961e-01,1.080285966777e-01,1.119056333912e-01,1.157032968808e-01,1.194233334544e-01,1.230674440344e-01,1.266372856543e-01
-6.838732167141e+01,-6.183013104177e+01,-5.615240010074e+01,-5.120409614460e+01,-4.686583305815e+01,-4.304165887625e+01,-3.965374813056e+01,-3.663844508507e+01,-3.394327882587e+01,-3.152468675221e+01,-2.934626063081e+01,-2.737738259804e+01,-2.559215501735e+01,-2.396855411571e+01,-2.248775540971e+01,-2.113359226475e+01,-1.989211835711e+01,-1.875125188134e+01,-1.770048451361e+01,-1.673064198565e+01,-1.583368610852e+01,-1.500255019782e+01,-1.423100166986e+01,-1.351352674526e+01,-1.284523333884e+01,-1.222176889147e+01,-1.163925060042e+01,-1.109420594221e+01,-1.058352179192e+01,-1.010440075586e+01,-9.654323556073e+00,-9.231016551379e+00,-8.832423580015e+00,-8.456681508825e+00,-8.102098916278e+00,-7.767137478046e+00,-7.450395658730e+00,-7.150594393938e+00,-6.866564491733e+00,-6.597235513869e+00,-6.341625954648e+00,-6.098834529786e+00,-5.868032454672e+00,-5.648456564670e+00,-5.439403193255e+00,-5.240222699235e+00,-5.050314575648e+00,-4.869123065466e+00,-4.696133226027e+00,-4.530867393397e+00,-4.372881994443e+00,-4.221764677678e+00,-4.077131715394e+00,-3.938625660070e+00,-3.805913216659e+00,-3.678683316178e+00,-3.556645364246e+00,-3.439527648660e+00,-3.327075890439e+00,-3.219051920573e+00,-3.115232475589e+00,-3.015408092678e+00,-2.919382103563e+00,-2.826969708426e+00,-2.737997130659e+00,-2.652300838279e+00,-2.569726830271e+00,-2.490129979513e+00,-2.413373427678e+00,-2.339328028640e+00,-2.267871833335e+00,-2.198889616557e+00,-2.132272437029e+00,-2.067917233051e+00,-2.005726446198e+00,-1.945607674096e+00,-1.887473347749e+00,-1.831240432261e+00,-1.776830149321e+00,-1.724167718399e+00,-1.673182117362e+00,-1.623805858030e+00,-1.575974778933e+00,-1.529627850388e+00,-1.484706994167e+00,-1.441156914117e+00,-1.398924938617e+00,-1.357960873062e+00,-1.318216861849e+00,-1.279647259583e+00,-1.242208509866e+00,-1.205859032553e+00,-1.170559117140e+00,-1.136270823618e+00,-1.102957888733e+00,-1.070585638420e+00,-1.039120905282e+00,-1.008531951059e+00,-9.787883938078e-01,-9.498611391364e-01,-9.217223157892e-01,-8.943452145560e-01,-8.677042311238e-01,-8.417748117826e-01,-8.165334025205e-01,-7.919574007570e-01,-7.680251098867e-01,-7.447156962790e-01,-7.220091486362e-01,-6.998862395893e-01,-6.783284893250e-01,-6.573181311970e-01,-6.368380791438e-01,-6.168718968239e-01,-5.974037683867e-01,-5.784184707361e-01,-5.599013472432e-01,-5.418382828106e-01,-5.242156801618e-01,-5.070204374229e-01,-4.902399266701e-01,-4.738619737693e-01,-4.578748389330e-01,-4.422671985342e-01,-4.270281275274e-01,-4.121470829431e-01,-3.976138880286e-01,-3.834187172079e-01,-3.695520817911e-01,-3.560048162143e-01,-3.427680651842e-01,-3.298332710468e-01,-3.171921621863e-01,-3.048367415094e-01,-2.927592758401e-01,-2.809522855126e-01,-2.694085345909e-01,-2.581210215045e-01,-2.470829699788e-01,-2.362878206397e-01,-2.257292225609e-01,-2.154010257443e-01,-2.052972732663e-01,-1.954121944409e-01,-1.857401976778e-01,-1.762758640997e-01,-1.670139411380e-01,-1.579493365218e-01,-1.490771125700e-01,-1.403924804884e-01,-1.318907953221e-01,-1.235675505235e-01,-1.154183734380e-01,-1.074390202871e-01,-9.962537193563e-02,-9.197342940817e-02,-8.447930981929e-02,-7.713924242747e-02,-6.994956468275e-02,-6.290671879651e-02,-5.600724787833e-02,-4.924779296600e-02,-4.262508930874e-02,-3.613596367109e-02,-2.977733097123e-02,-2.354619162708e-02,-1.743962863393e-02,-1.145480490758e-02,-5.588960788090e-03,1.605886435593e-04,5.796455647443e-03,1.132118253399e-02,1.673724345152e-02,2.204704691534e-02,2.725293756528e-02,3.235719834967e-02,3.736205235884e-02,4.226966463833e-02,4.708214412065e-02,5.180154507518e-02,5.642986914417e-02
-8.319920121884e+01,-7.525207063651e+01,-6.837009956063e+01,-6.237162773687e+01,-5.711209570720e+01,-5.247531436138e+01,-4.836704007707e+01,-4.471018485571e+01,-4.144120295336e+01,-3.850733485204e+01,-3.586448394803e+01,-3.347556511097e+01,-3.130920913476e+01,-2.933873793722e+01,-2.754134786096e+01,-2.589745404211e+01,-2.439016065582e+01,-2.300483006596e+01,-2.172873042282e+01,-2.055074571839e+01,-1.946113604509e+01,-1.845133829036e+01,-1.751379973411e+01,-1.664183841113e+01,-1.582952550511e+01,-1.507158581946e+01,-1.436331328617e+01,-1.370049890871e+01,-1.307936915105e+01,-1.249653302208e+01,-1.194893653382e+01,-1.143382333290e+01,-1.094870061448e+01,-1.049130947987e+01,-1.005959913003e+01,-9.651704298768e+00,-9.265925506493e+00,-8.900711703792e+00,-8.554645013233e+00,-8.226427253251e+00,-7.914868040037e+00,-7.618874231121e+00,-7.337440569263e+00,-7.069641344182e+00,-6.814622976651e+00,-6.571597382123e+00,-6.339836048515e+00,-6.118664716302e+00,-5.907458616121e+00,-5.705638175266e+00,-5.512665162854e+00,-5.328039202598e+00,-5.151294633321e+00,-4.981997659583e+00,-4.819743779910e+00,-4.664155445407e+00,-4.514879941454e+00,-4.371587453431e+00,-4.233969312853e+00,-4.101736391311e+00,-3.974617641227e+00,-3.852358755686e+00,-3.734720949062e+00,-3.621479833317e+00,-3.512424394434e+00,-3.407356046438e+00,-3.306087768370e+00,-3.208443304673e+00,-3.114256434595e+00,-3.023370293639e+00,-2.935636752690e+00,-2.850915840037e+00,-2.769075211815e+00,-2.689989657929e+00,-2.613540648785e+00,-2.539615911497e+00,-2.468109040617e+00,-2.398919133431e+00,-2.331950454573e+00,-2.267112121198e+00,-2.204317813137e+00,-2.143485500212e+00,-2.084537191200e+00,-2.027398696835e+00,-1.971999411708e+00,-1.918272107866e+00,-1.866152744716e+00,-1.815580288820e+00,-1.766496547763e+00,-1.718846012416e+00,-1.672575711386e+00,-1.627635072605e+00,-1.583975795494e+00,-1.541551729230e+00,-1.500318760197e+00,-1.460234704687e+00,-1.421259209574e+00,-1.383353657531e+00,-1.346481079190e+00,-1.310606069233e+00,-1.275694708543e+00,-1.241714489746e+00,-1.208634248135e+00,-1.176424095430e+00,-1.145055358334e+00,-1.114500519550e+00,-1.084733162989e+00,-1.055727921157e+00,-1.027460426206e+00,-9.999072629185e-01,-9.730459248963e-01,-9.468547724812e-01,-9.213129934663e-01,-8.964005653776e-01,-8.720982201771e-01,-8.483874104013e-01,-8.252502773967e-01,-8.026696208742e-01,-7.806288702762e-01,-7.591120573629e-01,-7.381037903606e-01,-7.175892292407e-01,-6.975540623463e-01,-6.779844840690e-01,-6.588671736764e-01,-6.401892751369e-01,-6.219383779066e-01,-6.041024986748e-01,-5.866700639013e-01,-5.696298932810e-01,-5.529711838490e-01,-5.366834949848e-01,-5.207567339231e-01,-5.051811421408e-01,-4.899472821293e-01,-4.750460250235e-01,-4.604685385103e-01,-4.462062755738e-01,-4.322509634273e-01,-4.185945932651e-01,-4.052294101136e-01,-3.921479035068e-01,-3.793427981393e-01,-3.668070453943e-01,-3.545338147320e-01,-3.425164859657e-01,-3.307486413292e-01,-3.192240584276e-01,-3.079367029204e-01,-2.968807220836e-01,-2.860504380525e-01,-2.754403419374e-01,-2.650450875760e-01,-2.548594861516e-01,-2.448785004093e-01,-2.350972397311e-01,-2.255109547753e-01,-2.161150329663e-01,-2.069049935208e-01,-1.978764833155e-01,-1.890252722611e-01,-1.803472495404e-01,-1.718384192533e-01,-1.634948970225e-01,-1.553129059056e-01,-1.472887732953e-01,-1.394189271018e-01,-1.316998929155e-01,-1.241282904378e-01,-1.167008308842e-01,-1.094143136437e-01,-1.022656239011e-01,-9.525172950744e-02,-8.836967880247e-02,-8.161659767968e-02,-7.498968759214e-02,-6.848622279736e-02,-6.210354853057e-02,-5.583907841613e-02,-4.969029279403e-02,-4.365473627944e-02
-1.032550247572e+02,-9.342772434209e+01,-8.491671939792e+01,-7.749758306445e+01,-7.099171586641e+01,-6.525556299499e+01,-6.017267883369e+01,-5.564781084617e+01,-5.160243632932e+01,-4.797135820719e+01,-4.470008211201e+01,-4.174277647706e+01,-3.906067201649e+01,-3.662079582479e+01,-3.439496234565e+01,-3.235896345832e+01,-3.049191392625e+01,-2.877571912749e+01,-2.719463961406e+01,-2.573493289001e+01,-2.438455716875e+01,-2.313292511210e+01,-2.197069820661e+01,-2.088961421445e+01,-1.988234183578e+01,-1.894235772277e+01,-1.806384204915e+01,-1.724158947625e+01,-1.647093298717e+01,-1.574767851113e+01,-1.506804860891e+01,-1.442863384208e+01,-1.382635061167e+01,-1.325840454763e+01,-1.272225858199e+01,-1.221560507656e+01,-1.173634139380e+01,-1.128254845600e+01,-1.085247187045e+01,-1.044450527782e+01,-1.005717563656e+01,-9.689130174434e+00,-9.339124819585e+00,-9.006013891724e+00,-8.688740930468e+00,-8.386330493359e+00,-8.097880827315e+00,-7.822557297175e+00,-7.559586488128e+00,-7.308250905763e+00,-7.067884198146e+00,-6.837866854772e+00,-6.617622311558e+00,-6.406613438987e+00,-6.204339349919e+00,-6.010332513410e+00,-5.824156126508e+00,-5.645401728164e+00,-5.473687024748e+00,-5.308653906964e+00,-5.149966642367e+00,-4.997310218601e+00,-4.850388834632e+00,-4.708924510700e+00,-4.572655821223e+00,-4.441336725965e+00,-4.314735499930e+00,-4.192633747018e+00,-4.074825492357e+00,-3.961116346956e+00,-3.851322734606e+00,-3.745271181949e+00,-3.642797657582e+00,-3.543746966209e+00,-3.447972182508e+00,-3.355334131107e+00,-3.265700901148e+00,-3.178947397816e+00,-3.094954925023e+00,-3.013610797278e+00,-2.934807979989e+00,-2.858444752290e+00,-2.784424396358e+00,-2.712654903909e+00,-2.643048706038e+00,-2.575522418264e+00,-2.509996604260e+00,-2.446395554015e+00,-2.384647076575e+00,-2.324682306609e+00,-2.266435522063e+00,-2.209843975134e+00,-2.154847731491e+00,-2.101389522023e+00,-2.049414601174e+00,-1.998870616012e+00,-1.949707481666e+00,-1.901877265154e+00,-1.855334075707e+00,-1.810033961431e+00,-1.765934812597e+00,-1.722996269432e+00,-1.681179636760e+00,-1.640447801709e+00,-1.600765157720e+00,-1.562097531539e+00,-1.524412115122e+00,-1.487677400830e+00,-1.451863120273e+00,-1.416940186705e+00,-1.382880639993e+00,-1.349657595319e+00,-1.317245193619e+00,-1.285618555718e+00,-1.254753737812e+00,-1.224627690139e+00,-1.195218217150e+00,-1.166503940101e+00,-1.138464261384e+00,-1.111079330616e+00,-1.084330012649e+00,-1.058197856774e+00,-1.032665067998e+00,-1.007714479106e+00,-9.833295246437e-01,-9.594942157434e-01,-9.361931164254e-01,-9.134113208901e-01,-8.911344319183e-01,-8.693485403488e-01,-8.480402053783e-01,-8.271964359731e-01,-8.068046729057e-01,-7.868527718567e-01,-7.673289870677e-01,-7.482219559038e-01,-7.295206839996e-01,-7.112145311300e-01,-6.932931976836e-01,-6.757467117365e-01,-6.585654166975e-01,-6.417399594944e-01,-6.252612792516e-01,-6.091205964966e-01,-5.933094027735e-01,-5.778194507569e-01,-5.626427447334e-01,-5.477715315149e-01,-5.331982917302e-01,-5.189157314393e-01,-5.049167741844e-01,-4.911945532187e-01,-4.777424042601e-01,-4.645538582844e-01,-4.516226348815e-01,-4.389426356299e-01,-4.265079379303e-01,-4.143127889573e-01,-4.023515999003e-01,-3.906189404642e-01,-3.791095334566e-01,-3.678182498268e-01,-3.567401035331e-01,-3.458702470462e-01,-3.352039665986e-01,-3.247366779617e-01,-3.144639221366e-01,-3.043813613442e-01,-2.944847751429e-01,-2.847700565923e-01,-2.752332087845e-01,-2.658703411485e-01,-2.566776663610e-01,-2.476514968182e-01,-2.387882418007e-01,-2.300844042423e-01,-2.215365779937e-01,-2.131414449419e-01,-2.048957723313e-01,-1.967964102279e-01,-1.888402888676e-01
-1.313443738731e+02,-1.188863177611e+02,-1.080958635910e+02,-9.868876766974e+01,-9.043881838522e+01,-8.316418342842e+01,-7.671736169487e+01,-7.097769209785e+01,-6.584570174512e+01,-6.123879513884e+01,-5.708793264638e+01,-5.333504709752e+01,-4.993101693979e+01,-4.683406290818e+01,-4.400847016667e+01,-4.142356247336e+01,-3.905287315101e+01,-3.687347092653e+01,-3.486540834845e+01,-3.301126806247e+01,-3.129578753273e+01,-2.970554710114e+01,-2.822870949918e+01,-2.685480126201e+01,-2.557452859521e+01,-2.437962157991e+01,-2.326270184319e+01,-2.221716977945e+01,-2.123710802753e+01,-2.031719864306e+01,-1.945265175182e+01,-1.863914390595e+01,-1.787276469153e+01,-1.714997030161e+01,-1.646754310443e+01,-1.582255630656e+01,-1.521234299670e+01,-1.463446897981e+01,-1.408670884408e+01,-1.356702486715e+01,-1.307354835705e+01,-1.260456311773e+01,-1.215849078351e+01,-1.173387775349e+01,-1.132938356193e+01,-1.094377048757e+01,-1.057589425441e+01,-1.022469571137e+01,-9.889193347435e+00,-9.568476575238e+00,-9.261699677164e+00,-8.968076342617e+00,-8.686874743553e+00,-8.417413066972e+00,-8.159055478884e+00,-7.911208458157e+00,-7.673317464963e+00,-7.444863918309e+00,-7.225362433244e+00,-7.014358310944e+00,-6.811425242953e+00,-6.616163211893e+00,-6.428196577391e+00,-6.247172313547e+00,-6.072758400294e+00,-5.904642343821e+00,-5.742529814967e+00,-5.586143403065e+00,-5.435221460591e+00,-5.289517044872e+00,-5.148796939085e+00,-5.012840747008e+00,-4.881440061353e+00,-4.754397688006e+00,-4.631526933355e+00,-4.512650941417e+00,-4.397602078384e+00,-4.286221365300e+00,-4.178357945854e+00,-4.073868596351e+00,-3.972617267573e+00,-3.874474657713e+00,-3.779317818018e+00,-3.687029780371e+00,-3.597499213795e+00,-3.510620102288e+00,-3.426291442823e+00,-3.344416966333e+00,-3.264904872568e+00,-3.187667585346e+00,-3.112621521886e+00,-3.039686875988e+00,-2.968787417294e+00,-2.899850299559e+00,-2.832805883552e+00,-2.767587569364e+00,-2.704131638411e+00,-2.642377106887e+00,-2.582265585109e+00,-2.523741147567e+00,-2.466750209306e+00,-2.411241409156e+00,-2.357165501443e+00,-2.304475251357e+00,-2.253125338264e+00,-2.203072263615e+00,-2.154274263438e+00,-2.106691227311e+00,-2.060284619625e+00,-2.015017406854e+00,-1.970853987988e+00,-1.927760128336e+00,-1.885702898138e+00,-1.844650612669e+00,-1.804572776932e+00,-1.765440032531e+00,-1.727224107068e+00,-1.689897767131e+00,-1.653434772277e+00,-1.617809832538e+00,-1.582998567445e+00,-1.548977466934e+00,-1.515723855057e+00,-1.483215854253e+00,-1.451432352341e+00,-1.420352970715e+00,-1.389958033820e+00,-1.360228540858e+00,-1.331146137831e+00,-1.302693091710e+00,-1.274852265458e+00,-1.247607094064e+00,-1.220941562250e+00,-1.194840182441e+00,-1.169287974376e+00,-1.144270445327e+00,-1.119773571146e+00,-1.095783778551e+00,-1.072287927639e+00,-1.049273295659e+00,-1.026727561245e+00,-1.004638789293e+00,-9.829954168010e-01,-9.617862388898e-01,-9.410003957659e-01,-9.206273600996e-01,-9.006569248624e-01,-8.810791919165e-01,-8.618845607734e-01,-8.430637180647e-01,-8.246076273378e-01,-8.065075192430e-01,-7.887548822523e-01,-7.713414535815e-01,-7.542592106202e-01,-7.375003626353e-01,-7.210573428071e-01,-7.049228006264e-01,-6.890895945299e-01,-6.735507848735e-01,-6.582996271529e-01,-6.433295655041e-01,-6.286342264313e-01,-6.142074128081e-01,-6.000430980788e-01,-5.861354206855e-01,-5.724786787441e-01,-5.590673248278e-01,-5.458959610688e-01,-5.329593343382e-01,-5.202523316446e-01,-5.077699757515e-01,-4.955074208115e-01,-4.834599483544e-01,-4.716229632524e-01,-4.599919899078e-01,-4.485626686266e-01,-4.373307519426e-01,-4.262921013247e-01,-4.154426837742e-01,-4.047785686552e-01
-1.723884010712e+02,-1.560898987935e+02,-1.419717164841e+02,-1.296623219975e+02,-1.188660236404e+02,-1.093451297984e+02,-1.009068184193e+02,-9.339334746178e+01,-8.667466899872e+01,-8.064279542815e+01,-7.520745857193e+01,-7.029273332938e+01,-6.583438852442e+01,-6.177779141398e+01,-5.807623739125e+01,-5.468960911138e+01,-5.158329289118e+01,-4.872729739755e+01,-4.609553265105e+01,-4.366521689758e+01,-4.141638598961e+01,-3.933148559590e+01,-3.739503064196e+01,-3.559331953776e+01,-3.391419342153e+01,-3.234683248022e+01,-3.088158292061e+01,-2.950980948821e+01,-2.822376928964e+01,-2.701650345375e+01,-2.588174384787e+01,-2.481383247699e+01,-2.380765163083e+01,-2.285856320039e+01,-2.196235578258e+01,-2.111519846216e+01,-2.031360034399e+01,-1.955437499855e+01,-1.883460917184e+01,-1.815163519628e+01,-1.750300657536e+01,-1.688647636171e+01,-1.629997797044e+01,-1.574160808957e+01,-1.520961146095e+01,-1.470236729426e+01,-1.421837709849e+01,-1.375625378906e+01,-1.331471190958e+01,-1.289255883082e+01,-1.248868683545e+01,-1.210206597503e+01,-1.173173761328e+01,-1.137680859457e+01,-1.103644595450e+01,-1.070987212090e+01,-1.039636056300e+01,-1.009523182517e+01,-9.805849917242e+00,-9.527619030551e+00,-9.259980529112e+00,-9.002410204974e+00,-8.754415771936e+00,-8.515534559447e+00,-8.285331404418e+00,-8.063396718152e+00,-7.849344702518e+00,-7.642811715145e+00,-7.443454764057e+00,-7.250950115555e+00,-7.064992015408e+00,-6.885291506075e+00,-6.711575331203e+00,-6.543584927201e+00,-6.381075486092e+00,-6.223815086743e+00,-6.071583893661e+00,-5.924173408566e+00,-5.781385776459e+00,-5.643033144576e+00,-5.508937060151e+00,-5.378927912655e+00,-5.252844416959e+00,-5.130533125883e+00,-5.011847979040e+00,-4.896649882860e+00,-4.784806314166e+00,-4.676190952935e+00,-4.570683338742e+00,-4.468168546583e+00,-4.368536886294e+00,-4.271683619761e+00,-4.177508694414e+00,-4.085916495931e+00,-3.996815614080e+00,-3.910118622540e+00,-3.825741874442e+00,-3.743605307390e+00,-3.663632260691e+00,-3.585749305549e+00,-3.509886081789e+00,-3.435975145625e+00,-3.363951827691e+00,-3.293754095952e+00,-3.225322428349e+00,-3.158599693238e+00,-3.093531034126e+00,-3.030063762623e+00,-2.968147257206e+00,-2.907732865974e+00,-2.848773816331e+00,-2.791225128861e+00,-2.735043534988e+00,-2.680187400518e+00,-2.626616652021e+00,-2.574292706891e+00,-2.523178408389e+00,-2.473237962457e+00,-2.424436878108e+00,-2.376741912076e+00,-2.330121014325e+00,-2.284543277189e+00,-2.239978887866e+00,-2.196399081450e+00,-2.153776097375e+00,-2.112083138330e+00,-2.071294329830e+00,-2.031384682776e+00,-1.992330057739e+00,-1.954107130106e+00,-1.916693357792e+00,-1.880066950087e+00,-1.844206837527e+00,-1.809092643980e+00,-1.774704659381e+00,-1.741023813618e+00,-1.708031652342e+00,-1.675710313025e+00,-1.644042502274e+00,-1.613011474818e+00,-1.582601012407e+00,-1.552795404105e+00,-1.523579427900e+00,-1.494938332147e+00,-1.466857818409e+00,-1.439324025213e+00,-1.412323511805e+00,-1.385843243146e+00,-1.359870575498e+00,-1.334393242203e+00,-1.309399340514e+00,-1.284877318787e+00,-1.260815963993e+00,-1.237204390148e+00,-1.214032026896e+00,-1.191288608524e+00,-1.168964163773e+00,-1.147049005639e+00,-1.125533721700e+00,-1.104409165104e+00,-1.083666445459e+00,-1.063296920300e+00,-1.043292187071e+00,-1.023644075011e+00,-1.004344637605e+00,-9.853861453984e-01,-9.667610787981e-01,-9.484621213757e-01,-9.304821533965e-01,-9.128142454404e-01,-8.954516524336e-01,-8.783878078258e-01,-8.616163179203e-01,-8.451309565422e-01,-8.289256597976e-01,-8.129945210224e-01,-7.973317860054e-01,-7.819318482719e-01,-7.667892445741e-01,-7.518986505956e-01,-7.372548767118e-01
-2.357387312322e+02,-2.135180295664e+02,-1.942680876212e+02,-1.774828220564e+02,-1.627594385364e+02,-1.497741371611e+02,-1.382642312312e+02,-1.280148152702e+02,-1.188487062406e+02,-1.106187708089e+02,-1.032020130887e+02,-9.649497603801e+01,-9.041013328845e+01,-8.487303480145e+01,-7.982003174878e+01,-7.519645007955e+01,-7.095511436673e+01,-6.705514727754e+01,-6.346098739965e+01,-6.014158117200e+01,-5.706971451114e+01,-5.422145723673e+01,-5.157569907641e+01,-4.911376031529e+01,-4.681906375826e+01,-4.467685720141e+01,-4.267397768223e+01,-4.079865050008e+01,-3.904031727582e+01,-3.738948834347e+01,-3.583761560109e+01,-3.437698266897e+01,-3.300060972400e+01,-3.170217076108e+01,-3.047592151093e+01,-2.931663646736e+01,-2.821955370499e+01,-2.718032642717e+01,-2.619498032508e+01,-2.525987595603e+01,-2.437167547080e+01,-2.352731313802e+01,-2.272396918678e+01,-2.195904651158e+01,-2.123014992242e+01,-2.053506762064e+01,-1.987175461598e+01,-1.923831786773e+01,-1.863300295151e+01,-1.805418207047e+01,-1.750034325074e+01,-1.697008060105e+01,-1.646208552282e+01,-1.597513874186e+01,-1.550810309921e+01,-1.505991701603e+01,-1.462958854805e+01,-1.421618998071e+01,-1.381885291056e+01,-1.343676375930e+01,-1.306915967396e+01,-1.271532478280e+01,-1.237458677608e+01,-1.204631376131e+01,-1.172991138670e+01,-1.142482020332e+01,-1.113051323528e+01,-1.084649374580e+01,-1.057229318295e+01,-1.030746928628e+01,-1.005160433599e+01,-9.804303538861e+00,-9.565193541332e+00,-9.333921044981e+00,-9.110151529834e+00,-8.893568073993e+00,-8.683870253942e+00,-8.480773125457e+00,-8.284006279124e+00,-8.093312961741e+00,-7.908449256527e+00,-7.729183321618e+00,-7.555294684466e+00,-7.386573576904e+00,-7.222820318917e+00,-7.063844745025e+00,-6.909465665089e+00,-6.759510360958e+00,-6.613814117211e+00,-6.472219781933e+00,-6.334577352891e+00,-6.200743591301e+00,-6.070581662448e+00,-5.943960793151e+00,-5.820755953218e+00,-5.700847557748e+00,-5.584121184339e+00,-5.470467308071e+00,-5.359781053379e+00,-5.251961960094e+00,-5.146913761594e+00,-5.044544176748e+00,-4.944764716046e+00,-4.847490494442e+00,-4.752640057202e+00,-4.660135216462e+00,-4.569900894841e+00,-4.481864978030e+00,-4.395958176400e+00,-4.312113894056e+00,-4.230268103454e+00,-4.150359227630e+00,-4.072328030358e+00,-3.996117508807e+00,-3.921672793637e+00,-3.848941055168e+00,-3.777871412538e+00,-3.708414848033e+00,-3.640524126496e+00,-3.574153718537e+00,-3.509259726659e+00,-3.445799815647e+00,-3.383733147771e+00,-3.323020318523e+00,-3.263623296986e+00,-3.205505369665e+00,-3.148631085783e+00,-3.092966205406e+00,-3.038477650607e+00,-2.985133458899e+00,-2.932902737922e+00,-2.881755622804e+00,-2.831663236516e+00,-2.782597650031e+00,-2.734531845420e+00,-2.687439681169e+00,-2.641295857917e+00,-2.596075886059e+00,-2.551756055231e+00,-2.508313404979e+00,-2.465725696153e+00,-2.423971383911e+00,-2.383029592727e+00,-2.342880090876e+00,-2.303503266914e+00,-2.264880107530e+00,-2.226992175564e+00,-2.189821589105e+00,-2.153351001800e+00,-2.117563583975e+00,-2.082443003965e+00,-2.047973410570e+00,-2.014139416840e+00,-1.980926083300e+00,-1.948318902538e+00,-1.916303784740e+00,-1.884867043114e+00,-1.853995380098e+00,-1.823675874382e+00,-1.793895968328e+00,-1.764643455565e+00,-1.735906469269e+00,-1.707673471394e+00,-1.679933241373e+00,-1.652674865784e+00,-1.625887728621e+00,-1.599561501487e+00,-1.573686134248e+00,-1.548251846227e+00,-1.523249117726e+00,-1.498668681532e+00,-1.474501514945e+00,-1.450738832442e+00,-1.427372077918e+00,-1.404392917603e+00,-1.381793233408e+00,-1.359565116132e+00,-1.337700859026e+00,-1.316192951731e+00,-1.295034074374e+00,-1.274217091691e+00
-3.409875777995e+02,-3.089366782731e+02,-2.811682384569e+02,-2.569529239632e+02,-2.357102290445e+02,-2.169734744326e+02,-2.003640446622e+02,-1.855721790302e+02,-1.723424783203e+02,-1.604628491212e+02,-1.497559847550e+02,-1.400727386896e+02,-1.312869250359e+02,-1.232912053284e+02,-1.159938098851e+02,-1.093159055428e+02,-1.031894683038e+02,-9.755555309653e+01,-9.236287822148e+01,-8.756666061957e+01,-8.312765255391e+01,-7.901134079949e+01,-7.518727781906e+01,-7.162852053187e+01,-6.831115744889e+01,-6.521390856591e+01,-6.231778555624e+01,-5.960580200430e+01,-5.706272552358e+01,-5.467486493131e+01,-5.242988697328e+01,-5.031665792638e+01,-4.832510636729e+01,-4.644610389557e+01,-4.467136121321e+01,-4.299333728106e+01,-4.140515976564e+01,-3.990055516781e+01,-3.847378733950e+01,-3.711960320713e+01,-3.583318480283e+01,-3.461010675053e+01,-3.344629853787e+01,-3.233801092037e+01,-3.128178599597e+01,-3.027443047142e+01,-2.931299176387e+01,-2.839473655594e+01,-2.751713156285e+01,-2.667782623083e+01,-2.587463717057e+01,-2.510553409306e+01,-2.436862712052e+01,-2.366215530071e+01,-2.298447621429e+01,-2.233405652723e+01,-2.170946342200e+01,-2.110935679836e+01,-2.053248218095e+01,-1.997766423545e+01,-1.944380086074e+01,-1.892985778394e+01,-1.843486362525e+01,-1.795790536072e+01,-1.749812417252e+01,-1.705471163428e+01,-1.662690621545e+01,-1.621399005083e+01,-1.581528597590e+01,-1.543015479002e+01,-1.505799274000e+01,-1.469822918363e+01,-1.435032443886e+01,-1.401376779062e+01,-1.368807565266e+01,-1.337278985308e+01,-1.306747605206e+01,-1.277172227016e+01,-1.248513752755e+01,-1.220735056934e+01,-1.193800868648e+01,-1.167677661516e+01,-1.142333551755e+01,-1.117738202208e+01,-1.093862733462e+01,-1.070679640567e+01,-1.048162715828e+01,-1.026286975743e+01,-1.005028593257e+01,-9.843648340885e+00,-9.642739976106e+00,-9.447353606610e+00,-9.257291253823e+00,-9.072363700613e+00,-8.892390034134e+00,-8.717197209581e+00,-8.546619644801e+00,-8.380498837233e+00,-8.218683007235e+00,-8.061026756325e+00,-7.907390749433e+00,-7.757641413616e+00,-7.611650657845e+00,-7.469295602732e+00,-7.330458329540e+00,-7.195025641309e+00,-7.062888840947e+00,-6.933943515888e+00,-6.808089338256e+00,-6.685229874198e+00,-6.565272406679e+00,-6.448127762745e+00,-6.333710153270e+00,-6.221937019693e+00,-6.112728891540e+00,-6.006009246912e+00,-5.901704383105e+00,-5.799743292614e+00,-5.700057547831e+00,-5.602581187634e+00,-5.507250612312e+00,-5.414004482475e+00,-5.322783625428e+00,-5.233530942233e+00,-5.146191321917e+00,-5.060711558581e+00,-4.977040274899e+00,-4.895127845567e+00,-4.814926326829e+00,-4.736389388217e+00,-4.659472249586e+00,-4.584131617790e+00,-4.510325628462e+00,-4.438013789516e+00,-4.367156929058e+00,-4.297717142727e+00,-4.229657745361e+00,-4.162943224008e+00,-4.097539194616e+00,-4.033412358036e+00,-3.970530459719e+00,-3.908862250362e+00,-3.848377449892e+00,-3.789046710413e+00,-3.730841582490e+00,-3.673734482039e+00,-3.617698660217e+00,-3.562708172122e+00,-3.508737848433e+00,-3.455763267500e+00,-3.403760729981e+00,-3.352707232341e+00,-3.302580442888e+00,-3.253358678152e+00,-3.205020881437e+00,-3.157546600295e+00,-3.110915966190e+00,-3.065109674440e+00,-3.020108966008e+00,-2.975895608270e+00,-2.932451877728e+00,-2.889760542839e+00,-2.847804848601e+00,-2.806568500016e+00,-2.766035647343e+00,-2.726190871361e+00,-2.687019170259e+00,-2.648505945383e+00,-2.610636988597e+00,-2.573398469641e+00,-2.536776924879e+00,-2.500759245008e+00,-2.465332664190e+00,-2.430484749166e+00,-2.396203389567e+00,-2.362476787287e+00,-2.329293447105e+00,-2.296642167283e+00,-2.264512031196e+00,-2.232892398121e+00,-2.201772895119e+00
-5.350798653595e+02,-4.849167817560e+02,-4.414523269134e+02,-4.035459919790e+02,-3.702899626925e+02,-3.409543993885e+02,-3.149471599803e+02,-2.917837684362e+02,-2.710647548194e+02,-2.524583696903e+02,-2.356872639408e+02,-2.205181275716e+02,-2.067535595564e+02,-1.942256359807e+02,-1.827907830655e+02,-1.723256609873e+02,-1.627238370277e+02,-1.538930797857e+02,-1.457531452458e+02,-1.382339552865e+02,-1.312740910250e+02,-1.248195403169e+02,-1.188226516454e+02,-1.132412562922e+02,-1.080379286896e+02,-1.031793605792e+02,-9.863582940057e+01,-9.438074509810e+01,-9.039026228663e+01,-8.664294733335e+01,-8.311949159344e+01,-7.980246363292e+01,-7.667609454101e+01,-7.372609128938e+01,-7.093947411478e+01,-6.830443441299e+01,-6.581021024358e+01,-6.344697702779e+01,-6.120575128857e+01,-5.907830575336e+01,-5.705709427819e+01,-5.513518531733e+01,-5.330620287540e+01,-5.156427393352e+01,-4.990398161251e+01,-4.832032333849e+01,-4.680867341031e+01,-4.536474947483e+01,-4.398458239644e+01,-4.266448918692e+01,-4.140104861960e+01,-4.019107922913e+01,-3.903161945551e+01,-3.791990965268e+01,-3.685337580842e+01,-3.582961476986e+01,-3.484638081961e+01,-3.390157347998e+01,-3.299322638267e+01,-3.211949713552e+01,-3.127865806700e+01,-3.046908776367e+01,-2.968926334022e+01,-2.893775333672e+01,-2.821321121959e+01,-2.751436941147e+01,-2.684003380183e+01,-2.618907870999e+01,-2.556044222763e+01,-2.495312193907e+01,-2.436617096955e+01,-2.379869433396e+01,-2.324984557270e+01,-2.271882362344e+01,-2.220486993596e+01,-2.170726579574e+01,-2.122532984036e+01,-2.075841576297e+01,-2.030591016547e+01,-1.986723057236e+01,-1.944182358066e+01,-1.902916313577e+01,-1.862874893358e+01,-1.824010491781e+01,-1.786277788701e+01,-1.749633619179e+01,-1.714036851605e+01,-1.679448274546e+01,-1.645830489714e+01,-1.613147812590e+01,-1.581366179142e+01,-1.550453058266e+01,-1.520377370341e+01,-1.491109409791e+01,-1.462620773087e+01,-1.434884290925e+01,-1.407873964389e+01,-1.381564905462e+01,-1.355933280187e+01,-1.330956255758e+01,-1.306611950540e+01,-1.282879386847e+01,-1.259738446967e+01,-1.237169830847e+01,-1.215155016719e+01,-1.193676223794e+01,-1.172716376895e+01,-1.152259073550e+01,-1.132288552103e+01,-1.112789662068e+01,-1.093747835947e+01,-1.075149062454e+01,-1.056979861590e+01,-1.039227260354e+01,-1.021878770169e+01,-1.004922365369e+01,-9.883464627051e+00,-9.721399022735e+00,-9.562919288162e+00,-9.407921743672e+00,-9.256306416579e+00,-9.107976882662e+00,-8.962840119121e+00,-8.820806358985e+00,-8.681788956483e+00,-8.545704257906e+00,-8.412471477829e+00,-8.282012584729e+00,-8.154252186640e+00,-8.029117425783e+00,-7.906537877161e+00,-7.786445451200e+00,-7.668774303877e+00,-7.553460746247e+00,-7.440443161283e+00,-7.329661923599e+00,-7.221059322278e+00,-7.114579489690e+00,-7.010168329353e+00,-6.907773449798e+00,-6.807344100570e+00,-6.708831110454e+00,-6.612186830938e+00,-6.517365078080e+00,-6.424321079590e+00,-6.333011423447e+00,-6.243394008110e+00,-6.155427997278e+00,-6.069073772761e+00,-5.984292891834e+00,-5.901048045694e+00,-5.819303019147e+00,-5.739022654064e+00,-5.660172810985e+00,-5.582720334537e+00,-5.506633019611e+00,-5.431879578550e+00,-5.358429611425e+00,-5.286253574582e+00,-5.215322752413e+00,-5.145609229701e+00,-5.077085864629e+00,-5.009726264667e+00,-4.943504760504e+00,-4.878396382932e+00,-4.814376840090e+00,-4.751422495162e+00,-4.689510346674e+00,-4.628618006810e+00,-4.568723682366e+00,-4.509806155920e+00,-4.451844767364e+00,-4.394819397632e+00,-4.338710450638e+00,-4.283498837479e+00,-4.229165960776e+00,-4.175693699316e+00,-4.123064394547e+00,-4.071260835445e+00,-4.020266245366e+00,-3.970064268972e+00
-9.551466289914e+02,-8.658180798390e+02,-7.884114200694e+02,-7.208973902604e+02,-6.616606859885e+02,-6.094026237706e+02,-5.630694957224e+02,-5.217991472282e+02,-4.848806670271e+02,-4.517236366398e+02,-4.218344334729e+02,-3.947977975716e+02,-3.702623669922e+02,-3.479292345927e+02,-3.275428259322e+02,-3.088835755462e+02,-2.917620073841e+02,-2.760139201058e+02,-2.614964476872e+02,-2.480848180862e+02,-2.356696721149e+02,-2.241548345302e+02,-2.134554523294e+02,-2.034964325230e+02,-1.942111257567e+02,-1.855402124556e+02,-1.774307566701e+02,-1.698353993721e+02,-1.627116682203e+02,-1.560213849607e+02,-1.497301549526e+02,-1.438069261320e+02,-1.382236067877e+02,-1.329547333635e+02,-1.279771809324e+02,-1.232699102353e+02,-1.188137460294e+02,-1.145911824473e+02,-1.105862116610e+02,-1.067841727081e+02,-1.031716178165e+02,-9.973619394438e+01,-9.646653762875e+01,-9.335218137701e+01,-9.038347025975e+01,-8.755148741294e+01,-8.484798738640e+01,-8.226533640517e+01,-7.979645874622e+01,-7.743478852159e+01,-7.517422623394e+01,-7.300909960494e+01,-7.093412818341e+01,-6.894439132634e+01,-6.703529918557e+01,-6.520256640415e+01,-6.344218819918e+01,-6.175041861542e+01,-6.012375072157e+01,-5.855889854990e+01,-5.705278060734e+01,-5.560250479973e+01,-5.420535465561e+01,-5.285877667569e+01,-5.156036875158e+01,-5.030786952836e+01,-4.909914862881e+01,-4.793219765858e+01,-4.680512192744e+01,-4.571613281996e+01,-4.466354074644e+01,-4.364574864322e+01,-4.266124596266e+01,-4.170860311339e+01,-4.078646630990e+01,-3.989355281065e+01,-3.902864648868e+01,-3.819059372594e+01,-3.737829960093e+01,-3.659072434376e+01,-3.582688003823e+01,-3.508582754904e+01,-3.436667367107e+01,-3.366856845290e+01,-3.299070271255e+01,-3.233230571503e+01,-3.169264300272e+01,-3.107101436610e+01,-3.046675194806e+01,-2.987921847036e+01,-2.930780556598e+01,-2.875193222244e+01,-2.821104332034e+01,-2.768460826207e+01,-2.717211968265e+01,-2.667309224561e+01,-2.618706150275e+01,-2.571358282544e+01,-2.525223039982e+01,-2.480259628035e+01,-2.436428949831e+01,-2.393693521996e+01,-2.352017396089e+01,-2.311366083247e+01,-2.271706483919e+01,-2.233006821312e+01,-2.195236578523e+01,-2.158366439058e+01,-2.122368230763e+01,-2.087214872844e+01,-2.052880325289e+01,-2.019339541401e+01,-1.986568422723e+01,-1.954543776330e+01,-1.923243274212e+01,-1.892645415240e+01,-1.862729488488e+01,-1.833475538663e+01,-1.804864333348e+01,-1.776877331836e+01,-1.749496655516e+01,-1.722705059610e+01,-1.696485906849e+01,-1.670823141574e+01,-1.645701265674e+01,-1.621105315543e+01,-1.597020840136e+01,-1.573433880018e+01,-1.550330947521e+01,-1.527699007872e+01,-1.505525460882e+01,-1.483798123777e+01,-1.462505214740e+01,-1.441635337194e+01,-1.421177464712e+01,-1.401120926945e+01,-1.381455395757e+01,-1.362170872146e+01,-1.343257673788e+01,-1.324706423090e+01,-1.306508035767e+01,-1.288653709818e+01,-1.271134915392e+01,-1.253943384452e+01,-1.237071101302e+01,-1.220510293423e+01,-1.204253422680e+01,-1.188293176865e+01,-1.172622461682e+01,-1.157234393092e+01,-1.142122289735e+01,-1.127279665884e+01,-1.112700224622e+01,-1.098377851294e+01,-1.084306607153e+01,-1.070480723509e+01,-1.056894595802e+01,-1.043542778029e+01,-1.030419977426e+01,-1.017521049329e+01,-1.004840992233e+01,-9.923749429750e+00,-9.801181724059e+00,-9.680660807540e+00,-9.562141934862e+00,-9.445581572450e+00,-9.330937359376e+00,-9.218168069433e+00,-9.107233575278e+00,-8.998094814129e+00,-8.890713752962e+00,-8.785053356620e+00,-8.681077556623e+00,-8.578751221088e+00,-8.478040125228e+00,-8.378910924792e+00,-8.281331128096e+00,-8.185269069992e+00,-8.090693886995e+00,-7.997575493082e+00,-7.905884556328e+00
-2.157443575028e+03,-1.956114442100e+03,-1.781639878270e+03,-1.629450151507e+03,-1.495907569338e+03,-1.378087350761e+03,-1.273616326581e+03,-1.180552662988e+03,-1.097295104104e+03,-1.022513735315e+03,-9.550966270961e+02,-8.941083290732e+02,-8.387572995337e+02,-7.883701373135e+02,-7.423710401076e+02,-7.002653117496e+02,-6.616260314761e+02,-6.260832109036e+02,-5.933149219875e+02,-5.630399969151e+02,-5.350119895221e+02,-5.090141550904e+02,-4.848552570297e+02,-4.623660480950e+02,-4.413963052126e+02,-4.218123204382e+02,-4.034947696130e+02,-3.863368951158e+02,-3.702429509053e+02,-3.551268674666e+02,-3.409111018260e+02,-3.275256438716e+02,-3.149071552569e+02,-3.029982208639e+02,-2.917466965039e+02,-2.811051388834e+02,-2.710303062054e+02,-2.614827195795e+02,-2.524262769232e+02,-2.438279122971e+02,-2.356572946641e+02,-2.278865609331e+02,-2.204900789648e+02,-2.134442366246e+02,-2.067272537930e+02,-2.003190144592e+02,-1.942009164939e+02,-1.883557370063e+02,-1.827675114657e+02,-1.774214250021e+02,-1.723037145020e+02,-1.674015802862e+02,-1.627031063567e+02,-1.581971881811e+02,-1.538734673071e+02,-1.497222720308e+02,-1.457345634970e+02,-1.419018866699e+02,-1.382163256774e+02,-1.346704630901e+02,-1.312573427418e+02,-1.279704357383e+02,-1.248036093832e+02,-1.217510986613e+02,-1.188074801182e+02,-1.159676478722e+02,-1.132267915673e+02,-1.105803760917e+02,-1.080241229011e+02,-1.055539928039e+02,-1.031661700781e+02,-1.008570477988e+02,-9.862321430099e+01,-9.646144061863e+01,-9.436866888065e+01,-9.234200155114e+01,-9.037869145085e+01,-8.847613249545e+01,-8.663185109242e+01,-8.484349814372e+01,-8.310884160539e+01,-8.142575955671e+01,-7.979223376203e+01,-7.820634363849e+01,-7.666626064841e+01,-7.517024305882e+01,-7.371663104579e+01,-7.230384211773e+01,-7.093036683422e+01,-6.959476479868e+01,-6.829566090497e+01,-6.703174181631e+01,-6.580175267921e+01,-6.460449401572e+01,-6.343881882250e+01,-6.230362984155e+01,-6.119787699515e+01,-6.012055497372e+01,-5.907070096624e+01,-5.804739252386e+01,-5.704974554737e+01,-5.607691238804e+01,-5.512808007005e+01,-5.420246859343e+01,-5.329932934627e+01,-5.241794360215e+01,-5.155762110072e+01,-5.071769870639e+01,-4.989753914002e+01,-4.909652977936e+01,-4.831408152364e+01,-4.754962771640e+01,-4.680262313607e+01,-4.607254302262e+01,-4.535888216636e+01,-4.466115404105e+01,-4.397888998140e+01,-4.331163840261e+01,-4.265896405927e+01,-4.202044734161e+01,-4.139568360658e+01,-4.078428254020e+01,-4.018586756045e+01,-3.960007523482e+01,-3.902655473600e+01,-3.846496732123e+01,-3.791498583660e+01,-3.737629424494e+01,-3.684858717589e+01,-3.633156949714e+01,-3.582495590549e+01,-3.532847053514e+01,-3.484184659186e+01,-3.436482599155e+01,-3.389715902348e+01,-3.343860402673e+01,-3.298892708102e+01,-3.254790171132e+01,-3.211530860556e+01,-3.169093534468e+01,-3.127457614443e+01,-3.086603160680e+01,-3.046510848927e+01,-3.007161947287e+01,-2.968538294766e+01,-2.930622280540e+01,-2.893396824091e+01,-2.856845356176e+01,-2.820951800590e+01,-2.785700556682e+01,-2.751076482577e+01,-2.717064878960e+01,-2.683651474117e+01,-2.650822408642e+01,-2.618564221392e+01,-2.586863835849e+01,-2.555708547017e+01,-2.525086008840e+01,-2.494984222115e+01,-2.465391522871e+01,-2.436296571203e+01,-2.407688340409e+01,-2.379556107086e+01,-2.351889440770e+01,-2.324678194530e+01,-2.297912495782e+01,-2.271582737444e+01,-2.245679569422e+01,-2.220193890411e+01,-2.195116840006e+01,-2.170439791091e+01,-2.146154342402e+01,-2.122252311841e+01,-2.098725729288e+01,-2.075566830173e+01,-2.052768049160e+01,-2.030322014043e+01,-2.008221539871e+01,-1.986459623275e+01,-1.965029436994e+01,-1.943924324585e+01
-8.661600420088e+03,-7.854910986316e+03,-7.155763377551e+03,-6.545862682962e+03,-6.010644792642e+03,-5.538399360797e+03,-5.119624202709e+03,-4.746543873929e+03,-4.412746392371e+03,-4.112906094571e+03,-3.842570053073e+03,-3.597991925326e+03,-3.376001567261e+03,-3.173901876578e+03,-2.989386555634e+03,-2.820474082406e+03,-2.665454339051e+03,-2.522845199131e+03,-2.391357005166e+03,-2.269863339159e+03,-2.157376843570e+03,-2.053029119456e+03,-1.956053934896e+03,-1.865773134485e+03,-1.781584765091e+03,-1.702953028007e+03,-1.629399743403e+03,-1.560497072471e+03,-1.495861289819e+03,-1.435147436437e+03,-1.378044713758e+03,-1.324272503713e+03,-1.273576919395e+03,-1.225727807024e+03,-1.180516132952e+03,-1.137751700229e+03,-1.097261148056e+03,-1.058886194796e+03,-1.022482091207e+03,-9.879162556589e+02,-9.550670672587e+02,-9.238227963222e+02,-8.940806547528e+02,-8.657459509318e+02,-8.387313364504e+02,-8.129561333196e+02,-7.883457320059e+02,-7.648310518983e+02,-7.423480569155e+02,-7.208373199068e+02,-7.002436303069e+02,-6.805156402094e+02,-6.616055446151e+02,-6.434687921376e+02,-6.260638228951e+02,-6.093518307072e+02,-5.932965470549e+02,-5.778640445569e+02,-5.630225579743e+02,-5.487423209772e+02,-5.349954171089e+02,-5.217556435385e+02,-5.089983864399e+02,-4.967005067211e+02,-4.848402352897e+02,-4.733970768766e+02,-4.623517216458e+02,-4.516859638766e+02,-4.413826270790e+02,-4.314254949682e+02,-4.217992477784e+02,-4.124894034511e+02,-4.034822632743e+02,-3.947648615930e+02,-3.863249192459e+02,-3.781508004161e+02,-3.702314726121e+02,-3.625564695240e+02,-3.551158565188e+02,-3.479001985649e+02,-3.409005303902e+02,-3.341083286906e+02,-3.275154862775e+02,-3.211142879104e+02,-3.148973877931e+02,-3.088577885514e+02,-3.029888215940e+02,-2.972841287519e+02,-2.917376451036e+02,-2.863435828977e+02,-2.810964164952e+02,-2.759908682565e+02,-2.710218953085e+02,-2.661846771258e+02,-2.614746038737e+02,-2.568872654564e+02,-2.524184412244e+02,-2.480640902947e+02,-2.438203424435e+02,-2.396834895323e+02,-2.356499774320e+02,-2.317163984065e+02,-2.278794839595e+02,-2.241360980434e+02,-2.204832306795e+02,-2.169179919272e+02,-2.134376061870e+02,-2.100394068158e+02,-2.067208310364e+02,-2.034794151218e+02,-2.003127898385e+02,-1.972186761317e+02,-1.941948810391e+02,-1.912392938190e+02,-1.883498822799e+02,-1.855246892998e+02,-1.827618295239e+02,-1.800594862313e+02,-1.774159083588e+02,-1.748294076756e+02,-1.722983560972e+02,-1.698211831290e+02,-1.673963734548e+02,-1.650224646124e+02,-1.626980448023e+02,-1.604217507972e+02,-1.581922659508e+02,-1.560083183021e+02,-1.538686787680e+02,-1.517721594215e+02,-1.497176118492e+02,-1.477039255856e+02,-1.457300266186e+02,-1.437948759635e+02,-1.418974683017e+02,-1.400368306805e+02,-1.382120212712e+02,-1.364221281828e+02,-1.346662683271e+02,-1.329435863349e+02,-1.312532535182e+02,-1.295944668752e+02,-1.279664481522e+02,-1.263684429227e+02,-1.247997197220e+02,-1.232595692135e+02,-1.217473033908e+02,-1.202622548131e+02,-1.188037758720e+02,-1.173712380890e+02,-1.159640314416e+02,-1.145815637171e+02,-1.132232598923e+02,-1.118885615391e+02,-1.105769262526e+02,-1.092878271034e+02,-1.080207521105e+02,-1.067752037362e+02,-1.055506983993e+02,-1.043467660089e+02,-1.031629495149e+02,-1.019988044740e+02,-1.008538986438e+02,-9.972781157420e+01,-9.862013422649e+01,-9.753046860410e+01,-9.645842739686e+01,-9.540363363876e+01,-9.436572037834e+01,-9.334433036126e+01,-9.233911572461e+01,-9.134973770231e+01,-9.037586634134e+01,-8.941718022810e+01,-8.847336622477e+01,-8.754411921503e+01,-8.662914185888e+01,-8.572814435611e+01,-8.484084421821e+01,-8.396696604818e+01,-8.310624132798e+01
