z_m,baltic_summer_T,baltic_summer_S,baltic_summer_rho,baltic_summer_c,baltic_winter_T,baltic_winter_S,baltic_winter_rho,baltic_winter_c,north_sea_T,north_sea_S,north_sea_rho,north_sea_c,adriatic_T,adriatic_S,adriatic_rho,adriatic_c,java_sea_T,java_sea_S,java_sea_rho,java_sea_c,indo_reef_T,indo_reef_S,indo_reef_rho,indo_reef_c
0.000000000000e+00,1.699997894528e+01,7.000000045014e+00,1.004108902541e+03,1.480844277960e+03,2.502890101995e+00,7.000000045014e+00,1.005554826277e+03,1.423874010095e+03,1.199917083204e+01,3.480000000000e+01,1.026310032507e+03,1.496380654822e+03,2.399876605424e+01,3.800063550813e+01,1.025781066621e+03,1.534860970228e+03,2.949999142513e+01,3.200044222291e+01,1.019535437812e+03,1.541018808801e+03,2.899999757061e+01,3.380006337449e+01,1.021044811093e+03,1.541821147353e+03
1.000000000000e-01,1.699997749378e+01,7.000000046851e+00,1.004109354404e+03,1.480845876449e+03,2.502963120748e+00,7.000000046851e+00,1.005555312776e+03,1.423875926257e+03,1.199914985345e+01,3.480000000000e+01,1.026310488607e+03,1.496382222473e+03,2.399870279670e+01,3.800065702045e+01,1.025781535430e+03,1.534862503861e+03,2.949999113449e+01,3.200045341149e+01,1.019535875541e+03,1.541020490225e+03,2.899999748826e+01,3.380006497856e+01,1.021045241710e+03,1.541822819626e+03
2.000000000000e-01,1.699997594223e+01,7.000000048763e+00,1.004109806285e+03,1.480847474614e+03,2.503037980584e+00,7.000000048763e+00,1.005555799272e+03,1.423877851028e+03,1.199912834440e+01,3.480000000000e+01,1.026310944806e+03,1.496383788316e+03,2.399863629673e+01,3.800067925998e+01,1.025782005761e+03,1.534864030389e+03,2.949999083400e+01,3.200046488299e+01,1.019536313484e+03,1.541022171920e+03,2.899999740313e+01,3.380006662323e+01,1.021045672357e+03,1.541824491934e+03
3.000000000000e-01,1.699997428371e+01,7.000000050753e+00,1.004110258186e+03,1.480849072433e+03,2.503114727732e+00,7.000000050753e+00,1.005556285765e+03,1.423879784623e+03,1.199910629148e+01,3.480000000000e+01,1.026311401109e+03,1.496385352304e+03,2.399856638819e+01,3.800070225123e+01,1.025782477682e+03,1.534865549431e+03,2.949999052332e+01,3.200047664454e+01,1.019536751646e+03,1.541023853893e+03,2.899999731511e+01,3.380006830951e+01,1.021046103035e+03,1.541826164279e+03
4.000000000000e-01,1.699997251086e+01,7.000000052824e+00,1.004110710107e+03,1.480850669880e+03,2.503193409574e+00,7.000000052824e+00,1.005556772255e+03,1.423881727263e+03,1.199908368096e+01,3.480000000000e+01,1.026311857517e+03,1.496386914390e+03,2.399849289642e+01,3.800072601956e+01,1.025782951264e+03,1.534867060592e+03,2.949999020211e+01,3.200048870349e+01,1.019537190032e+03,1.541025536151e+03,2.899999722410e+01,3.380007003847e+01,1.021046533745e+03,1.541827836661e+03
5.000000000000e-01,1.699997061578e+01,7.000000054980e+00,1.004111162051e+03,1.480852266932e+03,2.503274074668e+00,7.000000054980e+00,1.005557258743e+03,1.423883679176e+03,1.199906049876e+01,3.480000000000e+01,1.026312314033e+03,1.496388474526e+03,2.399841563781e+01,3.800075059113e+01,1.025783426583e+03,1.534868563451e+03,2.949998987001e+01,3.200050106733e+01,1.019537628649e+03,1.541027218700e+03,2.899999713001e+01,3.380007181119e+01,1.021046964488e+03,1.541829509082e+03
6.000000000000e-01,1.699996859007e+01,7.000000057224e+00,1.004111614019e+03,1.480853863559e+03,2.503356772782e+00,7.000000057224e+00,1.005557745227e+03,1.423885640595e+03,1.199903673045e+01,3.480000000000e+01,1.026312770660e+03,1.496390032663e+03,2.399833441935e+01,3.800077599302e+01,1.025783903716e+03,1.534870057568e+03,2.949998952666e+01,3.200051374376e+01,1.019538067502e+03,1.541028901548e+03,2.899999703274e+01,3.380007362876e+01,1.021047395266e+03,1.541831181543e+03
7.000000000000e-01,1.699996642470e+01,7.000000059559e+00,1.004112066011e+03,1.480855459733e+03,2.503441554921e+00,7.000000059559e+00,1.005558231709e+03,1.423887611756e+03,1.199901236122e+01,3.480000000000e+01,1.026313227401e+03,1.496391588750e+03,2.399824903816e+01,3.800080225318e+01,1.025784382746e+03,1.534871542479e+03,2.949998917166e+01,3.200052674068e+01,1.019538506596e+03,1.541030584702e+03,2.899999693216e+01,3.380007549233e+01,1.021047826078e+03,1.541832854043e+03
8.000000000000e-01,1.699996411006e+01,7.000000061990e+00,1.004112518032e+03,1.480857055422e+03,2.503528473356e+00,7.000000061990e+00,1.005558718187e+03,1.423889592906e+03,1.199898737590e+01,3.480000000000e+01,1.026313684258e+03,1.496393142736e+03,2.399815928095e+01,3.800082940054e+01,1.025784863760e+03,1.534873017697e+03,2.949998880464e+01,3.200054006618e+01,1.019538945939e+03,1.541032268169e+03,2.899999682818e+01,3.380007740306e+01,1.021048256925e+03,1.541834526585e+03
9.000000000000e-01,1.699996163584e+01,7.000000064520e+00,1.004112970081e+03,1.480858650594e+03,2.503617581661e+00,7.000000064520e+00,1.005559204662e+03,1.423891584294e+03,1.199896175895e+01,3.480000000000e+01,1.026314141235e+03,1.496394694567e+03,2.399806492353e+01,3.800085746495e+01,1.025785346845e+03,1.534874482708e+03,2.949998842518e+01,3.200055372856e+01,1.019539385536e+03,1.541033951958e+03,2.899999672067e+01,3.380007936214e+01,1.021048687809e+03,1.541836199170e+03
1.000000000000e+00,1.699995899106e+01,7.000000067153e+00,1.004113422162e+03,1.480860245211e+03,2.503708934735e+00,7.000000067153e+00,1.005559691134e+03,1.423893586176e+03,1.199893549440e+01,3.480000000000e+01,1.026314598335e+03,1.496396244188e+03,2.399796573022e+01,3.800088647730e+01,1.025785832097e+03,1.534875936971e+03,2.949998803285e+01,3.200056773632e+01,1.019539825395e+03,1.541035636077e+03,2.899999660951e+01,3.380008137079e+01,1.021049118731e+03,1.541837871797e+03
1.100000000000e+00,1.699995616395e+01,7.000000069894e+00,1.004113874276e+03,1.480861839236e+03,2.503802588843e+00,7.000000069894e+00,1.005560177602e+03,1.423895598816e+03,1.199890856592e+01,3.480000000000e+01,1.026315055560e+03,1.496397791545e+03,2.399786145328e+01,3.800091646947e+01,1.025786319615e+03,1.534877379917e+03,2.949998762723e+01,3.200058209818e+01,1.019540265521e+03,1.541037320532e+03,2.899999649459e+01,3.380008343027e+01,1.021049549691e+03,1.541839544469e+03
1.200000000000e+00,1.699995314194e+01,7.000000072746e+00,1.004114326427e+03,1.480863432628e+03,2.503898601643e+00,7.000000072746e+00,1.005560664067e+03,1.423897622483e+03,1.199888095675e+01,3.480000000000e+01,1.026315512914e+03,1.496399336580e+03,2.399775183230e+01,3.800094747444e+01,1.025786809500e+03,1.534878810948e+03,2.949998720786e+01,3.200059682307e+01,1.019540705921e+03,1.541039005334e+03,2.899999637578e+01,3.380008554187e+01,1.021049980691e+03,1.541841217187e+03
1.300000000000e+00,1.699994991160e+01,7.000000075715e+00,1.004114778615e+03,1.480865025344e+03,2.503997032226e+00,7.000000075715e+00,1.005561150528e+03,1.423899657453e+03,1.199885264970e+01,3.480000000000e+01,1.026315970400e+03,1.496400879234e+03,2.399763659352e+01,3.800097952628e+01,1.025787301862e+03,1.534880229435e+03,2.949998677427e+01,3.200061192016e+01,1.019541146603e+03,1.541040690489e+03,2.899999625293e+01,3.380008770690e+01,1.021050411731e+03,1.541842889951e+03
1.400000000000e+00,1.699994645857e+01,7.000000078805e+00,1.004115230845e+03,1.480866617335e+03,2.504097941145e+00,7.000000078805e+00,1.005561636986e+03,1.423901704010e+03,1.199882362717e+01,3.480000000000e+01,1.026316428021e+03,1.496402419447e+03,2.399751544918e+01,3.800101266019e+01,1.025787796813e+03,1.534881634714e+03,2.949998632599e+01,3.200062739884e+01,1.019541587574e+03,1.541042376007e+03,2.899999612593e+01,3.380008992671e+01,1.021050842813e+03,1.541844562762e+03
1.500000000000e+00,1.699994276749e+01,7.000000082021e+00,1.004115683119e+03,1.480868208553e+03,2.504201390451e+00,7.000000082021e+00,1.005562123440e+03,1.423903762442e+03,1.199879387110e+01,3.480000000000e+01,1.026316885782e+03,1.496403957158e+03,2.399738809681e+01,3.800104691256e+01,1.025788294471e+03,1.534883026088e+03,2.949998586252e+01,3.200064326875e+01,1.019542028840e+03,1.541044061897e+03,2.899999599462e+01,3.380009220269e+01,1.021051273938e+03,1.541846235622e+03
1.600000000000e+00,1.699993882195e+01,7.000000085368e+00,1.004116135439e+03,1.480869798945e+03,2.504307443734e+00,7.000000085368e+00,1.005562609891e+03,1.423905833047e+03,1.199876336297e+01,3.480000000000e+01,1.026317343685e+03,1.496405492303e+03,2.399725421844e+01,3.800108232097e+01,1.025788794960e+03,1.534884402825e+03,2.949998538333e+01,3.200065953975e+01,1.019542470411e+03,1.541045748168e+03,2.899999585885e+01,3.380009453626e+01,1.021051705106e+03,1.541847908533e+03
1.700000000000e+00,1.699993460441e+01,7.000000088852e+00,1.004116587810e+03,1.480871388451e+03,2.504416166155e+00,7.000000088852e+00,1.005563096337e+03,1.423907916130e+03,1.199873208382e+01,3.480000000000e+01,1.026317801734e+03,1.496407024817e+03,2.399711347984e+01,3.800111892426e+01,1.025789298410e+03,1.534885764150e+03,2.949998488790e+01,3.200067622196e+01,1.019542912292e+03,1.541047434829e+03,2.899999571849e+01,3.380009692888e+01,1.021052136319e+03,1.541849581494e+03
1.800000000000e+00,1.699993009612e+01,7.000000092478e+00,1.004117040235e+03,1.480872977013e+03,2.504527624487e+00,7.000000092478e+00,1.005563582780e+03,1.423910012003e+03,1.199870001418e+01,3.480000000000e+01,1.026318259933e+03,1.496408554634e+03,2.399696552970e+01,3.800115676258e+01,1.025789804956e+03,1.534887109254e+03,2.949998437569e+01,3.200069332577e+01,1.019543354492e+03,1.541049121890e+03,2.899999557337e+01,3.380009938203e+01,1.021052567578e+03,1.541851254508e+03
1.900000000000e+00,1.699992527703e+01,7.000000096252e+00,1.004117492718e+03,1.480874564564e+03,2.504641887153e+00,7.000000096252e+00,1.005564069218e+03,1.423912120985e+03,1.199866713413e+01,3.480000000000e+01,1.026318718286e+03,1.496410081686e+03,2.399680999871e+01,3.800119587740e+01,1.025790314742e+03,1.534888437281e+03,2.949998384611e+01,3.200071086180e+01,1.019543797020e+03,1.541050809360e+03,2.899999542333e+01,3.380010189726e+01,1.021052998885e+03,1.541852927575e+03
2.000000000000e+00,1.699992012573e+01,7.000000100181e+00,1.004117945262e+03,1.480876151035e+03,2.504759024264e+00,7.000000100181e+00,1.005564555653e+03,1.423914243404e+03,1.199863342321e+01,3.480000000000e+01,1.026319176796e+03,1.496411605903e+03,2.399664649870e+01,3.800123631158e+01,1.025790827915e+03,1.534889747331e+03,2.949998329858e+01,3.200072884096e+01,1.019544239883e+03,1.541052497249e+03,2.899999526820e+01,3.380010447613e+01,1.021053430240e+03,1.541854600697e+03
2.100000000000e+00,1.699991461931e+01,7.000000104269e+00,1.004118397872e+03,1.480877736351e+03,2.504879107662e+00,7.000000104269e+00,1.005565042083e+03,1.423916379595e+03,1.199859886047e+01,3.480000000000e+01,1.026319635467e+03,1.496413127213e+03,2.399647462162e+01,3.800127810938e+01,1.025791344632e+03,1.534891038460e+03,2.949998273249e+01,3.200074727442e+01,1.019544683091e+03,1.541054185569e+03,2.899999510781e+01,3.380010712025e+01,1.021053861645e+03,1.541856273875e+03
2.200000000000e+00,1.699990873328e+01,7.000000108524e+00,1.004118850553e+03,1.480879320433e+03,2.505002210961e+00,7.000000108524e+00,1.005565528508e+03,1.423918529903e+03,1.199856342442e+01,3.480000000000e+01,1.026320094304e+03,1.496414645544e+03,2.399629393859e+01,3.800132131656e+01,1.025791865056e+03,1.534892309673e+03,2.949998214722e+01,3.200076617364e+01,1.019545126651e+03,1.541055874329e+03,2.899999494199e+01,3.380010983126e+01,1.021054293101e+03,1.541857947111e+03
2.300000000000e+00,1.699990244148e+01,7.000000112953e+00,1.004119303309e+03,1.480880903195e+03,2.505128409589e+00,7.000000112953e+00,1.005566014930e+03,1.423920694680e+03,1.199852709305e+01,3.480000000000e+01,1.026320553311e+03,1.496416160819e+03,2.399610399879e+01,3.800136598038e+01,1.025792389358e+03,1.534893559921e+03,2.949998154211e+01,3.200078555037e+01,1.019545570573e+03,1.541057563539e+03,2.899999477055e+01,3.380011261087e+01,1.021054724609e+03,1.541859620406e+03
2.400000000000e+00,1.699989571594e+01,7.000000117563e+00,1.004119756146e+03,1.480882484546e+03,2.505257780830e+00,7.000000117563e+00,1.005566501347e+03,1.423922874287e+03,1.199848984377e+01,3.480000000000e+01,1.026321012492e+03,1.496417672963e+03,2.399590432835e+01,3.800141214968e+01,1.025792917716e+03,1.534894788104e+03,2.949998091649e+01,3.200080541666e+01,1.019546014866e+03,1.541059253212e+03,2.899999459330e+01,3.380011546081e+01,1.021055156171e+03,1.541861293761e+03
2.500000000000e+00,1.699988852675e+01,7.000000122361e+00,1.004120209069e+03,1.480884064389e+03,2.505390403872e+00,7.000000122361e+00,1.005566987759e+03,1.423925069094e+03,1.199845165344e+01,3.480000000000e+01,1.026321471851e+03,1.496419181895e+03,2.399569442919e+01,3.800145987490e+01,1.025793450320e+03,1.534895993064e+03,2.949998026966e+01,3.200082578483e+01,1.019546459540e+03,1.541060943358e+03,2.899999441004e+01,3.380011838285e+01,1.021055587788e+03,1.541862967178e+03
2.600000000000e+00,1.699988084195e+01,7.000000127355e+00,1.004120662084e+03,1.480885642620e+03,2.505526359849e+00,7.000000127355e+00,1.005567474166e+03,1.423927279480e+03,1.199841249835e+01,3.480000000000e+01,1.026321931393e+03,1.496420687535e+03,2.399547377777e+01,3.800150920816e+01,1.025793987365e+03,1.534897173581e+03,2.949997960091e+01,3.200084666755e+01,1.019546904603e+03,1.541062633990e+03,2.899999422057e+01,3.380012137881e+01,1.021056019462e+03,1.541864640657e+03
2.700000000000e+00,1.699987262738e+01,7.000000132552e+00,1.004121115198e+03,1.480887219127e+03,2.505665731889e+00,7.000000132552e+00,1.005567960568e+03,1.423929505833e+03,1.199837235416e+01,3.480000000000e+01,1.026322391123e+03,1.496422189799e+03,2.399524182381e+01,3.800156020332e+01,1.025794529057e+03,1.534898328374e+03,2.949997890950e+01,3.200086807778e+01,1.019547350067e+03,1.541064325117e+03,2.899999402468e+01,3.380012445058e+01,1.021056451193e+03,1.541866314202e+03
2.800000000000e+00,1.699986384652e+01,7.000000137962e+00,1.004121568418e+03,1.480888793792e+03,2.505808605161e+00,7.000000137962e+00,1.005568446965e+03,1.423931748552e+03,1.199833119595e+01,3.480000000000e+01,1.026322851045e+03,1.496423688603e+03,2.399499798893e+01,3.800161291600e+01,1.025795075611e+03,1.534899456093e+03,2.949997819465e+01,3.200089002883e+01,1.019547795941e+03,1.541066016754e+03,2.899999382214e+01,3.380012760005e+01,1.021056882985e+03,1.541867987812e+03
2.900000000000e+00,1.699985446033e+01,7.000000143592e+00,1.004122021750e+03,1.480890366487e+03,2.505955066923e+00,7.000000143592e+00,1.005568933358e+03,1.423934008044e+03,1.199828899816e+01,3.480000000000e+01,1.026323311165e+03,1.496425183860e+03,2.399474166519e+01,3.800166740365e+01,1.025795627254e+03,1.534900555320e+03,2.949997745557e+01,3.200091253431e+01,1.019548242235e+03,1.541067708912e+03,2.899999361274e+01,3.380013082921e+01,1.021057314837e+03,1.541869661491e+03
3.000000000000e+00,1.699984442707e+01,7.000000149452e+00,1.004122475204e+03,1.480891937077e+03,2.506105206574e+00,7.000000149452e+00,1.005569419744e+03,1.423936284727e+03,1.199824573460e+01,3.480000000000e+01,1.026323771487e+03,1.496426675479e+03,2.399447221363e+01,3.800172372565e+01,1.025796184223e+03,1.534901624563e+03,2.949997669144e+01,3.200093560821e+01,1.019548688961e+03,1.541069401604e+03,2.899999339625e+01,3.380013414005e+01,1.021057746752e+03,1.541871335238e+03
3.100000000000e+00,1.699983370215e+01,7.000000155551e+00,1.004122928786e+03,1.480893505417e+03,2.506259115700e+00,7.000000155551e+00,1.005569906126e+03,1.423938579028e+03,1.199820137841e+01,3.480000000000e+01,1.026324232016e+03,1.496428163370e+03,2.399418896266e+01,3.800178194330e+01,1.025796746764e+03,1.534902662251e+03,2.949997590141e+01,3.200095926485e+01,1.019549136130e+03,1.541071094843e+03,2.899999317241e+01,3.380013753466e+01,1.021058178731e+03,1.541873009057e+03
3.200000000000e+00,1.699982223788e+01,7.000000161899e+00,1.004123382506e+03,1.480895071350e+03,2.506416888130e+00,7.000000161899e+00,1.005570392502e+03,1.423940891387e+03,1.199815590207e+01,3.480000000000e+01,1.026324692757e+03,1.496429647437e+03,2.399389120641e+01,3.800184211995e+01,1.025797315139e+03,1.534903666735e+03,2.949997508461e+01,3.200098351890e+01,1.019549583751e+03,1.541072788642e+03,2.899999294099e+01,3.380014101514e+01,1.021058610776e+03,1.541874682948e+03
3.300000000000e+00,1.699980998330e+01,7.000000168507e+00,1.004123836374e+03,1.480896634712e+03,2.506578619986e+00,7.000000168507e+00,1.005570878872e+03,1.423943222251e+03,1.199810927735e+01,3.480000000000e+01,1.026325153717e+03,1.496431127586e+03,2.399357820299e+01,3.800190432101e+01,1.025797889618e+03,1.534904636276e+03,2.949997424012e+01,3.200100838541e+01,1.019550031838e+03,1.541074483015e+03,2.899999270173e+01,3.380014458366e+01,1.021059042889e+03,1.541876356914e+03
3.400000000000e+00,1.699979688392e+01,7.000000175383e+00,1.004124290400e+03,1.480898195324e+03,2.506744409741e+00,7.000000175383e+00,1.005571365236e+03,1.423945572081e+03,1.199806147534e+01,3.480000000000e+01,1.026325614900e+03,1.496432603716e+03,2.399324917269e+01,3.800196861405e+01,1.025798470487e+03,1.534905569049e+03,2.949997336701e+01,3.200103387982e+01,1.019550480402e+03,1.541076177976e+03,2.899999245435e+01,3.380014824246e+01,1.021059475071e+03,1.541878030956e+03
3.500000000000e+00,1.699978288152e+01,7.000000182541e+00,1.004124744594e+03,1.480899752997e+03,2.506914358269e+00,7.000000182541e+00,1.005571851594e+03,1.423947941348e+03,1.199801246637e+01,3.480000000000e+01,1.026326076312e+03,1.496434075727e+03,2.399290329601e+01,3.800203506886e+01,1.025799058045e+03,1.534906463133e+03,2.949997246431e+01,3.200106001793e+01,1.019550929454e+03,1.541077873539e+03,2.899999219860e+01,3.380015199381e+01,1.021059907325e+03,1.541879705075e+03
3.600000000000e+00,1.699976791383e+01,7.000000189991e+00,1.004125198969e+03,1.480901307529e+03,2.507088568904e+00,7.000000189991e+00,1.005572337946e+03,1.423950330536e+03,1.199796222007e+01,3.480000000000e+01,1.026326537959e+03,1.496435543515e+03,2.399253971166e+01,3.800210375752e+01,1.025799652605e+03,1.534907316506e+03,2.949997153101e+01,3.200108681596e+01,1.019551379008e+03,1.541079569719e+03,2.899999193417e+01,3.380015584005e+01,1.021060339651e+03,1.541881379275e+03
3.700000000000e+00,1.699975191432e+01,7.000000197744e+00,1.004125653536e+03,1.480902858703e+03,2.507267147496e+00,7.000000197744e+00,1.005572824291e+03,1.423952740138e+03,1.199791070528e+01,3.480000000000e+01,1.026326999847e+03,1.496437006973e+03,2.399215751447e+01,3.800217475447e+01,1.025800254494e+03,1.534908127044e+03,2.949997056608e+01,3.200111429052e+01,1.019551829076e+03,1.541081266531e+03,2.899999166078e+01,3.380015978358e+01,1.021060772052e+03,1.541883053555e+03
3.800000000000e+00,1.699973481187e+01,7.000000205814e+00,1.004126108310e+03,1.480904406287e+03,2.507450202475e+00,7.000000205814e+00,1.005573310630e+03,1.423955170660e+03,1.199785789007e+01,3.480000000000e+01,1.026327461982e+03,1.496438465994e+03,2.399175575314e+01,3.800224813658e+01,1.025800864056e+03,1.534908892511e+03,2.949996956844e+01,3.200114245863e+01,1.019552279671e+03,1.541082963990e+03,2.899999137812e+01,3.380016382687e+01,1.021061204531e+03,1.541884727920e+03
3.900000000000e+00,1.699971653043e+01,7.000000214214e+00,1.004126563305e+03,1.480905950033e+03,2.507637844903e+00,7.000000214214e+00,1.005573796962e+03,1.423957622623e+03,1.199780374170e+01,3.480000000000e+01,1.026327924370e+03,1.496439920463e+03,2.399133342789e+01,3.800232398325e+01,1.025801481650e+03,1.534909610558e+03,2.949996853699e+01,3.200117133776e+01,1.019552730807e+03,1.541084662111e+03,2.899999108588e+01,3.380016797242e+01,1.021061637088e+03,1.541886402370e+03
4.000000000000e+00,1.699969698875e+01,7.000000222956e+00,1.004127018535e+03,1.480907489677e+03,2.507830188540e+00,7.000000222956e+00,1.005574283288e+03,1.423960096557e+03,1.199774822661e+01,3.480000000000e+01,1.026328387018e+03,1.496441370268e+03,2.399088948806e+01,3.800240237644e+01,1.025802107656e+03,1.534910278713e+03,2.949996747059e+01,3.200120094581e+01,1.019553182497e+03,1.541086360911e+03,2.899999078374e+01,3.380017222283e+01,1.021062069726e+03,1.541888076907e+03
4.100000000000e+00,1.699967609994e+01,7.000000232055e+00,1.004127474017e+03,1.480909024936e+03,2.508027349908e+00,7.000000232055e+00,1.005574769606e+03,1.423962593006e+03,1.199769131044e+01,3.480000000000e+01,1.026328849932e+03,1.496442815291e+03,2.399042282948e+01,3.800248340083e+01,1.025802742466e+03,1.534910894375e+03,2.949996636804e+01,3.200123130110e+01,1.019553634755e+03,1.541088060407e+03,2.899999047135e+01,3.380017658075e+01,1.021062502446e+03,1.541889751533e+03
4.200000000000e+00,1.699965377116e+01,7.000000241525e+00,1.004127929768e+03,1.480910555508e+03,2.508229448349e+00,7.000000241525e+00,1.005575255917e+03,1.423965112527e+03,1.199763295791e+01,3.480000000000e+01,1.026329313118e+03,1.496444255410e+03,2.398993229180e+01,3.800256714380e+01,1.025803386496e+03,1.534911454813e+03,2.949996522812e+01,3.200126242245e+01,1.019554087596e+03,1.541089760615e+03,2.899999014838e+01,3.380018104889e+01,1.021062935252e+03,1.541891426251e+03
4.300000000000e+00,1.699962990313e+01,7.000000251382e+00,1.004128385808e+03,1.480912081069e+03,2.508436606097e+00,7.000000251382e+00,1.005575742220e+03,1.423967655693e+03,1.199757313290e+01,3.480000000000e+01,1.026329776584e+03,1.496445690504e+03,2.398941665566e+01,3.800265369561e+01,1.025804040180e+03,1.534911957150e+03,2.949996404956e+01,3.200129432912e+01,1.019554541035e+03,1.541091461552e+03,2.899998981446e+01,3.380018563004e+01,1.021063368146e+03,1.541893101063e+03
4.400000000000e+00,1.699960438976e+01,7.000000261641e+00,1.004128842155e+03,1.480913601274e+03,2.508648948338e+00,7.000000261641e+00,1.005576228516e+03,1.423970223087e+03,1.199751179838e+01,3.480000000000e+01,1.026330240337e+03,1.496447120445e+03,2.398887463967e+01,3.800274314945e+01,1.025804703973e+03,1.534912398366e+03,2.949996283106e+01,3.200132704086e+01,1.019554995086e+03,1.541093163236e+03,2.899998946922e+01,3.380019032705e+01,1.021063801129e+03,1.541894775971e+03
4.500000000000e+00,1.699957711763e+01,7.000000272319e+00,1.004129298832e+03,1.480915115754e+03,2.508866603284e+00,7.000000272319e+00,1.005576714803e+03,1.423972815309e+03,1.199744891638e+01,3.480000000000e+01,1.026330704384e+03,1.496448545104e+03,2.398830489735e+01,3.800283560151e+01,1.025805378351e+03,1.534912775280e+03,2.949996157127e+01,3.200136057793e+01,1.019555449766e+03,1.541094865685e+03,2.899998911229e+01,3.380019514285e+01,1.021064234203e+03,1.541896450977e+03
4.600000000000e+00,1.699954796551e+01,7.000000283433e+00,1.004129755860e+03,1.480916624114e+03,2.509089702237e+00,7.000000283433e+00,1.005577201083e+03,1.423975432971e+03,1.199738444800e+01,3.480000000000e+01,1.026331168732e+03,1.496449964348e+03,2.398770601379e+01,3.800293115110e+01,1.025806063813e+03,1.534913084553e+03,2.949996026877e+01,3.200139496106e+01,1.019555905089e+03,1.541096568918e+03,2.899998874325e+01,3.380020008044e+01,1.021064667372e+03,1.541898126083e+03
4.700000000000e+00,1.699951680382e+01,7.000000295000e+00,1.004130213265e+03,1.480918125931e+03,2.509318379663e+00,7.000000295000e+00,1.005577687354e+03,1.423978076702e+03,1.199731835336e+01,3.480000000000e+01,1.026331633390e+03,1.496451378040e+03,2.398707650224e+01,3.800302990075e+01,1.025806760884e+03,1.534913322669e+03,2.949995892213e+01,3.200143021154e+01,1.019556361073e+03,1.541098272953e+03,2.899998836170e+01,3.380020514291e+01,1.021065100638e+03,1.541899801292e+03
4.800000000000e+00,1.699948349403e+01,7.000000307039e+00,1.004130671072e+03,1.480919620755e+03,2.509552773260e+00,7.000000307039e+00,1.005578173617e+03,1.423980747144e+03,1.199725059159e+01,3.480000000000e+01,1.026332098364e+03,1.496452786041e+03,2.398641480050e+01,3.800313195628e+01,1.025807470111e+03,1.534913485934e+03,2.949995752985e+01,3.200146635115e+01,1.019556817735e+03,1.541099977811e+03,2.899998796722e+01,3.380021033339e+01,1.021065534003e+03,1.541901476605e+03
4.900000000000e+00,1.699944788808e+01,7.000000319569e+00,1.004131129309e+03,1.480921108104e+03,2.509793024038e+00,7.000000319569e+00,1.005578659870e+03,1.423983444957e+03,1.199718112078e+01,3.480000000000e+01,1.026332563662e+03,1.496454188209e+03,2.398571926712e+01,3.800323742693e+01,1.025808192070e+03,1.534913570465e+03,2.949995609039e+01,3.200150340225e+01,1.019557275091e+03,1.541101683509e+03,2.899998755937e+01,3.380021565514e+01,1.021065967470e+03,1.541903152027e+03
5.000000000000e+00,1.699940982771e+01,7.000000332611e+00,1.004131588006e+03,1.480922587462e+03,2.510039276386e+00,7.000000332611e+00,1.005579146115e+03,1.423986170814e+03,1.199710989801e+01,3.480000000000e+01,1.026333029294e+03,1.496455584395e+03,2.398498817743e+01,3.800334642546e+01,1.025808927364e+03,1.534913572177e+03,2.949995460213e+01,3.200154138773e+01,1.019557733158e+03,1.541103390070e+03,2.899998713770e+01,3.380022111145e+01,1.021066401041e+03,1.541904827558e+03
5.100000000000e+00,1.699936914373e+01,7.000000346185e+00,1.004132047194e+03,1.480924058278e+03,2.510291678156e+00,7.000000346185e+00,1.005579632350e+03,1.423988925406e+03,1.199703687925e+01,3.480000000000e+01,1.026333495267e+03,1.496456974451e+03,2.398421971940e+01,3.800345906823e+01,1.025809676622e+03,1.534913486777e+03,2.949995306344e+01,3.200158033107e+01,1.019558191956e+03,1.541105097513e+03,2.899998670174e+01,3.380022670575e+01,1.021066834719e+03,1.541906503201e+03
5.200000000000e+00,1.699932565532e+01,7.000000360313e+00,1.004132506907e+03,1.480925519963e+03,2.510550380732e+00,7.000000360313e+00,1.005580118576e+03,1.423991709441e+03,1.199696201942e+01,3.480000000000e+01,1.026333961590e+03,1.496458358222e+03,2.398341198920e+01,3.800357547532e+01,1.025810440508e+03,1.534913309752e+03,2.949995147259e+01,3.200162025631e+01,1.019558651503e+03,1.541106805860e+03,2.899998625099e+01,3.380023244149e+01,1.021067268506e+03,1.541908178960e+03
5.300000000000e+00,1.699927916918e+01,7.000000375018e+00,1.004132967182e+03,1.480926971889e+03,2.510815539120e+00,7.000000375018e+00,1.005580604791e+03,1.423994523641e+03,1.199688527227e+01,3.480000000000e+01,1.026334428272e+03,1.496459735549e+03,2.398256298669e+01,3.800369577067e+01,1.025811219714e+03,1.534913036358e+03,2.949994982784e+01,3.200166118812e+01,1.019559111817e+03,1.541108515133e+03,2.899998578497e+01,3.380023832227e+01,1.021067702407e+03,1.541909854836e+03
5.400000000000e+00,1.699922947869e+01,7.000000390323e+00,1.004133428057e+03,1.480928413381e+03,2.511087312016e+00,7.000000390323e+00,1.005581090996e+03,1.423997368748e+03,1.199680659043e+01,3.480000000000e+01,1.026334895321e+03,1.496461106272e+03,2.398167061058e+01,3.800382008217e+01,1.025812014968e+03,1.534912661606e+03,2.949994812733e+01,3.200170315177e+01,1.019559572918e+03,1.541110225354e+03,2.899998530316e+01,3.380024435174e+01,1.021068136423e+03,1.541911530833e+03
5.500000000000e+00,1.699917636301e+01,7.000000406252e+00,1.004133889574e+03,1.480929843721e+03,2.511365861902e+00,7.000000406252e+00,1.005581577191e+03,1.424000245521e+03,1.199672592533e+01,3.480000000000e+01,1.026335362748e+03,1.496462470224e+03,2.398073265337e+01,3.800394854175e+01,1.025812827030e+03,1.534912180254e+03,2.949994636920e+01,3.200174617316e+01,1.019560034826e+03,1.541111936545e+03,2.899998480501e+01,3.380025053366e+01,1.021068570558e+03,1.541913206953e+03
5.600000000000e+00,1.699911958605e+01,7.000000422832e+00,1.004134351777e+03,1.480931262141e+03,2.511651355117e+00,7.000000422832e+00,1.005582063375e+03,1.424003154737e+03,1.199664322722e+01,3.480000000000e+01,1.026335830560e+03,1.496463827236e+03,2.397974679611e+01,3.800408128558e+01,1.025813656699e+03,1.534911586791e+03,2.949994455148e+01,3.200179027882e+01,1.019560497561e+03,1.541113648731e+03,2.899998428998e+01,3.380025687188e+01,1.021069004814e+03,1.541914883199e+03
5.700000000000e+00,1.699905889550e+01,7.000000440088e+00,1.004134814713e+03,1.480932667817e+03,2.511943961952e+00,7.000000440088e+00,1.005582549548e+03,1.424006097190e+03,1.199655844508e+01,3.480000000000e+01,1.026336298769e+03,1.496465177132e+03,2.397871060284e+01,3.800421845409e+01,1.025814504812e+03,1.534910875425e+03,2.949994267215e+01,3.200183549596e+01,1.019560961144e+03,1.541115361934e+03,2.899998375750e+01,3.380026337034e+01,1.021069439195e+03,1.541916559574e+03
5.800000000000e+00,1.699899402162e+01,7.000000458048e+00,1.004135278433e+03,1.480934059873e+03,2.512243856730e+00,7.000000458048e+00,1.005583035709e+03,1.424009073694e+03,1.199647152664e+01,3.480000000000e+01,1.026336767385e+03,1.496466519736e+03,2.397762151479e+01,3.800436019219e+01,1.025815372244e+03,1.534910040068e+03,2.949994072913e+01,3.200188185246e+01,1.019561425598e+03,1.541117076179e+03,2.899998320696e+01,3.380027003309e+01,1.021069873704e+03,1.541918236081e+03
5.900000000000e+00,1.699892467610e+01,7.000000476741e+00,1.004135742991e+03,1.480935437368e+03,2.512551217899e+00,7.000000476741e+00,1.005583521858e+03,1.424012085083e+03,1.199638241834e+01,3.480000000000e+01,1.026337236416e+03,1.496467854863e+03,2.397647684429e+01,3.800450664933e+01,1.025816259914e+03,1.534909074323e+03,2.949993872026e+01,3.200192937689e+01,1.019561890943e+03,1.541118791492e+03,2.899998263777e+01,3.380027686428e+01,1.021070308344e+03,1.541919912722e+03
6.000000000000e+00,1.699885055079e+01,7.000000496197e+00,1.004136208444e+03,1.480936799300e+03,2.512866228121e+00,7.000000496197e+00,1.005584007995e+03,1.424015132210e+03,1.199629106527e+01,3.480000000000e+01,1.026337705874e+03,1.496469182326e+03,2.397527376843e+01,3.800465797967e+01,1.025817168785e+03,1.534907971464e+03,2.949993664331e+01,3.200197809853e+01,1.019562357202e+03,1.541120507897e+03,2.899998204928e+01,3.380028386816e+01,1.021070743119e+03,1.541921589502e+03
6.100000000000e+00,1.699877131628e+01,7.000000516448e+00,1.004136674855e+03,1.480938144596e+03,2.513189074360e+00,7.000000516448e+00,1.005584494119e+03,1.424018215947e+03,1.199619741116e+01,3.480000000000e+01,1.026338175770e+03,1.496470501932e+03,2.397400932238e+01,3.800481434222e+01,1.025818099865e+03,1.534906724425e+03,2.949993449597e+01,3.200202804738e+01,1.019562824399e+03,1.541122225421e+03,2.899998144084e+01,3.380029104909e+01,1.021071178032e+03,1.541923266422e+03
6.200000000000e+00,1.699868662048e+01,7.000000537524e+00,1.004137142290e+03,1.480939472108e+03,2.513519947979e+00,7.000000537524e+00,1.005584980231e+03,1.424021337188e+03,1.199610139836e+01,3.480000000000e+01,1.026338646114e+03,1.496471813486e+03,2.397268039237e+01,3.800497590093e+01,1.025819054211e+03,1.534905325782e+03,2.949993227585e+01,3.200207925421e+01,1.019563292557e+03,1.541123944091e+03,2.899998081179e+01,3.380029841153e+01,1.021071613087e+03,1.541924943487e+03
6.300000000000e+00,1.699859608705e+01,7.000000559461e+00,1.004137610819e+03,1.480940780611e+03,2.513859044836e+00,7.000000559461e+00,1.005585466329e+03,1.424024496847e+03,1.199600296777e+01,3.480000000000e+01,1.026339116918e+03,1.496473116785e+03,2.397128370844e+01,3.800514282490e+01,1.025820032930e+03,1.534903767731e+03,2.949992998049e+01,3.200213175052e+01,1.019563761701e+03,1.541125663933e+03,2.899998016141e+01,3.380030596008e+01,1.021072048287e+03,1.541926620699e+03
6.400000000000e+00,1.699849931372e+01,7.000000582293e+00,1.004138080517e+03,1.480942068796e+03,2.514206565373e+00,7.000000582293e+00,1.005585952413e+03,1.424027695860e+03,1.199590205886e+01,3.480000000000e+01,1.026339588194e+03,1.496474411622e+03,2.396981583675e+01,3.800531528844e+01,1.025821037182e+03,1.534902042073e+03,2.949992760735e+01,3.200218556861e+01,1.019564231855e+03,1.541127384976e+03,2.899997948899e+01,3.380031369942e+01,1.021072483636e+03,1.541928298062e+03
6.500000000000e+00,1.699839587051e+01,7.000000606057e+00,1.004138551465e+03,1.480943335261e+03,2.514562714722e+00,7.000000606057e+00,1.005586438483e+03,1.424030935185e+03,1.199579860955e+01,3.480000000000e+01,1.026340059952e+03,1.496475697786e+03,2.396827317158e+01,3.800549347132e+01,1.025822068184e+03,1.534900140195e+03,2.949992515377e+01,3.200224074157e+01,1.019564703045e+03,1.541129107249e+03,2.899997879377e+01,3.380032163437e+01,1.021072919138e+03,1.541929975579e+03
6.600000000000e+00,1.699828529785e+01,7.000000630790e+00,1.004139023749e+03,1.480944578510e+03,2.514927702800e+00,7.000000630790e+00,1.005586924538e+03,1.424034215801e+03,1.199569255627e+01,3.480000000000e+01,1.026340532205e+03,1.496476975058e+03,2.396665192693e+01,3.800567755881e+01,1.025823127209e+03,1.534898053048e+03,2.949992261705e+01,3.200229730332e+01,1.019565175297e+03,1.541130830781e+03,2.899997807500e+01,3.380032976987e+01,1.021073354796e+03,1.541931653254e+03
6.700000000000e+00,1.699816710448e+01,7.000000656533e+00,1.004139497462e+03,1.480945796944e+03,2.515301744411e+00,7.000000656533e+00,1.005587410578e+03,1.424037538711e+03,1.199558383385e+01,3.480000000000e+01,1.026341004967e+03,1.496478243217e+03,2.396494812780e+01,3.800586774191e+01,1.025824215591e+03,1.534895771123e+03,2.949991999435e+01,3.200235528862e+01,1.019565648639e+03,1.541132555601e+03,2.899997733186e+01,3.380033811098e+01,1.021073790616e+03,1.541933331090e+03
6.800000000000e+00,1.699804076535e+01,7.000000683327e+00,1.004139972701e+03,1.480946988851e+03,2.515685059348e+00,7.000000683327e+00,1.005587896603e+03,1.424040904941e+03,1.199547237551e+01,3.480000000000e+01,1.026341478248e+03,1.496479502035e+03,2.396315760101e+01,3.800606421749e+01,1.025825334729e+03,1.534893284433e+03,2.949991728278e+01,3.200241473306e+01,1.019566123096e+03,1.541134281741e+03,2.899997656353e+01,3.380034666288e+01,1.021074226601e+03,1.541935009091e+03
6.900000000000e+00,1.699790571922e+01,7.000000711214e+00,1.004140449572e+03,1.480948152403e+03,2.516077872497e+00,7.000000711214e+00,1.005588382611e+03,1.424044315541e+03,1.199535811285e+01,3.480000000000e+01,1.026341952063e+03,1.496480751277e+03,2.396127596559e+01,3.800626718842e+01,1.025826486086e+03,1.534890582489e+03,2.949991447931e+01,3.200247567315e+01,1.019566598699e+03,1.541136009231e+03,2.899997576916e+01,3.380035543090e+01,1.021074662755e+03,1.541936687260e+03
7.000000000000e+00,1.699776136624e+01,7.000000740239e+00,1.004140928188e+03,1.480949285648e+03,2.516480413946e+00,7.000000740239e+00,1.005588868603e+03,1.424047771584e+03,1.199524097574e+01,3.480000000000e+01,1.026342426425e+03,1.496481990704e+03,2.395929862284e+01,3.800647686377e+01,1.025827671197e+03,1.534887654270e+03,2.949991158083e+01,3.200253814627e+01,1.019567075475e+03,1.541137738104e+03,2.899997494787e+01,3.380036442048e+01,1.021075099083e+03,1.541938365602e+03
7.100000000000e+00,1.699760706524e+01,7.000000770449e+00,1.004141408668e+03,1.480950386497e+03,2.516892919086e+00,7.000000770449e+00,1.005589354578e+03,1.424051274170e+03,1.199512089234e+01,3.480000000000e+01,1.026342901347e+03,1.496483220071e+03,2.395722074580e+01,3.800669345891e+01,1.025828891669e+03,1.534884488205e+03,2.949990858413e+01,3.200260219075e+01,1.019567553455e+03,1.541139468393e+03,2.899997409874e+01,3.380037363721e+01,1.021075535589e+03,1.541940044121e+03
7.200000000000e+00,1.699744213091e+01,7.000000801891e+00,1.004141891142e+03,1.480951452717e+03,2.517315628726e+00,7.000000801891e+00,1.005589840535e+03,1.424054824422e+03,1.199499778904e+01,3.480000000000e+01,1.026343376843e+03,1.496484439126e+03,2.395503726839e+01,3.800691719578e+01,1.025830149185e+03,1.534881072141e+03,2.949990548587e+01,3.200266784585e+01,1.019568032668e+03,1.541141200130e+03,2.899997322083e+01,3.380038308682e+01,1.021075972277e+03,1.541941722819e+03
7.300000000000e+00,1.699726583079e+01,7.000000834617e+00,1.004142375745e+03,1.480952481922e+03,2.517748789199e+00,7.000000834617e+00,1.005590326474e+03,1.424058423489e+03,1.199487159041e+01,3.480000000000e+01,1.026343852928e+03,1.496485647611e+03,2.395274287398e+01,3.800714830294e+01,1.025831445507e+03,1.534877393315e+03,2.949990228261e+01,3.200273515178e+01,1.019568513146e+03,1.541142933351e+03,2.899997231316e+01,3.380039277519e+01,1.021076409153e+03,1.541943401702e+03
7.400000000000e+00,1.699707738199e+01,7.000000868678e+00,1.004142862626e+03,1.480953471563e+03,2.518192652476e+00,7.000000868678e+00,1.005590812394e+03,1.424062072548e+03,1.199474221917e+01,3.480000000000e+01,1.026344329617e+03,1.496486845263e+03,2.395033198350e+01,3.800738701585e+01,1.025832782482e+03,1.534873438326e+03,2.949989897081e+01,3.200280414978e+01,1.019568994920e+03,1.541144668091e+03,2.899997137473e+01,3.380040270833e+01,1.021076846222e+03,1.541945080773e+03
7.500000000000e+00,1.699687594773e+01,7.000000904130e+00,1.004143351941e+03,1.480954418914e+03,2.518647476280e+00,7.000000904130e+00,1.005591298294e+03,1.424065772801e+03,1.199460959613e+01,3.480000000000e+01,1.026344806924e+03,1.496488031811e+03,2.394779874306e+01,3.800763357694e+01,1.025834162043e+03,1.534869193107e+03,2.949989554677e+01,3.200287488207e+01,1.019569478024e+03,1.541146404384e+03,2.899997040449e+01,3.380041289241e+01,1.021077283487e+03,1.541946760036e+03
7.600000000000e+00,1.699666063369e+01,7.000000941028e+00,1.004143843857e+03,1.480955321061e+03,2.519113524196e+00,7.000000941028e+00,1.005591784175e+03,1.424069525478e+03,1.199447364015e+01,3.480000000000e+01,1.026345284865e+03,1.496489206978e+03,2.394513701101e+01,3.800788823588e+01,1.025835586213e+03,1.534864642885e+03,2.949989200670e+01,3.200294739192e+01,1.019569962491e+03,1.541148142269e+03,2.899996940137e+01,3.380042333377e+01,1.021077720955e+03,1.541948439497e+03
7.700000000000e+00,1.699643048397e+01,7.000000979432e+00,1.004144338554e+03,1.480956174892e+03,2.519591065794e+00,7.000000979432e+00,1.005592270035e+03,1.424073331836e+03,1.199433426811e+01,3.480000000000e+01,1.026345763456e+03,1.496490370479e+03,2.394234034441e+01,3.800815124969e+01,1.025837057112e+03,1.534859772157e+03,2.949988834666e+01,3.200302172367e+01,1.019570448355e+03,1.541149881782e+03,2.899996836425e+01,3.380043403889e+01,1.021078158631e+03,1.541950119158e+03
7.800000000000e+00,1.699618447695e+01,7.000001019403e+00,1.004144836223e+03,1.480956977076e+03,2.520080376741e+00,7.000001019403e+00,1.005592755873e+03,1.424077193163e+03,1.199419139484e+01,3.480000000000e+01,1.026346242713e+03,1.496491522025e+03,2.393940198508e+01,3.800842288294e+01,1.025838576959e+03,1.534854564647e+03,2.949988456259e+01,3.200309792275e+01,1.019570935652e+03,1.541151622962e+03,2.899996729197e+01,3.380044501441e+01,1.021078596519e+03,1.541951799025e+03
7.900000000000e+00,1.699592152073e+01,7.000001061006e+00,1.004145337069e+03,1.480957724058e+03,2.520581738924e+00,7.000001061006e+00,1.005593241690e+03,1.424081110773e+03,1.199404493308e+01,3.480000000000e+01,1.026346722653e+03,1.496492661315e+03,2.393631484493e+01,3.800870340797e+01,1.025840148075e+03,1.534849003277e+03,2.949988065030e+01,3.200317603569e+01,1.019571424417e+03,1.541153365848e+03,2.899996618336e+01,3.380045626716e+01,1.021079034626e+03,1.541953479102e+03
8.000000000000e+00,1.699564044830e+01,7.000001104306e+00,1.004145841310e+03,1.480958412036e+03,2.521095440565e+00,7.000001104306e+00,1.005593727483e+03,1.424085086010e+03,1.199389479343e+01,3.480000000000e+01,1.026347203293e+03,1.496493788047e+03,2.393307149076e+01,3.800899310498e+01,1.025841772890e+03,1.534843070122e+03,2.949987660542e+01,3.200325611017e+01,1.019571914688e+03,1.541155110480e+03,2.899996503716e+01,3.380046780411e+01,1.021079472956e+03,1.541955159394e+03
8.100000000000e+00,1.699534001244e+01,7.000001149373e+00,1.004146349180e+03,1.480959036946e+03,2.521621776348e+00,7.000001149373e+00,1.005594213253e+03,1.424089120250e+03,1.199374088430e+01,3.480000000000e+01,1.026347684649e+03,1.496494901905e+03,2.392966412845e+01,3.800929226232e+01,1.025843453950e+03,1.534836746375e+03,2.949987242348e+01,3.200333819504e+01,1.019572406503e+03,1.541156856898e+03,2.899996385212e+01,3.380047963242e+01,1.021079911517e+03,1.541956839906e+03
8.200000000000e+00,1.699501888016e+01,7.000001196280e+00,1.004146860929e+03,1.480959594446e+03,2.522161047540e+00,7.000001196280e+00,1.005594698999e+03,1.424093214898e+03,1.199358311187e+01,3.480000000000e+01,1.026348166741e+03,1.496496002570e+03,2.392608458656e+01,3.800960117659e+01,1.025845193915e+03,1.534830012304e+03,2.949986809983e+01,3.200342234034e+01,1.019572899899e+03,1.541158605146e+03,2.899996262692e+01,3.380049175945e+01,1.021080350313e+03,1.541958520641e+03
8.300000000000e+00,1.699467562686e+01,7.000001245101e+00,1.004147376824e+03,1.480960079893e+03,2.522713562112e+00,7.000001245101e+00,1.005595184720e+03,1.424097371391e+03,1.199342138001e+01,3.480000000000e+01,1.026348649586e+03,1.496497089714e+03,2.392232429922e+01,3.800992015287e+01,1.025846995570e+03,1.534822847212e+03,2.949986362967e+01,3.200350859733e+01,1.019573394918e+03,1.541160355266e+03,2.899996136018e+01,3.380050419271e+01,1.021080789351e+03,1.541960201606e+03
8.400000000000e+00,1.699430873003e+01,7.000001295914e+00,1.004147897150e+03,1.480960488327e+03,2.523279634868e+00,7.000001295914e+00,1.005595670415e+03,1.424101591195e+03,1.199325559026e+01,3.480000000000e+01,1.026349133203e+03,1.496498162999e+03,2.391837428847e+01,3.801024950489e+01,1.025848861828e+03,1.534815229388e+03,2.949985900804e+01,3.200359701853e+01,1.019573891600e+03,1.541162107301e+03,2.899996005052e+01,3.380051693991e+01,1.021081228636e+03,1.541961882806e+03
8.500000000000e+00,1.699391656257e+01,7.000001348802e+00,1.004148422211e+03,1.480960814447e+03,2.523859587568e+00,7.000001348802e+00,1.005596156082e+03,1.424105875814e+03,1.199308564173e+01,3.480000000000e+01,1.026349617611e+03,1.496499222081e+03,2.391422514586e+01,3.801058955523e+01,1.025850795736e+03,1.534807136063e+03,2.949985422979e+01,3.200368765774e+01,1.019574389986e+03,1.541163861296e+03,2.899995869646e+01,3.380053000897e+01,1.021081668176e+03,1.541963564244e+03
8.600000000000e+00,1.699349738561e+01,7.000001403847e+00,1.004148952334e+03,1.480961052587e+03,2.524453749057e+00,7.000001403847e+00,1.005596641723e+03,1.424110226779e+03,1.199291143110e+01,3.480000000000e+01,1.026350102830e+03,1.496500266607e+03,2.390986701347e+01,3.801094063547e+01,1.025852800482e+03,1.534798543363e+03,2.949984928964e+01,3.200378057008e+01,1.019574890121e+03,1.541165617297e+03,2.899995729652e+01,3.380054340798e+01,1.021082107977e+03,1.541965245927e+03
8.700000000000e+00,1.699304934087e+01,7.000001461139e+00,1.004149487866e+03,1.480961196690e+03,2.525062455393e+00,7.000001461139e+00,1.005597127334e+03,1.424114645659e+03,1.199273285250e+01,3.480000000000e+01,1.026350588881e+03,1.496501296216e+03,2.390528956418e+01,3.801130308641e+01,1.025854879396e+03,1.534789426257e+03,2.949984418209e+01,3.200387581200e+01,1.019575392046e+03,1.541167375351e+03,2.899995584912e+01,3.380055714526e+01,1.021082548046e+03,1.541966927860e+03
8.800000000000e+00,1.699257044249e+01,7.000001520769e+00,1.004150029180e+03,1.480961240286e+03,2.525686049974e+00,7.000001520769e+00,1.005597612916e+03,1.424119134054e+03,1.199254979752e+01,3.480000000000e+01,1.026351075783e+03,1.496502310536e+03,2.390048198133e+01,3.801167725824e+01,1.025857035961e+03,1.534779758507e+03,2.949983890148e+01,3.200397344132e+01,1.019575895808e+03,1.541169135505e+03,2.899995435266e+01,3.380057122932e+01,1.021082988389e+03,1.541968610048e+03
8.900000000000e+00,1.699205856833e+01,7.000001582832e+00,1.004150576672e+03,1.480961176458e+03,2.526324883667e+00,7.000001582832e+00,1.005598098468e+03,1.424123693600e+03,1.199236215510e+01,3.480000000000e+01,1.026351563557e+03,1.496503309189e+03,2.389543293768e+01,3.801206351071e+01,1.025859273819e+03,1.534769512612e+03,2.949983344194e+01,3.200407351728e+01,1.019576401453e+03,1.541170897808e+03,2.899995280549e+01,3.380058566888e+01,1.021083429014e+03,1.541970292497e+03
9.000000000000e+00,1.699151145061e+01,7.000001647429e+00,1.004151130767e+03,1.480960997816e+03,2.526979314943e+00,7.000001647429e+00,1.005598583987e+03,1.424128325970e+03,1.199216981146e+01,3.480000000000e+01,1.026352052227e+03,1.496504291785e+03,2.389013057369e+01,3.801246221332e+01,1.025861596774e+03,1.534758659757e+03,2.949982779740e+01,3.200417610055e+01,1.019576909028e+03,1.541172662311e+03,2.899995120588e+01,3.380060047290e+01,1.021083869927e+03,1.541971975213e+03
9.100000000000e+00,1.699092666604e+01,7.000001714661e+00,1.004151691919e+03,1.480960696461e+03,2.527649710002e+00,7.000001714661e+00,1.005599069474e+03,1.424133032869e+03,1.199197265009e+01,3.480000000000e+01,1.026352541813e+03,1.496505257927e+03,2.388456247516e+01,3.801287374551e+01,1.025864008800e+03,1.534747169749e+03,2.949982196162e+01,3.200428125328e+01,1.019577418581e+03,1.541174429064e+03,2.899994955205e+01,3.380061565055e+01,1.021084311137e+03,1.541973658200e+03
9.200000000000e+00,1.699030162516e+01,7.000001784638e+00,1.004152260613e+03,1.480960263953e+03,2.528336442906e+00,7.000001784638e+00,1.005599554928e+03,1.424137816043e+03,1.199177055165e+01,3.480000000000e+01,1.026353032338e+03,1.496506207206e+03,2.387871565016e+01,3.801329849679e+01,1.025866514049e+03,1.534735010963e+03,2.949981592810e+01,3.200438903912e+01,1.019577930161e+03,1.541176198118e+03,2.899994784217e+01,3.380063121122e+01,1.021084752651e+03,1.541975341466e+03
9.300000000000e+00,1.698963356102e+01,7.000001857470e+00,1.004152837366e+03,1.480959691272e+03,2.529039895711e+00,7.000001857470e+00,1.005600040346e+03,1.424142677272e+03,1.199156339390e+01,3.480000000000e+01,1.026353523826e+03,1.496507139204e+03,2.387257650536e+01,3.801373686695e+01,1.025869116856e+03,1.534722150280e+03,2.949980969014e+01,3.200449952325e+01,1.019578443821e+03,1.541177969529e+03,2.899994607434e+01,3.380064716456e+01,1.021085194477e+03,1.541977025016e+03
9.400000000000e+00,1.698891951712e+01,7.000001933274e+00,1.004153422732e+03,1.480958968781e+03,2.529760458601e+00,7.000001933274e+00,1.005600525728e+03,1.424147618375e+03,1.199135105166e+01,3.480000000000e+01,1.026354016301e+03,1.496508053495e+03,2.386613082172e+01,3.801418926621e+01,1.025871821748e+03,1.534708553022e+03,2.949980324084e+01,3.200461277245e+01,1.019578959611e+03,1.541179743348e+03,2.899994424659e+01,3.380066352043e+01,1.021085636622e+03,1.541978708855e+03
9.500000000000e+00,1.698815633447e+01,7.000002012172e+00,1.004154017302e+03,1.480958086180e+03,2.530498530014e+00,7.000002012172e+00,1.005601011073e+03,1.424152641209e+03,1.199113339672e+01,3.480000000000e+01,1.026354509787e+03,1.496508949639e+03,2.385936372957e+01,3.801465611538e+01,1.025874633449e+03,1.534694182886e+03,2.949979657302e+01,3.200472885508e+01,1.019579477585e+03,1.541181519633e+03,2.899994235690e+01,3.380068028896e+01,1.021086079095e+03,1.541980392991e+03
9.600000000000e+00,1.698734063786e+01,7.000002094290e+00,1.004154621706e+03,1.480957032466e+03,2.531254516778e+00,7.000002094290e+00,1.005601496378e+03,1.424157747669e+03,1.199091029776e+01,3.480000000000e+01,1.026355004308e+03,1.496509827189e+03,2.385225968307e+01,3.801513784599e+01,1.025877556889e+03,1.534679001882e+03,2.949978967929e+01,3.200484784119e+01,1.019579997799e+03,1.541183298440e+03,2.899994040316e+01,3.380069748053e+01,1.021086521905e+03,1.541982077430e+03
9.700000000000e+00,1.698646882114e+01,7.000002179759e+00,1.004155236620e+03,1.480955795878e+03,2.532028834242e+00,7.000002179759e+00,1.005601981644e+03,1.424162939692e+03,1.199068162034e+01,3.480000000000e+01,1.026355499891e+03,1.496510685683e+03,2.384480243422e+01,3.801563490050e+01,1.025880597208e+03,1.534662970258e+03,2.949978255200e+01,3.200496980249e+01,1.019580520307e+03,1.541185079827e+03,2.899993838320e+01,3.380071510577e+01,1.021086965059e+03,1.541983762177e+03
9.800000000000e+00,1.698553703157e+01,7.000002268716e+00,1.004155862764e+03,1.480954363855e+03,2.532821906404e+00,7.000002268716e+00,1.005602466869e+03,1.424168219254e+03,1.199044722674e+01,3.480000000000e+01,1.026355996562e+03,1.496511524653e+03,2.383697500629e+01,3.801614773235e+01,1.025883759769e+03,1.534646046436e+03,2.949977518323e+01,3.200509481241e+01,1.019581045167e+03,1.541186863853e+03,2.899993629478e+01,3.380073317558e+01,1.021087408568e+03,1.541985447240e+03
9.900000000000e+00,1.698454115311e+01,7.000002361304e+00,1.004156500908e+03,1.480952722971e+03,2.533634166048e+00,7.000002361304e+00,1.005602952051e+03,1.424173588370e+03,1.199020697596e+01,3.480000000000e+01,1.026356494347e+03,1.496512343615e+03,2.382875966684e+01,3.801667680616e+01,1.025887050160e+03,1.534628186935e+03,2.949976756481e+01,3.200522294615e+01,1.019581572438e+03,1.541188650578e+03,2.899993413558e+01,3.380075170113e+01,1.021087852440e+03,1.541987132625e+03
1.000000000000e+01,1.698347678858e+01,7.000002457670e+00,1.004157151872e+03,1.480950858885e+03,2.534466054865e+00,7.000002457670e+00,1.005603437188e+03,1.424179049099e+03,1.198996072361e+01,3.480000000000e+01,1.026356993274e+03,1.496513142077e+03,2.382013790038e+01,3.801722259783e+01,1.025890474206e+03,1.534609346300e+03,2.949975968829e+01,3.200535428074e+01,1.019582102180e+03,1.541190440064e+03,2.899993190320e+01,3.380077069387e+01,1.021088296684e+03,1.541988818339e+03
1.010000000000e+01,1.698233924064e+01,7.000002557969e+00,1.004157816537e+03,1.480948756274e+03,2.535318023591e+00,7.000002557969e+00,1.005603922279e+03,1.424184603541e+03,1.198970832184e+01,3.480000000000e+01,1.026357493371e+03,1.496513919532e+03,2.381109038063e+01,3.801778559464e+01,1.025894037972e+03,1.534589477025e+03,2.949975154492e+01,3.200548889502e+01,1.019582634456e+03,1.541192232374e+03,2.899992959516e+01,3.380079016553e+01,1.021088741310e+03,1.541990504389e+03
1.020000000000e+01,1.698112349157e+01,7.000002662361e+00,1.004158495837e+03,1.480946398769e+03,2.536190532127e+00,7.000002662361e+00,1.005604407323e+03,1.424190253837e+03,1.198944961927e+01,3.480000000000e+01,1.026357994667e+03,1.496514675464e+03,2.380159694266e+01,3.801836629534e+01,1.025897747775e+03,1.534568529479e+03,2.949974312567e+01,3.200562686972e+01,1.019583169327e+03,1.541194027572e+03,2.899992720889e+01,3.380081012816e+01,1.021089186328e+03,1.541992190781e+03
1.030000000000e+01,1.697982418160e+01,7.000002771013e+00,1.004159190776e+03,1.480943768882e+03,2.537084049671e+00,7.000002771013e+00,1.005604892318e+03,1.424196002174e+03,1.198918446088e+01,3.480000000000e+01,1.026358497192e+03,1.496515409342e+03,2.379163655481e+01,3.801896521027e+01,1.025901610189e+03,1.534546451827e+03,2.949973442120e+01,3.200576828753e+01,1.019583706859e+03,1.541195825725e+03,2.899992474175e+01,3.380083059406e+01,1.021089631749e+03,1.541993877524e+03
1.040000000000e+01,1.697843558596e+01,7.000002884099e+00,1.004159902421e+03,1.480940847931e+03,2.537999054840e+00,7.000002884099e+00,1.005605377262e+03,1.424201850779e+03,1.198891268798e+01,3.480000000000e+01,1.026359000975e+03,1.496516120625e+03,2.378118729064e+01,3.801958286140e+01,1.025905632051e+03,1.534523189954e+03,2.949972542184e+01,3.200591323308e+01,1.019584247118e+03,1.541197626898e+03,2.899992219100e+01,3.380085157589e+01,1.021090077581e+03,1.541995564624e+03
1.050000000000e+01,1.697695159027e+01,7.000003001801e+00,1.004160631915e+03,1.480937615961e+03,2.538936035797e+00,7.000003001801e+00,1.005605862153e+03,1.424207801928e+03,1.198863413810e+01,3.480000000000e+01,1.026359506048e+03,1.496516808756e+03,2.377022630090e+01,3.802021978241e+01,1.025909820473e+03,1.534498687382e+03,2.949971611763e+01,3.200606179301e+01,1.019584790173e+03,1.541199431161e+03,2.899991955379e+01,3.380087308658e+01,1.021090523836e+03,1.541997252088e+03
1.060000000000e+01,1.697536566447e+01,7.000003124305e+00,1.004161380475e+03,1.480934051657e+03,2.539895490365e+00,7.000003124305e+00,1.005606346990e+03,1.424213857937e+03,1.198834864488e+01,3.480000000000e+01,1.026360012442e+03,1.496517473167e+03,2.375872978582e+01,3.802087651871e+01,1.025914182843e+03,1.534472885194e+03,2.949970649823e+01,3.200621405606e+01,1.019585336092e+03,1.541201238584e+03,2.899991682721e+01,3.380089513941e+01,1.021090970525e+03,1.541998939925e+03
1.070000000000e+01,1.697367083494e+01,7.000003251810e+00,1.004162149402e+03,1.480930132253e+03,2.540877926155e+00,7.000003251810e+00,1.005606831770e+03,1.424220021170e+03,1.198805603805e+01,3.480000000000e+01,1.026360520190e+03,1.496518113275e+03,2.374667296773e+01,3.802155362747e+01,1.025918726838e+03,1.534445721955e+03,2.949969655297e+01,3.200637011304e+01,1.019585884946e+03,1.541203049236e+03,2.899991400822e+01,3.380091774798e+01,1.021091417659e+03,1.542000628142e+03
1.080000000000e+01,1.697185965491e+01,7.000003384518e+00,1.004162940085e+03,1.480925833432e+03,2.541883860676e+00,7.000003384518e+00,1.005607316492e+03,1.424226294036e+03,1.198775614327e+01,3.480000000000e+01,1.026361029324e+03,1.496518728486e+03,2.373403006423e+01,3.802225167763e+01,1.025923460426e+03,1.534417133629e+03,2.949968627083e+01,3.200653005692e+01,1.019586436810e+03,1.541204863193e+03,2.899991109370e+01,3.380094092623e+01,1.021091865249e+03,1.542002316746e+03
1.090000000000e+01,1.696992417285e+01,7.000003522641e+00,1.004163754007e+03,1.480921129227e+03,2.542913821451e+00,7.000003522641e+00,1.005607801153e+03,1.424232678991e+03,1.198744878210e+01,3.480000000000e+01,1.026361539879e+03,1.496519318187e+03,2.372077426216e+01,3.802297124987e+01,1.025928391872e+03,1.534387053504e+03,2.949967564039e+01,3.200669398288e+01,1.019586991757e+03,1.541206680526e+03,2.899990808039e+01,3.380096468844e+01,1.021092313308e+03,1.542004005746e+03
1.100000000000e+01,1.696785589896e+01,7.000003666401e+00,1.004164592749e+03,1.480915991904e+03,2.543968346127e+00,7.000003666401e+00,1.005608285752e+03,1.424239178538e+03,1.198713377188e+01,3.480000000000e+01,1.026362051889e+03,1.496519881757e+03,2.370687769249e+01,3.802371293659e+01,1.025933529748e+03,1.534355412115e+03,2.949966464987e+01,3.200686198833e+01,1.019587549865e+03,1.541208501313e+03,2.899990496496e+01,3.380098904926e+01,1.021092761847e+03,1.542005695150e+03
1.110000000000e+01,1.696564576942e+01,7.000003816029e+00,1.004165457999e+03,1.480910391850e+03,2.545047982584e+00,7.000003816029e+00,1.005608770285e+03,1.424245795225e+03,1.198681092564e+01,3.480000000000e+01,1.026362565391e+03,1.496520418553e+03,2.369231140643e+01,3.802447734181e+01,1.025938882935e+03,1.534322137163e+03,2.949965328708e+01,3.200703417299e+01,1.019588111211e+03,1.541210325631e+03,2.899990174395e+01,3.380101402369e+01,1.021093210878e+03,1.542007384966e+03
1.120000000000e+01,1.696328410841e+01,7.000003971762e+00,1.004166351557e+03,1.480904297447e+03,2.546153289036e+00,7.000003971762e+00,1.005609254751e+03,1.424252531651e+03,1.198648005202e+01,3.480000000000e+01,1.026363080419e+03,1.496520927924e+03,2.367704535302e+01,3.802526508112e+01,1.025944460625e+03,1.534287153447e+03,2.949964153942e+01,3.200721063892e+01,1.019588675876e+03,1.541212153557e+03,2.899989841378e+01,3.380103962710e+01,1.021093660414e+03,1.542009075202e+03
1.130000000000e+01,1.696076058778e+01,7.000004133851e+00,1.004167275346e+03,1.480897674933e+03,2.547284834131e+00,7.000004133851e+00,1.005609739148e+03,1.424259390462e+03,1.198614095516e+01,3.480000000000e+01,1.026363597013e+03,1.496521409198e+03,2.366104835841e+01,3.802607678154e+01,1.025950272331e+03,1.534250382791e+03,2.949962939386e+01,3.200739149058e+01,1.019589243942e+03,1.541213985174e+03,2.899989497074e+01,3.380106587526e+01,1.021094110469e+03,1.542010765867e+03
1.140000000000e+01,1.695806418409e+01,7.000004302555e+00,1.004168231415e+03,1.480890488267e+03,2.548443197048e+00,7.000004302555e+00,1.005610223473e+03,1.424266374351e+03,1.198579343463e+01,3.480000000000e+01,1.026364115209e+03,1.496521861690e+03,2.364428810727e+01,3.802691308138e+01,1.025956327887e+03,1.534211743975e+03,2.949961683694e+01,3.200757683487e+01,1.019589815493e+03,1.541215820562e+03,2.899989141102e+01,3.380109278431e+01,1.021094561055e+03,1.542012456969e+03
1.150000000000e+01,1.695518313308e+01,7.000004478144e+00,1.004169221950e+03,1.480882698974e+03,2.549628967583e+00,7.000004478144e+00,1.005610707723e+03,1.424273486063e+03,1.198543728528e+01,3.480000000000e+01,1.026364635047e+03,1.496522284700e+03,2.362673112656e+01,3.802777463008e+01,1.025962637447e+03,1.534171152671e+03,2.949960385472e+01,3.200776678119e+01,1.019590390615e+03,1.541217659805e+03,2.899988773066e+01,3.380112037079e+01,1.021095012186e+03,1.542014148517e+03
1.160000000000e+01,1.695210488131e+01,7.000004660898e+00,1.004170249282e+03,1.480874265986e+03,2.550842746239e+00,7.000004660898e+00,1.005611191895e+03,1.424280728389e+03,1.198507229720e+01,3.480000000000e+01,1.026365156566e+03,1.496522677508e+03,2.360834277203e+01,3.802866208795e+01,1.025969211492e+03,1.534128521389e+03,2.949959043284e+01,3.200796144149e+01,1.019590969397e+03,1.541219502989e+03,2.899988392557e+01,3.380114865166e+01,1.021095463877e+03,1.542015840520e+03
1.170000000000e+01,1.694881603478e+01,7.000004851111e+00,1.004171315897e+03,1.480865145472e+03,2.552085144300e+00,7.000004851111e+00,1.005611675987e+03,1.424288104174e+03,1.198469825559e+01,3.480000000000e+01,1.026365679808e+03,1.496523039380e+03,2.358908721800e+01,3.802957612598e+01,1.025976060825e+03,1.534083759418e+03,2.949957655639e+01,3.200816093035e+01,1.019591551930e+03,1.541221350200e+03,2.899987999153e+01,3.380117764431e+01,1.021095916141e+03,1.542017532987e+03
1.180000000000e+01,1.694530230453e+01,7.000005049086e+00,1.004172424444e+03,1.480855290656e+03,2.553356783909e+00,7.000005049086e+00,1.005612159996e+03,1.424295616309e+03,1.198431494065e+01,3.480000000000e+01,1.026366204814e+03,1.496523369565e+03,2.356892745059e+01,3.803051742554e+01,1.025983196573e+03,1.534036772784e+03,2.949956221000e+01,3.200836536499e+01,1.019592138304e+03,1.541223201527e+03,2.899987592417e+01,3.380120736653e+01,1.021096368993e+03,1.542019225928e+03
1.190000000000e+01,1.694154844891e+01,7.000005255140e+00,1.004173577748e+03,1.480844651626e+03,2.554658298131e+00,7.000005255140e+00,1.005612643919e+03,1.424303267738e+03,1.198392212750e+01,3.480000000000e+01,1.026366731627e+03,1.496523667294e+03,2.354782526517e+01,3.803148667803e+01,1.025990630180e+03,1.533987464210e+03,2.949954737778e+01,3.200857486533e+01,1.019592728616e+03,1.541225057060e+03,2.899987171896e+01,3.380123783657e+01,1.021096822449e+03,1.542020919351e+03
1.200000000000e+01,1.693753821247e+01,7.000005469604e+00,1.004174778817e+03,1.480833175129e+03,2.555990331016e+00,7.000005469604e+00,1.005613127753e+03,1.424311061454e+03,1.198351958605e+01,3.480000000000e+01,1.026367260291e+03,1.496523931779e+03,2.352574126822e+01,3.803248458456e+01,1.025998373407e+03,1.533935733090e+03,2.949953204327e+01,3.200878955410e+01,1.019593322963e+03,1.541226916891e+03,2.899986737124e+01,3.380126907314e+01,1.021097276524e+03,1.542022613266e+03
1.210000000000e+01,1.693325426124e+01,7.000005692819e+00,1.004176030858e+03,1.480820804355e+03,2.557353537649e+00,7.000005692819e+00,1.005613611495e+03,1.424319000503e+03,1.198310708091e+01,3.480000000000e+01,1.026367790851e+03,1.496524162215e+03,2.350263488441e+01,3.803351185554e+01,1.026006438322e+03,1.533881475464e+03,2.949951618950e+01,3.200900955685e+01,1.019593921442e+03,1.541228781115e+03,2.899986287619e+01,3.380130109538e+01,1.021097731234e+03,1.542024307682e+03
1.220000000000e+01,1.692867811431e+01,7.000005925144e+00,1.004177337286e+03,1.480807478708e+03,2.558748584195e+00,7.000005925144e+00,1.005614095140e+03,1.424327087978e+03,1.198268437127e+01,3.480000000000e+01,1.026368323351e+03,1.496524357779e+03,2.347846436922e+01,3.803456921017e+01,1.026014837295e+03,1.533824584016e+03,2.949949979889e+01,3.200923500199e+01,1.019594524157e+03,1.541230649826e+03,2.899985822880e+01,3.380133392292e+01,1.021098186595e+03,1.542026002610e+03
1.230000000000e+01,1.692379007145e+01,7.000006166950e+00,1.004178701736e+03,1.480793133566e+03,2.560176147937e+00,7.000006166950e+00,1.005614578687e+03,1.424335327029e+03,1.198225121080e+01,3.480000000000e+01,1.026368857840e+03,1.496524517627e+03,2.345318682784e+01,3.803565737603e+01,1.026023582984e+03,1.533764948078e+03,2.949948285329e+01,3.200946602091e+01,1.019595131211e+03,1.541232523122e+03,2.899985342392e+01,3.380136757589e+01,1.021098642624e+03,1.542027698059e+03
1.240000000000e+01,1.691856913675e+01,7.000006418624e+00,1.004180128080e+03,1.480777700019e+03,2.561636917301e+00,7.000006418624e+00,1.005615062131e+03,1.424343720851e+03,1.198180734752e+01,3.480000000000e+01,1.026369394365e+03,1.496524640898e+03,2.342675824101e+01,3.803677708847e+01,1.026032688324e+03,1.533702453649e+03,2.949946533391e+01,3.200970274799e+01,1.019595742710e+03,1.541234401102e+03,2.899984845621e+01,3.380140207489e+01,1.021099099338e+03,1.542029394039e+03
1.250000000000e+01,1.691299293798e+01,7.000006680569e+00,1.004181620437e+03,1.480761104604e+03,2.563131591873e+00,7.000006680569e+00,1.005615545468e+03,1.424352272696e+03,1.198135252372e+01,3.480000000000e+01,1.026369932974e+03,1.496524726711e+03,2.339913349826e+01,3.803792909001e+01,1.026042166513e+03,1.533636983430e+03,2.949944722136e+01,3.200994532068e+01,1.019596358763e+03,1.541236283868e+03,2.899984332015e+01,3.380143744103e+01,1.021099556754e+03,1.542031090561e+03
1.260000000000e+01,1.690703764169e+01,7.000006953203e+00,1.004183183191e+03,1.480743269011e+03,2.564660882412e+00,7.000006953203e+00,1.005616028694e+03,1.424360985862e+03,1.198088647580e+01,3.480000000000e+01,1.026370473719e+03,1.496524774162e+03,2.337026643943e+01,3.803911412973e+01,1.026052030990e+03,1.533568416881e+03,2.949942849558e+01,3.201019387957e+01,1.019596979483e+03,1.541238171521e+03,2.899983801004e+01,3.380147369596e+01,1.021100014892e+03,1.542032787634e+03
1.270000000000e+01,1.690067786368e+01,7.000007236964e+00,1.004184821004e+03,1.480724109786e+03,2.566225510838e+00,7.000007236964e+00,1.005616511807e+03,1.424369863702e+03,1.198040893421e+01,3.480000000000e+01,1.026371016649e+03,1.496524782331e+03,2.334010990509e+01,3.804033296249e+01,1.026062295418e+03,1.533496630292e+03,2.949940913581e+01,3.201044856842e+01,1.019597604982e+03,1.541240064166e+03,2.899983251999e+01,3.380151086184e+01,1.021100473768e+03,1.542034485270e+03
1.280000000000e+01,1.689388657501e+01,7.000007532304e+00,1.004186538832e+03,1.480703538007e+03,2.567826210225e+00,7.000007532304e+00,1.005616994800e+03,1.424378909619e+03,1.197991962326e+01,3.480000000000e+01,1.026371561818e+03,1.496524750273e+03,2.330861579657e+01,3.804158634825e+01,1.026072973658e+03,1.533421496878e+03,2.949938912064e+01,3.201070953426e+01,1.019598235379e+03,1.541241961911e+03,2.899982684389e+01,3.380154896138e+01,1.021100933403e+03,1.542036183478e+03
1.290000000000e+01,1.688663500317e+01,7.000007839697e+00,1.004188341943e+03,1.480681458951e+03,2.569463724773e+00,7.000007839697e+00,1.005617477671e+03,1.424388127067e+03,1.197941826108e+01,3.480000000000e+01,1.026372109280e+03,1.496524677024e+03,2.327573514638e+01,3.804287505113e+01,1.026084079740e+03,1.533342886897e+03,2.949936842789e+01,3.201097692743e+01,1.019598870791e+03,1.541243864863e+03,2.899982097544e+01,3.380158801785e+01,1.021101393816e+03,1.542037882270e+03
1.300000000000e+01,1.687889252851e+01,7.000008159635e+00,1.004190235934e+03,1.480657771737e+03,2.571138809766e+00,7.000008159635e+00,1.005617960415e+03,1.424397519550e+03,1.197890455944e+01,3.480000000000e+01,1.026372659088e+03,1.496524561597e+03,2.324141819979e+01,3.804419983860e+01,1.026095627836e+03,1.533260667793e+03,2.949934703466e+01,3.201125090163e+01,1.019599511342e+03,1.541245773134e+03,2.899981490814e+01,3.380162805509e+01,1.021101855026e+03,1.542039581656e+03
1.310000000000e+01,1.687062657573e+01,7.000008492629e+00,1.004192226747e+03,1.480632368955e+03,2.572852231525e+00,7.000008492629e+00,1.005618443027e+03,1.424407090624e+03,1.197837822365e+01,3.480000000000e+01,1.026373211299e+03,1.496524402985e+03,2.320561450816e+01,3.804556148051e+01,1.026107632220e+03,1.533174704370e+03,2.949932491727e+01,3.201153161405e+01,1.019600157156e+03,1.541247686834e+03,2.899980863523e+01,3.380166909752e+01,1.021102317055e+03,1.542041281647e+03
1.320000000000e+01,1.686180250048e+01,7.000008839212e+00,1.004194320691e+03,1.480605136271e+03,2.574604767338e+00,7.000008839212e+00,1.005618925501e+03,1.424416843893e+03,1.197783895246e+01,3.480000000000e+01,1.026373765970e+03,1.496524200156e+03,2.316827303506e+01,3.804696074801e+01,1.026120107232e+03,1.533084858986e+03,2.949930205123e+01,3.201181922535e+01,1.019600808362e+03,1.541249606079e+03,2.899980214975e+01,3.380171117017e+01,1.021102779922e+03,1.542042982255e+03
1.330000000000e+01,1.685238347106e+01,7.000009199939e+00,1.004196524456e+03,1.480575952025e+03,2.576397205379e+00,7.000009199939e+00,1.005619407835e+03,1.424426783013e+03,1.197728643789e+01,3.480000000000e+01,1.026374323159e+03,1.496523952056e+03,2.312934227560e+01,3.804839841253e+01,1.026133067236e+03,1.532990991791e+03,2.949927841125e+01,3.201211389979e+01,1.019601465090e+03,1.541251530985e+03,2.899979544451e+01,3.380175429866e+01,1.021103243651e+03,1.542044683491e+03
1.340000000000e+01,1.684233034520e+01,7.000009575386e+00,1.004198845139e+03,1.480544686793e+03,2.578230344618e+00,7.000009575386e+00,1.005619890021e+03,1.424436911688e+03,1.197672036513e+01,3.480000000000e+01,1.026374882927e+03,1.496523657608e+03,2.308877038985e+01,3.804987524456e+01,1.026146526569e+03,1.532892960991e+03,2.949925397117e+01,3.201241580526e+01,1.019602127474e+03,1.541253461669e+03,2.899978851206e+01,3.380179850926e+01,1.021103708262e+03,1.542046385365e+03
1.350000000000e+01,1.683160154210e+01,7.000009966156e+00,1.004201290260e+03,1.480511202944e+03,2.580104994700e+00,7.000009966156e+00,1.005620372055e+03,1.424447233671e+03,1.197614041243e+01,3.480000000000e+01,1.026375445333e+03,1.496523315709e+03,2.304650535101e+01,3.805139201246e+01,1.026160499495e+03,1.532790623150e+03,2.949922870394e+01,3.201272511337e+01,1.019602795651e+03,1.541255398253e+03,2.899978134469e+01,3.380184382887e+01,1.021104173778e+03,1.542048087891e+03
1.360000000000e+01,1.682015290976e+01,7.000010372872e+00,1.004203867780e+03,1.480475354170e+03,2.582021975824e+00,7.000010372872e+00,1.005620853932e+03,1.424457752762e+03,1.197554625094e+01,3.480000000000e+01,1.026376010442e+03,1.496522925235e+03,2.300249510880e+01,3.805294948112e+01,1.026175000143e+03,1.532683833530e+03,2.949920258162e+01,3.201304199950e+01,1.019603469762e+03,1.541257340857e+03,2.899977393446e+01,3.380189028504e+01,1.021104640224e+03,1.542049791078e+03
1.370000000000e+01,1.680793758799e+01,7.000010796185e+00,1.004206586128e+03,1.480436985000e+03,2.583982118593e+00,7.000010796185e+00,1.005621335645e+03,1.424468472809e+03,1.197493754461e+01,3.480000000000e+01,1.026376578316e+03,1.496522485034e+03,2.295668776881e+01,3.805454841060e+01,1.026190042449e+03,1.532572446469e+03,2.949917557531e+01,3.201336664288e+01,1.019604149949e+03,1.541259289607e+03,2.899976627314e+01,3.380193790600e+01,1.021105107621e+03,1.542051494940e+03
1.380000000000e+01,1.679490586718e+01,7.000011236773e+00,1.004209454216e+03,1.480395930296e+03,2.585986263848e+00,7.000011236773e+00,1.005621817189e+03,1.424479397708e+03,1.197431395003e+01,3.480000000000e+01,1.026377149020e+03,1.496521993932e+03,2.290903178804e+01,3.805618955467e+01,1.026205640090e+03,1.532456315810e+03,2.949914765516e+01,3.201369922665e+01,1.019604836359e+03,1.541261244628e+03,2.899975835222e+01,3.380198672066e+01,1.021105575996e+03,1.542053199487e+03
1.390000000000e+01,1.678100504346e+01,7.000011695341e+00,1.004212481463e+03,1.480352014728e+03,2.588035262488e+00,7.000011695341e+00,1.005622298557e+03,1.424490531398e+03,1.197367511633e+01,3.480000000000e+01,1.026377722622e+03,1.496521450725e+03,2.285947618720e+01,3.805787365929e+01,1.026221806414e+03,1.532335295359e+03,2.949911879030e+01,3.201403993796e+01,1.019605529141e+03,1.541263206048e+03,2.899975016290e+01,3.380203675864e+01,1.021106045372e+03,1.542054904733e+03
1.400000000000e+01,1.676617927049e+01,7.000012172623e+00,1.004215677814e+03,1.480305052235e+03,2.590129975261e+00,7.000012172623e+00,1.005622779744e+03,1.424501877863e+03,1.197302068506e+01,3.480000000000e+01,1.026378299189e+03,1.496520854188e+03,2.280797077978e+01,3.805960146101e+01,1.026238554364e+03,1.532209239401e+03,2.949908894881e+01,3.201438896797e+01,1.019606228450e+03,1.541265173997e+03,2.899974169610e+01,3.380208805028e+01,1.021106515776e+03,1.542056610688e+03
1.410000000000e+01,1.675036940875e+01,7.000012669381e+00,1.004219053762e+03,1.480254845469e+03,2.592271272542e+00,7.000012669381e+00,1.005623260743e+03,1.424513441131e+03,1.197235029000e+01,3.480000000000e+01,1.026378878791e+03,1.496520203066e+03,2.275446641813e+01,3.806137368527e+01,1.026255896402e+03,1.532078003257e+03,2.949905809771e+01,3.201474651200e+01,1.019606934441e+03,1.541267148608e+03,2.899973294242e+01,3.380214062664e+01,1.021106987234e+03,1.542058317366e+03
1.420000000000e+01,1.673351287283e+01,7.000013186411e+00,1.004222620362e+03,1.480201185226e+03,2.594460034085e+00,7.000013186411e+00,1.005623741546e+03,1.424525225273e+03,1.197166355709e+01,3.480000000000e+01,1.026379461498e+03,1.496519496078e+03,2.269891525637e+01,3.806319104468e+01,1.026273844421e+03,1.531941443891e+03,2.949902620291e+01,3.201511276955e+01,1.019607647274e+03,1.541269130014e+03,2.899972389214e+01,3.380219451956e+01,1.021107459773e+03,1.542060024779e+03
1.430000000000e+01,1.671554347783e+01,7.000013724541e+00,1.004226389258e+03,1.480143849861e+03,2.596697148756e+00,7.000013724541e+00,1.005624222148e+03,1.424537234400e+03,1.197096010429e+01,3.480000000000e+01,1.026380047383e+03,1.496518731915e+03,2.264127102991e+01,3.806505423718e+01,1.026292409660e+03,1.531799420560e+03,2.949899322918e+01,3.201548794438e+01,1.019608367114e+03,1.541271118351e+03,2.899971453522e+01,3.380224976163e+01,1.021107933420e+03,1.542061732938e+03
1.440000000000e+01,1.669639128580e+01,7.000014284630e+00,1.004230372691e+03,1.480082604703e+03,2.598983514237e+00,7.000014284630e+00,1.005624702540e+03,1.424549472662e+03,1.197023954140e+01,3.480000000000e+01,1.026380636520e+03,1.496517909240e+03,2.258148935100e+01,3.806696394416e+01,1.026311602609e+03,1.531651795519e+03,2.949895914009e+01,3.201587224459e+01,1.019609094127e+03,1.541273113758e+03,2.899970486126e+01,3.380230638622e+01,1.021108408204e+03,1.542063441857e+03
1.450000000000e+01,1.667598245359e+01,7.000014867575e+00,1.004234583524e+03,1.480017201449e+03,2.601320036709e+00,7.000014867575e+00,1.005625182715e+03,1.424561944248e+03,1.196950146999e+01,3.480000000000e+01,1.026381228985e+03,1.496517026689e+03,2.251952801968e+01,3.806892082848e+01,1.026331432920e+03,1.531498434772e+03,2.949892389799e+01,3.201626588267e+01,1.019609828485e+03,1.541275116374e+03,2.899969485953e+01,3.380236442754e+01,1.021108884155e+03,1.542065151548e+03
1.460000000000e+01,1.665423908350e+01,7.000015474309e+00,1.004239035245e+03,1.479947377571e+03,2.603707630515e+00,7.000015474309e+00,1.005625662666e+03,1.424574653383e+03,1.196874548322e+01,3.480000000000e+01,1.026381824854e+03,1.496516082869e+03,2.245534734916e+01,3.807092553245e+01,1.026351909302e+03,1.531339208870e+03,2.949888746397e+01,3.201666907561e+01,1.019610570362e+03,1.541277126341e+03,2.899968451894e+01,3.380242392060e+01,1.021109361301e+03,1.542066862024e+03
1.470000000000e+01,1.663107907854e+01,7.000016105802e+00,1.004243741988e+03,1.479872855715e+03,2.606147217784e+00,7.000016105802e+00,1.005626142385e+03,1.424587604325e+03,1.196797116576e+01,3.480000000000e+01,1.026382424207e+03,1.496515076355e+03,2.238891050423e+01,3.807297867572e+01,1.026373039426e+03,1.531173993752e+03,2.949884979781e+01,3.201708204493e+01,1.019611319936e+03,1.541279143803e+03,2.899967382800e+01,3.380248490124e+01,1.021109839674e+03,1.542068573297e+03
1.480000000000e+01,1.660641600417e+01,7.000016763064e+00,1.004248718535e+03,1.479793343110e+03,2.608639728042e+00,7.000016763064e+00,1.005626621862e+03,1.424600801367e+03,1.196717809360e+01,3.480000000000e+01,1.026383027123e+03,1.496514005695e+03,2.232018385134e+01,3.807508085314e+01,1.026394829817e+03,1.531002671638e+03,2.949881085793e+01,3.201750501675e+01,1.019612077391e+03,1.541281168906e+03,2.899966277484e+01,3.380254740620e+01,1.021110319304e+03,1.542070285381e+03
1.490000000000e+01,1.658015895892e+01,7.000017447148e+00,1.004253980321e+03,1.479708530986e+03,2.611186097786e+00,7.000017447148e+00,1.005627101091e+03,1.424614248832e+03,1.196636583395e+01,3.480000000000e+01,1.026383633685e+03,1.496512869407e+03,2.224913731836e+01,3.807723263254e+01,1.026417285758e+03,1.530825131951e+03,2.949877060138e+01,3.201793822189e+01,1.019612842913e+03,1.541283201797e+03,2.899965134722e+01,3.380261147308e+01,1.021110800225e+03,1.542071998288e+03
1.500000000000e+01,1.655221245634e+01,7.000018159147e+00,1.004259543435e+03,1.479618094024e+03,2.613787270032e+00,7.000018159147e+00,1.005627580061e+03,1.424627951069e+03,1.196553394513e+01,3.480000000000e+01,1.026384243976e+03,1.496511665975e+03,2.217574476194e+01,3.807943455244e+01,1.026440411180e+03,1.530641272291e+03,2.949872898374e+01,3.201838189593e+01,1.019613616692e+03,1.541285242625e+03,2.899963953243e+01,3.380267714037e+01,1.021111282468e+03,1.542073712032e+03
1.510000000000e+01,1.652247632126e+01,7.000018900201e+00,1.004265424617e+03,1.479521689820e+03,2.616444193835e+00,7.000018900201e+00,1.005628058764e+03,1.424641912457e+03,1.196468197641e+01,3.480000000000e+01,1.026384858082e+03,1.496510393856e+03,2.209998433985e+01,3.808168711976e+01,1.026464208562e+03,1.530450999429e+03,2.949868595911e+01,3.201883627925e+01,1.019614398922e+03,1.541287291543e+03,2.899962731738e+01,3.380274444751e+01,1.021111766069e+03,1.542075426624e+03
1.520000000000e+01,1.649084560364e+01,7.000019671495e+00,1.004271641242e+03,1.479418958394e+03,2.619157823776e+00,7.000019671495e+00,1.005628537191e+03,1.424656137395e+03,1.196380946787e+01,3.480000000000e+01,1.026385476089e+03,1.496509051472e+03,2.202183888559e+01,3.808399080743e+01,1.026488678831e+03,1.530254230335e+03,2.949864148005e+01,3.201930161713e+01,1.019615189802e+03,1.541289348703e+03,2.899961468850e+01,3.380281343486e+01,1.021112251060e+03,1.542077142079e+03
1.530000000000e+01,1.645721051357e+01,7.000020474263e+00,1.004278211308e+03,1.479309521751e+03,2.621929119420e+00,7.000020474263e+00,1.005629015331e+03,1.424670630306e+03,1.196291595033e+01,3.480000000000e+01,1.026386098087e+03,1.496507637216e+03,2.194129628199e+01,3.808634605204e+01,1.026513821261e+03,1.530050893229e+03,2.949859549754e+01,3.201977815982e+01,1.019615989536e+03,1.541291414260e+03,2.899960163179e+01,3.380288414377e+01,1.021112737479e+03,1.542078858409e+03
1.540000000000e+01,1.642145638159e+01,7.000021309789e+00,1.004285153407e+03,1.479192983489e+03,2.624759044741e+00,7.000021309789e+00,1.005629493175e+03,1.424685395628e+03,1.196200094516e+01,3.480000000000e+01,1.026386724166e+03,1.496506149446e+03,2.185834983043e+01,3.808875325136e+01,1.026539633381e+03,1.529840928637e+03,2.949854796089e+01,3.202026616258e+01,1.019616798330e+03,1.541293488370e+03,2.899958813277e+01,3.380295661654e+01,1.021113225361e+03,1.542080575628e+03
1.550000000000e+01,1.638346364869e+01,7.000022179410e+00,1.004292486693e+03,1.479068928497e+03,2.627648567511e+00,7.000022179410e+00,1.005629970713e+03,1.424700437819e+03,1.196106396420e+01,3.480000000000e+01,1.026387354419e+03,1.496504586489e+03,2.177299861175e+01,3.809121276190e+01,1.026566110887e+03,1.529624290465e+03,2.949849881774e+01,3.202076588576e+01,1.019617616396e+03,1.541295571193e+03,2.899957417644e+01,3.380303089651e+01,1.021113714744e+03,1.542082293747e+03
1.560000000000e+01,1.634310789094e+01,7.000023084517e+00,1.004300230840e+03,1.478936922728e+03,2.630598658660e+00,7.000023084517e+00,1.005630447933e+03,1.424715761344e+03,1.196010450963e+01,3.480000000000e+01,1.026387988939e+03,1.496502946636e+03,2.168524783499e+01,3.809372489650e+01,1.026593247558e+03,1.529400947059e+03,2.949844801397e+01,3.202127759486e+01,1.019618443950e+03,1.541297662887e+03,2.899955974734e+01,3.380310702803e+01,1.021114205665e+03,1.542084012781e+03
1.570000000000e+01,1.630025988400e+01,7.000024026557e+00,1.004308405985e+03,1.478796513085e+03,2.633610291603e+00,7.000024026557e+00,1.005630924826e+03,1.424731370682e+03,1.195912207384e+01,3.480000000000e+01,1.026388627823e+03,1.496501228148e+03,2.159510916949e+01,3.809628992177e+01,1.026621035181e+03,1.529170882257e+03,2.949839549363e+01,3.202180156062e+01,1.019619281212e+03,1.541299763613e+03,2.899954482945e+01,3.380318505652e+01,1.021114698165e+03,1.542085732743e+03
1.580000000000e+01,1.625478571331e+01,7.000025007038e+00,1.004317032665e+03,1.478647227423e+03,2.636684441522e+00,7.000025007038e+00,1.005631401379e+03,1.424747270314e+03,1.195811613932e+01,3.480000000000e+01,1.026389271169e+03,1.496499429249e+03,2.150260105595e+01,3.809890805572e+01,1.026649463487e+03,1.528934096415e+03,2.949834119892e+01,3.202233805903e+01,1.019620128408e+03,1.541301873536e+03,2.899952940624e+01,3.380326502846e+01,1.021115192283e+03,1.542087453644e+03
1.590000000000e+01,1.620654693605e+01,7.000026027528e+00,1.004326131736e+03,1.478488574702e+03,2.639822084623e+00,7.000026027528e+00,1.005631877582e+03,1.424763464726e+03,1.195708617855e+01,3.480000000000e+01,1.026389919076e+03,1.496497548130e+03,2.140774899182e+01,3.810157946523e+01,1.026678520100e+03,1.528690607397e+03,2.949828507009e+01,3.202288737144e+01,1.019620985767e+03,1.541303992819e+03,2.899951346058e+01,3.380334699144e+01,1.021115688061e+03,1.542089175499e+03
1.600000000000e+01,1.615540080133e+01,7.000027089660e+00,1.004335724282e+03,1.478320045298e+03,2.643024197349e+00,7.000027089660e+00,1.005632353421e+03,1.424779958400e+03,1.195603165387e+01,3.480000000000e+01,1.026390571646e+03,1.496495582945e+03,2.131058578630e+01,3.810430426366e+01,1.026708190485e+03,1.528440451512e+03,2.949822704541e+01,3.202344978460e+01,1.019621853524e+03,1.541306121628e+03,2.899949697480e+01,3.380343099417e+01,1.021116185541e+03,1.542090898321e+03
1.610000000000e+01,1.610120053554e+01,7.000028195132e+00,1.004345831504e+03,1.478141111505e+03,2.646291755561e+00,7.000028195132e+00,1.005632828886e+03,1.424796755814e+03,1.195495201742e+01,3.480000000000e+01,1.026391228982e+03,1.496493531815e+03,2.121115178023e+01,3.810708250848e+01,1.026738457929e+03,1.528183684396e+03,2.949816706106e+01,3.202402559071e+01,1.019622731917e+03,1.541308260130e+03,2.899947993062e+01,3.380351708650e+01,1.021116684766e+03,1.542092622121e+03
1.620000000000e+01,1.604379569985e+01,7.000029345713e+00,1.004356474596e+03,1.477951228244e+03,2.649625733680e+00,7.000029345713e+00,1.005633303963e+03,1.424813861436e+03,1.195384671096e+01,3.480000000000e+01,1.026391891190e+03,1.496491392825e+03,2.110949502625e+01,3.810991419887e+01,1.026769303519e+03,1.527920381814e+03,2.949810505111e+01,3.202461508749e+01,1.019623621191e+03,1.541310408493e+03,2.899946230913e+01,3.380360531946e+01,1.021117185781e+03,1.542094346912e+03
1.630000000000e+01,1.598303262713e+01,7.000030543242e+00,1.004367674605e+03,1.477749834024e+03,2.653027103784e+00,7.000030543242e+00,1.005633778640e+03,1.424831279721e+03,1.195271516587e+01,3.480000000000e+01,1.026392558377e+03,1.496489164021e+03,2.100567142474e+01,3.811279927349e+01,1.026800706143e+03,1.527650640374e+03,2.949804094743e+01,3.202521857820e+01,1.019624521594e+03,1.541312566887e+03,2.899944409079e+01,3.380369574529e+01,1.021117688630e+03,1.542096072708e+03
1.640000000000e+01,1.591875494558e+01,7.000031789637e+00,1.004379452265e+03,1.477536352151e+03,2.656496834679e+00,7.000031789637e+00,1.005634252902e+03,1.424849015106e+03,1.195155680295e+01,3.480000000000e+01,1.026393230653e+03,1.496486843417e+03,2.089974481128e+01,3.811573760825e+01,1.026832642507e+03,1.527374578137e+03,2.949797467961e+01,3.202583637176e+01,1.019625433381e+03,1.541314735481e+03,2.899942525540e+01,3.380378841743e+01,1.021118193362e+03,1.542097799520e+03
1.650000000000e+01,1.585080419631e+01,7.000033086889e+00,1.004391827821e+03,1.477310192248e+03,2.660035890918e+00,7.000033086889e+00,1.005634726738e+03,1.424867072003e+03,1.195037103242e+01,3.480000000000e+01,1.026393908129e+03,1.496484428987e+03,2.079178699175e+01,3.811872901417e+01,1.026865087168e+03,1.527092335113e+03,2.949790617488e+01,3.202646878271e+01,1.019626356810e+03,1.541316914446e+03,2.899940578209e+01,3.380388339059e+01,1.021118700022e+03,1.542099527361e+03
1.660000000000e+01,1.577902055175e+01,7.000034437074e+00,1.004404820827e+03,1.477070752085e+03,2.663645231793e+00,7.000034437074e+00,1.005635200131e+03,1.424885454799e+03,1.194915725376e+01,3.480000000000e+01,1.026394590918e+03,1.496481918670e+03,2.068187772168e+01,3.812177323538e+01,1.026898012585e+03,1.526804073625e+03,2.949783535807e+01,3.202711613133e+01,1.019627292145e+03,1.541319103955e+03,2.899938564925e+01,3.380398072075e+01,1.021119208662e+03,1.542101256243e+03
1.670000000000e+01,1.570324364144e+01,7.000035842352e+00,1.004418449926e+03,1.476817419774e+03,2.667325810274e+00,7.000035842352e+00,1.005635673070e+03,1.424904167847e+03,1.194791485570e+01,3.480000000000e+01,1.026395279136e+03,1.496479310365e+03,2.057010462673e+01,3.812486994720e+01,1.026931389184e+03,1.526509978540e+03,2.949776215148e+01,3.202777874363e+01,1.019628239654e+03,1.541321304181e+03,2.899936483458e+01,3.380408046518e+01,1.021119719330e+03,1.542102986178e+03
1.680000000000e+01,1.562331349093e+01,7.000037304970e+00,1.004432732615e+03,1.476549576340e+03,2.671078571920e+00,7.000037304970e+00,1.005636145537e+03,1.424923215464e+03,1.194664321609e+01,3.480000000000e+01,1.026395972900e+03,1.496476601936e+03,2.045656306226e+01,3.812801875434e+01,1.026965185449e+03,1.526210257331e+03,2.949768647483e+01,3.202845695142e+01,1.019629199613e+03,1.541323515295e+03,2.899934331500e+01,3.380418268249e+01,1.021120232078e+03,1.542104717177e+03
1.690000000000e+01,1.553907157856e+01,7.000038827267e+00,1.004447684978e+03,1.476266598694e+03,2.674904453742e+00,7.000038827267e+00,1.005636617519e+03,1.424942601921e+03,1.194534170187e+01,3.480000000000e+01,1.026396672329e+03,1.496473791209e+03,2.034135591011e+01,3.813121918926e+01,1.026999368022e+03,1.525905139995e+03,2.949760824519e+01,3.202915109234e+01,1.019630172300e+03,1.541325737472e+03,2.899932106667e+01,3.380428743267e+01,1.021120746958e+03,1.542106449251e+03
1.700000000000e+01,1.545036201371e+01,7.000040411678e+00,1.004463321417e+03,1.475967863050e+03,2.678804383033e+00,7.000040411678e+00,1.005637089000e+03,1.424962331443e+03,1.194400966898e+01,3.480000000000e+01,1.026397377546e+03,1.496470875970e+03,2.022459331202e+01,3.813447071069e+01,1.027033901828e+03,1.525594878790e+03,2.949752737684e+01,3.202986150988e+01,1.019631158001e+03,1.541327970885e+03,2.899929806491e+01,3.380439477705e+01,1.021121264026e+03,1.542108182413e+03
1.710000000000e+01,1.535703283835e+01,7.000042060736e+00,1.004479654357e+03,1.475652748796e+03,2.682779276154e+00,7.000042060736e+00,1.005637559964e+03,1.424982408200e+03,1.194264646235e+01,3.480000000000e+01,1.026398088672e+03,1.496467853968e+03,2.010639233949e+01,3.813777270229e+01,1.027068750209e+03,1.525279747798e+03,2.949744378124e+01,3.203058855341e+01,1.019632157004e+03,1.541330215708e+03,2.899927428425e+01,3.380450477842e+01,1.021121783336e+03,1.542109916672e+03
1.720000000000e+01,1.525893745179e+01,7.000043777079e+00,1.004496693935e+03,1.475320642827e+03,2.686830037281e+00,7.000043777079e+00,1.005638030394e+03,1.425002836302e+03,1.194125141580e+01,3.480000000000e+01,1.026398805834e+03,1.496464722914e+03,1.998687660112e+01,3.814112447152e+01,1.027103875077e+03,1.524960042303e+03,2.949735736688e+01,3.203133257824e+01,1.019633169606e+03,1.541332472114e+03,2.899924969834e+01,3.380461750099e+01,1.021122304945e+03,1.542111652039e+03
1.730000000000e+01,1.515593615629e+01,7.000045563452e+00,1.004514447685e+03,1.474970944380e+03,2.690957557113e+00,7.000045563452e+00,1.005638500276e+03,1.425023619794e+03,1.193982385206e+01,3.480000000000e+01,1.026399529159e+03,1.496461480479e+03,1.986617578917e+01,3.814452524869e+01,1.027139237089e+03,1.524636077995e+03,2.949726803924e+01,3.203209394557e+01,1.019634196108e+03,1.541334740277e+03,2.899922427993e+01,3.380473301045e+01,1.021122828911e+03,1.542113388525e+03
1.740000000000e+01,1.504789781823e+01,7.000047422712e+00,1.004532920212e+03,1.474603070346e+03,2.695162711544e+00,7.000047422712e+00,1.005638969591e+03,1.425044762646e+03,1.193836308270e+01,3.480000000000e+01,1.026400258777e+03,1.496458124297e+03,1.974442516812e+01,3.814797418619e+01,1.027174795818e+03,1.524308189983e+03,2.949717570065e+01,3.203287302256e+01,1.019635236816e+03,1.541337020370e+03,2.899919800087e+01,3.380485137399e+01,1.021123355293e+03,1.542115126138e+03
1.750000000000e+01,1.493470163655e+01,7.000049357830e+00,1.004552112864e+03,1.474216461074e+03,2.699446360297e+00,7.000049357830e+00,1.005639438322e+03,1.425066268751e+03,1.193686840813e+01,3.480000000000e+01,1.026400994820e+03,1.496454651961e+03,1.962176500886e+01,3.815147035802e+01,1.027210509953e+03,1.523976731630e+03,2.949708025021e+01,3.203367018233e+01,1.019636292042e+03,1.541339312564e+03,2.899917083204e+01,3.380497266034e+01,1.021123884153e+03,1.542116864889e+03
1.760000000000e+01,1.481623900674e+01,7.000051371903e+00,1.004572023401e+03,1.473810586650e+03,2.703809345514e+00,7.000051371903e+00,1.005639906452e+03,1.425088141917e+03,1.193533911759e+01,3.480000000000e+01,1.026401737420e+03,1.496451061026e+03,1.949833997312e+01,3.815501275944e+01,1.027246337495e+03,1.523642073219e+03,2.949698158368e+01,3.203448580395e+01,1.019637362102e+03,1.541341617031e+03,2.899914274336e+01,3.380509693979e+01,1.021124415553e+03,1.542118604785e+03
1.770000000000e+01,1.469241546474e+01,7.000053468150e+00,1.004592645686e+03,1.473384953620e+03,2.708252490321e+00,7.000053468150e+00,1.005640373963e+03,1.425110385859e+03,1.193377448916e+01,3.480000000000e+01,1.026402486715e+03,1.496447349010e+03,1.937429845344e+01,3.815860030695e+01,1.027282235970e+03,1.523304600449e+03,2.949687959336e+01,3.203532027245e+01,1.019638447321e+03,1.541343933941e+03,2.899911370372e+01,3.380522428421e+01,1.021124949557e+03,1.542120345836e+03
1.780000000000e+01,1.456315269106e+01,7.000055649923e+00,1.004613969379e+03,1.472939112125e+03,2.712776597351e+00,7.000055649923e+00,1.005640840836e+03,1.425133004193e+03,1.193217378978e+01,3.480000000000e+01,1.026403242841e+03,1.496443513389e+03,1.924979187479e+01,3.816223183851e+01,1.027318162638e+03,1.522964712779e+03,2.949677416801e+01,3.203617397879e+01,1.019639548027e+03,1.541346263462e+03,2.899908368096e+01,3.380535476713e+01,1.021125486231e+03,1.542122088048e+03
1.790000000000e+01,1.442839055126e+01,7.000057920710e+00,1.004635979658e+03,1.472472663395e+03,2.717382447232e+00,7.000057920710e+00,1.005641307054e+03,1.425156000430e+03,1.193053627523e+01,3.480000000000e+01,1.026404005939e+03,1.496439551603e+03,1.912497396484e+01,3.816590611392e+01,1.027354074714e+03,1.522622821633e+03,2.949666519269e+01,3.203704731988e+01,1.019640664553e+03,1.541348605762e+03,2.899905264184e+01,3.380548846371e+01,1.021126025641e+03,1.542123831430e+03
1.800000000000e+01,1.428808914476e+01,7.000060284143e+00,1.004658656979e+03,1.471985267524e+03,2.722070797048e+00,7.000060284143e+00,1.005641772597e+03,1.425179377967e+03,1.192886119023e+01,3.480000000000e+01,1.026404776150e+03,1.496435461051e+03,1.900000000000e+01,3.816962181562e+01,1.027389929580e+03,1.522279348482e+03,2.949655254870e+01,3.203794069854e+01,1.019641797241e+03,1.541350961006e+03,2.899902055199e+01,3.380562545082e+01,1.021126567858e+03,1.542125575987e+03
1.810000000000e+01,1.414223082937e+01,7.000062744000e+00,1.004681976866e+03,1.471476651461e+03,2.726842378764e+00,7.000062744000e+00,1.005642237446e+03,1.425203140082e+03,1.192714776847e+01,3.480000000000e+01,1.026405553619e+03,1.496431239094e+03,1.887502603516e+01,3.817337754964e+01,1.027425685004e+03,1.521934722814e+03,2.949643611339e+01,3.203885452348e+01,1.019642946436e+03,1.541353329356e+03,2.899898737590e+01,3.380576580703e+01,1.021127112950e+03,1.542127321725e+03
1.820000000000e+01,1.399082218549e+01,7.000065304213e+00,1.004705909760e+03,1.470946617083e+03,2.731697897625e+00,7.000065304213e+00,1.005642701582e+03,1.425227289922e+03,1.192539523266e+01,3.480000000000e+01,1.026406338490e+03,1.496426883056e+03,1.875020812521e+01,3.817717184689e+01,1.027461299347e+03,1.521589380031e+03,2.949631576010e+01,3.203978920925e+01,1.019644112489e+03,1.541355710973e+03,2.899895307685e+01,3.380590961268e+01,1.021127660991e+03,1.542129068650e+03
1.830000000000e+01,1.383389588000e+01,7.000067968876e+00,1.004730420917e+03,1.470395049265e+03,2.736638030528e+00,7.000067968876e+00,1.005643164985e+03,1.425251830502e+03,1.192360279462e+01,3.480000000000e+01,1.026407130913e+03,1.496422390221e+03,1.862570154656e+01,3.818100316467e+01,1.027496731766e+03,1.521243759272e+03,2.949619135799e+01,3.204074517620e+01,1.019645295757e+03,1.541358106014e+03,2.899891761688e+01,3.380605694990e+01,1.021128212054e+03,1.542130816765e+03
1.840000000000e+01,1.367151238722e+01,7.000070742248e+00,1.004755470381e+03,1.469821923780e+03,2.741663424365e+00,7.000070742248e+00,1.005643627634e+03,1.425276764692e+03,1.192176965538e+01,3.480000000000e+01,1.026407931036e+03,1.496417757837e+03,1.850166002688e+01,3.818486988854e+01,1.027531942412e+03,1.520898301199e+03,2.949606277191e+01,3.204172285046e+01,1.019646496603e+03,1.541360514634e+03,2.899888095675e+01,3.380620790263e+01,1.021128766215e+03,1.542132566074e+03
1.850000000000e+01,1.350376152219e+01,7.000073628762e+00,1.004781013029e+03,1.469227314897e+03,2.746774694345e+00,7.000073628762e+00,1.005644089511e+03,1.425302095212e+03,1.191989500530e+01,3.480000000000e+01,1.026408739012e+03,1.496412983112e+03,1.837823499114e+01,3.818877033440e+01,1.027566892610e+03,1.520553445766e+03,2.949592986228e+01,3.204272266384e+01,1.019647715396e+03,1.541362936985e+03,2.899884305591e+01,3.380636255668e+01,1.021129323552e+03,1.542134316580e+03
1.860000000000e+01,1.333076374045e+01,7.000076633033e+00,1.004806998692e+03,1.468611402502e+03,2.751972422299e+00,7.000076633033e+00,1.005644550594e+03,1.425327824622e+03,1.191797802418e+01,3.480000000000e+01,1.026409554993e+03,1.496408063220e+03,1.825557483188e+01,3.819270275087e+01,1.027601545032e+03,1.520209630002e+03,2.949579248496e+01,3.204374505377e+01,1.019648952510e+03,1.541365373212e+03,2.899880387243e+01,3.380652099975e+01,1.021129884144e+03,1.542136068285e+03
1.870000000000e+01,1.315267115902e+01,7.000079759863e+00,1.004833372371e+03,1.467974478564e+03,2.757257154963e+00,7.000079759863e+00,1.005645010863e+03,1.425353955317e+03,1.191601788141e+01,3.480000000000e+01,1.026410379136e+03,1.496402995296e+03,1.813382421083e+01,3.819666532195e+01,1.027635863855e+03,1.519867285811e+03,2.949565049107e+01,3.204479046325e+01,1.019650208325e+03,1.541367823459e+03,2.899876336297e+01,3.380668332144e+01,1.021130448072e+03,1.542137821188e+03
1.880000000000e+01,1.296966825466e+01,7.000083014249e+00,1.004860074533e+03,1.467316952779e+03,2.762629402246e+00,7.000083014249e+00,1.005645470296e+03,1.425380489517e+03,1.191401373615e+01,3.480000000000e+01,1.026411211598e+03,1.496397776439e+03,1.801312339888e+01,3.820065616994e+01,1.027669814900e+03,1.519526837840e+03,2.949550372684e+01,3.204585934072e+01,1.019651483226e+03,1.541370287864e+03,2.899872148274e+01,3.380684961333e+01,1.021131015420e+03,1.542139575289e+03
1.890000000000e+01,1.278197219886e+01,7.000086401393e+00,1.004887041508e+03,1.466639357181e+03,2.768089635488e+00,7.000086401393e+00,1.005645928874e+03,1.425407429257e+03,1.191196473751e+01,3.480000000000e+01,1.026412052538e+03,1.496392403714e+03,1.789360766051e+01,3.820467335865e+01,1.027703365758e+03,1.519188701416e+03,2.949535203351e+01,3.204695213999e+01,1.019652777606e+03,1.541372766559e+03,2.899867818544e+01,3.380701996898e+01,1.021131586273e+03,1.542141330587e+03
1.900000000000e+01,1.258983279396e+01,7.000089926708e+00,1.004914205961e+03,1.465942349570e+03,2.773638285710e+00,7.000089926708e+00,1.005646386575e+03,1.425434776385e+03,1.190987002474e+01,3.480000000000e+01,1.026412902116e+03,1.496386874150e+03,1.777540668798e+01,3.820871489677e+01,1.027736485902e+03,1.518853280586e+03,2.949519524711e+01,3.204806932014e+01,1.019654091861e+03,1.541375259674e+03,2.899863342321e+01,3.380719448398e+01,1.021132160718e+03,1.542143087079e+03
1.910000000000e+01,1.239353198094e+01,7.000093595828e+00,1.004941497466e+03,1.465226715561e+03,2.779275741852e+00,7.000093595828e+00,1.005646843378e+03,1.425462532548e+03,1.190772872746e+01,3.480000000000e+01,1.026413760496e+03,1.496381184741e+03,1.765864408989e+01,3.821277874159e+01,1.027769146768e+03,1.518520966265e+03,2.949503319835e+01,3.204921134536e+01,1.019655426394e+03,1.541377767328e+03,2.899858714656e+01,3.380737325600e+01,1.021132738845e+03,1.542144844760e+03
1.920000000000e+01,1.219338289793e+01,7.000097414616e+00,1.004968843142e+03,1.464493369121e+03,2.785002349023e+00,7.000097414616e+00,1.005647299261e+03,1.425490699186e+03,1.190553996591e+01,3.480000000000e+01,1.026414627841e+03,1.496375332450e+03,1.754343693774e+01,3.821686280290e+01,1.027801321836e+03,1.518192134528e+03,2.949486571240e+01,3.205037868485e+01,1.019656781613e+03,1.541380289637e+03,2.899853930437e+01,3.380755638477e+01,1.021133320745e+03,1.542146603625e+03
1.930000000000e+01,1.198972847748e+01,7.000101389174e+00,1.004996168370e+03,1.463743351443e+03,2.790818406736e+00,7.000101389174e+00,1.005647754204e+03,1.425519277526e+03,1.190330285124e+01,3.480000000000e+01,1.026415504317e+03,1.496369314206e+03,1.742989537327e+01,3.822096494706e+01,1.027832986681e+03,1.517867145044e+03,2.949469260877e+01,3.205157181267e+01,1.019658157932e+03,1.541382826710e+03,2.899848984377e+01,3.380774397219e+01,1.021133906512e+03,1.542148363667e+03
1.940000000000e+01,1.178293958146e+01,7.000105525853e+00,1.005023397557e+03,1.462977828069e+03,2.796724167162e+00,7.000105525853e+00,1.005648208185e+03,1.425548268570e+03,1.190101648576e+01,3.480000000000e+01,1.026416390092e+03,1.496363126906e+03,1.731812227832e+01,3.822508300134e+01,1.027864119006e+03,1.517546339673e+03,2.949451370110e+01,3.205279120759e+01,1.019659555770e+03,1.541385378646e+03,2.899843871013e+01,3.380793612229e+01,1.021134496241e+03,1.542150124878e+03
1.950000000000e+01,1.157341268401e+01,7.000109831262e+00,1.005050454946e+03,1.462198084198e+03,2.802719833391e+00,7.000109831262e+00,1.005648661183e+03,1.425577673091e+03,1.189867996329e+01,3.480000000000e+01,1.026417285334e+03,1.496356767418e+03,1.720821300825e+01,3.822921475839e+01,1.027894698669e+03,1.517230041233e+03,2.949432879699e+01,3.205403735291e+01,1.019660975551e+03,1.541387945538e+03,2.899838584698e+01,3.380813294134e+01,1.021135090031e+03,1.542151887246e+03
1.960000000000e+01,1.136156712454e+01,7.000114312280e+00,1.005077265452e+03,1.461405518139e+03,2.808805557701e+00,7.000114312280e+00,1.005649113176e+03,1.425607491622e+03,1.189629236948e+01,3.480000000000e+01,1.026418190213e+03,1.496350232579e+03,1.710025518872e+01,3.823335798087e+01,1.027924707679e+03,1.516918552445e+03,2.949413769780e+01,3.205531073627e+01,1.019662417707e+03,1.541390527469e+03,2.899833119595e+01,3.380833453781e+01,1.021135687983e+03,1.542153650761e+03
1.970000000000e+01,1.114784196506e+01,7.000118976065e+00,1.005103755500e+03,1.460601632946e+03,2.814981439860e+00,7.000118976065e+00,1.005649564145e+03,1.425637724450e+03,1.189385278222e+01,3.480000000000e+01,1.026419104902e+03,1.496343519199e+03,1.699432857526e+01,3.823751040626e+01,1.027954130187e+03,1.516612155056e+03,2.949394019851e+01,3.205661184948e+01,1.019663882672e+03,1.541393124515e+03,2.899827469671e+01,3.380854102246e+01,1.021136290198e+03,1.542155415409e+03
1.980000000000e+01,1.093269249726e+01,7.000123830068e+00,1.005129853850e+03,1.459788026297e+03,2.821247525436e+00,7.000123830068e+00,1.005650014068e+03,1.425668371609e+03,1.189136027196e+01,3.480000000000e+01,1.026420029572e+03,1.496336624062e+03,1.689050497375e+01,3.824166975172e+01,1.027982952459e+03,1.516311109154e+03,2.949373608744e+01,3.205794118829e+01,1.019665370886e+03,1.541395736739e+03,2.899821628690e+01,3.380875250837e+01,1.021136896783e+03,1.542157181173e+03
1.990000000000e+01,1.071658645540e+01,7.000128882040e+00,1.005155492397e+03,1.458966378733e+03,2.827603804146e+00,7.000128882040e+00,1.005650462925e+03,1.425699432871e+03,1.188881390221e+01,3.480000000000e+01,1.026420964398e+03,1.496329543923e+03,1.678884821977e+01,3.824583371909e+01,1.028011162834e+03,1.516015652650e+03,2.949352514613e+01,3.205929925215e+01,1.019666882795e+03,1.541398364196e+03,2.899815590207e+01,3.380896911095e+01,1.021137507844e+03,1.542158948037e+03
2.000000000000e+01,1.050000000000e+01,7.000134140052e+00,1.005180606915e+03,1.458138440419e+03,2.834050208238e+00,7.000134140052e+00,1.005650910694e+03,1.425730907739e+03,1.188621272997e+01,3.480000000000e+01,1.026421909554e+03,1.496322275518e+03,1.668941421370e+01,3.825000000000e+01,1.028038751675e+03,1.515726000959e+03,2.949330714908e+01,3.206068654402e+01,1.019668418849e+03,1.541401006928e+03,2.899809347561e+01,3.380919094796e+01,1.021138123493e+03,1.542160715979e+03
2.010000000000e+01,1.028341354460e+01,7.000139612501e+00,1.005205137729e+03,1.457306016639e+03,2.840586610905e+00,7.000139612501e+00,1.005651357357e+03,1.425762795439e+03,1.188355580617e+01,3.480000000000e+01,1.026422865216e+03,1.496314815556e+03,1.659225100818e+01,3.825416628091e+01,1.028065711304e+03,1.515442346833e+03,2.949308186355e+01,3.206210357005e+01,1.019669979504e+03,1.541403664965e+03,2.899802893866e+01,3.380941813962e+01,1.021138743841e+03,1.542162484979e+03
2.020000000000e+01,1.006730750274e+01,7.000145308125e+00,1.005229030317e+03,1.456470952281e+03,2.847212824751e+00,7.000145308125e+00,1.005651802894e+03,1.425795094917e+03,1.188084217622e+01,3.480000000000e+01,1.026423831562e+03,1.496307160729e+03,1.649739894405e+01,3.825833024828e+01,1.028092035931e+03,1.515164860378e+03,2.949284904936e+01,3.206355083935e+01,1.019671565219e+03,1.541406338327e+03,2.899796222007e+01,3.380965080857e+01,1.021139369004e+03,1.542164255011e+03
2.030000000000e+01,9.852158034938e+00,7.000151236020e+00,1.005252235801e+03,1.455635115564e+03,2.853928600304e+00,7.000151236020e+00,1.005652247285e+03,1.425827804827e+03,1.187807088058e+01,3.480000000000e+01,1.026424808769e+03,1.496299307708e+03,1.640489083051e+01,3.826248959374e+01,1.028117721573e+03,1.514893689214e+03,2.949260845866e+01,3.206502886369e+01,1.019673176458e+03,1.541409027017e+03,2.899789324630e+01,3.380988907991e+01,1.021139999099e+03,1.542166026048e+03
2.040000000000e+01,9.638432875459e+00,7.000157405651e+00,1.005274711343e+03,1.454800381348e+03,2.860733624576e+00,7.000157405651e+00,1.005652690512e+03,1.425860923530e+03,1.187524095526e+01,3.480000000000e+01,1.026425797015e+03,1.496291253147e+03,1.631475216501e+01,3.826664201913e+01,1.028142765969e+03,1.514628958790e+03,2.949235983567e+01,3.206653815720e+01,1.019674813692e+03,1.541411731025e+03,2.899782194133e+01,3.381013308129e+01,1.021140634248e+03,1.542167798061e+03
2.050000000000e+01,9.426587315990e+00,7.000163826866e+00,1.005296420424e+03,1.453968614308e+03,2.867627519699e+00,7.000163826866e+00,1.005653132556e+03,1.425894449082e+03,1.187235143249e+01,3.480000000000e+01,1.026426796478e+03,1.496282993687e+03,1.622700138825e+01,3.827078524161e+01,1.028167168486e+03,1.514370772827e+03,2.949210291649e+01,3.206807923601e+01,1.019676477392e+03,1.541414450327e+03,2.899774822661e+01,3.381038294288e+01,1.021141274574e+03,1.542169571018e+03
2.060000000000e+01,9.217060418538e+00,7.000170509917e+00,1.005317333011e+03,1.453141652324e+03,2.874609841607e+00,7.000170509917e+00,1.005653573399e+03,1.425928379234e+03,1.186940134134e+01,3.480000000000e+01,1.026427807338e+03,1.496274525954e+03,1.614165016957e+01,3.827491699866e+01,1.028190930026e+03,1.514119213891e+03,2.949183742885e+01,3.206965261795e+01,1.019678168036e+03,1.541417184881e+03,2.899767202095e+01,3.381063879743e+01,1.021141920203e+03,1.542171344882e+03
2.070000000000e+01,9.010271522522e+00,7.000177465472e+00,1.005337425606e+03,1.452321290372e+03,2.881680078810e+00,7.000177465472e+00,1.005654013026e+03,1.425962711422e+03,1.186638970840e+01,3.480000000000e+01,1.026428829774e+03,1.496265846564e+03,1.605870371801e+01,3.827903505294e+01,1.028214052924e+03,1.513874344060e+03,2.949156309182e+01,3.207125882219e+01,1.019679886106e+03,1.541419934630e+03,2.899759324045e+01,3.381090078031e+01,1.021142571264e+03,1.542173119615e+03
2.080000000000e+01,8.806617102069e+00,7.000184704631e+00,1.005356681188e+03,1.451509265238e+03,2.888837651227e+00,7.000184704631e+00,1.005654451420e+03,1.425997442767e+03,1.186331555848e+01,3.480000000000e+01,1.026429863965e+03,1.496256952126e+03,1.597816111441e+01,3.828313719710e+01,1.028236540852e+03,1.513636205704e+03,2.949127961563e+01,3.207289836881e+01,1.019681632085e+03,1.541422699498e+03,2.899751179838e+01,3.381116902951e+01,1.021143227888e+03,1.542174895175e+03
2.090000000000e+01,8.606468019065e+00,7.000192238947e+00,1.005375089053e+03,1.450707241308e+03,2.896081909109e+00,7.000192238947e+00,1.005654888565e+03,1.426032570065e+03,1.186017791538e+01,3.480000000000e+01,1.026430910092e+03,1.496247839243e+03,1.590001566015e+01,3.828722125841e+01,1.028258398716e+03,1.513404822332e+03,2.949098670135e+01,3.207457177847e+01,1.019683406462e+03,1.541425479391e+03,2.899742760514e+01,3.381144368572e+01,1.021143890211e+03,1.542176671518e+03
2.100000000000e+01,8.410167206044e+00,7.000200080443e+00,1.005392644559e+03,1.449916797681e+03,2.903412132055e+00,7.000200080443e+00,1.005655324447e+03,1.426068089785e+03,1.185697580265e+01,3.480000000000e+01,1.026431968333e+03,1.496238504514e+03,1.582425523806e+01,3.829128510323e+01,1.028279632552e+03,1.513180199511e+03,2.949068404065e+01,3.207627957192e+01,1.019685209728e+03,1.541428274194e+03,2.899734056811e+01,3.381172489230e+01,1.021144558371e+03,1.542178448594e+03
2.110000000000e+01,8.218027801137e+00,7.000208241630e+00,1.005409348789e+03,1.449139416793e+03,2.910827528109e+00,7.000208241630e+00,1.005655759052e+03,1.426103998066e+03,1.185370824444e+01,3.480000000000e+01,1.026433038866e+03,1.496228944539e+03,1.575086268164e+01,3.829532664135e+01,1.028300249434e+03,1.512962325845e+03,2.949037131556e+01,3.207802226963e+01,1.019687042378e+03,1.541431083772e+03,2.899725059159e+01,3.381201279536e+01,1.021145232508e+03,1.542180226350e+03
2.120000000000e+01,8.030331745341e+00,7.000216735527e+00,1.005425208150e+03,1.448376474714e+03,2.918327232966e+00,7.000216735527e+00,1.005656192368e+03,1.426140290714e+03,1.185037426632e+01,3.480000000000e+01,1.026434121872e+03,1.496219155920e+03,1.567981614866e+01,3.829934383006e+01,1.028320257370e+03,1.512751173984e+03,2.949004819813e+01,3.207980039130e+01,1.019688904909e+03,1.541433907969e+03,2.899715757667e+01,3.381230754374e+01,1.021145912766e+03,1.542182004731e+03
2.130000000000e+01,7.847328840977e+00,7.000225575683e+00,1.005440233912e+03,1.447629233201e+03,2.925910309276e+00,7.000225575683e+00,1.005656624384e+03,1.426176963198e+03,1.184697289622e+01,3.480000000000e+01,1.026435217526e+03,1.496209135264e+03,1.561108949577e+01,3.830333467805e+01,1.028339665210e+03,1.512546701675e+03,2.948971435021e+01,3.208161445535e+01,1.019690797821e+03,1.541436746605e+03,2.899706142115e+01,3.381260928910e+01,1.021146599294e+03,1.542183783674e+03
2.140000000000e+01,7.669236259549e+00,7.000234776198e+00,1.005454441714e+03,1.446898833592e+03,2.933575746062e+00,7.000234776198e+00,1.005657055088e+03,1.426214010647e+03,1.184350316532e+01,3.480000000000e+01,1.026436326007e+03,1.496198879189e+03,1.554465265084e+01,3.830729724913e+01,1.028358482552e+03,1.512348852826e+03,2.948936942311e+01,3.208346497850e+01,1.019692721616e+03,1.541439599475e+03,2.899696201942e+01,3.381291818588e+01,1.021147292241e+03,1.542185563116e+03
2.150000000000e+01,7.496238477810e+00,7.000244351744e+00,1.005467851041e+03,1.446186292515e+03,2.941322458244e+00,7.000244351744e+00,1.005657484472e+03,1.426251427850e+03,1.183996410908e+01,3.480000000000e+01,1.026437447489e+03,1.496188384322e+03,1.548047198032e+01,3.831122966560e+01,1.028376719657e+03,1.512157558573e+03,2.948901305737e+01,3.208535247516e+01,1.019694676797e+03,1.541442466352e+03,2.899685926233e+01,3.381323439136e+01,1.021147991761e+03,1.542187342986e+03
2.160000000000e+01,7.328487612778e+00,7.000254317587e+00,1.005480484691e+03,1.445492499408e+03,2.949149286289e+00,7.000254317587e+00,1.005657912529e+03,1.426289209254e+03,1.183635476821e+01,3.480000000000e+01,1.026438582147e+03,1.496177647309e+03,1.541851064900e+01,3.831513011146e+01,1.028394387362e+03,1.511972738355e+03,2.948864488239e+01,3.208727745696e+01,1.019696663870e+03,1.541445346979e+03,2.899675303710e+01,3.381355806566e+01,1.021148698011e+03,1.542189123211e+03
2.170000000000e+01,7.166104120005e+00,7.000264689617e+00,1.005492368243e+03,1.444818215753e+03,2.957054995979e+00,7.000264689617e+00,1.005658339252e+03,1.426327348963e+03,1.183267418973e+01,3.480000000000e+01,1.026439730154e+03,1.496166664813e+03,1.535872897009e+01,3.831899683533e+01,1.028411496998e+03,1.511794300970e+03,2.948826451618e+01,3.208924043215e+01,1.019698683342e+03,1.541448241073e+03,2.899664322722e+01,3.381388937181e+01,1.021149411152e+03,1.542190903709e+03
2.180000000000e+01,7.009177814513e+00,7.000275484366e+00,1.005503529533e+03,1.444164075927e+03,2.965038278309e+00,7.000275484366e+00,1.005658764636e+03,1.426365840740e+03,1.182892142808e+01,3.480000000000e+01,1.026440891682e+03,1.496155433520e+03,1.530108474363e+01,3.832282815311e+01,1.028428060318e+03,1.511622145618e+03,2.948787156502e+01,3.209124190502e+01,1.019700735721e+03,1.541451148322e+03,2.899652971225e+01,3.381422847571e+01,1.021150131347e+03,1.542192684397e+03
2.190000000000e+01,6.857769170629e+00,7.000286719037e+00,1.005513998161e+03,1.443530589536e+03,2.973097749515e+00,7.000286719037e+00,1.005659188678e+03,1.426404678005e+03,1.182509554626e+01,3.480000000000e+01,1.026442066899e+03,1.496143950142e+03,1.524553358187e+01,3.832662245036e+01,1.028444089422e+03,1.511456162916e+03,2.948746562315e+01,3.209328237533e+01,1.019702821515e+03,1.541454068384e+03,2.899641236779e+01,3.381457554617e+01,1.021150858765e+03,1.542194465185e+03
2.200000000000e+01,6.711910855239e+00,7.000298411534e+00,1.005523805013e+03,1.442918145060e+03,2.981231951237e+00,7.000298411534e+00,1.005659611376e+03,1.426443853836e+03,1.182119561697e+01,3.480000000000e+01,1.026443255974e+03,1.496132211424e+03,1.519202922022e+01,3.833037818438e+01,1.028459596692e+03,1.511296235887e+03,2.948704627247e+01,3.209536233762e+01,1.019704941232e+03,1.541457000886e+03,2.899629106527e+01,3.381493075494e+01,1.021151593576e+03,1.542196245975e+03
2.210000000000e+01,6.571609448738e+00,7.000310580483e+00,1.005532981830e+03,1.442327014661e+03,2.989439350818e+00,7.000310580483e+00,1.005660032731e+03,1.426483360976e+03,1.181722072385e+01,3.480000000000e+01,1.026444459071e+03,1.496120214143e+03,1.514052381280e+01,3.833409388608e+01,1.028474594728e+03,1.511142240904e+03,2.948661308217e+01,3.209748228062e+01,1.019707095382e+03,1.541459945420e+03,2.899616567186e+01,3.381529427671e+01,1.021152335955e+03,1.542198026666e+03
2.220000000000e+01,6.436847308945e+00,7.000323245270e+00,1.005541560811e+03,1.441757359951e+03,2.997718341748e+00,7.000323245270e+00,1.005660452745e+03,1.426523191828e+03,1.181316996272e+01,3.480000000000e+01,1.026445676352e+03,1.496107955117e+03,1.509096821196e+01,3.833776816149e+01,1.028489096293e+03,1.510994048605e+03,2.948616560844e+01,3.209964268655e+01,1.019709284473e+03,1.541462901546e+03,2.899603605032e+01,3.381566628912e+01,1.021153086080e+03,1.542199807149e+03
2.230000000000e+01,6.307584535257e+00,7.000336426065e+00,1.005549574253e+03,1.441209238557e+03,3.006067244245e+00,7.000336426065e+00,1.005660871421e+03,1.426563338464e+03,1.180904244289e+01,3.480000000000e+01,1.026446907978e+03,1.496095431206e+03,1.504331223119e+01,3.834139969305e+01,1.028503114255e+03,1.510851524759e+03,2.948570339411e+01,3.210184403046e+01,1.019711509011e+03,1.541465868786e+03,2.899590205886e+01,3.381604697278e+01,1.021153844133e+03,1.542201587309e+03
2.240000000000e+01,6.183760993259e+00,7.000350143855e+00,1.005557054245e+03,1.440682611289e+03,3.014484305990e+00,7.000350143855e+00,1.005661288765e+03,1.426603792627e+03,1.180483728846e+01,3.480000000000e+01,1.026448154103e+03,1.496082639319e+03,1.499750489120e+01,3.834498724056e+01,1.028516661544e+03,1.510714531088e+03,2.948522596831e+01,3.210408677949e+01,1.019713769503e+03,1.541468846628e+03,2.899576355097e+01,3.381643651128e+01,1.021154610300e+03,1.542203367024e+03
2.250000000000e+01,6.065298363452e+00,7.000364420478e+00,1.005564032395e+03,1.440177349752e+03,3.022967703001e+00,7.000364420478e+00,1.005661704786e+03,1.426644545733e+03,1.180055363970e+01,3.480000000000e+01,1.026449414882e+03,1.496069576416e+03,1.495349464899e+01,3.834852964198e+01,1.028529751101e+03,1.510582926041e+03,2.948473284612e+01,3.210637139216e+01,1.019716066453e+03,1.541471834518e+03,2.899562037531e+01,3.381683509117e+01,1.021155384772e+03,1.542205146164e+03
2.260000000000e+01,5.952102181768e+00,7.000379278658e+00,1.005570539601e+03,1.439693244234e+03,3.031515540661e+00,7.000379278658e+00,1.005662119494e+03,1.426685588882e+03,1.179619065449e+01,3.480000000000e+01,1.026450690463e+03,1.496056239518e+03,1.491122961015e+01,3.835202581381e+01,1.028542395844e+03,1.510456565522e+03,2.948422352824e+01,3.210869831761e+01,1.019718400363e+03,1.541474831864e+03,2.899547237551e+01,3.381724290198e+01,1.021156167741e+03,1.542206924592e+03
2.270000000000e+01,5.844063843706e+00,7.000394742038e+00,1.005576605867e+03,1.439230011722e+03,3.040125854893e+00,7.000394742038e+00,1.005662532900e+03,1.426726912858e+03,1.179174750968e+01,3.480000000000e+01,1.026451980992e+03,1.496042625703e+03,1.487065772440e+01,3.835547475131e+01,1.028554608626e+03,1.510335303567e+03,2.948369750063e+01,3.211106799484e+01,1.019720771733e+03,1.541477838031e+03,2.899531939004e+01,3.381766013622e+01,1.021156959404e+03,1.542208702163e+03
2.280000000000e+01,5.741062548213e+00,7.000410835220e+00,1.005582260150e+03,1.438787303918e+03,3.048796613484e+00,7.000410835220e+00,1.005662945020e+03,1.426768508140e+03,1.178722340265e+01,3.480000000000e+01,1.026453286611e+03,1.496028732121e+03,1.483172696494e+01,3.835887552848e+01,1.028566402205e+03,1.510218992976e+03,2.948315423411e+01,3.211348085192e+01,1.019723181058e+03,1.541480852342e+03,2.899516125201e+01,3.381808698939e+01,1.021157759965e+03,1.542210478724e+03
2.290000000000e+01,5.642967161654e+00,7.000427583801e+00,1.005587530244e+03,1.438364715137e+03,3.057525717557e+00,7.000427583801e+00,1.005663355870e+03,1.426810364907e+03,1.178261755277e+01,3.480000000000e+01,1.026454607456e+03,1.496014555991e+03,1.479438549184e+01,3.836222729771e+01,1.028577789213e+03,1.510107485890e+03,2.948259318407e+01,3.211593730519e+01,1.019725628832e+03,1.541483874073e+03,2.899499778904e+01,3.381852365994e+01,1.021158569627e+03,1.542212254112e+03
2.300000000000e+01,5.549637986288e+00,7.000445014413e+00,1.005592442696e+03,1.437961789992e+03,3.066311003197e+00,7.000445014413e+00,1.005663765471e+03,1.426852473047e+03,1.177792920295e+01,3.480000000000e+01,1.026455943659e+03,1.496000094613e+03,1.475858180021e+01,3.836552928931e+01,1.028588782134e+03,1.510000634331e+03,2.948201379004e+01,3.211843775843e+01,1.019728115544e+03,1.541486902456e+03,2.899482882305e+01,3.381897034927e+01,1.021159388601e+03,1.542214028157e+03
2.310000000000e+01,5.460928421438e+00,7.000463154767e+00,1.005597022748e+03,1.437578030778e+03,3.075150243218e+00,7.000463154767e+00,1.005664173843e+03,1.426894822163e+03,1.177315762124e+01,3.480000000000e+01,1.026457295346e+03,1.495985345368e+03,1.472426485362e+01,3.836878081074e+01,1.028599393273e+03,1.509898290684e+03,2.948141547537e+01,3.212098260201e+01,1.019730641677e+03,1.541489936673e+03,2.899465417009e+01,3.381942726174e+01,1.021160217101e+03,1.542215800677e+03
2.320000000000e+01,5.376686509067e+00,7.000482033694e+00,1.005601294307e+03,1.437212904497e+03,3.084041149076e+00,7.000482033694e+00,1.005664581013e+03,1.426937401588e+03,1.176830210237e+01,3.480000000000e+01,1.026458662641e+03,1.495970305725e+03,1.469138420343e+01,3.837198124566e+01,1.028609634747e+03,1.509800308144e+03,2.948079764683e+01,3.212357221207e+01,1.019733207710e+03,1.541492975857e+03,2.899447364015e+01,3.381989460462e+01,1.021161055344e+03,1.542217571482e+03
2.330000000000e+01,5.296756358556e+00,7.000501681189e+00,1.005605279927e+03,1.436865849473e+03,3.092981372929e+00,7.000501681189e+00,1.005664987008e+03,1.426980200389e+03,1.176336196947e+01,3.480000000000e+01,1.026460045657e+03,1.495954973250e+03,1.465989009491e+01,3.837513005280e+01,1.028619518457e+03,1.509706541112e+03,2.948015969427e+01,3.212620694962e+01,1.019735814119e+03,1.541496019088e+03,2.899428703698e+01,3.382037258810e+01,1.021161903554e+03,1.542219340371e+03
2.340000000000e+01,5.220979448251e+00,7.000522128461e+00,1.005609000820e+03,1.436536281511e+03,3.101968509831e+00,7.000522128461e+00,1.005665391857e+03,1.427023207381e+03,1.175833657564e+01,3.480000000000e+01,1.026461444506e+03,1.495939345606e+03,1.462973356057e+01,3.837822676462e+01,1.028629056083e+03,1.509616845560e+03,2.947950099022e+01,3.212888715966e+01,1.019738461368e+03,1.541499065396e+03,2.899409415786e+01,3.382086142523e+01,1.021162761956e+03,1.542221107132e+03
2.350000000000e+01,5.149195803692e+00,7.000543407980e+00,1.005612476876e+03,1.436223599598e+03,3.111000100069e+00,7.000543407980e+00,1.005665795594e+03,1.427066411137e+03,1.175322530566e+01,3.480000000000e+01,1.026462859291e+03,1.495923420565e+03,1.460086650174e+01,3.838127098583e+01,1.028638259063e+03,1.509531079344e+03,2.947882088954e+01,3.213161317032e+01,1.019741149920e+03,1.541502113752e+03,2.899389479343e+01,3.382136133192e+01,1.021163630781e+03,1.542222871542e+03
2.360000000000e+01,5.081245054421e+00,7.000565553525e+00,1.005615726690e+03,1.435927191111e+03,3.120073631624e+00,7.000565553525e+00,1.005666198255e+03,1.427109800000e+03,1.174802757770e+01,3.480000000000e+01,1.026464290109e+03,1.495907196007e+03,1.457324175899e+01,3.838426239175e+01,1.028647138590e+03,1.509449102490e+03,2.947811872906e+01,3.213438529189e+01,1.019743880228e+03,1.541505163072e+03,2.899368872745e+01,3.382187252689e+01,1.021164510265e+03,1.542224633368e+03
2.370000000000e+01,5.016967372873e+00,7.000588600239e+00,1.005618767611e+03,1.435646436544e+03,3.129186542769e+00,7.000588600239e+00,1.005666599878e+03,1.427153362097e+03,1.174274284504e+01,3.480000000000e+01,1.026465737049e+03,1.495890669933e+03,1.454681317216e+01,3.838720072651e+01,1.028655705600e+03,1.509370777438e+03,2.947739382718e+01,3.213720381598e+01,1.019746652738e+03,1.541508212216e+03,2.899347573660e+01,3.382239523162e+01,1.021165400648e+03,1.542226392360e+03
2.380000000000e+01,4.956204300153e+00,7.000612584683e+00,1.005621615785e+03,1.435380713761e+03,3.138336224783e+00,7.000612584683e+00,1.005667000506e+03,1.427197085349e+03,1.173737059775e+01,3.480000000000e+01,1.026467200196e+03,1.495873840465e+03,1.452153563078e+01,3.839008580113e+01,1.028663970764e+03,1.509295969263e+03,2.947664548352e+01,3.214006901453e+01,1.019749467886e+03,1.541511259979e+03,2.899325559026e+01,3.382292967036e+01,1.021166302174e+03,1.542228148260e+03
2.390000000000e+01,4.898799464464e+00,7.000637544891e+00,1.005624286211e+03,1.435129401774e+03,3.147520024783e+00,7.000637544891e+00,1.005667400185e+03,1.427240957486e+03,1.173191036451e+01,3.480000000000e+01,1.026468679622e+03,1.495856705855e+03,1.449736511559e+01,3.839291749152e+01,1.028671944489e+03,1.509224545848e+03,2.947587297858e+01,3.214298113893e+01,1.019752326102e+03,1.541514305098e+03,2.899302805026e+01,3.382347607000e+01,1.021167215091e+03,1.542229900795e+03
2.400000000000e+01,4.844599198673e+00,7.000663520432e+00,1.005626792798e+03,1.434891884077e+03,3.156735248671e+00,7.000663520432e+00,1.005667798961e+03,1.427284966062e+03,1.172636171429e+01,3.480000000000e+01,1.026470175397e+03,1.495839264492e+03,1.447425873178e+01,3.839569573634e+01,1.028679636908e+03,1.509156378048e+03,2.947507557335e+01,3.214594041905e+01,1.019755227804e+03,1.541517346245e+03,2.899279287067e+01,3.382403466007e+01,1.021168139653e+03,1.542231649676e+03
2.410000000000e+01,4.793453063949e+00,7.000690552466e+00,1.005629148426e+03,1.434667551560e+03,3.165979164183e+00,7.000690552466e+00,1.005668196887e+03,1.427329098466e+03,1.172072425815e+01,3.480000000000e+01,1.026471687579e+03,1.495821514906e+03,1.445217473483e+01,3.839842053477e+01,1.028687057882e+03,1.509091339816e+03,2.947425250898e+01,3.214894706232e+01,1.019758173400e+03,1.541520382027e+03,2.899254979752e+01,3.382460567268e+01,1.021169076118e+03,1.542233394604e+03
2.420000000000e+01,4.745214286685e+00,7.000718683812e+00,1.005631365005e+03,1.434455805009e+03,3.175249004031e+00,7.000718683812e+00,1.005668594017e+03,1.427373341942e+03,1.171499765098e+01,3.480000000000e+01,1.026473216219e+03,1.495803455774e+03,1.443107254941e+01,3.840109194428e+01,1.028694216998e+03,1.509029308302e+03,2.947340300642e+01,3.215200125281e+01,1.019761163291e+03,1.541523410983e+03,2.899229856860e+01,3.382518934242e+01,1.021170024748e+03,1.542235135261e+03
2.430000000000e+01,4.699740116000e+00,7.000747959011e+00,1.005633453534e+03,1.434256057246e+03,3.184541969144e+00,7.000747959011e+00,1.005668990410e+03,1.427417683599e+03,1.170918159326e+01,3.480000000000e+01,1.026474761357e+03,1.495785085928e+03,1.441091278200e+01,3.840371007823e+01,1.028701123570e+03,1.508970163941e+03,2.947252626610e+01,3.215510315026e+01,1.019764197861e+03,1.541526431584e+03,2.899203891316e+01,3.382578590634e+01,1.021170985810e+03,1.542236871315e+03
2.440000000000e+01,4.656892109060e+00,7.000778424394e+00,1.005635424165e+03,1.434067734909e+03,3.193855231984e+00,7.000778424394e+00,1.005669386127e+03,1.427462110431e+03,1.170327583284e+01,3.480000000000e+01,1.026476323027e+03,1.495766404359e+03,1.439165722797e+01,3.840627510350e+01,1.028707786638e+03,1.508913790511e+03,2.947162146758e+01,3.215825288915e+01,1.019767277486e+03,1.541529442230e+03,2.899177055165e+01,3.382639560380e+01,1.021171959577e+03,1.542238602416e+03
2.450000000000e+01,4.616536351308e+00,7.000810128156e+00,1.005637286255e+03,1.433890279926e+03,3.203185939939e+00,7.000810128156e+00,1.005669781232e+03,1.427506609329e+03,1.169728016661e+01,3.480000000000e+01,1.026477901251e+03,1.495747410227e+03,1.437326887344e+01,3.840878723810e+01,1.028714214970e+03,1.508860075174e+03,2.947068776925e+01,3.216145057781e+01,1.019770402529e+03,1.541532441250e+03,2.899149319548e+01,3.382701867646e+01,1.021172946324e+03,1.542240328201e+03
2.460000000000e+01,4.578543618410e+00,7.000843120425e+00,1.005639048428e+03,1.433723150693e+03,3.212531218782e+00,7.000843120425e+00,1.005670175795e+03,1.427551167099e+03,1.169119444230e+01,3.480000000000e+01,1.026479496043e+03,1.495728102861e+03,1.435571189273e+01,3.841124674864e+01,1.028720417069e+03,1.508808908505e+03,2.946972430801e+01,3.216469629744e+01,1.019773573340e+03,1.541535426898e+03,2.899120654671e+01,3.382765536814e+01,1.021173946334e+03,1.542242048284e+03
2.470000000000e+01,4.542789486429e+00,7.000877453343e+00,1.005640718624e+03,1.433565822995e+03,3.221888176182e+00,7.000877453343e+00,1.005670569886e+03,1.427595770480e+03,1.168501856014e+01,3.480000000000e+01,1.026481107405e+03,1.495708481769e+03,1.433895164159e+01,3.841365394796e+01,1.028726401170e+03,1.508760184497e+03,2.946873019900e+01,3.216799010126e+01,1.019776790254e+03,1.541538397354e+03,2.899091029776e+01,3.382830592474e+01,1.021174959891e+03,1.542243762264e+03
2.480000000000e+01,4.509154396358e+00,7.000913181141e+00,1.005642304152e+03,1.433417790694e+03,3.231253905274e+00,7.000913181141e+00,1.005670963580e+03,1.427640406158e+03,1.167875247456e+01,3.480000000000e+01,1.026482735330e+03,1.495688546645e+03,1.432295464698e+01,3.841600919257e+01,1.028732175248e+03,1.508713800561e+03,2.946770453530e+01,3.217133201357e+01,1.019780053594e+03,1.541541350719e+03,2.899060413116e+01,3.382897059414e+01,1.021175987288e+03,1.542245469720e+03
2.490000000000e+01,4.477523678736e+00,7.000950360227e+00,1.005643811738e+03,1.433278566202e+03,3.240625488251e+00,7.000950360227e+00,1.005671356958e+03,1.427685060783e+03,1.167239619585e+01,3.480000000000e+01,1.026484379799e+03,1.495668297372e+03,1.430768859357e+01,3.841831288024e+01,1.028737747021e+03,1.508669657509e+03,2.946664638767e+01,3.217472202888e+01,1.019783363665e+03,1.541544285019e+03,2.899028771920e+01,3.382964962608e+01,1.021177028818e+03,1.542247170211e+03
2.500000000000e+01,4.447787543661e+00,7.000989049263e+00,1.005645247570e+03,1.433147680778e+03,3.250000000000e+00,7.000989049263e+00,1.005671750100e+03,1.427729720988e+03,1.166594979176e+01,3.480000000000e+01,1.026486040784e+03,1.495647734027e+03,1.429312230751e+01,3.842056544756e+01,1.028743123955e+03,1.508627659528e+03,2.946555480433e+01,3.217816011106e+01,1.019786720761e+03,1.541547198197e+03,2.898996072361e+01,3.383034327201e+01,1.021178084784e+03,1.542248863276e+03
2.510000000000e+01,4.419841041080e+00,7.001029309262e+00,1.005646617343e+03,1.433024684661e+03,3.259374511749e+00,7.001029309262e+00,1.005672143094e+03,1.427774373403e+03,1.165941338910e+01,3.480000000000e+01,1.026487718244e+03,1.495626856891e+03,1.427922573784e+01,3.842276736746e+01,1.028748313266e+03,1.508587714142e+03,2.946442881073e+01,3.218164619248e+01,1.019790125157e+03,1.541550088116e+03,2.898962279532e+01,3.383105178502e+01,1.021179155490e+03,1.542250548430e+03
2.520000000000e+01,4.393583995830e+00,7.001071203674e+00,1.005647926295e+03,1.432909147062e+03,3.268746094726e+00,7.001071203674e+00,1.005672536028e+03,1.427819004674e+03,1.165278717525e+01,3.480000000000e+01,1.026489412126e+03,1.495605666450e+03,1.426596993577e+01,3.842491914686e+01,1.028753321932e+03,1.508549732167e+03,2.946326740933e+01,3.218518017320e+01,1.019793577113e+03,1.541552952558e+03,2.898927357404e+01,3.383177541967e+01,1.021180241247e+03,1.542252225169e+03
2.530000000000e+01,4.368920921462e+00,7.001114798488e+00,1.005649179247e+03,1.432800656040e+03,3.278111823818e+00,7.001114798488e+00,1.005672928996e+03,1.427863601479e+03,1.164607139970e+01,3.480000000000e+01,1.026491122366e+03,1.495584163404e+03,1.425332703227e+01,3.842702132428e+01,1.028758156690e+03,1.508513627662e+03,2.946206957947e+01,3.218876192016e+01,1.019797076871e+03,1.541555789220e+03,2.898891268798e+01,3.383251443185e+01,1.021181342368e+03,1.542253892963e+03
2.540000000000e+01,4.345760916499e+00,7.001160162321e+00,1.005650380636e+03,1.432698818269e+03,3.287468781218e+00,7.001160162321e+00,1.005673322095e+03,1.427908150547e+03,1.163926637542e+01,3.480000000000e+01,1.026492848890e+03,1.495562348669e+03,1.424127021418e+01,3.842907446755e+01,1.028762824049e+03,1.508479317865e+03,2.946083427720e+01,3.219239126644e+01,1.019800624656e+03,1.541558595714e+03,2.898853975350e+01,3.383326907860e+01,1.021182459175e+03,1.542255551260e+03
2.550000000000e+01,4.324017546412e+00,7.001207366530e+00,1.005651534547e+03,1.432603258723e+03,3.296814060061e+00,7.001207366530e+00,1.005673715426e+03,1.427952638670e+03,1.163237248030e+01,3.480000000000e+01,1.026494591608e+03,1.495540223382e+03,1.422977369910e+01,3.843107917152e+01,1.028767330291e+03,1.508446723137e+03,2.945956043518e+01,3.219606801051e+01,1.019804220675e+03,1.541561369568e+03,2.898815437474e+01,3.383403961800e+01,1.021183591990e+03,1.542257199480e+03
2.560000000000e+01,4.303608714201e+00,7.001256485314e+00,1.005652644744e+03,1.432513620292e+03,3.306144768016e+00,7.001256485314e+00,1.005674109092e+03,1.427997052723e+03,1.162539015839e+01,3.480000000000e+01,1.026496350420e+03,1.495517788911e+03,1.421881270936e+01,3.843303605584e+01,1.028771681479e+03,1.508415766887e+03,2.945824696258e+01,3.219979191552e+01,1.019807865117e+03,1.541564108220e+03,2.898775614327e+01,3.383482630898e+01,1.021184741145e+03,1.542258837021e+03
2.570000000000e+01,4.284456522170e+00,7.001307595825e+00,1.005653714695e+03,1.432429563330e+03,3.315458030856e+00,7.001307595825e+00,1.005674503202e+03,1.428041379682e+03,1.161831992119e+01,3.480000000000e+01,1.026498125211e+03,1.495495046852e+03,1.420836344519e+01,3.843494576282e+01,1.028775883462e+03,1.508386375503e+03,2.945689274506e+01,3.220356270870e+01,1.019811558151e+03,1.541566809025e+03,2.898734463773e+01,3.383562941109e+01,1.021185906972e+03,1.542260463250e+03
2.580000000000e+01,4.266487127166e+00,7.001360778281e+00,1.005654747596e+03,1.432350765167e+03,3.324750995969e+00,7.001360778281e+00,1.005674897867e+03,1.428085606634e+03,1.161116234877e+01,3.480000000000e+01,1.026499915857e+03,1.495471999037e+03,1.419840305734e+01,3.843680895532e+01,1.028779941882e+03,1.508358478277e+03,2.945549664474e+01,3.220738008065e+01,1.019815299928e+03,1.541569469246e+03,2.898691942344e+01,3.383644918441e+01,1.021187089811e+03,1.542262077508e+03
2.590000000000e+01,4.249630591247e+00,7.001416116088e+00,1.005655746398e+03,1.432276919580e+03,3.334020835817e+00,7.001416116088e+00,1.005675293204e+03,1.428129720799e+03,1.160391809089e+01,3.480000000000e+01,1.026501722216e+03,1.495448647539e+03,1.418890961937e+01,3.843862631473e+01,1.028783862180e+03,1.508332007328e+03,2.945405750025e+01,3.221124368486e+01,1.019819090577e+03,1.541572086059e+03,2.898648005202e+01,3.383728588923e+01,1.021188290006e+03,1.542263679108e+03
2.600000000000e+01,4.233820729507e+00,7.001473695960e+00,1.005656713824e+03,1.432207736231e+03,3.343264751329e+00,7.001473695960e+00,1.005675689332e+03,1.428173709544e+03,1.159658786795e+01,3.480000000000e+01,1.026503544137e+03,1.495424994675e+03,1.417986209962e+01,3.844039853899e+01,1.028787649598e+03,1.508306897521e+03,2.945257412682e+01,3.221515313710e+01,1.019822930210e+03,1.541574656551e+03,2.898602606098e+01,3.383813978596e+01,1.021189507904e+03,1.542265267330e+03
2.610000000000e+01,4.218994956544e+00,7.001533608045e+00,1.005657652391e+03,1.432142940095e+03,3.352479975217e+00,7.001533608045e+00,1.005676086374e+03,1.428217560394e+03,1.158917247189e+01,3.480000000000e+01,1.026505381452e+03,1.495401043007e+03,1.417124033316e+01,3.844212634071e+01,1.028791309192e+03,1.508283086389e+03,2.945104531638e+01,3.221910801499e+01,1.019826818914e+03,1.541577177719e+03,2.898555697334e+01,3.383901113482e+01,1.021190743860e+03,1.542266841425e+03
2.620000000000e+01,4.205094132820e+00,7.001595946060e+00,1.005658564426e+03,1.432082270869e+03,3.361663775217e+00,7.001595946060e+00,1.005676484456e+03,1.428261261053e+03,1.158167276703e+01,3.480000000000e+01,1.026507233984e+03,1.495376795348e+03,1.416302499371e+01,3.844381044533e+01,1.028794845831e+03,1.508260514053e+03,2.944946983776e+01,3.222310785758e+01,1.019830756759e+03,1.541579646471e+03,2.898507229720e+01,3.383990019565e+01,1.021191998231e+03,1.542268400611e+03
2.630000000000e+01,4.192062412013e+00,7.001660807425e+00,1.005659452082e+03,1.432025482379e+03,3.370813457231e+00,7.001660807425e+00,1.005676883711e+03,1.428304799414e+03,1.157408969072e+01,3.480000000000e+01,1.026509101537e+03,1.495352254762e+03,1.415519756578e+01,3.844545158940e+01,1.028798264207e+03,1.508239123136e+03,2.944784643692e+01,3.222715216495e+01,1.019834743791e+03,1.541582059624e+03,2.898457152531e+01,3.384080722768e+01,1.021193271379e+03,1.542269944072e+03
2.640000000000e+01,4.179847090236e+00,7.001728293408e+00,1.005660317354e+03,1.431972341980e+03,3.379926368376e+00,7.001728293408e+00,1.005677284272e+03,1.428348163573e+03,1.156642425394e+01,3.480000000000e+01,1.026510983906e+03,1.495327424571e+03,1.414774031693e+01,3.844705051888e+01,1.028801568840e+03,1.508218858686e+03,2.944617383723e+01,3.223124039790e+01,1.019838780036e+03,1.541584413909e+03,2.898405413467e+01,3.384173248925e+01,1.021194563671e+03,1.542271470959e+03
2.650000000000e+01,4.168398457899e+00,7.001798509264e+00,1.005661162092e+03,1.431922629961e+03,3.388999899931e+00,7.001798509264e+00,1.005677686279e+03,1.428391341846e+03,1.155867754176e+01,3.480000000000e+01,1.026512880869e+03,1.495302308350e+03,1.414063627043e+01,3.844860798754e+01,1.028804764082e+03,1.508199668092e+03,2.944445073984e+01,3.223537197773e+01,1.019842865495e+03,1.541586705965e+03,2.898351958605e+01,3.384267623758e+01,1.021195875480e+03,1.542272980384e+03
2.660000000000e+01,4.157669654796e+00,7.001871564395e+00,1.005661988013e+03,1.431876138961e+03,3.398031490169e+00,7.001871564395e+00,1.005678089874e+03,1.428434322776e+03,1.155085071371e+01,3.480000000000e+01,1.026514792193e+03,1.495276909936e+03,1.413386917828e+01,3.845012475544e+01,1.028807854124e+03,1.508181501005e+03,2.944267582410e+01,3.223954628602e+01,1.019847000150e+03,1.541588932345e+03,2.898296732358e+01,3.384363872848e+01,1.021197207181e+03,1.542274471426e+03
2.670000000000e+01,4.147616528940e+00,7.001947572498e+00,1.005662796714e+03,1.431832673389e+03,3.407018627071e+00,7.001947572498e+00,1.005678495204e+03,1.428477095151e+03,1.154294500402e+01,3.480000000000e+01,1.026516717628e+03,1.495251233424e+03,1.412742349464e+01,3.845160158747e+01,1.028810843000e+03,1.508164309259e+03,2.944084774804e+01,3.224376266452e+01,1.019851183958e+03,1.541591089513e+03,2.898239677427e+01,3.384462021607e+01,1.021198559154e+03,1.542275943121e+03
2.680000000000e+01,4.138197499520e+00,7.002026651733e+00,1.005663589680e+03,1.431792048860e+03,3.415958850924e+00,7.002026651733e+00,1.005678902420e+03,1.428519648012e+03,1.153496172169e+01,3.480000000000e+01,1.026518656914e+03,1.495225283167e+03,1.412128434984e+01,3.845303925199e+01,1.028813734594e+03,1.508148046790e+03,2.943896514893e+01,3.224802041510e+01,1.019855416854e+03,1.541593173849e+03,2.898180734752e+01,3.384562095251e+01,1.021199931786e+03,1.542277394469e+03
2.690000000000e+01,4.129373424270e+00,7.002108924891e+00,1.005664368294e+03,1.431754091637e+03,3.424849756782e+00,7.002108924891e+00,1.005679311675e+03,1.428561970667e+03,1.152690225049e+01,3.480000000000e+01,1.026520609775e+03,1.495199063783e+03,1.411543752484e+01,3.845443851949e+01,1.028816532645e+03,1.508132669562e+03,2.943702664394e+01,3.225231879974e+01,1.019859698751e+03,1.541595181646e+03,2.898119843473e+01,3.384664118766e+01,1.021201325464e+03,1.542278824427e+03
2.700000000000e+01,4.121107471486e+00,7.002194519560e+00,1.005665133847e+03,1.431718638104e+03,3.433688996803e+00,7.002194519560e+00,1.005679723129e+03,1.428604052696e+03,1.151876804876e+01,3.480000000000e+01,1.026522575920e+03,1.495172580147e+03,1.410986942631e+01,3.845580016140e+01,1.028819240748e+03,1.508118135487e+03,2.943503083087e+01,3.225665704066e+01,1.019864029536e+03,1.541597109115e+03,2.898056940870e+01,3.384768116881e+01,1.021202740583e+03,1.542280231910e+03
2.710000000000e+01,4.113364996826e+00,7.002283568311e+00,1.005665887545e+03,1.431685534239e+03,3.442474282443e+00,7.002283568311e+00,1.005680136945e+03,1.428645883968e+03,1.151056064918e+01,3.480000000000e+01,1.026524555049e+03,1.495145837395e+03,1.410456706232e+01,3.845712494887e+01,1.028821862367e+03,1.508104404354e+03,2.943297628893e+01,3.226103432044e+01,1.019868409076e+03,1.541598952385e+03,2.897991962326e+01,3.384874114031e+01,1.021204177539e+03,1.542281615790e+03
2.720000000000e+01,4.106113424991e+00,7.002376208879e+00,1.005666630516e+03,1.431654635119e+03,3.451203386516e+00,7.002376208879e+00,1.005680553290e+03,1.428687454645e+03,1.150228165825e+01,3.480000000000e+01,1.026526546844e+03,1.495118840921e+03,1.409951801867e+01,3.845841365175e+01,1.028824400831e+03,1.508091437757e+03,2.943086157966e+01,3.226544978227e+01,1.019872837212e+03,1.541600707506e+03,2.897924841267e+01,3.384982134327e+01,1.021205636736e+03,1.542282974891e+03
2.730000000000e+01,4.099322136320e+00,7.002472584357e+00,1.005667363818e+03,1.431625804430e+03,3.459874145107e+00,7.002472584357e+00,1.005680972335e+03,1.428728755194e+03,1.149393275576e+01,3.480000000000e+01,1.026528550976e+03,1.495091596376e+03,1.409471043582e+01,3.845966703751e+01,1.028826859345e+03,1.508079199019e+03,2.942868524794e+01,3.226990253026e+01,1.019877313761e+03,1.541602370452e+03,2.897855509117e+01,3.385092201523e+01,1.021207118578e+03,1.542284307993e+03
2.740000000000e+01,4.092962358311e+00,7.002572843387e+00,1.005668088442e+03,1.431598914011e+03,3.468484459339e+00,7.002572843387e+00,1.005681394256e+03,1.428769776391e+03,1.148551569401e+01,3.480000000000e+01,1.026530567103e+03,1.495064109666e+03,1.409013298653e+01,3.846088587027e+01,1.028829240990e+03,1.508067653130e+03,2.942644582307e+01,3.227439162986e+01,1.019881838518e+03,1.541603937119e+03,2.897783895246e+01,3.385204338975e+01,1.021208623474e+03,1.542285613828e+03
2.750000000000e+01,4.087007062016e+00,7.002677140370e+00,1.005668805322e+03,1.431573843404e+03,3.477032296999e+00,7.002677140370e+00,1.005681819233e+03,1.428810509332e+03,1.147703229700e+01,3.480000000000e+01,1.026532594869e+03,1.495036386948e+03,1.408577485414e+01,3.846207090999e+01,1.028831548732e+03,1.508056766674e+03,2.942414181998e+01,3.227891610827e+01,1.019886411253e+03,1.541605403337e+03,2.897709926918e+01,3.385318569608e+01,1.021210151839e+03,1.542286891076e+03
2.760000000000e+01,4.081430863254e+00,7.002785635671e+00,1.005669515337e+03,1.431550479429e+03,3.485515694010e+00,7.002785635671e+00,1.005682247450e+03,1.428850945438e+03,1.146848445934e+01,3.480000000000e+01,1.026534633906e+03,1.495008434629e+03,1.408162571153e+01,3.846322291153e+01,1.028833785423e+03,1.508046507766e+03,2.942177174055e+01,3.228347495502e+01,1.019891031713e+03,1.541606764863e+03,2.897633529237e+01,3.385434915880e+01,1.021211704089e+03,1.542288138368e+03
2.770000000000e+01,4.076209928552e+00,7.002898495838e+00,1.005670219317e+03,1.431528715780e+03,3.493932755755e+00,7.002898495838e+00,1.005682679097e+03,1.428891076459e+03,1.145987414511e+01,3.480000000000e+01,1.026536683834e+03,1.494980259361e+03,1.407767570078e+01,3.846434262397e+01,1.028835953804e+03,1.508036845990e+03,2.941933407501e+01,3.228806712261e+01,1.019895699621e+03,1.541608017392e+03,2.897554625094e+01,3.385553399742e+01,1.021213280645e+03,1.542289354281e+03
2.780000000000e+01,4.071321885693e+00,7.003015893823e+00,1.005670918046e+03,1.431508452635e+03,3.502281658252e+00,7.003015893823e+00,1.005683114367e+03,1.428930894484e+03,1.145120338652e+01,3.480000000000e+01,1.026538744261e+03,1.494951868037e+03,1.407391541344e+01,3.846543078983e+01,1.028838056512e+03,1.508027752336e+03,2.941682730351e+01,3.229269152719e+01,1.019900414674e+03,1.541609156559e+03,2.897473135117e+01,3.385674042596e+01,1.021214881931e+03,1.542290537338e+03
2.790000000000e+01,4.066745738760e+00,7.003138009212e+00,1.005671612268e+03,1.431489596286e+03,3.510560649182e+00,7.003138009212e+00,1.005683553459e+03,1.428970391939e+03,1.144247428244e+01,3.480000000000e+01,1.026540814782e+03,1.494923267785e+03,1.407033587155e+01,3.846648814446e+01,1.028840096085e+03,1.508019199139e+03,2.941424989775e+01,3.229734704936e+01,1.019905176549e+03,1.541610177941e+03,2.897388977610e+01,3.385796865260e+01,1.021216508374e+03,1.542291686005e+03
2.800000000000e+01,4.062461787533e+00,7.003265028461e+00,1.005672302690e+03,1.431472058790e+03,3.518768048763e+00,7.003265028461e+00,1.005683996576e+03,1.429009561598e+03,1.143368899680e+01,3.480000000000e+01,1.026542894982e+03,1.494894465965e+03,1.406692850924e+01,3.846751541544e+01,1.028842074960e+03,1.508011160027e+03,2.941160032279e+01,3.230203253504e+01,1.019909984896e+03,1.541611077064e+03,2.897302068506e+01,3.385921887921e+01,1.021218160405e+03,1.542292798694e+03
2.810000000000e+01,4.058451551092e+00,7.003397145141e+00,1.005672989983e+03,1.431455757633e+03,3.526902250485e+00,7.003397145141e+00,1.005684443926e+03,1.429048396578e+03,1.142484975678e+01,3.480000000000e+01,1.026544984433e+03,1.494865470164e+03,1.406368515507e+01,3.846851332197e+01,1.028843995481e+03,1.508003609859e+03,2.940887703899e+01,3.230674679638e+01,1.019914839342e+03,1.541611849407e+03,2.897212321305e+01,3.386049130100e+01,1.021219838457e+03,1.542293873753e+03
2.820000000000e+01,4.054697695473e+00,7.003534560184e+00,1.005673674790e+03,1.431440615415e+03,3.534961721691e+00,7.003534560184e+00,1.005684895723e+03,1.429086890351e+03,1.141595885092e+01,3.480000000000e+01,1.026547082698e+03,1.494836288185e+03,1.406059801492e+01,3.846948257446e+01,1.028845859903e+03,1.507996524678e+03,2.940607850398e+01,3.231148861284e+01,1.019919739492e+03,1.541612490408e+03,2.897119647024e+01,3.386178610603e+01,1.021221542968e+03,1.542294909472e+03
2.830000000000e+01,4.051183965222e+00,7.003677482147e+00,1.005674357725e+03,1.431426559550e+03,3.542945004021e+00,7.003677482147e+00,1.005685352185e+03,1.429125036737e+03,1.140701862707e+01,3.480000000000e+01,1.026549189331e+03,1.494806928044e+03,1.405765965559e+01,3.847042387402e+01,1.028847670393e+03,1.507989881654e+03,2.940320317495e+01,3.231625673223e+01,1.019924684924e+03,1.541612995469e+03,2.897023954140e+01,3.386310347481e+01,1.021223274375e+03,1.542295904078e+03
2.840000000000e+01,4.047895118693e+00,7.003826127469e+00,1.005675039376e+03,1.431413521979e+03,3.550850713711e+00,7.003826127469e+00,1.005685813536e+03,1.429162829911e+03,1.139803149017e+01,3.480000000000e+01,1.026551303872e+03,1.494777397963e+03,1.405486298899e+01,3.847133791205e+01,1.028849429035e+03,1.507983659036e+03,2.940024951088e+01,3.232104987191e+01,1.019929675196e+03,1.541613359962e+03,2.896925148533e+01,3.386444357983e+01,1.021225033122e+03,1.542296855735e+03
2.850000000000e+01,4.044816866920e+00,7.003980720747e+00,1.005675720310e+03,1.431401438904e+03,3.558677541756e+00,7.003980720747e+00,1.005686280006e+03,1.429200264402e+03,1.138899989993e+01,3.480000000000e+01,1.026553425855e+03,1.494747706361e+03,1.405220125694e+01,3.847222536992e+01,1.028851137830e+03,1.507977836108e+03,2.939721597508e+01,3.232586672004e+01,1.019934709840e+03,1.541613579237e+03,2.896823133432e+01,3.386580658516e+01,1.021226819653e+03,1.542297762539e+03
2.860000000000e+01,4.041935815915e+00,7.004141495012e+00,1.005676401073e+03,1.431390250533e+03,3.566424253938e+00,7.004141495012e+00,1.005686751829e+03,1.429237335091e+03,1.137992636838e+01,3.480000000000e+01,1.026555554805e+03,1.494717861844e+03,1.404966801650e+01,3.847308691862e+01,1.028852798705e+03,1.507972393136e+03,2.939410103776e+01,3.233070593687e+01,1.019939788367e+03,1.541613648626e+03,2.896717809360e+01,3.386719264595e+01,1.021228634414e+03,1.542298622520e+03
2.870000000000e+01,4.039239412221e+00,7.004308692018e+00,1.005677082193e+03,1.431379900838e+03,3.574089690724e+00,7.004308692018e+00,1.005687229246e+03,1.429274037215e+03,1.137081345723e+01,3.480000000000e+01,1.026557690238e+03,1.494687873201e+03,1.404725712602e+01,3.847392321846e+01,1.028854413509e+03,1.507967311331e+03,2.939090317880e+01,3.233556615614e+01,1.019944910261e+03,1.541613563453e+03,2.896609074077e+01,3.386860190799e+01,1.021230477855e+03,1.542299433638e+03
2.880000000000e+01,4.036715891585e+00,7.004482562529e+00,1.005677764183e+03,1.431370337331e+03,3.581672767034e+00,7.004482562529e+00,1.005687712505e+03,1.429310366360e+03,1.136166377522e+01,3.480000000000e+01,1.026559831661e+03,1.494657749390e+03,1.404496273161e+01,3.847473491888e+01,1.028855984022e+03,1.507962572800e+03,2.938762089066e+01,3.234044598655e+01,1.019950074988e+03,1.541613319039e+03,2.896496822528e+01,3.387003450727e+01,1.021232350427e+03,1.542300193783e+03
2.890000000000e+01,4.034354230580e+00,7.004663366622e+00,1.005678447539e+03,1.431361510847e+03,3.589172471891e+00,7.004663366622e+00,1.005688201859e+03,1.429346318465e+03,1.135247997522e+01,3.480000000000e+01,1.026561978575e+03,1.494627499531e+03,1.404277925420e+01,3.847552265819e+01,1.028857511953e+03,1.507958160511e+03,2.938425268141e+01,3.234534401322e+01,1.019955281986e+03,1.541612910713e+03,2.896380946787e+01,3.387149056946e+01,1.021234252582e+03,1.542300900771e+03
2.900000000000e+01,4.032144101036e+00,7.004851373994e+00,1.005679132749e+03,1.431353375346e+03,3.596587867945e+00,7.004851373994e+00,1.005688697566e+03,1.429381889817e+03,1.134326475133e+01,3.480000000000e+01,1.026564130475e+03,1.494597132897e+03,1.404070137716e+01,3.847628706341e+01,1.028858998946e+03,1.507954058251e+03,2.938079707798e+01,3.235025879929e+01,1.019960530673e+03,1.541612333817e+03,2.896261336003e+01,3.387297020952e+01,1.021236184776e+03,1.542301552347e+03
2.910000000000e+01,4.030075827147e+00,7.005046864272e+00,1.005679820286e+03,1.431345887718e+03,3.603918090891e+00,7.005046864272e+00,1.005689199894e+03,1.429417077048e+03,1.133402083582e+01,3.480000000000e+01,1.026566286848e+03,1.494566658901e+03,1.403872403441e+01,3.847702875013e+01,1.028860446579e+03,1.507950250586e+03,2.937725262946e+01,3.235518888756e+01,1.019965820444e+03,1.541611583718e+03,2.896137876347e+01,3.387447353116e+01,1.021238147463e+03,1.542302146175e+03
2.920000000000e+01,4.028140345091e+00,7.005250127335e+00,1.005680510617e+03,1.431339007609e+03,3.611162348773e+00,7.005250127335e+00,1.005689709115e+03,1.429451877133e+03,1.132475099597e+01,3.480000000000e+01,1.026568447178e+03,1.494536087085e+03,1.403684239899e+01,3.847774832237e+01,1.028861856372e+03,1.507946722831e+03,2.937361791064e+01,3.236013280215e+01,1.019971150669e+03,1.541610655814e+03,2.896010450963e+01,3.387600062641e+01,1.021240141102e+03,1.542302679847e+03
2.930000000000e+01,4.026329165058e+00,7.005461463639e+00,1.005681204201e+03,1.431332697248e+03,3.618319921190e+00,7.005461463639e+00,1.005690225509e+03,1.429486287386e+03,1.131545803086e+01,3.480000000000e+01,1.026570610942e+03,1.494505427115e+03,1.403505187220e+01,3.847844637253e+01,1.028863229782e+03,1.507943461011e+03,2.936989152564e+01,3.236508905021e+01,1.019976520698e+03,1.541609545546e+03,2.895878939915e+01,3.387755157513e+01,1.021242166151e+03,1.542303150872e+03
2.940000000000e+01,4.024634335534e+00,7.005681184549e+00,1.005681901488e+03,1.431326921293e+03,3.625390158393e+00,7.005681184549e+00,1.005690749363e+03,1.429520305456e+03,1.130614476802e+01,3.480000000000e+01,1.026572777613e+03,1.494474688760e+03,1.403334807307e+01,3.847912348129e+01,1.028864568213e+03,1.507940451830e+03,2.936607211168e+01,3.237005612372e+01,1.019981929856e+03,1.541608248407e+03,2.895743220137e+01,3.387912644458e+01,1.021244223070e+03,1.542303556681e+03
2.950000000000e+01,4.023048409732e+00,7.005909612677e+00,1.005682602927e+03,1.431321646675e+03,3.632372480301e+00,7.005909612677e+00,1.005691280972e+03,1.429553929323e+03,1.129681406006e+01,3.480000000000e+01,1.026574946661e+03,1.494443881890e+03,1.403172682842e+01,3.847978021759e+01,1.028865873012e+03,1.507937682637e+03,2.936215834304e+01,3.237503250130e+01,1.019987377447e+03,1.541606759951e+03,2.895603165387e+01,3.388072528890e+01,1.021246312317e+03,1.542303894620e+03
2.960000000000e+01,4.021564414042e+00,7.006147082226e+00,1.005683308960e+03,1.431316842466e+03,3.639266375424e+00,7.006147082226e+00,1.005691820639e+03,1.429587157291e+03,1.128746878122e+01,3.480000000000e+01,1.026577117554e+03,1.494413016456e+03,1.403018416325e+01,3.848041713860e+01,1.028867145473e+03,1.507935141400e+03,2.935814893510e+01,3.238001665002e+01,1.019992862751e+03,1.541605075804e+03,2.895458646202e+01,3.388234814872e+01,1.021248434355e+03,1.542304161954e+03
2.970000000000e+01,4.020175818396e+00,7.006393939337e+00,1.005684020028e+03,1.431312479742e+03,3.646071399696e+00,7.006393939337e+00,1.005692368673e+03,1.429619987987e+03,1.127811182382e+01,3.480000000000e+01,1.026579289755e+03,1.494382102484e+03,1.402871629156e+01,3.848103478973e+01,1.028868386843e+03,1.507932816673e+03,2.935404264856e+01,3.238500702730e+01,1.019998385027e+03,1.541603191676e+03,2.895309529851e+01,3.388399505063e+01,1.021250589644e+03,1.542304355861e+03
2.980000000000e+01,4.018876508430e+00,7.006650542443e+00,1.005684736572e+03,1.431308531459e+03,3.652787175249e+00,7.006650542443e+00,1.005692925394e+03,1.429652420352e+03,1.126874609473e+01,3.480000000000e+01,1.026581462728e+03,1.494351150060e+03,1.402731960763e+01,3.848163370466e+01,1.028869598316e+03,1.507930697570e+03,2.934983829371e+01,3.239000208281e+01,1.020003943509e+03,1.541601103372e+03,2.895155680295e+01,3.388566600678e+01,1.021252778645e+03,1.542304473433e+03
2.990000000000e+01,4.017660759356e+00,7.006917262628e+00,1.005685459029e+03,1.431304972340e+03,3.659413389095e+00,7.006917262628e+00,1.005693491128e+03,1.429684453637e+03,1.125937451175e+01,3.480000000000e+01,1.026583635935e+03,1.494320169317e+03,1.402599067762e+01,3.848221440536e+01,1.028870781042e+03,1.507928773739e+03,2.934553473492e+01,3.239500026040e+01,1.020009537411e+03,1.541598806802e+03,2.894996958151e+01,3.388736101444e+01,1.021255001820e+03,1.542304511675e+03
3.000000000000e+01,4.016523211420e+00,7.007194483985e+00,1.005686187839e+03,1.431301778760e+03,3.665949791762e+00,7.007194483985e+00,1.005694066213e+03,1.429716087395e+03,1.125000000000e+01,3.480000000000e+01,1.026585808838e+03,1.494289170424e+03,1.402472623157e+01,3.848277740217e+01,1.028871936127e+03,1.507927035336e+03,2.934113089512e+01,3.240000000000e+01,1.020015165921e+03,1.541596297993e+03,2.894833220650e+01,3.388908005553e+01,1.021257259629e+03,1.542304467502e+03
3.010000000000e+01,4.015458846886e+00,7.007482603982e+00,1.005686923444e+03,1.431298928652e+03,3.672396195854e+00,7.007482603982e+00,1.005694650992e+03,1.429747321479e+03,1.124062548825e+01,3.480000000000e+01,1.026587980899e+03,1.494258163572e+03,1.402352315571e+01,3.848332319384e+01,1.028873064632e+03,1.507925473000e+03,2.933662576049e+01,3.240499973960e+01,1.020020828206e+03,1.541593573100e+03,2.894664321609e+01,3.389082309624e+01,1.021259552533e+03,1.542304337738e+03
3.020000000000e+01,4.014462968427e+00,7.007782033827e+00,1.005687666287e+03,1.431296401402e+03,3.678752474564e+00,7.007782033827e+00,1.005695245820e+03,1.429778156029e+03,1.123125390527e+01,3.480000000000e+01,1.026590151581e+03,1.494227158963e+03,1.402237848521e+01,3.848385226765e+01,1.028874167578e+03,1.507924077832e+03,2.933201838513e+01,3.240999791719e+01,1.020026523409e+03,1.541590628422e+03,2.894490111399e+01,3.389259008660e+01,1.021261880991e+03,1.542304119116e+03
3.030000000000e+01,4.013531178861e+00,7.008093198838e+00,1.005688416815e+03,1.431294177764e+03,3.685018560140e+00,7.008093198838e+00,1.005695851062e+03,1.429808591472e+03,1.122188817618e+01,3.480000000000e+01,1.026592320350e+03,1.494196166796e+03,1.402128939716e+01,3.848436509950e+01,1.028875245945e+03,1.507922841373e+03,2.932730789592e+01,3.241499297270e+01,1.020032250652e+03,1.541587460410e+03,2.894310436920e+01,3.389438096008e+01,1.021264245462e+03,1.542303808277e+03
3.040000000000e+01,4.012659362140e+00,7.008416538808e+00,1.005689175479e+03,1.431292239775e+03,3.691194442299e+00,7.008416538808e+00,1.005696467092e+03,1.429838628509e+03,1.121253121878e+01,3.480000000000e+01,1.026594486672e+03,1.494165197253e+03,1.402025320389e+01,3.848486215401e+01,1.028876300675e+03,1.507921755580e+03,2.932249349729e+01,3.241998334998e+01,1.020038009031e+03,1.541584065680e+03,2.894125141580e+01,3.389619563322e+01,1.021266646404e+03,1.542303401768e+03
3.050000000000e+01,4.011843665527e+00,7.008752508374e+00,1.005689942735e+03,1.431290570672e+03,3.697280166609e+00,7.008752508374e+00,1.005697094293e+03,1.429868268112e+03,1.120318593994e+01,3.480000000000e+01,1.026596650018e+03,1.494134260490e+03,1.401926734663e+01,3.848534388462e+01,1.028877332674e+03,1.507920812809e+03,2.931757447619e+01,3.242496749870e+01,1.020043797620e+03,1.541580441027e+03,2.893934065277e+01,3.389803400525e+01,1.021269084274e+03,1.542302896042e+03
3.060000000000e+01,4.011080482879e+00,7.009101577385e+00,1.005690719045e+03,1.431289154821e+03,3.703275832838e+00,7.009101577385e+00,1.005697733062e+03,1.429897511517e+03,1.119385523198e+01,3.480000000000e+01,1.026598809863e+03,1.494103366619e+03,1.401832938942e+01,3.848581073379e+01,1.028878342813e+03,1.507920005794e+03,2.931255020700e+01,3.242994387627e+01,1.020049615467e+03,1.541576583436e+03,2.893737044387e+01,3.389989595776e+01,1.021271559525e+03,1.542302287456e+03
3.070000000000e+01,4.010366438977e+00,7.009464231262e+00,1.005691504876e+03,1.431287977648e+03,3.709181593264e+00,7.009464231262e+00,1.005698383802e+03,1.429926360212e+03,1.118454196914e+01,3.480000000000e+01,1.026600965685e+03,1.494072525702e+03,1.401743701331e+01,3.848626313305e+01,1.028879331929e+03,1.507919327629e+03,2.930742015645e+01,3.243491094979e+01,1.020055461599e+03,1.541572490098e+03,2.893533911759e+01,3.390178135435e+01,1.021274072611e+03,1.542301572273e+03
3.080000000000e+01,4.009698374840e+00,7.009840971361e+00,1.005692300704e+03,1.431287025569e+03,3.714997650977e+00,7.009840971361e+00,1.005699046932e+03,1.429954815937e+03,1.117524900403e+01,3.480000000000e+01,1.026603116967e+03,1.494041747732e+03,1.401658801080e+01,3.848670150321e+01,1.028880300824e+03,1.507918771754e+03,2.930218388856e+01,3.243986719785e+01,1.020061335016e+03,1.541568158416e+03,2.893324496711e+01,3.390369004033e+01,1.021276623983e+03,1.542300746659e+03
3.090000000000e+01,4.009073333957e+00,7.010232315325e+00,1.005693107011e+03,1.431286285934e+03,3.720724258148e+00,7.010232315325e+00,1.005699722880e+03,1.429982880668e+03,1.116597916418e+01,3.480000000000e+01,1.026605263200e+03,1.494011042628e+03,1.401578028060e+01,3.848712625449e+01,1.028881250272e+03,1.507918331932e+03,2.929684106954e+01,3.244481111244e+01,1.020067234696e+03,1.541563586024e+03,2.893108625038e+01,3.390562184243e+01,1.021279214088e+03,1.542299806685e+03
3.100000000000e+01,4.008488549388e+00,7.010638797431e+00,1.005693924288e+03,1.431285746965e+03,3.726361714290e+00,7.010638797431e+00,1.005700412085e+03,1.430010556616e+03,1.115673524867e+01,3.480000000000e+01,1.026607403877e+03,1.493980420215e+03,1.401501182257e+01,3.848753778668e+01,1.028882181015e+03,1.507918002238e+03,2.929139147267e+01,3.244974120071e+01,1.020073159590e+03,1.541558770795e+03,2.892886119023e+01,3.390757656855e+01,1.021281843374e+03,1.542298748323e+03
3.110000000000e+01,4.007941431673e+00,7.011060968929e+00,1.005694753036e+03,1.431285397704e+03,3.731910364512e+00,7.011060968929e+00,1.005701115000e+03,1.430037846218e+03,1.114752002478e+01,3.480000000000e+01,1.026609538501e+03,1.493949890219e+03,1.401428073288e+01,3.848793648929e+01,1.028883093768e+03,1.507917777042e+03,2.928583498304e+01,3.245465598678e+01,1.020079108626e+03,1.541553710856e+03,2.892656797458e+01,3.390955400750e+01,1.021284512283e+03,1.542297567452e+03
3.120000000000e+01,4.007429557507e+00,7.011499398371e+00,1.005695593764e+03,1.431285227964e+03,3.737370597754e+00,7.011499398371e+00,1.005701832088e+03,1.430064752125e+03,1.113833622478e+01,3.480000000000e+01,1.026611666583e+03,1.493919462250e+03,1.401358519950e+01,3.848832274176e+01,1.028883989215e+03,1.507917650996e+03,2.928017160226e+01,3.245955401345e+01,1.020085080705e+03,1.541548404597e+03,2.892420475665e+01,3.391155392879e+01,1.021287221256e+03,1.542296259853e+03
3.130000000000e+01,4.006950659131e+00,7.011954671921e+00,1.005696446992e+03,1.431285228281e+03,3.742742845037e+00,7.011954671921e+00,1.005702563827e+03,1.430091277202e+03,1.112918654277e+01,3.480000000000e+01,1.026613787639e+03,1.493889145797e+03,1.401292349776e+01,3.848869691359e+01,1.028884868016e+03,1.507917619019e+03,2.927440145301e+01,3.246443384386e+01,1.020091074702e+03,1.541542850685e+03,2.892176965538e+01,3.391357608247e+01,1.021289970729e+03,1.542294821212e+03
3.140000000000e+01,4.006502614392e+00,7.012427393664e+00,1.005697313248e+03,1.431285389866e+03,3.748027577701e+00,7.012427393664e+00,1.005703310706e+03,1.430117424512e+03,1.112007363162e+01,3.480000000000e+01,1.026615901195e+03,1.493858950211e+03,1.401229398621e+01,3.848905936453e+01,1.028885730806e+03,1.507917676283e+03,2.926852478350e+01,3.246929406313e+01,1.020097089470e+03,1.541537048075e+03,2.891926075585e+01,3.391562019895e+01,1.021292761136e+03,1.542293247119e+03
3.150000000000e+01,4.006083437433e+00,7.012918185879e+00,1.005698193075e+03,1.431285704571e+03,3.753225305655e+00,7.012918185879e+00,1.005704073229e+03,1.430143197314e+03,1.111100010007e+01,3.480000000000e+01,1.026618006786e+03,1.493828884699e+03,1.401169510265e+01,3.848941044477e+01,1.028886578192e+03,1.507917818205e+03,2.926254197166e+01,3.247413327996e+01,1.020103123830e+03,1.541530996021e+03,2.891667610976e+01,3.391768598887e+01,1.021295592905e+03,1.542291533073e+03
3.160000000000e+01,4.005691269974e+00,7.013427689313e+00,1.005699087024e+03,1.431286164841e+03,3.758336575635e+00,7.013427689313e+00,1.005704851910e+03,1.430168599056e+03,1.110196850983e+01,3.480000000000e+01,1.026620103956e+03,1.493798958309e+03,1.401112536033e+01,3.848975049511e+01,1.028887410760e+03,1.507918040429e+03,2.925645352923e+01,3.247895012809e+01,1.020109176583e+03,1.541524694083e+03,2.891401373615e+01,3.391977314301e+01,1.021298466463e+03,1.542289674475e+03
3.170000000000e+01,4.005324373145e+00,7.013956563413e+00,1.005699995659e+03,1.431286763686e+03,3.763361969472e+00,7.013956563413e+00,1.005705647280e+03,1.430193633361e+03,1.109298137293e+01,3.480000000000e+01,1.026622192260e+03,1.493769179928e+03,1.401058334434e+01,3.849007984713e+01,1.028888229073e+03,1.507918338818e+03,2.925026010560e+01,3.248374326777e+01,1.020115246499e+03,1.541518142143e+03,2.891127162205e+01,3.392188133226e+01,1.021301382229e+03,1.542287666641e+03
3.180000000000e+01,4.004981119840e+00,7.014505486550e+00,1.005700919557e+03,1.431287494641e+03,3.768302102375e+00,7.014505486550e+00,1.005706459882e+03,1.430218304027e+03,1.108404114908e+01,3.480000000000e+01,1.026624271262e+03,1.493739558262e+03,1.401006770820e+01,3.849039882341e+01,1.028889033671e+03,1.507918709446e+03,2.924396249132e+01,3.248851138716e+01,1.020121332323e+03,1.541511340409e+03,2.890844772339e+01,3.392401020755e+01,1.021304340620e+03,1.542285504791e+03
3.190000000000e+01,4.004659987558e+00,7.015075156203e+00,1.005701859307e+03,1.431288351739e+03,3.773157621236e+00,7.015075156203e+00,1.005707290273e+03,1.430242615015e+03,1.107515024322e+01,3.480000000000e+01,1.026626340537e+03,1.493710101838e+03,1.400957717052e+01,3.849070773768e+01,1.028889825075e+03,1.507919148580e+03,2.923756162149e+01,3.249325320362e+01,1.020127432775e+03,1.541504289428e+03,2.890553996591e+01,3.392615939987e+01,1.021307342047e+03,1.542283184062e+03
3.200000000000e+01,4.004359551696e+00,7.015666289119e+00,1.005702815510e+03,1.431289329476e+03,3.777929202952e+00,7.015666289119e+00,1.005708139024e+03,1.430266570442e+03,1.106631100320e+01,3.480000000000e+01,1.026628399672e+03,1.493680818986e+03,1.400911051194e+01,3.849100689502e+01,1.028890603784e+03,1.507919652679e+03,2.923105857863e+01,3.249796746496e+01,1.020133546545e+03,1.541496990088e+03,2.890254624631e+01,3.392832852033e+01,1.021310386914e+03,1.542280699502e+03
3.210000000000e+01,4.004078479272e+00,7.016279621429e+00,1.005703788780e+03,1.431290422786e+03,3.782617552768e+00,7.016279621429e+00,1.005709006721e+03,1.430290174576e+03,1.105752571756e+01,3.480000000000e+01,1.026630448265e+03,1.493651717840e+03,1.400866657211e+01,3.849129659203e+01,1.028891370279e+03,1.507920218378e+03,2.922445459542e+01,3.250265295064e+01,1.020139672299e+03,1.541489443632e+03,2.889946443339e+01,3.393051716022e+01,1.021313475622e+03,1.542278046078e+03
3.220000000000e+01,4.003815523048e+00,7.016915908737e+00,1.005704779745e+03,1.431291627015e+03,3.787223402649e+00,7.016915908737e+00,1.005709893963e+03,1.430313431825e+03,1.104879661348e+01,3.480000000000e+01,1.026632485925e+03,1.493622806322e+03,1.400824424686e+01,3.849157711706e+01,1.028892125021e+03,1.507920842484e+03,2.921775105696e+01,3.250730847281e+01,1.020145808677e+03,1.541481651661e+03,2.889629236948e+01,3.393272489113e+01,1.021316608563e+03,1.542275218675e+03
3.230000000000e+01,4.003569516029e+00,7.017575926158e+00,1.005705789047e+03,1.431292937892e+03,3.791747509679e+00,7.017575926158e+00,1.005710801365e+03,1.430336346733e+03,1.104012585489e+01,3.480000000000e+01,1.026634512274e+03,1.493594092141e+03,1.400784248553e+01,3.849184875031e+01,1.028892868454e+03,1.507921521965e+03,2.921094950263e+01,3.251193287739e+01,1.020151954290e+03,1.541473616139e+03,2.889302787190e+01,3.393495126513e+01,1.021319786124e+03,1.542272212103e+03
3.240000000000e+01,4.003339366313e+00,7.018260468314e+00,1.005706817340e+03,1.431294351513e+03,3.796190654486e+00,7.018260468314e+00,1.005711729555e+03,1.430358923973e+03,1.103151554066e+01,3.480000000000e+01,1.026636526947e+03,1.493565582782e+03,1.400746028834e+01,3.849211176412e+01,1.028893601005e+03,1.507922253941e+03,2.920405162762e+01,3.251652504498e+01,1.020158107726e+03,1.541465339398e+03,2.888966873460e+01,3.393719581493e+01,1.021323008686e+03,1.542269021098e+03
3.250000000000e+01,4.003124052267e+00,7.018970349271e+00,1.005707865292e+03,1.431295864312e+03,3.800553639703e+00,7.018970349271e+00,1.005712679176e+03,1.430381168336e+03,1.102296770300e+01,3.480000000000e+01,1.026638529591e+03,1.493537285504e+03,1.400709670399e+01,3.849236642306e+01,1.028894323084e+03,1.507923035679e+03,2.919705928397e+01,3.252108389173e+01,1.020164267543e+03,1.541456824142e+03,2.888621272997e+01,3.393945805413e+01,1.021326276619e+03,1.542265640324e+03
3.260000000000e+01,4.002922618013e+00,7.019706402434e+00,1.005708933587e+03,1.431297473048e+03,3.804837288456e+00,7.019706402434e+00,1.005713650885e+03,1.430403084730e+03,1.101448430599e+01,3.480000000000e+01,1.026640519865e+03,1.493509207332e+03,1.400675082731e+01,3.849261298415e+01,1.028895035085e+03,1.507923864585e+03,2.918997448113e+01,3.252560837014e+01,1.020170432279e+03,1.541448073451e+03,2.888265761082e+01,3.394173747751e+01,1.021329590288e+03,1.542262064384e+03
3.270000000000e+01,4.002734169209e+00,7.020469480367e+00,1.005710022918e+03,1.431299174776e+03,3.809042442887e+00,7.020469480367e+00,1.005714645353e+03,1.430424678166e+03,1.100606724424e+01,3.480000000000e+01,1.026642497443e+03,1.493481355053e+03,1.400642179701e+01,3.849285169706e+01,1.028895737388e+03,1.507924738196e+03,2.918279938609e+01,3.253009746974e+01,1.020176600443e+03,1.541439090779e+03,2.887900111252e+01,3.394403356130e+01,1.021332950050e+03,1.542258287819e+03
3.280000000000e+01,4.002557869089e+00,7.021260454559e+00,1.005711133997e+03,1.431300966840e+03,3.813169962719e+00,7.021260454559e+00,1.005715663265e+03,1.430445953759e+03,1.099771834175e+01,3.480000000000e+01,1.026644462011e+03,1.493453735211e+03,1.400610879359e+01,3.849308280422e+01,1.028896430358e+03,1.507925654175e+03,2.917553632299e+01,3.253455021773e+01,1.020182770522e+03,1.541429879956e+03,2.887524095526e+01,3.394634576360e+01,1.021336356250e+03,1.542254305113e+03
3.290000000000e+01,4.002392934765e+00,7.022080215113e+00,1.005712267544e+03,1.431302846846e+03,3.817220723846e+00,7.022080215113e+00,1.005716705322e+03,1.430466916714e+03,1.098943935082e+01,3.480000000000e+01,1.026646413268e+03,1.493426354102e+03,1.400581103734e+01,3.849330654109e+01,1.028897114344e+03,1.507926610301e+03,2.916818777217e+01,3.253896567956e+01,1.020188940979e+03,1.541420445188e+03,2.887137484662e+01,3.394867352468e+01,1.021339809226e+03,1.542250110702e+03
3.300000000000e+01,4.002238633763e+00,7.022929670360e+00,1.005713424296e+03,1.431304812653e+03,3.821195616967e+00,7.022929670360e+00,1.005717772236e+03,1.430487572324e+03,1.098123195124e+01,3.480000000000e+01,1.026648350928e+03,1.493399217774e+03,1.400552778637e+01,3.849352313623e+01,1.028897789683e+03,1.507927604471e+03,2.916075636877e+01,3.254334295934e+01,1.020195110256e+03,1.541410791054e+03,2.886740048419e+01,3.395101626752e+01,1.021343309306e+03,1.542245698979e+03
3.310000000000e+01,4.002094280781e+00,7.023809746391e+00,1.005714605002e+03,1.431306862354e+03,3.825095546258e+00,7.023809746391e+00,1.005718864732e+03,1.430507925964e+03,1.097309774951e+01,3.480000000000e+01,1.026650274719e+03,1.493372332019e+03,1.400525833481e+01,3.849373281158e+01,1.028898456701e+03,1.507928634686e+03,2.915324490072e+01,3.254768120026e+01,1.020201276770e+03,1.541400922501e+03,2.886331555848e+01,3.395337339819e+01,1.021346856805e+03,1.542241064299e+03
3.320000000000e+01,4.001959234655e+00,7.024721386505e+00,1.005715810422e+03,1.431308994263e+03,3.828921428080e+00,7.024721386505e+00,1.005719983551e+03,1.430527983080e+03,1.096503827831e+01,3.480000000000e+01,1.026652184379e+03,1.493345702374e+03,1.400500201107e+01,3.849393578251e+01,1.028899115708e+03,1.507929699048e+03,2.914565630623e+01,3.255197958490e+01,1.020207438921e+03,1.541390844844e+03,2.885911775597e+01,3.395574430642e+01,1.021350452029e+03,1.542236200988e+03
3.330000000000e+01,4.001832895520e+00,7.025665550562e+00,1.005717041330e+03,1.431311206902e+03,3.832674189726e+00,7.025665550562e+00,1.005721129442e+03,1.430547749186e+03,1.095705499598e+01,3.480000000000e+01,1.026654079665e+03,1.493319334121e+03,1.400475817619e+01,3.849413225809e+01,1.028899767004e+03,1.507930795760e+03,2.913799367066e+01,3.255623733548e+01,1.020213595089e+03,1.541380563755e+03,2.885480476242e+01,3.395812836611e+01,1.021354095272e+03,1.542231103346e+03
3.340000000000e+01,4.001714702154e+00,7.026643214230e+00,1.005718298511e+03,1.431313498987e+03,3.836354768207e+00,7.026643214230e+00,1.005722303170e+03,1.430567229857e+03,1.094914928629e+01,3.480000000000e+01,1.026655960343e+03,1.493293232280e+03,1.400452622223e+01,3.849432244119e+01,1.028900410877e+03,1.507931923113e+03,2.913026022292e+01,3.256045371398e+01,1.020219743637e+03,1.541370085259e+03,2.885037426632e+01,3.396052493596e+01,1.021357786812e+03,1.542225765662e+03
3.350000000000e+01,4.001604129488e+00,7.027655368137e+00,1.005719582760e+03,1.431315869413e+03,3.839964109082e+00,7.027655368137e+00,1.005723505509e+03,1.430586430722e+03,1.094132245824e+01,3.480000000000e+01,1.026657826196e+03,1.493267401611e+03,1.400430557081e+01,3.849450652868e+01,1.028901047605e+03,1.507933079487e+03,2.912245933120e+01,3.256462802227e+01,1.020225882909e+03,1.541359415723e+03,2.884582396262e+01,3.396293336002e+01,1.021361526916e+03,1.542220182217e+03
3.360000000000e+01,4.001500686283e+00,7.028703016906e+00,1.005720894882e+03,1.431318317251e+03,3.843503165321e+00,7.028703016906e+00,1.005724737243e+03,1.430605357459e+03,1.093357574606e+01,3.480000000000e+01,1.026659677020e+03,1.493241846616e+03,1.400409567165e+01,3.849468471156e+01,1.028901677453e+03,1.507934263347e+03,2.911459449827e+01,3.256875960210e+01,1.020232011238e+03,1.541348561851e+03,2.884115155665e+01,3.396535296843e+01,1.021365315838e+03,1.542214347294e+03
3.370000000000e+01,4.001403912952e+00,7.029787178066e+00,1.005722235694e+03,1.431320841725e+03,3.846972896216e+00,7.029787178066e+00,1.005725999166e+03,1.430624015787e+03,1.092591030928e+01,3.480000000000e+01,1.026661512622e+03,1.493216571534e+03,1.400389600121e+01,3.849485717510e+01,1.028902300678e+03,1.507935473232e+03,2.910666935611e+01,3.257284783505e+01,1.020238126943e+03,1.541337530666e+03,2.883635476821e+01,3.396778307807e+01,1.021369153812e+03,1.542208255190e+03
3.380000000000e+01,4.001313379521e+00,7.030908880855e+00,1.005723606018e+03,1.431323442212e+03,3.850374266320e+00,7.030908880855e+00,1.005727292083e+03,1.430642411461e+03,1.091832723297e+01,3.480000000000e+01,1.026663332827e+03,1.493191580345e+03,1.400370606141e+01,3.849502409907e+01,1.028902917526e+03,1.507936707762e+03,2.909868766011e+01,3.257689214242e+01,1.020244228332e+03,1.541326329507e+03,2.883143133599e+01,3.397022299328e+01,1.021373041061e+03,1.542201900221e+03
3.390000000000e+01,4.001228683721e+00,7.032069164869e+00,1.005725006688e+03,1.431326118225e+03,3.853708244439e+00,7.032069164869e+00,1.005728616802e+03,1.430660550266e+03,1.091082752811e+01,3.480000000000e+01,1.026665137471e+03,1.493166876771e+03,1.400352537838e+01,3.849518565778e+01,1.028903528235e+03,1.507937965622e+03,2.909065328270e+01,3.258089198501e+01,1.020250313703e+03,1.541314966006e+03,2.882637902212e+01,3.397267200661e+01,1.021376977787e+03,1.542195276737e+03
3.400000000000e+01,4.001149449210e+00,7.033269078598e+00,1.005726438539e+03,1.431328869404e+03,3.856975802651e+00,7.033269078598e+00,1.005729974143e+03,1.430678438009e+03,1.090341213205e+01,3.480000000000e+01,1.026666926402e+03,1.493142464275e+03,1.400335350130e+01,3.849534202033e+01,1.028904133033e+03,1.507939245570e+03,2.908257020646e+01,3.258484686290e+01,1.020256381351e+03,1.541303448079e+03,2.882119561697e+01,3.397512939965e+01,1.021380964174e+03,1.542188379131e+03
3.410000000000e+01,4.001075323897e+00,7.034509677798e+00,1.005727902414e+03,1.431331695510e+03,3.860177915377e+00,7.034509677798e+00,1.005731364926e+03,1.430696080515e+03,1.089608190911e+01,3.480000000000e+01,1.026668699485e+03,1.493118346063e+03,1.400319000129e+01,3.849549335067e+01,1.028904732138e+03,1.507940546425e+03,2.907444251681e+01,3.258875631514e+01,1.020262429562e+03,1.541291783912e+03,2.881587894419e+01,3.397759444378e+01,1.021385000390e+03,1.542181201852e+03
3.420000000000e+01,4.001005978383e+00,7.035792023733e+00,1.005729399162e+03,1.431334596412e+03,3.863315558478e+00,7.035792023733e+00,1.005732789979e+03,1.430713483618e+03,1.088883765123e+01,3.480000000000e+01,1.026670456594e+03,1.493094525089e+03,1.400303447030e+01,3.849563980781e+01,1.028905325762e+03,1.507941867067e+03,2.906627439420e+01,3.259261991935e+01,1.020268456624e+03,1.541279981938e+03,2.881042686596e+01,3.398006640108e+01,1.021389086579e+03,1.542173739415e+03
3.430000000000e+01,4.000941104501e+00,7.037117181247e+00,1.005730929629e+03,1.431337572079e+03,3.866389708397e+00,7.037117181247e+00,1.005734250130e+03,1.430730653159e+03,1.088168007881e+01,3.480000000000e+01,1.026672197618e+03,1.493071004055e+03,1.400288652016e+01,3.849578154591e+01,1.028905914108e+03,1.507943206436e+03,2.905807010587e+01,3.259643729130e+01,1.020274460823e+03,1.541268050826e+03,2.880483728846e+01,3.398254452511e+01,1.021393222864e+03,1.542165986412e+03
3.440000000000e+01,4.000880413945e+00,7.038486216684e+00,1.005732494667e+03,1.431340622572e+03,3.869401341340e+00,7.038486216684e+00,1.005735746209e+03,1.430747594975e+03,1.087460984161e+01,3.480000000000e+01,1.026673922459e+03,1.493047785415e+03,1.400274578156e+01,3.849591871442e+01,1.028906497371e+03,1.507944563524e+03,2.904983399731e+01,3.260020808448e+01,1.020280440449e+03,1.541255999458e+03,2.879910816751e+01,3.398502806186e+01,1.021397409346e+03,1.542157937532e+03
3.450000000000e+01,4.000823636993e+00,7.039900195648e+00,1.005734095122e+03,1.431343748034e+03,3.872351432489e+00,7.039900195648e+00,1.005737279045e+03,1.430764314896e+03,1.086762751970e+01,3.480000000000e+01,1.026675631030e+03,1.493024871376e+03,1.400261190319e+01,3.849605145825e+01,1.028907075738e+03,1.507945937377e+03,2.904157048322e+01,3.260393198949e+01,1.020286393797e+03,1.541243836912e+03,2.879323751455e+01,3.398751625065e+01,1.021401646101e+03,1.542149587566e+03
3.460000000000e+01,4.000770521308e+00,7.041360180583e+00,1.005735731842e+03,1.431346948683e+03,3.875240955259e+00,7.041360180583e+00,1.005738849463e+03,1.430780818736e+03,1.086073362458e+01,3.480000000000e+01,1.026677323258e+03,1.493002263904e+03,1.400248455082e+01,3.849617991783e+01,1.028907649391e+03,1.507947327090e+03,2.903328403825e+01,3.260760873356e+01,1.020292319171e+03,1.541231572438e+03,2.878722340265e+01,3.399000832501e+01,1.021405933181e+03,1.542140931426e+03
3.470000000000e+01,4.000720830821e+00,7.042867228195e+00,1.005737405667e+03,1.431350224803e+03,3.878070880580e+00,7.042867228195e+00,1.005740458284e+03,1.430797112289e+03,1.085392860030e+01,3.480000000000e+01,1.026678999081e+03,1.492979964729e+03,1.400236340648e+01,3.849630422933e+01,1.028908218502e+03,1.507948731805e+03,2.902497918748e+01,3.261123807984e+01,1.020298214886e+03,1.541219215445e+03,2.878106397283e+01,3.399250351365e+01,1.021410270610e+03,1.542131964160e+03
3.480000000000e+01,4.000674344680e+00,7.044422386685e+00,1.005739117430e+03,1.431353576735e+03,3.880842176224e+00,7.044422386685e+00,1.005742106323e+03,1.430813201322e+03,1.084721282475e+01,3.480000000000e+01,1.026680658449e+03,1.492957975343e+03,1.400224816770e+01,3.849642452468e+01,1.028908783240e+03,1.507950150710e+03,2.901666049657e+01,3.261481982680e+01,1.020304079269e+03,1.541206775470e+03,2.877475744057e+01,3.399500104141e+01,1.021414658382e+03,1.542122680962e+03
3.490000000000e+01,4.000630856269e+00,7.046026692818e+00,1.005740867956e+03,1.431357004870e+03,3.883555806165e+00,7.046026692818e+00,1.005743794384e+03,1.430829091567e+03,1.084058661090e+01,3.480000000000e+01,1.026682301322e+03,1.492936297012e+03,1.400213854672e+01,3.849654093177e+01,1.028909343765e+03,1.507951583032e+03,2.900833256181e+01,3.261835380752e+01,1.020309910668e+03,1.541194262162e+03,2.876830210237e+01,3.399750013020e+01,1.021419096463e+03,1.542113077192e+03
3.500000000000e+01,4.000590172293e+00,7.047681168809e+00,1.005742658056e+03,1.431360509641e+03,3.886212729968e+00,7.047681168809e+00,1.005745523261e+03,1.430844788715e+03,1.083405020824e+01,3.480000000000e+01,1.026683927674e+03,1.492914930776e+03,1.400203426978e+01,3.849665357454e+01,1.028909900232e+03,1.507953028042e+03,2.900000000000e+01,3.262183988894e+01,1.020315707445e+03,1.541181685260e+03,2.876169634268e+01,3.400000000000e+01,1.021423584788e+03,1.542103148391e+03
3.510000000000e+01,4.000552111919e+00,7.049386819026e+00,1.005744488529e+03,1.431364091513e+03,3.888813902214e+00,7.049386819026e+00,1.005747293731e+03,1.430860298409e+03,1.082760380415e+01,3.480000000000e+01,1.026685537489e+03,1.492893877455e+03,1.400193507647e+01,3.849676257307e+01,1.028910452791e+03,1.507954485046e+03,2.899166743819e+01,3.262527797112e+01,1.020321467989e+03,1.541169054565e+03,2.875493864073e+01,3.400249986980e+01,1.021428123258e+03,1.542092890293e+03
3.520000000000e+01,4.000516505972e+00,7.051144626528e+00,1.005746360155e+03,1.431367750978e+03,3.891360271958e+00,7.051144626528e+00,1.005749106556e+03,1.430875626240e+03,1.082124752544e+01,3.480000000000e+01,1.026687130759e+03,1.492873137652e+03,1.400184071905e+01,3.849686804372e+01,1.028911001583e+03,1.507955953389e+03,2.898333950343e+01,3.262866798643e+01,1.020327190710e+03,1.541156379925e+03,2.874802757770e+01,3.400499895859e+01,1.021432711739e+03,1.542082298848e+03
3.530000000000e+01,4.000483196182e+00,7.052955549417e+00,1.005748273696e+03,1.431371488543e+03,3.893852782216e+00,7.052955549417e+00,1.005750962479e+03,1.430890777735e+03,1.081498143986e+01,3.480000000000e+01,1.026688707491e+03,1.492852711764e+03,1.400175096184e+01,3.849697009925e+01,1.028911546747e+03,1.507957432448e+03,2.897502081252e+01,3.263200989874e+01,1.020332874051e+03,1.541143671204e+03,2.874096184388e+01,3.400749648635e+01,1.021437350062e+03,1.542071370231e+03
3.540000000000e+01,4.000452034487e+00,7.054820517030e+00,1.005750229889e+03,1.431375304726e+03,3.896292369485e+00,7.054820517030e+00,1.005752862218e+03,1.430905758354e+03,1.080880555770e+01,3.480000000000e+01,1.026690267698e+03,1.492832599980e+03,1.400166558065e+01,3.849706884890e+01,1.028912088417e+03,1.507958921634e+03,2.896671596175e+01,3.263530370256e+01,1.020338516480e+03,1.541130938266e+03,2.873374024593e+01,3.400999167499e+01,1.021442038019e+03,1.542060100865e+03
3.550000000000e+01,4.000422882369e+00,7.056740425960e+00,1.005752229446e+03,1.431379200047e+03,3.898679963291e+00,7.056740425960e+00,1.005754806466e+03,1.430920573483e+03,1.080271983339e+01,3.480000000000e+01,1.026691811406e+03,1.492812802292e+03,1.400158436219e+01,3.849716439849e+01,1.028912626719e+03,1.507960420388e+03,2.895842951678e+01,3.263854942219e+01,1.020344116503e+03,1.541118190948e+03,2.872636171429e+01,3.401248374935e+01,1.021446775363e+03,1.542048487435e+03
3.560000000000e+01,4.000395610240e+00,7.058716135921e+00,1.005754273048e+03,1.431383175017e+03,3.901016485763e+00,7.058716135921e+00,1.005756795886e+03,1.430935228423e+03,1.079672416716e+01,3.480000000000e+01,1.026693338647e+03,1.492793318499e+03,1.400150710358e+01,3.849725685055e+01,1.028913161777e+03,1.507961928182e+03,2.895016600269e+01,3.264174711085e+01,1.020349672660e+03,1.541105439039e+03,2.871882531051e+01,3.401497193814e+01,1.021451561805e+03,1.542036526906e+03
3.570000000000e+01,4.000370096869e+00,7.060748465463e+00,1.005756361347e+03,1.431387230133e+03,3.903302851244e+00,7.060748465463e+00,1.005758831110e+03,1.430949728388e+03,1.079081840674e+01,3.480000000000e+01,1.026694849465e+03,1.492774148210e+03,1.400143361181e+01,3.849734630439e+01,1.028913693709e+03,1.507963444514e+03,2.894192989413e+01,3.264489684974e+01,1.020355183530e+03,1.541092692259e+03,2.871113023468e+01,3.401745547489e+01,1.021456397013e+03,1.542024216538e+03
3.580000000000e+01,4.000346228842e+00,7.062838187554e+00,1.005758494954e+03,1.431391365870e+03,3.905539965915e+00,7.062838187554e+00,1.005760912732e+03,1.430964078493e+03,1.078500234902e+01,3.480000000000e+01,1.026696343912e+03,1.492755290856e+03,1.400136370327e+01,3.849743285620e+01,1.028914222629e+03,1.507964968909e+03,2.893372560580e+01,3.264799874719e+01,1.020360647733e+03,1.541079960234e+03,2.870327583284e+01,3.401993359892e+01,1.021461280610e+03,1.542011553906e+03
3.590000000000e+01,4.000323900056e+00,7.064986025032e+00,1.005760674443e+03,1.431395582671e+03,3.907728727458e+00,7.064986025032e+00,1.005763041308e+03,1.430978283749e+03,1.077927574185e+01,3.480000000000e+01,1.026697822048e+03,1.492736745690e+03,1.400129720330e+01,3.849751659917e+01,1.028914748646e+03,1.507966500918e+03,2.892555748319e+01,3.265105293768e+01,1.020366063932e+03,1.541067252480e+03,2.869526160432e+01,3.402240555622e+01,1.021466212174e+03,1.541998536916e+03
3.600000000000e+01,4.000303011252e+00,7.067192645946e+00,1.005762900346e+03,1.431399880939e+03,3.909870024739e+00,7.067192645946e+00,1.005765217349e+03,1.430992349059e+03,1.077363828571e+01,3.480000000000e+01,1.026699283942e+03,1.492718511797e+03,1.400123394576e+01,3.849759762356e+01,1.028915271866e+03,1.507968040114e+03,2.891742979354e+01,3.265405958095e+01,1.020371430836e+03,1.541054578377e+03,2.868708720901e+01,3.402487060035e+01,1.021471191233e+03,1.541985163823e+03
3.610000000000e+01,4.000283469569e+00,7.069458658808e+00,1.005765173143e+03,1.431404261032e+03,3.911964737512e+00,7.069458658808e+00,1.005767441320e+03,1.431006279202e+03,1.076808963549e+01,3.480000000000e+01,1.026700729669e+03,1.492700588096e+03,1.400117377258e+01,3.849767601675e+01,1.028915792391e+03,1.507969586096e+03,2.890934671730e+01,3.265701886107e+01,1.020376747203e+03,1.541041947154e+03,2.867875247456e+01,3.402732799339e+01,1.021476217266e+03,1.541971433243e+03
3.620000000000e+01,4.000265188135e+00,7.071784607763e+00,1.005767493268e+03,1.431408723252e+03,3.914013736152e+00,7.071784607763e+00,1.005769713636e+03,1.431020078836e+03,1.076262940225e+01,3.480000000000e+01,1.026702159314e+03,1.492682973352e+03,1.400111653341e+01,3.849775186342e+01,1.028916310319e+03,1.507971138479e+03,2.890131233989e+01,3.265993098547e+01,1.020382011840e+03,1.541029367867e+03,2.867025740339e+01,3.402977700672e+01,1.021481289700e+03,1.541957344176e+03
3.630000000000e+01,4.000248085679e+00,7.074170967717e+00,1.005769861096e+03,1.431413267837e+03,3.916017881407e+00,7.074170967717e+00,1.005772034655e+03,1.431033752481e+03,1.075725715496e+01,3.480000000000e+01,1.026703572968e+03,1.492665666176e+03,1.400106208521e+01,3.849782524553e+01,1.028916825743e+03,1.507972696904e+03,2.889333064389e+01,3.266279618402e+01,1.020387223605e+03,1.541016849381e+03,2.866160217952e+01,3.403221692193e+01,1.021486407908e+03,1.541942896019e+03
3.640000000000e+01,4.000232086171e+00,7.076618139425e+00,1.005772276947e+03,1.431417894955e+03,3.917978024176e+00,7.076618139425e+00,1.005774404678e+03,1.431047304521e+03,1.075197242230e+01,3.480000000000e+01,1.026704970728e+03,1.492648665034e+03,1.400101029194e+01,3.849789624248e+01,1.028917338754e+03,1.507974261027e+03,2.888540550173e+01,3.266561470811e+01,1.020392381411e+03,1.541004400355e+03,2.865278717525e+01,3.403464703157e+01,1.021491571210e+03,1.541928088581e+03
3.650000000000e+01,4.000217118484e+00,7.079126444577e+00,1.005774741076e+03,1.431422604695e+03,3.919895005300e+00,7.079126444577e+00,1.005776823943e+03,1.431060739189e+03,1.074677469434e+01,3.480000000000e+01,1.026706352699e+03,1.492631968256e+03,1.400096102415e+01,3.849796493114e+01,1.028917849439e+03,1.507975830525e+03,2.887754066880e+01,3.266838682968e+01,1.020397484223e+03,1.540992029225e+03,2.864381295748e+01,3.403706663998e+01,1.021496778869e+03,1.541912922097e+03
3.660000000000e+01,4.000203116077e+00,7.081696120914e+00,1.005777253672e+03,1.431427397059e+03,3.921769655382e+00,7.081696120914e+00,1.005779292622e+03,1.431074060565e+03,1.074166342436e+01,3.480000000000e+01,1.026707718992e+03,1.492615574034e+03,1.400091415874e+01,3.849803138595e+01,1.028918357883e+03,1.507977405091e+03,2.886973977708e+01,3.267111284034e+01,1.020402531066e+03,1.540979744188e+03,2.863468029385e+01,3.403947506404e+01,1.021502030091e+03,1.541897397247e+03
3.670000000000e+01,4.000190016700e+00,7.084327317391e+00,1.005779814854e+03,1.431432271956e+03,3.923602794621e+00,7.084327317391e+00,1.005781810817e+03,1.431087272566e+03,1.073663803053e+01,3.480000000000e+01,1.026709069723e+03,1.492599480438e+03,1.400086957857e+01,3.849809567899e+01,1.028918864166e+03,1.507978984434e+03,2.886200632934e+01,3.267379305038e+01,1.020407521020e+03,1.540967553187e+03,2.862539015839e+01,3.404187163389e+01,1.021507324022e+03,1.541881515167e+03
3.680000000000e+01,4.000177762118e+00,7.087020089431e+00,1.005782424667e+03,1.431437229193e+03,3.925395232662e+00,7.087020089431e+00,1.005784378555e+03,1.431100378942e+03,1.073169789763e+01,3.480000000000e+01,1.026710405014e+03,1.492583685414e+03,1.400082717223e+01,3.849815788005e+01,1.028919368367e+03,1.507980568280e+03,2.885434369377e+01,3.267642778793e+01,1.020412453224e+03,1.540955463903e+03,2.861594373699e+01,3.404425569358e+01,1.021512659749e+03,1.541865277460e+03
3.690000000000e+01,4.000166297850e+00,7.089774394292e+00,1.005785083077e+03,1.431442268469e+03,3.927147768475e+00,7.089774394292e+00,1.005786995788e+03,1.431113383268e+03,1.072684237876e+01,3.480000000000e+01,1.026711724994e+03,1.492568186795e+03,1.400078683374e+01,3.849821805670e+01,1.028919870560e+03,1.507982156369e+03,2.884675509928e+01,3.267901739799e+01,1.020417326877e+03,1.540943483739e+03,2.860634243223e+01,3.404662660181e+01,1.021518036298e+03,1.541848686212e+03
3.700000000000e+01,4.000155572928e+00,7.092590086600e+00,1.005787789972e+03,1.431447389368e+03,3.928861190234e+00,7.092590086600e+00,1.005789662384e+03,1.431126288939e+03,1.072207079705e+01,3.480000000000e+01,1.026713029795e+03,1.492552982304e+03,1.400074846228e+01,3.849827627435e+01,1.028920370817e+03,1.507983748455e+03,2.883924363123e+01,3.268156224157e+01,1.020422141237e+03,1.540931619808e+03,2.859658786795e+01,3.404898373248e+01,1.021523452632e+03,1.541831743998e+03
3.710000000000e+01,4.000145539674e+00,7.095466914063e+00,1.005790545152e+03,1.431452591352e+03,3.930536275227e+00,7.095466914063e+00,1.005792378128e+03,1.431139099162e+03,1.071738244723e+01,3.480000000000e+01,1.026714319553e+03,1.492538069560e+03,1.400071196194e+01,3.849833259635e+01,1.028920869208e+03,1.507985344306e+03,2.883181222783e+01,3.268406269481e+01,1.020426895624e+03,1.540919878931e+03,2.858668189314e+01,3.405132647532e+01,1.021528907653e+03,1.541814453900e+03
3.720000000000e+01,4.000136153480e+00,7.098404513420e+00,1.005793348331e+03,1.431457873757e+03,3.932173789775e+00,7.098404513420e+00,1.005795142718e+03,1.431151816953e+03,1.071277659735e+01,3.480000000000e+01,1.026715594411e+03,1.492523446086e+03,1.400067724150e+01,3.849838708400e+01,1.028921365801e+03,1.507986943701e+03,2.882446367701e+01,3.268651914808e+01,1.020431589417e+03,1.540908267621e+03,2.857662658544e+01,3.405365423640e+01,1.021534400197e+03,1.541796819508e+03
3.730000000000e+01,4.000127372617e+00,7.101402406665e+00,1.005796199131e+03,1.431463235782e+03,3.933774489162e+00,7.101402406665e+00,1.005797955760e+03,1.431164445129e+03,1.070825249032e+01,3.480000000000e+01,1.026716854514e+03,1.492509109313e+03,1.400064421417e+01,3.849843979668e+01,1.028921860659e+03,1.507988546432e+03,2.881720061391e+01,3.268893200516e+01,1.020436222057e+03,1.540896792081e+03,2.856642425394e+01,3.405596643870e+01,1.021539929039e+03,1.541778844929e+03
3.740000000000e+01,4.000119158048e+00,7.104459997566e+00,1.005799097083e+03,1.431468676491e+03,3.935339117588e+00,7.104459997566e+00,1.005800816769e+03,1.431176986307e+03,1.070380934551e+01,3.480000000000e+01,1.026718100013e+03,1.492495056585e+03,1.400061279740e+01,3.849849079184e+01,1.028922353845e+03,1.507990152303e+03,2.881002551887e+01,3.269130168239e+01,1.020440793046e+03,1.540885458197e+03,2.855607744143e+01,3.405826252249e+01,1.021545492887e+03,1.541760534798e+03
3.750000000000e+01,4.000111473252e+00,7.107576568548e+00,1.005802041620e+03,1.431474194803e+03,3.936868408127e+00,7.107576568548e+00,1.005803725161e+03,1.431189442898e+03,1.069944636030e+01,3.480000000000e+01,1.026719331060e+03,1.492481285166e+03,1.400058291266e+01,3.849854012510e+01,1.028922845418e+03,1.507991761127e+03,2.880294071603e+01,3.269362860784e+01,1.020445301948e+03,1.540874271534e+03,2.854558892595e+01,3.406054194587e+01,1.021551090388e+03,1.541741894279e+03
3.760000000000e+01,4.000104284064e+00,7.110751277950e+00,1.005805032077e+03,1.431479789489e+03,3.938363082699e+00,7.110751277950e+00,1.005806680258e+03,1.431201817102e+03,1.069516271154e+01,3.480000000000e+01,1.026720547812e+03,1.492467792245e+03,1.400055448525e+01,3.849858785032e+01,1.028923335437e+03,1.507993372729e+03,2.879594837238e+01,3.269591322051e+01,1.020449748385e+03,1.540863237331e+03,2.853496172169e+01,3.406280418507e+01,1.021556720121e+03,1.541722929067e+03
3.770000000000e+01,4.000097558521e+00,7.113983157720e+00,1.005808067689e+03,1.431485459170e+03,3.939823852063e+00,7.113983157720e+00,1.005809681278e+03,1.431214110909e+03,1.069095755711e+01,3.480000000000e+01,1.026721750429e+03,1.492454574939e+03,1.400052744411e+01,3.849863401962e+01,1.028923823956e+03,1.507994986943e+03,2.878905049737e+01,3.269815596954e+01,1.020454132039e+03,1.540852360500e+03,2.852419907914e+01,3.406504873487e+01,1.021562380606e+03,1.541703645393e+03
3.780000000000e+01,4.000091266722e+00,7.117271111563e+00,1.005811147591e+03,1.431491202310e+03,3.941251415805e+00,7.117271111563e+00,1.005812727341e+03,1.431226326092e+03,1.068683003728e+01,3.480000000000e+01,1.026722939073e+03,1.492441630302e+03,1.400050172165e+01,3.849867868344e+01,1.028924311030e+03,1.507996603610e+03,2.878224894304e+01,3.270035731345e+01,1.020458452655e+03,1.540841645627e+03,2.851330448448e+01,3.406727510887e+01,1.021568070295e+03,1.541684050024e+03
3.790000000000e+01,4.000085380694e+00,7.120613913599e+00,1.005814270814e+03,1.431497017220e+03,3.942646462351e+00,7.120613913599e+00,1.005815817464e+03,1.431238464207e+03,1.068277927615e+01,3.480000000000e+01,1.026724113909e+03,1.492428955326e+03,1.400047725356e+01,3.849872189062e+01,1.028924796709e+03,1.507998222583e+03,2.877554540458e+01,3.270251771938e+01,1.020462710031e+03,1.540831096969e+03,2.850228165825e+01,3.406948283978e+01,1.021573787581e+03,1.541664150257e+03
3.800000000000e+01,4.000079874270e+00,7.124010207549e+00,1.005817436287e+03,1.431502902051e+03,3.944009668984e+00,7.124010207549e+00,1.005818950560e+03,1.431250526596e+03,1.067880438303e+01,3.480000000000e+01,1.026725275104e+03,1.492416546950e+03,1.400045397869e+01,3.849876368842e+01,1.028925281044e+03,1.507999843722e+03,2.876894142137e+01,3.270463766238e+01,1.020466904027e+03,1.540820718457e+03,2.849113455315e+01,3.407167147967e+01,1.021579530793e+03,1.541643953922e+03
3.810000000000e+01,4.000074722967e+00,7.127458506484e+00,1.005820642834e+03,1.431508854795e+03,3.945341701869e+00,7.127458506484e+00,1.005822125440e+03,1.431262514381e+03,1.067490445374e+01,3.480000000000e+01,1.026726422829e+03,1.492404402060e+03,1.400043183884e+01,3.849880412260e+01,1.028925764082e+03,1.508001466893e+03,2.876243837851e+01,3.270671762467e+01,1.020471034558e+03,1.540810513696e+03,2.847986735108e+01,3.407384060013e+01,1.021585298203e+03,1.541623469372e+03
3.820000000000e+01,4.000069903883e+00,7.130957193173e+00,1.005823889179e+03,1.431514873284e+03,3.946643216091e+00,7.130957193173e+00,1.005825340812e+03,1.431274428467e+03,1.067107857192e+01,3.480000000000e+01,1.026727557254e+03,1.492392517497e+03,1.400041077868e+01,3.849884323742e+01,1.028926245870e+03,1.508003091972e+03,2.875603750868e+01,3.270875809498e+01,1.020475101593e+03,1.540800485969e+03,2.846848445934e+01,3.407598979245e+01,1.021591088020e+03,1.541602705478e+03
3.830000000000e+01,4.000065395594e+00,7.134504521038e+00,1.005827173940e+03,1.431520955194e+03,3.947914855700e+00,7.134504521038e+00,1.005828595283e+03,1.431286269545e+03,1.066732581027e+01,3.480000000000e+01,1.026728678551e+03,1.492380890062e+03,1.400039074555e+01,3.849888107574e+01,1.028926726451e+03,1.508004718841e+03,2.874973989440e+01,3.271075956785e+01,1.020479105157e+03,1.540790638244e+03,2.845699050599e+01,3.407811866774e+01,1.021596898401e+03,1.541581671620e+03
3.840000000000e+01,4.000061178055e+00,7.138098615757e+00,1.005830495638e+03,1.431527098043e+03,3.949157253761e+00,7.138098615757e+00,1.005831887357e+03,1.431298038091e+03,1.066364523179e+01,3.480000000000e+01,1.026729786897e+03,1.492369516518e+03,1.400037168937e+01,3.849891767903e+01,1.028927205870e+03,1.508006347387e+03,2.874354647077e+01,3.271272254304e+01,1.020483045325e+03,1.540780973173e+03,2.844539033438e+01,3.408022685699e+01,1.021602727445e+03,1.541560377677e+03
3.850000000000e+01,4.000057232515e+00,7.141737477510e+00,1.005833852692e+03,1.431533299195e+03,3.950371032417e+00,7.141737477510e+00,1.005835215440e+03,1.431309734373e+03,1.066003589092e+01,3.480000000000e+01,1.026730882465e+03,1.492358393594e+03,1.400035356251e+01,3.849895308744e+01,1.028927684166e+03,1.508007977506e+03,2.873745802834e+01,3.271464752484e+01,1.020486922227e+03,1.540771493102e+03,2.843368899680e+01,3.408231401113e+01,1.021608573197e+03,1.541538834013e+03
3.860000000000e+01,4.000053541433e+00,7.145418983887e+00,1.005837243425e+03,1.431539555862e+03,3.951556802952e+00,7.145418983887e+00,1.005838577842e+03,1.431321358452e+03,1.065649683468e+01,3.480000000000e+01,1.026731965433e+03,1.492347517992e+03,1.400033631964e+01,3.849898733981e+01,1.028928161379e+03,1.508009609099e+03,2.873147521650e+01,3.271653502150e+01,1.020490736038e+03,1.540762200074e+03,2.842189174740e+01,3.408437980105e+01,1.021614433656e+03,1.541517051463e+03
3.870000000000e+01,4.000050088398e+00,7.149140893475e+00,1.005840666066e+03,1.431545865112e+03,3.952715165869e+00,7.149140893475e+00,1.005841972780e+03,1.431332910190e+03,1.065302710378e+01,3.480000000000e+01,1.026733035978e+03,1.492336886386e+03,1.400031991766e+01,3.849902047372e+01,1.028928637549e+03,1.508011242070e+03,2.872559854699e+01,3.271838554465e+01,1.020494486985e+03,1.540753095838e+03,2.841000403416e+01,3.408642391753e+01,1.021620306771e+03,1.541495041318e+03
3.880000000000e+01,4.000046858057e+00,7.152900850092e+00,1.005844118754e+03,1.431552223869e+03,3.953846710964e+00,7.152900850092e+00,1.005845398377e+03,1.431344389250e+03,1.064962573368e+01,3.480000000000e+01,1.026734094278e+03,1.492326495433e+03,1.400030431557e+01,3.849905252556e+01,1.028929112711e+03,1.508012876333e+03,2.871982839774e+01,3.272019960870e+01,1.020498175338e+03,1.540744181856e+03,2.839803149017e+01,3.408844607121e+01,1.021626190446e+03,1.541472815306e+03
3.890000000000e+01,4.000043836050e+00,7.156696387701e+00,1.005847599539e+03,1.431558628923e+03,3.954952017416e+00,7.156696387701e+00,1.005848852674e+03,1.431355795111e+03,1.064629175556e+01,3.480000000000e+01,1.026735140512e+03,1.492316341770e+03,1.400028947435e+01,3.849908353053e+01,1.028929586902e+03,1.508014511802e+03,2.871416501696e+01,3.272197773037e+01,1.020501801412e+03,1.540735459310e+03,2.838597992405e+01,3.409044599250e+01,1.021632082544e+03,1.541450385571e+03
3.900000000000e+01,4.000041008940e+00,7.160524935955e+00,1.005851106390e+03,1.431565076933e+03,3.956031653873e+00,7.160524935955e+00,1.005852333625e+03,1.431367127068e+03,1.064302419735e+01,3.480000000000e+01,1.026736174859e+03,1.492306422020e+03,1.400027535691e+01,3.849911352270e+01,1.028930060155e+03,1.508016148400e+03,2.870860852733e+01,3.272372042808e+01,1.020505365567e+03,1.540726929112e+03,2.837385530969e+01,3.409242343145e+01,1.021637980892e+03,1.541427764654e+03
3.910000000000e+01,4.000038364158e+00,7.164383826377e+00,1.005854637200e+03,1.431571564440e+03,3.957086178549e+00,7.164383826377e+00,1.005855839111e+03,1.431378384244e+03,1.063982208462e+01,3.480000000000e+01,1.026737197498e+03,1.492296732796e+03,1.400026192795e+01,3.849914253505e+01,1.028930532504e+03,1.508017786052e+03,2.870315893046e+01,3.272542822153e+01,1.020508868201e+03,1.540718591909e+03,2.836166377522e+01,3.409437815757e+01,1.021643883280e+03,1.541404965467e+03
3.920000000000e+01,4.000035889944e+00,7.168270299141e+00,1.005858189787e+03,1.431578087870e+03,3.958116139324e+00,7.168270299141e+00,1.005859366939e+03,1.431389565600e+03,1.063668444152e+01,3.480000000000e+01,1.026738208607e+03,1.492287270704e+03,1.400024915389e+01,3.849917059946e+01,1.028931003980e+03,1.508019424689e+03,2.869781611144e+01,3.272710163119e+01,1.020512309751e+03,1.540710448099e+03,2.834941159129e+01,3.409630995967e+01,1.021649787469e+03,1.541382001272e+03
3.930000000000e+01,4.000033575300e+00,7.172181510424e+00,1.005861761905e+03,1.431584643546e+03,3.959122073845e+00,7.172181510424e+00,1.005862914849e+03,1.431400669942e+03,1.063361029160e+01,3.480000000000e+01,1.026739208366e+03,1.492278032343e+03,1.400023700280e+01,3.849919774682e+01,1.028931474615e+03,1.508021064244e+03,2.869257984355e+01,3.272874117781e+01,1.020515690692e+03,1.540702497832e+03,2.833710515881e+01,3.409821864565e+01,1.021655691194e+03,1.541358885651e+03
3.940000000000e+01,4.000031409933e+00,7.176114540293e+00,1.005865351246e+03,1.431591227697e+03,3.960104509635e+00,7.176114540293e+00,1.005866480524e+03,1.431411695933e+03,1.063059865866e+01,3.480000000000e+01,1.026740196954e+03,1.492269014314e+03,1.400022544430e+01,3.849922400698e+01,1.028931944437e+03,1.508022704655e+03,2.868744979300e+01,3.273034738205e+01,1.020519011534e+03,1.540694741028e+03,2.832475099597e+01,3.410010404224e+01,1.021661592166e+03,1.541335632480e+03
3.950000000000e+01,4.000029384216e+00,7.180066401075e+00,1.005868955449e+03,1.431597836470e+03,3.961063964203e+00,7.180066401075e+00,1.005870061589e+03,1.431422642105e+03,1.062764856751e+01,3.480000000000e+01,1.026741174549e+03,1.492260213219e+03,1.400021444948e+01,3.849924940887e+01,1.028932413476e+03,1.508024345863e+03,2.868242552381e+01,3.273192076399e+01,1.020522272819e+03,1.540687177381e+03,2.831235572483e+01,3.410196599475e+01,1.021667488079e+03,1.541312255900e+03
3.960000000000e+01,4.000027489143e+00,7.184034046178e+00,1.005872572108e+03,1.431604465937e+03,3.962000945160e+00,7.184034046178e+00,1.005873655628e+03,1.431433506869e+03,1.062475904474e+01,3.480000000000e+01,1.026742141328e+03,1.492251625661e+03,1.400020399087e+01,3.849927398044e+01,1.028932881758e+03,1.508025987814e+03,2.867750650271e+01,3.273346184280e+01,1.020525475120e+03,1.540679806372e+03,2.829992605738e+01,3.410380436678e+01,1.021673376614e+03,1.541288770288e+03
3.970000000000e+01,4.000025716289e+00,7.188014379294e+00,1.005876198776e+03,1.431611112112e+03,3.962915950329e+00,7.188014379294e+00,1.005877260183e+03,1.431444288529e+03,1.062192911942e+01,3.480000000000e+01,1.026743097469e+03,1.492243248254e+03,1.400019404231e+01,3.849929774877e+01,1.028933349311e+03,1.508027630455e+03,2.867269210408e+01,3.273497113631e+01,1.020528619042e+03,1.540672627276e+03,2.828746878122e+01,3.410561903992e+01,1.021679255441e+03,1.541265190225e+03
3.980000000000e+01,4.000024057771e+00,7.192004263938e+00,1.005879832974e+03,1.431617770959e+03,3.963809467873e+00,7.192004263938e+00,1.005880872764e+03,1.431454985294e+03,1.061915782378e+01,3.480000000000e+01,1.026744043148e+03,1.492235077618e+03,1.400018457893e+01,3.849932074002e+01,1.028933816160e+03,1.508029273738e+03,2.866798161487e+01,3.273644916065e+01,1.020531705213e+03,1.540665639178e+03,2.827499074485e+01,3.410740991340e+01,1.021685122229e+03,1.541241530461e+03
3.990000000000e+01,4.000022506216e+00,7.196000533248e+00,1.005883472201e+03,1.431624438405e+03,3.964681976409e+00,7.196000533248e+00,1.005884490858e+03,1.431465595290e+03,1.061644419383e+01,3.480000000000e+01,1.026744978540e+03,1.492227110387e+03,1.400017557707e+01,3.849934297955e+01,1.028934282329e+03,1.508030917616e+03,2.866337423951e+01,3.273789642995e+01,1.020534734290e+03,1.540658840977e+03,2.826249884272e+01,3.410917690376e+01,1.021690974642e+03,1.541217805890e+03
4.000000000000e+01,4.000021054724e+00,7.200000000000e+00,1.005887113938e+03,1.431631110356e+03,3.965533945135e+00,7.200000000000e+00,1.005888111938e+03,1.431476116575e+03,1.061378727003e+01,3.480000000000e+01,1.026745903819e+03,1.492219343205e+03,1.400016701422e+01,3.849936449187e+01,1.028934747842e+03,1.508032562047e+03,2.865886910488e+01,3.273931345598e+01,1.020537706951e+03,1.540652231399e+03,2.825000000000e+01,3.411091994447e+01,1.021696810355e+03,1.541194031509e+03
4.010000000000e+01,4.000019696844e+00,7.203999466752e+00,1.005890755659e+03,1.431637782704e+03,3.966365833952e+00,7.203999466752e+00,1.005891733466e+03,1.431486547153e+03,1.061118609779e+01,3.480000000000e+01,1.026746819160e+03,1.492211772737e+03,1.400015886897e+01,3.849938530069e+01,1.028935212722e+03,1.508034206990e+03,2.865446526508e+01,3.274070074785e+01,1.020540623897e+03,1.540645809008e+03,2.823750115728e+01,3.411263898556e+01,1.021702627048e+03,1.541170222390e+03
4.020000000000e+01,4.000018426537e+00,7.207995736062e+00,1.005894394837e+03,1.431644451345e+03,3.967178093596e+00,7.207995736062e+00,1.005895352906e+03,1.431496884985e+03,1.060863972804e+01,3.480000000000e+01,1.026747724734e+03,1.492204395661e+03,1.400015112095e+01,3.849940542897e+01,1.028935676992e+03,1.508035852406e+03,2.865016170629e+01,3.274205881171e+01,1.020543485850e+03,1.540639572215e+03,2.822500925515e+01,3.411433399322e+01,1.021708422418e+03,1.541146393641e+03
4.030000000000e+01,4.000017238155e+00,7.211985620706e+00,1.005898028954e+03,1.431651112188e+03,3.967971165758e+00,7.211985620706e+00,1.005898967730e+03,1.431507128004e+03,1.060614721778e+01,3.480000000000e+01,1.026748620712e+03,1.492197208678e+03,1.400014375080e+01,3.849942489890e+01,1.028936140672e+03,1.508037498260e+03,2.864595735144e+01,3.274338815052e+01,1.020546293547e+03,1.540633519287e+03,2.821253121878e+01,3.411600494937e+01,1.021714194181e+03,1.541122560376e+03
4.040000000000e+01,4.000016126416e+00,7.215965953822e+00,1.005901655509e+03,1.431657761172e+03,3.968745483222e+00,7.215965953822e+00,1.005902575426e+03,1.431517274130e+03,1.060370763052e+01,3.480000000000e+01,1.026749507264e+03,1.492190208509e+03,1.400013674009e+01,3.849944373198e+01,1.028936603784e+03,1.508039144518e+03,2.864185106490e+01,3.274468926373e+01,1.020549047744e+03,1.540627648359e+03,2.820007394262e+01,3.411765185128e+01,1.021719940076e+03,1.541098737680e+03
4.050000000000e+01,4.000015086376e+00,7.219933598925e+00,1.005905272023e+03,1.431664394274e+03,3.969501469986e+00,7.219933598925e+00,1.005906173508e+03,1.431527321280e+03,1.060132003671e+01,3.480000000000e+01,1.026750384558e+03,1.492183391898e+03,1.400013007128e+01,3.849946194899e+01,1.028937066346e+03,1.508040791147e+03,2.863784165696e+01,3.274596264709e+01,1.020551749211e+03,1.540621957441e+03,2.818764427517e+01,3.411927471110e+01,1.021725657872e+03,1.541074940574e+03
4.060000000000e+01,4.000014113411e+00,7.223885459707e+00,1.005908876050e+03,1.431671007526e+03,3.970239541399e+00,7.223885459707e+00,1.005909759518e+03,1.431537267386e+03,1.059898351424e+01,3.480000000000e+01,1.026751252761e+03,1.492176755613e+03,1.400012372771e+01,3.849947957004e+01,1.028937528378e+03,1.508042438119e+03,2.863392788832e+01,3.274720879241e+01,1.020554398730e+03,1.540616444428e+03,2.817524900403e+01,3.412087355542e+01,1.021731345371e+03,1.541051183982e+03
4.070000000000e+01,4.000013203196e+00,7.227818489576e+00,1.005912465183e+03,1.431677597024e+03,3.970960104289e+00,7.227818489576e+00,1.005913331043e+03,1.431547110403e+03,1.059669714876e+01,3.480000000000e+01,1.026752112038e+03,1.492170296449e+03,1.400011769351e+01,3.849949661459e+01,1.028937989899e+03,1.508044085406e+03,2.863010847436e+01,3.274842818733e+01,1.020556997097e+03,1.540611107113e+03,2.816289484119e+01,3.412244842487e+01,1.021737000411e+03,1.541027482698e+03
4.080000000000e+01,4.000012351683e+00,7.231729700859e+00,1.005916037061e+03,1.431684158940e+03,3.971663557094e+00,7.231729700859e+00,1.005916885711e+03,1.431556848322e+03,1.059446003409e+01,3.480000000000e+01,1.026752962552e+03,1.492164011230e+03,1.400011195360e+01,3.849951310146e+01,1.028938450925e+03,1.508045732981e+03,2.862638208936e+01,3.274962131515e+01,1.020559545116e+03,1.540605943189e+03,2.815058840871e+01,3.412399937359e+01,1.021742620875e+03,1.541003851356e+03
4.090000000000e+01,4.000011555086e+00,7.235616173623e+00,1.005919589378e+03,1.431690689533e+03,3.972350289998e+00,7.235616173623e+00,1.005920421207e+03,1.431566479186e+03,1.059227127254e+01,3.480000000000e+01,1.026753804465e+03,1.492157896806e+03,1.400010649361e+01,3.849952904885e+01,1.028938911475e+03,1.508047380820e+03,2.862274737054e+01,3.275078865464e+01,1.020562043600e+03,1.540600950263e+03,2.813833622478e+01,3.412552646884e+01,1.021748204688e+03,1.540980304394e+03
4.100000000000e+01,4.000010809864e+00,7.239475064045e+00,1.005923119887e+03,1.431697185162e+03,3.973020685057e+00,7.239475064045e+00,1.005923935278e+03,1.431576001096e+03,1.059012997526e+01,3.480000000000e+01,1.026754637939e+03,1.492151950057e+03,1.400010129991e+01,3.849954447440e+01,1.028939371565e+03,1.508049028899e+03,2.861920292202e+01,3.275193067986e+01,1.020564493369e+03,1.540596125863e+03,2.812614469031e+01,3.412702979048e+01,1.021753749829e+03,1.540956856029e+03
4.110000000000e+01,4.000010112704e+00,7.243303612299e+00,1.005926626407e+03,1.431703642294e+03,3.973675116333e+00,7.243303612299e+00,1.005927425732e+03,1.431585412225e+03,1.058803526249e+01,3.480000000000e+01,1.026755463130e+03,1.492146167896e+03,1.400009635950e+01,3.849955939515e+01,1.028939831211e+03,1.508050677198e+03,2.861574731859e+01,3.275304786001e+01,1.020566895249e+03,1.540591467444e+03,2.811402007595e+01,3.412850943054e+01,1.021759254329e+03,1.540933520222e+03
4.120000000000e+01,4.000009460506e+00,7.247099149908e+00,1.005930106831e+03,1.431710057512e+03,3.974313950026e+00,7.247099149908e+00,1.005930890456e+03,1.431594710827e+03,1.058598626385e+01,3.480000000000e+01,1.026756280196e+03,1.492140547266e+03,1.400009166004e+01,3.849957382758e+01,1.028940290427e+03,1.508052325695e+03,2.861237910934e+01,3.275414065928e+01,1.020569250070e+03,1.540586972399e+03,2.810196850983e+01,3.412996549273e+01,1.021764716277e+03,1.540910310653e+03
4.130000000000e+01,4.000008850370e+00,7.250859106525e+00,1.005933559128e+03,1.431716427527e+03,3.974937544607e+00,7.250859106525e+00,1.005934327409e+03,1.431603895246e+03,1.058398211859e+01,3.480000000000e+01,1.026757089292e+03,1.492135085145e+03,1.400008718976e+01,3.849958778766e+01,1.028940749230e+03,1.508053974373e+03,2.860909682120e+01,3.275520953675e+01,1.020571558666e+03,1.540582638066e+03,2.808999596584e+01,3.413139809201e+01,1.021770133822e+03,1.540887240695e+03
4.140000000000e+01,4.000008279583e+00,7.254581016113e+00,1.005936981350e+03,1.431722749182e+03,3.975546250943e+00,7.254581016113e+00,1.005937734637e+03,1.431612963924e+03,1.058202197582e+01,3.480000000000e+01,1.026757890570e+03,1.492129778542e+03,1.400008293750e+01,3.849960129081e+01,1.028941207633e+03,1.508055623213e+03,2.860589896224e+01,3.275625494623e+01,1.020573821872e+03,1.540578461731e+03,2.807810825260e+01,3.413280735405e+01,1.021775505177e+03,1.540864323386e+03
4.150000000000e+01,4.000007745608e+00,7.258262522490e+00,1.005940371636e+03,1.431729019462e+03,3.976140412432e+00,7.258262522490e+00,1.005941110270e+03,1.431621915410e+03,1.058010499470e+01,3.480000000000e+01,1.026758684183e+03,1.492124624501e+03,1.400007889263e+01,3.849961435197e+01,1.028941665650e+03,1.508057272200e+03,2.860278402492e+01,3.275727733616e+01,1.020576040525e+03,1.540574440642e+03,2.806631100320e+01,3.413419341484e+01,1.021780828625e+03,1.540841571405e+03
4.160000000000e+01,4.000007246071e+00,7.261901384243e+00,1.005943728214e+03,1.431735235499e+03,3.976720365132e+00,7.261901384243e+00,1.005944452529e+03,1.431630748367e+03,1.057823034462e+01,3.480000000000e+01,1.026759470278e+03,1.492119620104e+03,1.400007504502e+01,3.849962698558e+01,1.028942123294e+03,1.508058921317e+03,2.859975048912e+01,3.275827714954e+01,1.020578215461e+03,1.540570572008e+03,2.805460966562e+01,3.413555642017e+01,1.021786102515e+03,1.540818997052e+03
4.170000000000e+01,4.000006778750e+00,7.265495478962e+00,1.005947049410e+03,1.431741394579e+03,3.977286437888e+00,7.265495478962e+00,1.005947759733e+03,1.431639461575e+03,1.057639720538e+01,3.480000000000e+01,1.026760249003e+03,1.492114762466e+03,1.400007138505e+01,3.849963920563e+01,1.028942580578e+03,1.508060570550e+03,2.859679682505e+01,3.275925482380e+01,1.020580347514e+03,1.540566853011e+03,2.804300949401e+01,3.413689652519e+01,1.021791325268e+03,1.540796612227e+03
4.180000000000e+01,4.000006341568e+00,7.269042806827e+00,1.005950333641e+03,1.431747494142e+03,3.977838952460e+00,7.269042806827e+00,1.005951030292e+03,1.431648053939e+03,1.057460476734e+01,3.480000000000e+01,1.026761020504e+03,1.492110048739e+03,1.400006790359e+01,3.849965102562e+01,1.028943037515e+03,1.508062219886e+03,2.859392149602e+01,3.276021079075e+01,1.020582437519e+03,1.540563280810e+03,2.803151554066e+01,3.413821389397e+01,1.021796495383e+03,1.540774428408e+03
4.190000000000e+01,4.000005932582e+00,7.272541493516e+00,1.005953579429e+03,1.431753531790e+03,3.978378223652e+00,7.272541493516e+00,1.005954262721e+03,1.431656524495e+03,1.057285223153e+01,3.480000000000e+01,1.026761784923e+03,1.492105476113e+03,1.400006459191e+01,3.849966245863e+01,1.028943494117e+03,1.508063869313e+03,2.859112296101e+01,3.276114547652e+01,1.020584486304e+03,1.540559852547e+03,2.802013264892e+01,3.413950869900e+01,1.021801611430e+03,1.540752456636e+03
4.200000000000e+01,4.000005549972e+00,7.275989792451e+00,1.005956785394e+03,1.431759505290e+03,3.978904559435e+00,7.275989792451e+00,1.005957455632e+03,1.431664872408e+03,1.057113880977e+01,3.480000000000e+01,1.026762542402e+03,1.492101041812e+03,1.400006144175e+01,3.849967351733e+01,1.028943950395e+03,1.508065518818e+03,2.858839967721e+01,3.276205930146e+01,1.020586494696e+03,1.540556565349e+03,2.800886544685e+01,3.414078112079e+01,1.021806672061e+03,1.540730707500e+03
4.210000000000e+01,4.000005192037e+00,7.279386086401e+00,1.005959950258e+03,1.431765412572e+03,3.979418261076e+00,7.279386086401e+00,1.005960607741e+03,1.431673096978e+03,1.056946372477e+01,3.480000000000e+01,1.026763293080e+03,1.492096743102e+03,1.400005844521e+01,3.849968421395e+01,1.028944406360e+03,1.508067168391e+03,2.858575010225e+01,3.276295268012e+01,1.020588463515e+03,1.540553416340e+03,2.799771834175e+01,3.414203134740e+01,1.021811676003e+03,1.540709191122e+03
4.220000000000e+01,4.000004857187e+00,7.282728888437e+00,1.005963072847e+03,1.431771251735e+03,3.979919623259e+00,7.282728888437e+00,1.005963717868e+03,1.431681197643e+03,1.056782621022e+01,3.480000000000e+01,1.026764037094e+03,1.492092577283e+03,1.400005559482e+01,3.849969456032e+01,1.028944862023e+03,1.508068818022e+03,2.858317269649e+01,3.276382602121e+01,1.020590393576e+03,1.540550402640e+03,2.798669551552e+01,3.414325957404e+01,1.021816622068e+03,1.540687917148e+03
4.230000000000e+01,4.000004543933e+00,7.286016842280e+00,1.005966152090e+03,1.431777021043e+03,3.980408934206e+00,7.286016842280e+00,1.005966784935e+03,1.431689173977e+03,1.056622551084e+01,3.480000000000e+01,1.026764774580e+03,1.492088541698e+03,1.400005288345e+01,3.849970456791e+01,1.028945317394e+03,1.508070467702e+03,2.858066592499e+01,3.276467972755e+01,1.020592285691e+03,1.540547521370e+03,2.797580092086e+01,3.414446600258e+01,1.021821509143e+03,1.540666894734e+03
4.240000000000e+01,4.000004250881e+00,7.289248722050e+00,1.005969187018e+03,1.431782718928e+03,3.980886475804e+00,7.289248722050e+00,1.005969807967e+03,1.431697025692e+03,1.056466088241e+01,3.480000000000e+01,1.026765505670e+03,1.492084633723e+03,1.400005030430e+01,3.849971424779e+01,1.028945772484e+03,1.508072117421e+03,2.857822825945e+01,3.276551419605e+01,1.020594140661e+03,1.540544769658e+03,2.796503827831e+01,3.414565084120e+01,1.021826336201e+03,1.540646132541e+03
4.250000000000e+01,4.000003976729e+00,7.292423431452e+00,1.005972176766e+03,1.431788343987e+03,3.981352523720e+00,7.292423431452e+00,1.005972786093e+03,1.431704752637e+03,1.056313159187e+01,3.480000000000e+01,1.026766230496e+03,1.492080850776e+03,1.400004785094e+01,3.849972361068e+01,1.028946227302e+03,1.508073767172e+03,2.857585818002e+01,3.276632981767e+01,1.020595959281e+03,1.540542144645e+03,2.795441107405e+01,3.414681430392e+01,1.021831102294e+03,1.540625638726e+03
4.260000000000e+01,4.000003720258e+00,7.295540002434e+00,1.005975120569e+03,1.431793894982e+03,3.981807347524e+00,7.295540002434e+00,1.005975718542e+03,1.431712354796e+03,1.056163691730e+01,3.480000000000e+01,1.026766949186e+03,1.492077190314e+03,1.400004551724e+01,3.849973266696e+01,1.028946681856e+03,1.508075416947e+03,2.857355417693e+01,3.276712697744e+01,1.020597742340e+03,1.540539643483e+03,2.794392255857e+01,3.414795661025e+01,1.021835806557e+03,1.540605420941e+03
4.270000000000e+01,4.000003480327e+00,7.298597593335e+00,1.005978017764e+03,1.431799370835e+03,3.982251210801e+00,7.298597593335e+00,1.005978604644e+03,1.431719832290e+03,1.056017614794e+01,3.480000000000e+01,1.026767661868e+03,1.492073649830e+03,1.400004329735e+01,3.849974142664e+01,1.028947136158e+03,1.508077066739e+03,2.857131475206e+01,3.276790605443e+01,1.020599490615e+03,1.540537263341e+03,2.793357574606e+01,3.414907798477e+01,1.021840448207e+03,1.540585486328e+03
4.280000000000e+01,4.000003255870e+00,7.301595486580e+00,1.005980867782e+03,1.431804770628e+03,3.982684371274e+00,7.301595486580e+00,1.005981443826e+03,1.431727185367e+03,1.055874858420e+01,3.480000000000e+01,1.026768368666e+03,1.492070226860e+03,1.400004118572e+01,3.849974989945e+01,1.028947590214e+03,1.508078716543e+03,2.856913842034e+01,3.276866742176e+01,1.020601204877e+03,1.540535001412e+03,2.792337341456e+01,3.415017865673e+01,1.021845026539e+03,1.540565841519e+03
4.290000000000e+01,4.000003045890e+00,7.304533085937e+00,1.005983670154e+03,1.431810093597e+03,3.983107080914e+00,7.304533085937e+00,1.005984235612e+03,1.431734414409e+03,1.055735353765e+01,3.480000000000e+01,1.026769069703e+03,1.492066918976e+03,1.400003917707e+01,3.849975809475e+01,1.028948044033e+03,1.508080366352e+03,2.856702371107e+01,3.276941144659e+01,1.020602885886e+03,1.540532854910e+03,2.791331810686e+01,3.415125885969e+01,1.021849540931e+03,1.540546492633e+03
4.300000000000e+01,4.000002849451e+00,7.307409913400e+00,1.005986424503e+03,1.431815339128e+03,3.983519586054e+00,7.307409913400e+00,1.005986979620e+03,1.431741519920e+03,1.055599033102e+01,3.480000000000e+01,1.026769765101e+03,1.492063723789e+03,1.400003726639e+01,3.849976602164e+01,1.028948497624e+03,1.508082016160e+03,2.856496916913e+01,3.277013849012e+01,1.020604534393e+03,1.540530821075e+03,2.790341213205e+01,3.415231883119e+01,1.021853990840e+03,1.540527445285e+03
4.310000000000e+01,4.000002665681e+00,7.310225605708e+00,1.005989130541e+03,1.431820506757e+03,3.983922127503e+00,7.310225605708e+00,1.005989675557e+03,1.431748502524e+03,1.055465829813e+01,3.480000000000e+01,1.026770454977e+03,1.492060638949e+03,1.400003544890e+01,3.849977368889e+01,1.028948950994e+03,1.508083665963e+03,2.856297335606e+01,3.277084890766e+01,1.020606151140e+03,1.540528897176e+03,2.789365756777e+01,3.415335881234e+01,1.021858375801e+03,1.540508704582e+03
4.320000000000e+01,4.000002493764e+00,7.312979910569e+00,1.005991788070e+03,1.431825596158e+03,3.984314940652e+00,7.312979910569e+00,1.005992323218e+03,1.431755362966e+03,1.055335678391e+01,3.480000000000e+01,1.026771139449e+03,1.492057662145e+03,1.400003372004e+01,3.849978110500e+01,1.028949404151e+03,1.508085315757e+03,2.856103485107e+01,3.277154304858e+01,1.020607736857e+03,1.540527080515e+03,2.788405626301e+01,3.415437904749e+01,1.021862695425e+03,1.540490275132e+03
4.330000000000e+01,4.000002332933e+00,7.315672682609e+00,1.005994396976e+03,1.431830607144e+03,3.984698255589e+00,7.315672682609e+00,1.005994922486e+03,1.431762102100e+03,1.055208514430e+01,3.480000000000e+01,1.026771818632e+03,1.492054791106e+03,1.400003207550e+01,3.849978827819e+01,1.028949857102e+03,1.508086965536e+03,2.855915225196e+01,3.277222125637e+01,1.020609292263e+03,1.540525368423e+03,2.787460984161e+01,3.415537978393e+01,1.021866949399e+03,1.540472161052e+03
4.340000000000e+01,4.000002182475e+00,7.318303879086e+00,1.005996957225e+03,1.431835539658e+03,3.985072297200e+00,7.318303879086e+00,1.005997473320e+03,1.431768720888e+03,1.055084274624e+01,3.480000000000e+01,1.026772492638e+03,1.492052023597e+03,1.400003051116e+01,3.849979521642e+01,1.028950309854e+03,1.508088615298e+03,2.855732417590e+01,3.277288386867e+01,1.020610818068e+03,1.540523758269e+03,2.786531970615e+01,3.415636127152e+01,1.021871137486e+03,1.540454365971e+03
4.350000000000e+01,4.000002041721e+00,7.320873555423e+00,1.005999468860e+03,1.431840393769e+03,3.985437285278e+00,7.320873555423e+00,1.005999975761e+03,1.431775220395e+03,1.054962896758e+01,3.480000000000e+01,1.026773161578e+03,1.492049357422e+03,1.400002902312e+01,3.849980192736e+01,1.028950762414e+03,1.508090265039e+03,2.855554926016e+01,3.277353121729e+01,1.020612314968e+03,1.540522247458e+03,2.785618704252e+01,3.415732376242e+01,1.021875259519e+03,1.540436893041e+03
4.360000000000e+01,4.000001910044e+00,7.323381860575e+00,1.006001932001e+03,1.431845169664e+03,3.985793434627e+00,7.323381860575e+00,1.006002429921e+03,1.431781601783e+03,1.054844319705e+01,3.480000000000e+01,1.026773825561e+03,1.492046790424e+03,1.400002760765e+01,3.849980841847e+01,1.028951214788e+03,1.508091914755e+03,2.855382616277e+01,3.277416362824e+01,1.020613783653e+03,1.540520833430e+03,2.784721282475e+01,3.415826751075e+01,1.021879315401e+03,1.540419744949e+03
4.370000000000e+01,4.000001786860e+00,7.325829032283e+00,1.006004346836e+03,1.431849867645e+03,3.986140955164e+00,7.325829032283e+00,1.006004835983e+03,1.431787866303e+03,1.054728483413e+01,3.480000000000e+01,1.026774484694e+03,1.492044320481e+03,1.400002626121e+01,3.849981469693e+01,1.028951666982e+03,1.508093564443e+03,2.855215356308e+01,3.277478142180e+01,1.020615224795e+03,1.540519513669e+03,2.783839782048e+01,3.415919277232e+01,1.021883305104e+03,1.540402923925e+03
4.380000000000e+01,4.000001671620e+00,7.328215392237e+00,1.006006713618e+03,1.431854488121e+03,3.986480052021e+00,7.328215392237e+00,1.006007194199e+03,1.431794015292e+03,1.054615328904e+01,3.480000000000e+01,1.026775139082e+03,1.492041945513e+03,1.400002498044e+01,3.849982076971e+01,1.028952119004e+03,1.508095214102e+03,2.855053016224e+01,3.277538491251e+01,1.020616639059e+03,1.540518285696e+03,2.782974259661e+01,3.416009980435e+01,1.021887228665e+03,1.540386431752e+03
4.390000000000e+01,4.000001563812e+00,7.330541341192e+00,1.006009032665e+03,1.431859031600e+03,3.986810925640e+00,7.330541341192e+00,1.006009504880e+03,1.431800050169e+03,1.054504798258e+01,3.480000000000e+01,1.026775788827e+03,1.492039663472e+03,1.400002376213e+01,3.849982664354e+01,1.028952570858e+03,1.508096863729e+03,2.854895468362e+01,3.277597440929e+01,1.020618027097e+03,1.540517147074e+03,2.782124752544e+01,3.416098886518e+01,1.021891086187e+03,1.540370269783e+03
4.400000000000e+01,4.000001462957e+00,7.332807354054e+00,1.006011304353e+03,1.431863498688e+03,3.987133771879e+00,7.332807354054e+00,1.006011768396e+03,1.431805972423e+03,1.054396834613e+01,3.480000000000e+01,1.026776434032e+03,1.492037472352e+03,1.400002260324e+01,3.849983232493e+01,1.028953022550e+03,1.508098513321e+03,2.854742587318e+01,3.277655021540e+01,1.020619389549e+03,1.540516095410e+03,2.781291279099e+01,3.416186021404e+01,1.021894877831e+03,1.540354438954e+03
4.410000000000e+01,4.000001368607e+00,7.335013974968e+00,1.006013529112e+03,1.431867890076e+03,3.987448782101e+00,7.335013974968e+00,1.006013985175e+03,1.431811783613e+03,1.054291382145e+01,3.480000000000e+01,1.026777074794e+03,1.492035370179e+03,1.400002150087e+01,3.849983782019e+01,1.028953474086e+03,1.508100162877e+03,2.854594249975e+01,3.277711262856e+01,1.020620727044e+03,1.540515128351e+03,2.780473839568e+01,3.416271411077e+01,1.021898603821e+03,1.540338939791e+03
4.420000000000e+01,4.000001280341e+00,7.337161812446e+00,1.006015707422e+03,1.431872206539e+03,3.987756143270e+00,7.337161812446e+00,1.006016155693e+03,1.431817485361e+03,1.054188386068e+01,3.480000000000e+01,1.026777711212e+03,1.492033355018e+03,1.400002045226e+01,3.849984313541e+01,1.028953925470e+03,1.508101812395e+03,2.854450335526e+01,3.277766194097e+01,1.020622040198e+03,1.540514243590e+03,2.779672416716e+01,3.416355081559e+01,1.021902264434e+03,1.540323772435e+03
4.430000000000e+01,4.000001197768e+00,7.339251534537e+00,1.006017839812e+03,1.431876448928e+03,3.988056038048e+00,7.339251534537e+00,1.006018280473e+03,1.431823079343e+03,1.054087792616e+01,3.480000000000e+01,1.026778343382e+03,1.492031424970e+03,1.400001945480e+01,3.849984827648e+01,1.028954376709e+03,1.508103461874e+03,2.854310725494e+01,3.277819843938e+01,1.020623329617e+03,1.540513438864e+03,2.778886976532e+01,3.416437058891e+01,1.021905860003e+03,1.540308936647e+03
4.440000000000e+01,4.000001120520e+00,7.341283864079e+00,1.006019926853e+03,1.431880618164e+03,3.988348644883e+00,7.341283864079e+00,1.006020360084e+03,1.431828567288e+03,1.053989549037e+01,3.480000000000e+01,1.026778971396e+03,1.492029578170e+03,1.400001850598e+01,3.849985324911e+01,1.028954827808e+03,1.508105111312e+03,2.854175303742e+01,3.277872240514e+01,1.020624595893e+03,1.540512711953e+03,2.778117468949e+01,3.416517369102e+01,1.021909390912e+03,1.540294431830e+03
4.450000000000e+01,4.000001048255e+00,7.343259574040e+00,1.006021969157e+03,1.431884715230e+03,3.988634138098e+00,7.343259574040e+00,1.006022395132e+03,1.431833950968e+03,1.053893603580e+01,3.480000000000e+01,1.026779595347e+03,1.492027812789e+03,1.400001760343e+01,3.849985805881e+01,1.028955278770e+03,1.508106760708e+03,2.854043956482e+01,3.277923411424e+01,1.020625839608e+03,1.540512060683e+03,2.777363828571e+01,3.416596038200e+01,1.021912857594e+03,1.540280257041e+03
4.460000000000e+01,4.000000980650e+00,7.345179482970e+00,1.006023967370e+03,1.431888741171e+03,3.988912687984e+00,7.345179482970e+00,1.006024386259e+03,1.431839232197e+03,1.053799905484e+01,3.480000000000e+01,1.026780215324e+03,1.492026127033e+03,1.400001674490e+01,3.849986271092e+01,1.028955729600e+03,1.508108410062e+03,2.853916572280e+01,3.277973383742e+01,1.020627061332e+03,1.540511482926e+03,2.776625975407e+01,3.416673092140e+01,1.021916260528e+03,1.540266411007e+03
4.470000000000e+01,4.000000917404e+00,7.347044450583e+00,1.006025922171e+03,1.431892697081e+03,3.989184460880e+00,7.347044450583e+00,1.006026334143e+03,1.431844412822e+03,1.053708404967e+01,3.480000000000e+01,1.026780831417e+03,1.492024519143e+03,1.400001592825e+01,3.849986721060e+01,1.028956180303e+03,1.508110059372e+03,2.853793042053e+01,3.278022184018e+01,1.020628261621e+03,1.540510976596e+03,2.775903815612e+01,3.416748556815e+01,1.021919600237e+03,1.540252892143e+03
4.480000000000e+01,4.000000858238e+00,7.348855373472e+00,1.006027834270e+03,1.431896584102e+03,3.989449619268e+00,7.348855373472e+00,1.006028239486e+03,1.431849494721e+03,1.053619053213e+01,3.480000000000e+01,1.026781443712e+03,1.492022987392e+03,1.400001515142e+01,3.849987156283e+01,1.028956630883e+03,1.508111708638e+03,2.853673259067e+01,3.278069838287e+01,1.020629441023e+03,1.540510539655e+03,2.775197242230e+01,3.416822458033e+01,1.021922877287e+03,1.540239698567e+03
4.490000000000e+01,4.000000802888e+00,7.350613180974e+00,1.006029704401e+03,1.431900403419e+03,3.989708321844e+00,7.350613180974e+00,1.006030103022e+03,1.431854479795e+03,1.053531802359e+01,3.480000000000e+01,1.026782052294e+03,1.492021530088e+03,1.400001441248e+01,3.849987577246e+01,1.028957081345e+03,1.508113357860e+03,2.853557118927e+01,3.278116372075e+01,1.020630600072e+03,1.540510170108e+03,2.774506135927e+01,3.416894821498e+01,1.021926092278e+03,1.540226828113e+03
4.500000000000e+01,4.000000751107e+00,7.352318831191e+00,1.006031533321e+03,1.431904156253e+03,3.989960723614e+00,7.352318831191e+00,1.006031925502e+03,1.431859369967e+03,1.053446605487e+01,3.480000000000e+01,1.026782657245e+03,1.492020145571e+03,1.400001370957e+01,3.849987984414e+01,1.028957531692e+03,1.508115007036e+03,2.853444519567e+01,3.278161810407e+01,1.020631739292e+03,1.540509866005e+03,2.773830365732e+01,3.416965672799e+01,1.021929245852e+03,1.540214278353e+03
4.510000000000e+01,4.000000702666e+00,7.353973307182e+00,1.006033321806e+03,1.431907843857e+03,3.990206975962e+00,7.353973307182e+00,1.006033707700e+03,1.431864167172e+03,1.053363416605e+01,3.480000000000e+01,1.026783258649e+03,1.492018832216e+03,1.400001304095e+01,3.849988378241e+01,1.028957981928e+03,1.508116656167e+03,2.853335361233e+01,3.278206177811e+01,1.020632859193e+03,1.540509625443e+03,2.773169789763e+01,3.417035037392e+01,1.021932338680e+03,1.540202046607e+03
4.520000000000e+01,4.000000657349e+00,7.355577613315e+00,1.006035070652e+03,1.431911467510e+03,3.990447226740e+00,7.355577613315e+00,1.006035450407e+03,1.431868873359e+03,1.053282190640e+01,3.480000000000e+01,1.026783856583e+03,1.492017588428e+03,1.400001240494e+01,3.849988759161e+01,1.028958432057e+03,1.508118305252e+03,2.853229546470e+01,3.278249498325e+01,1.020633960278e+03,1.540509446560e+03,2.772524255943e+01,3.417102940586e+01,1.021935371467e+03,1.540190129962e+03
4.530000000000e+01,4.000000614955e+00,7.357132771805e+00,1.006036780664e+03,1.431915028515e+03,3.990681620337e+00,7.357132771805e+00,1.006037154427e+03,1.431873490485e+03,1.053202883424e+01,3.480000000000e+01,1.026784451128e+03,1.492016412645e+03,1.400001179994e+01,3.849989127600e+01,1.028958882082e+03,1.508119954291e+03,2.853126980100e+01,3.278291795507e+01,1.020635043034e+03,1.540509327540e+03,2.771893602717e+01,3.417169407526e+01,1.021938344946e+03,1.540178525285e+03
4.540000000000e+01,4.000000575294e+00,7.358639819417e+00,1.006038452664e+03,1.431918528194e+03,3.990910297763e+00,7.358639819417e+00,1.006038820576e+03,1.431878020506e+03,1.053125451678e+01,3.480000000000e+01,1.026785042359e+03,1.492015303336e+03,1.400001122445e+01,3.849989483965e+01,1.028959332008e+03,1.508121603285e+03,2.853027569199e+01,3.278333092439e+01,1.020636107942e+03,1.540509266610e+03,2.771277659735e+01,3.417234463186e+01,1.021941259876e+03,1.540167229243e+03
4.550000000000e+01,4.000000538192e+00,7.360099804352e+00,1.006040087478e+03,1.431921967883e+03,3.991133396716e+00,7.360099804352e+00,1.006040449679e+03,1.431882465382e+03,1.053049853001e+01,3.480000000000e+01,1.026785630353e+03,1.492014259000e+03,1.400001067703e+01,3.849989828651e+01,1.028959781836e+03,1.508123252233e+03,2.852931223075e+01,3.278373411733e+01,1.020637155468e+03,1.540509262040e+03,2.770676248545e+01,3.417298132354e+01,1.021944117039e+03,1.540156238310e+03
4.560000000000e+01,4.000000503482e+00,7.361513783316e+00,1.006041685943e+03,1.431925348928e+03,3.991351051662e+00,7.361513783316e+00,1.006042042568e+03,1.431886827066e+03,1.052976045860e+01,3.480000000000e+01,1.026786215181e+03,1.492013278169e+03,1.400001015630e+01,3.849990162042e+01,1.028960231572e+03,1.508124901135e+03,2.852837853242e+01,3.278412775541e+01,1.020638186068e+03,1.540509312144e+03,2.770089183249e+01,3.417360439620e+01,1.021946917243e+03,1.540145548790e+03
4.570000000000e+01,4.000000471011e+00,7.362882818753e+00,1.006043248897e+03,1.431928672685e+03,3.991563393903e+00,7.362882818753e+00,1.006043600079e+03,1.431891107507e+03,1.052903989571e+01,3.480000000000e+01,1.026786796917e+03,1.492012359401e+03,1.400000966098e+01,3.849990484507e+01,1.028960681216e+03,1.508126549991e+03,2.852747373390e+01,3.278451205562e+01,1.020639200191e+03,1.540509415277e+03,2.769516271154e+01,3.417421409366e+01,1.021949661311e+03,1.540135156827e+03
4.580000000000e+01,4.000000440634e+00,7.364207976267e+00,1.006044777183e+03,1.431931940510e+03,3.991770551651e+00,7.364207976267e+00,1.006045123051e+03,1.431895308641e+03,1.052833644291e+01,3.480000000000e+01,1.026787375630e+03,1.492011501289e+03,1.400000918981e+01,3.849990796405e+01,1.028961130774e+03,1.508128198803e+03,2.852659699358e+01,3.278488723045e+01,1.020640198270e+03,1.540509569836e+03,2.768957313404e+01,3.417481065758e+01,1.021952350086e+03,1.540125058418e+03
4.590000000000e+01,4.000000412216e+00,7.365490322202e+00,1.006046271643e+03,1.431935153763e+03,3.991972650092e+00,7.365490322202e+00,1.006046612325e+03,1.431899432393e+03,1.052764971000e+01,3.480000000000e+01,1.026787951391e+03,1.492010702450e+03,1.400000874161e+01,3.849991098081e+01,1.028961580247e+03,1.508129847569e+03,2.852574749102e+01,3.278525348800e+01,1.020641180732e+03,1.540509774259e+03,2.768412105581e+01,3.417539432732e+01,1.021954984427e+03,1.540115249430e+03
4.600000000000e+01,4.000000385631e+00,7.366730921402e+00,1.006047733119e+03,1.431938313802e+03,3.992169811460e+00,7.366730921402e+00,1.006048068738e+03,1.431903480673e+03,1.052697931494e+01,3.480000000000e+01,1.026788524267e+03,1.492009961532e+03,1.400000831528e+01,3.849991389870e+01,1.028962029639e+03,1.508131496291e+03,2.852492442665e+01,3.278561103203e+01,1.020642147993e+03,1.540510027024e+03,2.767880438303e+01,3.417596533993e+01,1.021957565206e+03,1.540105725607e+03
4.610000000000e+01,4.000000360761e+00,7.367930835131e+00,1.006049162449e+03,1.431941421979e+03,3.992362155097e+00,7.367930835131e+00,1.006049493126e+03,1.431907455371e+03,1.052632488367e+01,3.480000000000e+01,1.026789094324e+03,1.492009277212e+03,1.400000790974e+01,3.849991672097e+01,1.028962478951e+03,1.508133144969e+03,2.852412702142e+01,3.278596006204e+01,1.020643100457e+03,1.540510326650e+03,2.767362097788e+01,3.417652393000e+01,1.021960093305e+03,1.540096482592e+03
4.620000000000e+01,4.000000337494e+00,7.369091119145e+00,1.006050560468e+03,1.431944479640e+03,3.992549797525e+00,7.369091119145e+00,1.006050886320e+03,1.431911358360e+03,1.052568604997e+01,3.480000000000e+01,1.026789661626e+03,1.492008648193e+03,1.400000752398e+01,3.849991945074e+01,1.028962928188e+03,1.508134793603e+03,2.852335451648e+01,3.278630077335e+01,1.020644038520e+03,1.540510671696e+03,2.766856866401e+01,3.417707032964e+01,1.021962569619e+03,1.540087515929e+03
4.630000000000e+01,4.000000315728e+00,7.370212821934e+00,1.006051928004e+03,1.431947488121e+03,3.992732852504e+00,7.370212821934e+00,1.006052249147e+03,1.431915191491e+03,1.052506245539e+01,3.480000000000e+01,1.026790226238e+03,1.492008073205e+03,1.400000715703e+01,3.849992209105e+01,1.028963377351e+03,1.508136442193e+03,2.852260617282e+01,3.278663335712e+01,1.020644962569e+03,1.540511060756e+03,2.766364523179e+01,3.417760476838e+01,1.021964995049e+03,1.540078821083e+03
4.640000000000e+01,4.000000295366e+00,7.371296983095e+00,1.006053265878e+03,1.431950448748e+03,3.992911431096e+00,7.371296983095e+00,1.006053582425e+03,1.431918956589e+03,1.052445374906e+01,3.480000000000e+01,1.026790788221e+03,1.492007551008e+03,1.400000680798e+01,3.849992464482e+01,1.028963826442e+03,1.508138090741e+03,2.852188127094e+01,3.278695800050e+01,1.020645872979e+03,1.540511492466e+03,2.765884844335e+01,3.417812747311e+01,1.021967370504e+03,1.540070393445e+03
4.650000000000e+01,4.000000276317e+00,7.372344631863e+00,1.006054574904e+03,1.431953362833e+03,3.993085641731e+00,7.372344631863e+00,1.006054886965e+03,1.431922655456e+03,1.052385958757e+01,3.480000000000e+01,1.026791347636e+03,1.492007080384e+03,1.400000647595e+01,3.849992711490e+01,1.028964275465e+03,1.508139739247e+03,2.852117911046e+01,3.278727488663e+01,1.020646770119e+03,1.540511965497e+03,2.765417603738e+01,3.417863866808e+01,1.021969696896e+03,1.540062228347e+03
4.660000000000e+01,4.000000258496e+00,7.373356785770e+00,1.006055855886e+03,1.431956231673e+03,3.993255590259e+00,7.373356785770e+00,1.006056163569e+03,1.431926289867e+03,1.052327963487e+01,3.480000000000e+01,1.026791904543e+03,1.492006660144e+03,1.400000616011e+01,3.849992950402e+01,1.028964724421e+03,1.508141387711e+03,2.852049900978e+01,3.278758419474e+01,1.020647654345e+03,1.540512478557e+03,2.764962573368e+01,3.417913857477e+01,1.021971975142e+03,1.540054321070e+03
4.670000000000e+01,4.000000241825e+00,7.374334449438e+00,1.006057109617e+03,1.431959056548e+03,3.993421380014e+00,7.374334449438e+00,1.006057413026e+03,1.431929861568e+03,1.052271356211e+01,3.480000000000e+01,1.026792458999e+03,1.492006289124e+03,1.400000585968e+01,3.849993181484e+01,1.028965173313e+03,1.508143036134e+03,2.851984030573e+01,3.278788610021e+01,1.020648526009e+03,1.540513030389e+03,2.764519523758e+01,3.417962741190e+01,1.021974206161e+03,1.540046666854e+03
4.680000000000e+01,4.000000226229e+00,7.375278613495e+00,1.006058336881e+03,1.431961838721e+03,3.993583111870e+00,7.375278613495e+00,1.006058636119e+03,1.431933372279e+03,1.052216104754e+01,3.480000000000e+01,1.026793011062e+03,1.492005966183e+03,1.400000557390e+01,3.849993404992e+01,1.028965622143e+03,1.508144684516e+03,2.851920235317e+01,3.278818077465e+01,1.020649385449e+03,1.540513619774e+03,2.764088224403e+01,3.418010539538e+01,1.021976390872e+03,1.540039260908e+03
4.690000000000e+01,4.000000211639e+00,7.376190253609e+00,1.006059538447e+03,1.431964579436e+03,3.993740884300e+00,7.376190253609e+00,1.006059833615e+03,1.431936823687e+03,1.052162177635e+01,3.480000000000e+01,1.026793560788e+03,1.492005690208e+03,1.400000530206e+01,3.849993621174e+01,1.028966070913e+03,1.508146332859e+03,2.851858452463e+01,3.278846838595e+01,1.020650232998e+03,1.540514245523e+03,2.763668444152e+01,3.418057273826e+01,1.021978530193e+03,1.540032098420e+03
4.700000000000e+01,4.000000197990e+00,7.377070329640e+00,1.006060715076e+03,1.431967279917e+03,3.993894793426e+00,7.377070329640e+00,1.006061006270e+03,1.431940217449e+03,1.052109544056e+01,3.480000000000e+01,1.026794108230e+03,1.492005460107e+03,1.400000504347e+01,3.849993830271e+01,1.028966519624e+03,1.508147981162e+03,2.851798620996e+01,3.278874909837e+01,1.020651068979e+03,1.540514906485e+03,2.763259951581e+01,3.418102965073e+01,1.021980625042e+03,1.540025174562e+03
4.710000000000e+01,4.000000185221e+00,7.377919784887e+00,1.006061867511e+03,1.431969941365e+03,3.994044933077e+00,7.377919784887e+00,1.006062154828e+03,1.431943555191e+03,1.052058173892e+01,3.480000000000e+01,1.026794653443e+03,1.492005274813e+03,1.400000479750e+01,3.849994032515e+01,1.028966968279e+03,1.508149629427e+03,2.851740681593e+01,3.278902307257e+01,1.020651893707e+03,1.540515601538e+03,2.762862515338e+01,3.418147634006e+01,1.021982676332e+03,1.540018484500e+03
4.720000000000e+01,4.000000173275e+00,7.378739545441e+00,1.006062996485e+03,1.431972564962e+03,3.994191394839e+00,7.378739545441e+00,1.006063280018e+03,1.431946838508e+03,1.052008037674e+01,3.480000000000e+01,1.026795196477e+03,1.492005133282e+03,1.400000456352e+01,3.849994228130e+01,1.028967416880e+03,1.508151277654e+03,2.851684576589e+01,3.278929046574e+01,1.020652707490e+03,1.540516329595e+03,2.762475904474e+01,3.418191301061e+01,1.021984684972e+03,1.540012023402e+03
4.730000000000e+01,4.000000162100e+00,7.379530519633e+00,1.006064102715e+03,1.431975151866e+03,3.994334268111e+00,7.379530519633e+00,1.006064382555e+03,1.431950068959e+03,1.051959106579e+01,3.480000000000e+01,1.026795737385e+03,1.492005034493e+03,1.400000434096e+01,3.849994417333e+01,1.028967865428e+03,1.508152925844e+03,2.851630249937e+01,3.278955143158e+01,1.020653510627e+03,1.540517089600e+03,2.762099888748e+01,3.418233986378e+01,1.021986651868e+03,1.540005786444e+03
4.740000000000e+01,4.000000151646e+00,7.380293597566e+00,1.006065186905e+03,1.431977703210e+03,3.994473640151e+00,7.380293597566e+00,1.006065463141e+03,1.431953248074e+03,1.051911352420e+01,3.480000000000e+01,1.026796276216e+03,1.492004977449e+03,1.400000412925e+01,3.849994600335e+01,1.028968313926e+03,1.508154573997e+03,2.851577647176e+01,3.278980612043e+01,1.020654303408e+03,1.540517880526e+03,2.761734238918e+01,3.418275709802e+01,1.021988577919e+03,1.539999768816e+03
4.750000000000e+01,4.000000141866e+00,7.381029650729e+00,1.006066249742e+03,1.431980220106e+03,3.994609596128e+00,7.381029650729e+00,1.006066522461e+03,1.431956377348e+03,1.051864747628e+01,3.480000000000e+01,1.026796813018e+03,1.492004961171e+03,1.400000392786e+01,3.849994777338e+01,1.028968762374e+03,1.508156222115e+03,2.851526715388e+01,3.279005467932e+01,1.020655086118e+03,1.540518701379e+03,2.761378727003e+01,3.418316490883e+01,1.021990464017e+03,1.539993965729e+03
4.760000000000e+01,4.000000132716e+00,7.381739531686e+00,1.006067291902e+03,1.431982703642e+03,3.994742219170e+00,7.381739531686e+00,1.006067561189e+03,1.431959458242e+03,1.051819265248e+01,3.480000000000e+01,1.026797347840e+03,1.492004984705e+03,1.400000373630e+01,3.849994948540e+01,1.028969210775e+03,1.508157870197e+03,2.851477403169e+01,3.279029725201e+01,1.020655859034e+03,1.540519551192e+03,2.761033126540e+01,3.418356348872e+01,1.021992311045e+03,1.539988372421e+03
4.770000000000e+01,4.000000124157e+00,7.382424073842e+00,1.006068314042e+03,1.431985154878e+03,3.994871590411e+00,7.382424073842e+00,1.006068579979e+03,1.431962492184e+03,1.051774878920e+01,3.480000000000e+01,1.026797880727e+03,1.492005047117e+03,1.400000355408e+01,3.849995114131e+01,1.028969659130e+03,1.508159518245e+03,2.851429660589e+01,3.279053397909e+01,1.020656622424e+03,1.540520429027e+03,2.760697212810e+01,3.418395302722e+01,1.021994119881e+03,1.539982984162e+03
4.780000000000e+01,4.000000116150e+00,7.383084091263e+00,1.006069316806e+03,1.431987574854e+03,3.994997789039e+00,7.383084091263e+00,1.006069579474e+03,1.431965480571e+03,1.051731562873e+01,3.480000000000e+01,1.026798411726e+03,1.492005147494e+03,1.400000338074e+01,3.849995274293e+01,1.028970107441e+03,1.508161166260e+03,2.851383439156e+01,3.279076499801e+01,1.020657376551e+03,1.540521333975e+03,2.760370763052e+01,3.418433371088e+01,1.021995891392e+03,1.539977796257e+03
4.790000000000e+01,4.000000108659e+00,7.383720378571e+00,1.006070300820e+03,1.431989964581e+03,3.995120892338e+00,7.383720378571e+00,1.006070560299e+03,1.431968424763e+03,1.051689291909e+01,3.480000000000e+01,1.026798940881e+03,1.492005284943e+03,1.400000321586e+01,3.849995429206e+01,1.028970555708e+03,1.508162814241e+03,2.851338691783e+01,3.279099044315e+01,1.020658121669e+03,1.540522265153e+03,2.760053556661e+01,3.418470572329e+01,1.021997626434e+03,1.539972804055e+03
4.800000000000e+01,4.000000101651e+00,7.384333710881e+00,1.006071266699e+03,1.431992325049e+03,3.995240975736e+00,7.384333710881e+00,1.006071523065e+03,1.431971326088e+03,1.051648041395e+01,3.480000000000e+01,1.026799468236e+03,1.492005458590e+03,1.400000305902e+01,3.849995579041e+01,1.028971003934e+03,1.508164462190e+03,2.851295372753e+01,3.279121044590e+01,1.020658858028e+03,1.540523221706e+03,2.759745375369e+01,3.418506924506e+01,1.021999325856e+03,1.539968002948e+03
4.810000000000e+01,4.000000095096e+00,7.384924843797e+00,1.006072215038e+03,1.431994657219e+03,3.995358112847e+00,7.384924843797e+00,1.006072468367e+03,1.431974185841e+03,1.051607787250e+01,3.480000000000e+01,1.026799993832e+03,1.492005667584e+03,1.400000290983e+01,3.849995723965e+01,1.028971452120e+03,1.508166110107e+03,2.851253437685e+01,3.279142513467e+01,1.020659585869e+03,1.540524202802e+03,2.759446003409e+01,3.418542445383e+01,1.022000990495e+03,1.539963388378e+03
4.820000000000e+01,4.000000088963e+00,7.385494513450e+00,1.006073146419e+03,1.431996962032e+03,3.995472375513e+00,7.385494513450e+00,1.006073396784e+03,1.431977005286e+03,1.051568505935e+01,3.480000000000e+01,1.026800517712e+03,1.492005911088e+03,1.400000276792e+01,3.849995864139e+01,1.028971900267e+03,1.508167757994e+03,2.851212843498e+01,3.279163463501e+01,1.020660305428e+03,1.540525207638e+03,2.759155227661e+01,3.418577152429e+01,1.022002621176e+03,1.539958955840e+03
4.830000000000e+01,4.000000083225e+00,7.386043436587e+00,1.006074061409e+03,1.431999240400e+03,3.995583833845e+00,7.386043436587e+00,1.006074308882e+03,1.431979785652e+03,1.051530174441e+01,3.480000000000e+01,1.026801039916e+03,1.492006188289e+03,1.400000263292e+01,3.849995999718e+01,1.028972348376e+03,1.508169405850e+03,2.851173548382e+01,3.279183906965e+01,1.020661016934e+03,1.540526235433e+03,2.758872837795e+01,3.418611062819e+01,1.022004218712e+03,1.539954700885e+03
4.840000000000e+01,4.000000077858e+00,7.386572310687e+00,1.006074960559e+03,1.432001493212e+03,3.995692556266e+00,7.386572310687e+00,1.006075205210e+03,1.431982528136e+03,1.051492770280e+01,3.480000000000e+01,1.026801560484e+03,1.492006498388e+03,1.400000250452e+01,3.849996130852e+01,1.028972796449e+03,1.508171053677e+03,2.851135511761e+01,3.279203855851e+01,1.020661720609e+03,1.540527285431e+03,2.758598626385e+01,3.418644193434e+01,1.022005783907e+03,1.539950619121e+03
4.850000000000e+01,4.000000072836e+00,7.387081814121e+00,1.006075844404e+03,1.432003721334e+03,3.995798609549e+00,7.387081814121e+00,1.006076086301e+03,1.431985233904e+03,1.051456271472e+01,3.480000000000e+01,1.026802079455e+03,1.492006840607e+03,1.400000238237e+01,3.849996257689e+01,1.028973244487e+03,1.508172701475e+03,2.851098694263e+01,3.279223321881e+01,1.020662416671e+03,1.540528356898e+03,2.758332389024e+01,3.418676560864e+01,1.022007317550e+03,1.539946706221e+03
4.860000000000e+01,4.000000068139e+00,7.387572606336e+00,1.006076713466e+03,1.432005925606e+03,3.995902058855e+00,7.387572606336e+00,1.006076952676e+03,1.431987904091e+03,1.051420656537e+01,3.480000000000e+01,1.026802596867e+03,1.492007214185e+03,1.400000226618e+01,3.849996380367e+01,1.028973692490e+03,1.508174349245e+03,2.851063057689e+01,3.279242316513e+01,1.020663105331e+03,1.540529449125e+03,2.758073924415e+01,3.418708181412e+01,1.022008820419e+03,1.539942957916e+03
4.870000000000e+01,4.000000063744e+00,7.388045328079e+00,1.006077568251e+03,1.432008106844e+03,3.996002967774e+00,7.388045328079e+00,1.006077804839e+03,1.431990539801e+03,1.051385904484e+01,3.480000000000e+01,1.026803112756e+03,1.492007618376e+03,1.400000215566e+01,3.849996499025e+01,1.028974140461e+03,1.508175996988e+03,2.851028564979e+01,3.279260850942e+01,1.020663786794e+03,1.540530561423e+03,2.757823034462e+01,3.418739071090e+01,1.022010293278e+03,1.539939370009e+03
4.880000000000e+01,4.000000059633e+00,7.388500601629e+00,1.006078409251e+03,1.432010265843e+03,3.996101398357e+00,7.388500601629e+00,1.006078643280e+03,1.431993142105e+03,1.051351994798e+01,3.480000000000e+01,1.026803627159e+03,1.492008052455e+03,1.400000205052e+01,3.849996613793e+01,1.028974588400e+03,1.508177644703e+03,2.850995180187e+01,3.279278936108e+01,1.020664461260e+03,1.540531693124e+03,2.757579524335e+01,3.418769245626e+01,1.022011736879e+03,1.539935938365e+03
4.890000000000e+01,4.000000055787e+00,7.388939031071e+00,1.006079236942e+03,1.432012403372e+03,3.996197411157e+00,7.388939031071e+00,1.006079468475e+03,1.431995712048e+03,1.051318907436e+01,3.480000000000e+01,1.026804140112e+03,1.492008515710e+03,1.400000195052e+01,3.849996724798e+01,1.028975036308e+03,1.508179292393e+03,2.850962868444e+01,3.279296582701e+01,1.020665128924e+03,1.540532843584e+03,2.757343202542e+01,3.418798720464e+01,1.022013151960e+03,1.539932658921e+03
4.900000000000e+01,4.000000052190e+00,7.389361202569e+00,1.006080051788e+03,1.432014520178e+03,3.996291065265e+00,7.389361202569e+00,1.006080280886e+03,1.431998250643e+03,1.051286622812e+01,3.480000000000e+01,1.026804651648e+03,1.492009007448e+03,1.400000185539e+01,3.849996832165e+01,1.028975484187e+03,1.508180940057e+03,2.850931595935e+01,3.279313801167e+01,1.020665789975e+03,1.540534012175e+03,2.757113880977e+01,3.418827510770e+01,1.022014539247e+03,1.539929527684e+03
4.910000000000e+01,4.000000048824e+00,7.389767684675e+00,1.006080854238e+03,1.432016616986e+03,3.996382418339e+00,7.389767684675e+00,1.006081080960e+03,1.432000758874e+03,1.051255121790e+01,3.480000000000e+01,1.026805161802e+03,1.492009526989e+03,1.400000176490e+01,3.849996936013e+01,1.028975932037e+03,1.508182587696e+03,2.850901329865e+01,3.279330601712e+01,1.020666444597e+03,1.540535198292e+03,2.756891374962e+01,3.418855631428e+01,1.022015899451e+03,1.539926540731e+03
4.920000000000e+01,4.000000045675e+00,7.390159028639e+00,1.006081644728e+03,1.432018694500e+03,3.996471526644e+00,7.390159028639e+00,1.006081869131e+03,1.432003237698e+03,1.051224385673e+01,3.480000000000e+01,1.026805670607e+03,1.492010073671e+03,1.400000167883e+01,3.849997036457e+01,1.028976379858e+03,1.508184235311e+03,2.850872038437e+01,3.279346994308e+01,1.020667092969e+03,1.540536401347e+03,2.756675503289e+01,3.418883097049e+01,1.022017233271e+03,1.539923694212e+03
4.930000000000e+01,4.000000042729e+00,7.390535768738e+00,1.006082423680e+03,1.432020753399e+03,3.996558445079e+00,7.390535768738e+00,1.006082645820e+03,1.432005688044e+03,1.051194396195e+01,3.480000000000e+01,1.026806178094e+03,1.492010646846e+03,1.400000159695e+01,3.849997133607e+01,1.028976827653e+03,1.508185882902e+03,2.850843690818e+01,3.279362988696e+01,1.020667735265e+03,1.540537620773e+03,2.756466088241e+01,3.418909921969e+01,1.022018541392e+03,1.539920984350e+03
4.940000000000e+01,4.000000039973e+00,7.390898422615e+00,1.006083191502e+03,1.432022794344e+03,3.996643227218e+00,7.390898422615e+00,1.006083411435e+03,1.432008110812e+03,1.051165135512e+01,3.480000000000e+01,1.026806684296e+03,1.492011245881e+03,1.400000151907e+01,3.849997227574e+01,1.028977275422e+03,1.508187530470e+03,2.850816257115e+01,3.279378594394e+01,1.020668371654e+03,1.540538856019e+03,2.756262955613e+01,3.418936120257e+01,1.022019824484e+03,1.539918407442e+03
4.950000000000e+01,4.000000037395e+00,7.391247491626e+00,1.006083948591e+03,1.432024817974e+03,3.996725925332e+00,7.391247491626e+00,1.006084166370e+03,1.432010506878e+03,1.051136586190e+01,3.480000000000e+01,1.026807189244e+03,1.492011870159e+03,1.400000144498e+01,3.849997318460e+01,1.028977723165e+03,1.508189178016e+03,2.850789708351e+01,3.279393820699e+01,1.020669002301e+03,1.540540106552e+03,2.756065934723e+01,3.418961705712e+01,1.022021083206e+03,1.539915959860e+03
4.960000000000e+01,4.000000034984e+00,7.391583461192e+00,1.006084695330e+03,1.432026824909e+03,3.996806590426e+00,7.391583461192e+00,1.006084911008e+03,1.432012877091e+03,1.051108731202e+01,3.480000000000e+01,1.026807692966e+03,1.492012519075e+03,1.400000137451e+01,3.849997406367e+01,1.028978170884e+03,1.508190825541e+03,2.850764016433e+01,3.279408676692e+01,1.020669627366e+03,1.540541371856e+03,2.755874858420e+01,3.418986691871e+01,1.022022318201e+03,1.539913638046e+03
4.970000000000e+01,4.000000032727e+00,7.391906801162e+00,1.006085432091e+03,1.432028815746e+03,3.996885272268e+00,7.391906801162e+00,1.006085645719e+03,1.432015222272e+03,1.051081553912e+01,3.480000000000e+01,1.026808195493e+03,1.492013192040e+03,1.400000130747e+01,3.849997491392e+01,1.028978618579e+03,1.508192473043e+03,2.850739154134e+01,3.279423171247e+01,1.020670247006e+03,1.540542651433e+03,2.755689563080e+01,3.419011092009e+01,1.022023530100e+03,1.539911438521e+03
4.980000000000e+01,4.000000030617e+00,7.392217966173e+00,1.006086159233e+03,1.432030791065e+03,3.996962019416e+00,7.392217966173e+00,1.006086370860e+03,1.432017543222e+03,1.051055038073e+01,3.480000000000e+01,1.026808696853e+03,1.492013888478e+03,1.400000124371e+01,3.849997573630e+01,1.028979066252e+03,1.508194120526e+03,2.850715095064e+01,3.279437313028e+01,1.020670861371e+03,1.540543944798e+03,2.755509888601e+01,3.419034919143e+01,1.022024719521e+03,1.539909357878e+03
4.990000000000e+01,4.000000028642e+00,7.392517396018e+00,1.006086877103e+03,1.432032751427e+03,3.997036879252e+00,7.392517396018e+00,1.006087086779e+03,1.432019840713e+03,1.051029167816e+01,3.480000000000e+01,1.026809197074e+03,1.492014607825e+03,1.400000118305e+01,3.849997653172e+01,1.028979513902e+03,1.508195767988e+03,2.850691813645e+01,3.279451110498e+01,1.020671470608e+03,1.540545251484e+03,2.755335678391e+01,3.419058186038e+01,1.022025887066e+03,1.539907392785e+03
5.000000000000e+01,4.000000026795e+00,7.392805516015e+00,1.006087586037e+03,1.432034697375e+03,3.997109898005e+00,7.392805516015e+00,1.006087793809e+03,1.432022115497e+03,1.051003927639e+01,3.480000000000e+01,1.026809696184e+03,1.492015349533e+03,1.400000112535e+01,3.849997730107e+01,1.028979961531e+03,1.508197415431e+03,2.850669285092e+01,3.279464571926e+01,1.020672074862e+03,1.540546571038e+03,2.755166779350e+01,3.419080905204e+01,1.022027033327e+03,1.539905539982e+03
