H10.0,H10.5,H11.0,H11.5,H12.0,H12.5,H13.0,H13.5,H14.0,H14.5,H15.0,H15.5,H16.0,H16.5,H17.0,H17.5,H18.0,H18.5,H19.0,H19.5,H20.0,H20.5,H21.0,H21.5,H22.0,H22.5,H23.0,H23.5,H24.0,H24.5,H25.0,H25.5,H26.0,H26.5,H27.0,H27.5,H28.0,H28.5,H29.0,H29.5,H30.0,H30.5,H31.0,H31.5,H32.0,H32.5,H33.0,H33.5,H34.0,H34.5,H35.0,H35.5,H36.0,H36.5,H37.0,H37.5,H38.0,H38.5,H39.0,H39.5,H40.0,H40.5,H41.0,H41.5,H42.0,H42.5,H43.0,H43.5,H44.0,H44.5,H45.0,H45.5,H46.0,H46.5,H47.0,H47.5,H48.0,H48.5,H49.0,H49.5,H50.0,H50.5,H51.0,H51.5,H52.0,H52.5,H53.0,H53.5,H54.0,H54.5,H55.0,H55.5,H56.0,H56.5,H57.0,H57.5,H58.0,H58.5,H59.0,H59.5,H60.0,H60.5,H61.0,H61.5,H62.0,H62.5,H63.0,H63.5,H64.0,H64.5,H65.0,H65.5,H66.0,H66.5,H67.0,H67.5,H68.0,H68.5,H69.0,H69.5,H70.0,H70.5,H71.0,H71.5,H72.0,H72.5,H73.0,H73.5,H74.0,H74.5,H75.0,H75.5,H76.0,H76.5,H77.0,H77.5,H78.0,H78.5,H79.0,H79.5,H80.0,H80.5,H81.0,H81.5,H82.0,H82.5,H83.0,H83.5,H84.0,H84.5,H85.0,H85.5,H86.0,H86.5,H87.0,H87.5,H88.0,H88.5,H89.0,H89.5,H90.0,H90.5,H91.0,H91.5,H92.0,H92.5,H93.0,H93.5,H94.0,H94.5,H95.0,H95.5,H96.0,H96.5,H97.0,H97.5,H98.0,H98.5,H99.0,H99.5,H100.0
-9.927387513526e+02,-8.857837257626e+02,-7.942594173094e+02,-7.154110792332e+02,-6.470638979383e+02,-5.874835921093e+02,-5.352744014679e+02,-4.893034650022e+02,-4.486440918653e+02,-4.125327361686e+02,-3.803360328887e+02,-3.515253036423e+02,-3.256566665021e+02,-3.023553911093e+02,-2.813034991409e+02,-2.622298669438e+02,-2.449022727368e+02,-2.291209660754e+02,-2.147134366738e+02,-2.015301334044e+02,-1.894409399897e+02,-1.783322571458e+02,-1.681045750677e+02,-1.586704464924e+02,-1.499527894864e+02,-1.418834622207e+02,-1.344020616937e+02,-1.274549066684e+02,-1.209941725661e+02,-1.149771524682e+02,-1.093656235018e+02,-1.041253018242e+02,-9.922537244800e+01,-9.463808251548e+01,-9.033838853142e+01,-8.630364961101e+01,-8.251336007473e+01,-7.894891577727e+01,-7.559340943335e+01,-7.243145093256e+01,-6.944900924304e+01,-6.663327301199e+01,-6.397252739691e+01,-6.145604501932e+01,-5.907398923393e+01,-5.681732816080e+01,-5.467775814370e+01,-5.264763548059e+01,-5.071991542814e+01,-4.888809761470e+01,-4.714617711003e+01,-4.548860049723e+01,-4.391022637577e+01,-4.240628979668e+01,-4.097237019244e+01,-3.960436241783e+01,-3.829845056383e+01,-3.705108424691e+01,-3.585895711041e+01,-3.471898730577e+01,-3.362829974745e+01,-3.258420996016e+01,-3.158420935735e+01,-3.062595180923e+01,-2.970724137475e+01,-2.882602108608e+01,-2.798036268612e+01,-2.716845722987e+01,-2.638860646944e+01,-2.563921494994e+01,-2.491878275087e+01,-2.422589881376e+01,-2.355923480262e+01,-2.291753944912e+01,-2.229963333937e+01,-2.170440410308e+01,-2.113080197030e+01,-2.057783566386e+01,-2.004456859922e+01,-1.953011536556e+01,-1.903363846504e+01,-1.855434528883e+01,-1.809148531063e+01,-1.764434748020e+01,-1.721225780098e+01,-1.679457707708e+01,-1.639069881656e+01,-1.600004727868e+01,-1.562207565419e+01,-1.525626436843e+01,-1.490211949792e+01,-1.455917129208e+01,-1.422697279199e+01,-1.390509853939e+01,-1.359314336899e+01,-1.329072127829e+01,-1.299746436915e+01,-1.271302185623e+01,-1.243705913724e+01,-1.216925692103e+01,-1.190931040923e+01,-1.165692852779e+01,-1.141183320516e+01,-1.117375869371e+01,-1.094245093165e+01,-1.071766694270e+01,-1.049917427089e+01,-1.028675044839e+01,-1.008018249399e+01,-9.879266440398e+00,-9.683806888454e+00,-9.493616586470e+00,-9.308516033224e+00,-9.128333103022e+00,-8.952902691499e+00,-8.782066380844e+00,-8.615672123269e+00,-8.453573941601e+00,-8.295631645953e+00,-8.141710565505e+00,-7.991681294493e+00,-7.845419451562e+00,-7.702805451681e+00,-7.563724289901e+00,-7.428065336252e+00,-7.295722141135e+00,-7.166592250620e+00,-7.040577031058e+00,-6.917581502504e+00,-6.797514180443e+00,-6.680286925344e+00,-6.565814799632e+00,-6.454015931639e+00,-6.344811386172e+00,-6.238125041326e+00,-6.133883471204e+00,-6.032015834233e+00,-5.932453766762e+00,-5.835131281679e+00,-5.739984671765e+00,-5.646952417543e+00,-5.555975099390e+00,-5.466995313683e+00,-5.379957592780e+00,-5.294808328625e+00,-5.211495699812e+00,-5.129969601910e+00,-5.050181580904e+00,-4.972084769583e+00,-4.895633826736e+00,-4.820784879006e+00,-4.747495465292e+00,-4.675724483543e+00,-4.605432139858e+00,-4.536579899764e+00,-4.469130441565e+00,-4.403047611675e+00,-4.338296381829e+00,-4.274842808087e+00,-4.212653991549e+00,-4.151698040698e+00,-4.091944035296e+00,-4.033361991758e+00,-3.975922829939e+00,-3.919598341276e+00,-3.864361158204e+00,-3.810184724805e+00,-3.757043268636e+00,-3.704911773665e+00,-3.653765954282e+00,-3.603582230335e+00,-3.554337703134e+00,-3.506010132402e+00,-3.458577914103e+00,-3.412020059137e+00,-3.366316172847e+00,-3.321446435302e+00,-3.277391582342e+00,-3.234132887325e+00,-3.191652143569e+00,-3.149931647445e+00
-2.483888606380e+02,-2.216133163619e+02,-1.987007133497e+02,-1.789614936764e+02,-1.618512513253e+02,-1.469358445002e+02,-1.338658647183e+02,-1.223577100482e+02,-1.121793864784e+02,-1.031397389445e+02,-9.508020039596e+01,-8.786841042583e+01,-8.139323651566e+01,-7.556085784782e+01,-7.029166143149e+01,-6.551776454551e+01,-6.118102394544e+01,-5.723142613615e+01,-5.362577786868e+01,-5.032663445074e+01,-4.730141738798e+01,-4.452168371529e+01,-4.196251811951e+01,-3.960202520697e+01,-3.742090457730e+01,-3.540209406923e+01,-3.353046912063e+01,-3.179258822765e+01,-3.017647640003e+01,-2.867144014755e+01,-2.726790882751e+01,-2.595729816626e+01,-2.473189251861e+01,-2.358474301606e+01,-2.250957922831e+01,-2.150073234855e+01,-2.055306823232e+01,-1.966192888423e+01,-1.882308120583e+01,-1.803267200106e+01,-1.728718838768e+01,-1.658342289027e+01,-1.591844259854e+01,-1.528956186037e+01,-1.469431805986e+01,-1.413045009017e+01,-1.359587918683e+01,-1.308869183241e+01,-1.260712448280e+01,-1.214954989823e+01,-1.171446489092e+01,-1.130047932537e+01,-1.090630622848e+01,-1.053075288435e+01,-1.017271280434e+01,-9.831158476268e+00,-9.505134807923e+00,-9.193753190383e+00,-8.896186114999e+00,-8.611662285726e+00,-8.339462175157e+00,-8.078913978407e+00,-7.829389926797e+00,-7.590302921427e+00,-7.361103460304e+00,-7.141276828853e+00,-6.930340529570e+00,-6.727841928541e+00,-6.533356098654e+00,-6.346483841189e+00,-6.166849869214e+00,-5.994101137821e+00,-5.827905307711e+00,-5.667949330035e+00,-5.513938141622e+00,-5.365593460857e+00,-5.222652675427e+00,-5.084867814056e+00,-4.952004595098e+00,-4.823841545550e+00,-4.700169184635e+00,-4.580789266643e+00,-4.465514078347e+00,-4.354165786311e+00,-4.246575830402e+00,-4.142584359726e+00,-4.042039707663e+00,-3.944797902992e+00,-3.850722214307e+00,-3.759682725204e+00,-3.671555937889e+00,-3.586224403098e+00,-3.503576374351e+00,-3.423505484760e+00,-3.345910444734e+00,-3.270694759071e+00,-3.197766462038e+00,-3.127037869158e+00,-3.058425344523e+00,-2.991849082538e+00,-2.927232903102e+00,-2.864504059278e+00,-2.803593056658e+00,-2.744433483507e+00,-2.686961851083e+00,-2.631117443388e+00,-2.576842175739e+00,-2.524080461579e+00,-2.472779086983e+00,-2.422887092365e+00,-2.374355660919e+00,-2.327138013371e+00,-2.281189308626e+00,-2.236466549961e+00,-2.192928496389e+00,-2.150535578902e+00,-2.109249821275e+00,-2.069034765146e+00,-2.029855399139e+00,-1.991678091751e+00,-1.954470527808e+00,-1.918201648250e+00,-1.882841593098e+00,-1.848361647329e+00,-1.814734189579e+00,-1.781932643460e+00,-1.749931431356e+00,-1.718705930554e+00,-1.688232431573e+00,-1.658488098578e+00,-1.629450931749e+00,-1.601099731506e+00,-1.573414064483e+00,-1.546374231154e+00,-1.519961235027e+00,-1.494156753309e+00,-1.468943108979e+00,-1.444303244176e+00,-1.420220694849e+00,-1.396679566583e+00,-1.373664511561e+00,-1.351160706579e+00,-1.329153832097e+00,-1.307630052210e+00,-1.286575995556e+00,-1.265978737078e+00,-1.245825780603e+00,-1.226105042204e+00,-1.206804834292e+00,-1.187913850418e+00,-1.169421150737e+00,-1.151316148105e+00,-1.133588594784e+00,-1.116228569714e+00,-1.099226466334e+00,-1.082572980926e+00,-1.066259101444e+00,-1.050276096821e+00,-1.034615506723e+00,-1.019269131734e+00,-1.004229023935e+00,-9.894874778866e-01,-9.750370219822e-01,-9.608704101375e-01,-9.469806138321e-01,-9.333608144680e-01,-9.200043960358e-01,-9.069049380728e-01,-8.940562089028e-01,-8.814521591417e-01,-8.690869154595e-01,-8.569547745865e-01,-8.450501975527e-01,-8.333678041504e-01,-8.219023676107e-01,-8.106488094837e-01,-7.996021947149e-01,-7.887577269075e-01,-7.781107437649e-01,-7.676567127042e-01,-7.573912266331e-01
-1.104244340453e+02,-9.850729690568e+01,-8.830970747460e+01,-7.952473006130e+01,-7.191003372242e+01,-6.527236553766e+01,-5.945618782539e+01,-5.433525439350e+01,-4.980629099466e+01,-4.578420214783e+01,-4.219839863671e+01,-3.898995707690e+01,-3.610940382299e+01,-3.351497172769e+01,-3.117121852492e+01,-2.904792399353e+01,-2.711920380777e+01,-2.536279302703e+01,-2.375946322497e+01,-2.229254544090e+01,-2.094753732742e+01,-1.971177771623e+01,-1.857417582911e+01,-1.752498503619e+01,-1.655561365871e+01,-1.565846622489e+01,-1.482680975987e+01,-1.405466058002e+01,-1.333668795152e+01,-1.266813174041e+01,-1.204473177179e+01,-1.146266705112e+01,-1.091850332909e+01,-1.040914774126e+01,-9.931809469726e+00,-9.483965537839e+00,-9.063330994110e+00,-8.667832858613e+00,-8.295587303184e+00,-7.944879618164e+00,-7.614146586389e+00,-7.301960941671e+00,-7.007017637817e+00,-6.728121690878e+00,-6.464177395402e+00,-6.214178740452e+00,-5.977200876579e+00,-5.752392505100e+00,-5.538969078398e+00,-5.336206714780e+00,-5.143436744071e+00,-4.960040810653e+00,-4.785446472254e+00,-4.619123234891e+00,-4.460578979138e+00,-4.309356732937e+00,-4.165031753597e+00,-4.027208885640e+00,-3.895520165004e+00,-3.769622643510e+00,-3.649196410485e+00,-3.533942790966e+00,-3.423582704515e+00,-3.317855164857e+00,-3.216515911149e+00,-3.119336156426e+00,-3.026101442830e+00,-2.936610593824e+00,-2.850674754374e+00,-2.768116510883e+00,-2.688769083370e+00,-2.612475583074e+00,-2.539088329515e+00,-2.468468221234e+00,-2.400484155721e+00,-2.335012493950e+00,-2.271936565696e+00,-2.211146212130e+00,-2.152537362555e+00,-2.096011642423e+00,-2.041476010065e+00,-1.988842419770e+00,-1.938027509144e+00,-1.888952308676e+00,-1.841541971861e+00,-1.795725524214e+00,-1.751435629686e+00,-1.708608373147e+00,-1.667183057699e+00,-1.627102015675e+00,-1.588310432300e+00,-1.550756181049e+00,-1.514389669892e+00,-1.479163697496e+00,-1.445033318779e+00,-1.411955719088e+00,-1.379890096373e+00,-1.348797550803e+00,-1.318640981289e+00,-1.289384988426e+00,-1.260995783421e+00,-1.233441102561e+00,-1.206690126921e+00,-1.180713406821e+00,-1.155482790839e+00,-1.130971359017e+00,-1.107153359985e+00,-1.084004151751e+00,-1.061500145916e+00,-1.039618755095e+00,-1.018338343324e+00,-9.976381792777e-01,-9.774983921344e-01,-9.578999298567e-01,-9.388245198114e-01,-9.202546315461e-01,-9.021734415945e-01,-8.845648001881e-01,-8.674131997573e-01,-8.507037451150e-01,-8.344221252207e-01,-8.185545864248e-01,-8.030879071405e-01,-7.880093737878e-01,-7.733067580084e-01,-7.589682950405e-01,-7.449826631943e-01,-7.313389643662e-01,-7.180267055309e-01,-7.050357811582e-01,-6.923564565006e-01,-6.799793517009e-01,-6.678954266970e-01,-6.560959668300e-01,-6.445725691692e-01,-6.333171294882e-01,-6.223218298637e-01,-6.115791268614e-01,-6.010817402795e-01,-5.908226424198e-01,-5.807950478574e-01,-5.709924036820e-01,-5.614083802028e-01,-5.520368620541e-01,-5.428719397224e-01,-5.339079014521e-01,-5.251392255151e-01,-5.165605728250e-01,-5.081667798804e-01,-4.999528520193e-01,-4.919139569691e-01,-4.840454186763e-01,-4.763427114161e-01,-4.688014541366e-01,-4.614174050591e-01,-4.541864565061e-01,-4.471046299479e-01,-4.401680712592e-01,-4.333730461741e-01,-4.267159359314e-01,-4.201932331007e-01,-4.138015375780e-01,-4.075375527570e-01,-4.013980818399e-01,-3.953800243100e-01,-3.894803725432e-01,-3.836962085568e-01,-3.780247008878e-01,-3.724631015954e-01,-3.670087433826e-01,-3.616590368311e-01,-3.564114677421e-01,-3.512635945901e-01,-3.462130460620e-01,-3.412575186997e-01,-3.363947746318e-01,-3.316226393916e-01,-3.269389998177e-01,-3.223418020353e-01,-3.178290495118e-01,-3.133988011867e-01
-6.209587597324e+01,-5.538261231813e+01,-4.963830934022e+01,-4.469000806555e+01,-4.040115228593e+01,-3.666284033699e+01,-3.338742281430e+01,-3.050375615829e+01,-2.795364179309e+01,-2.568912527506e+01,-2.367042685796e+01,-2.186434091777e+01,-2.024298713337e+01,-1.878282816265e+01,-1.746389104460e+01,-1.626914578413e+01,-1.518400598303e+01,-1.419592510232e+01,-1.329406805158e+01,-1.246904238209e+01,-1.171267686476e+01,-1.101783797291e+01,-1.037827711612e+01,-9.788502956457e+00,-9.243674729862e+00,-8.739512832697e+00,-8.272223580121e+00,-7.838435516693e+00,-7.435145189877e+00,-7.059670764723e+00,-6.709612209970e+00,-6.382817030655e+00,-6.077350700695e+00,-5.791471087019e+00,-5.523606269990e+00,-5.272335260589e+00,-5.036371192945e+00,-4.814546639033e+00,-4.605800746918e+00,-4.409167950019e+00,-4.223768033440e+00,-4.048797375286e+00,-3.883521208777e+00,-3.727266770733e+00,-3.579417224735e+00,-3.439406260447e+00,-3.306713285259e+00,-3.180859135632e+00,-3.061402245772e+00,-2.947935219243e+00,-2.840081755277e+00,-2.737493890174e+00,-2.639849517072e+00,-2.546850152906e+00,-2.458218924709e+00,-2.373698752890e+00,-2.293050707094e+00,-2.216052518102e+00,-2.142497228697e+00,-2.072191968331e+00,-2.004956838639e+00,-1.940623898054e+00,-1.879036237120e+00,-1.820047131954e+00,-1.763519272469e+00,-1.709324056459e+00,-1.657340944049e+00,-1.607456867108e+00,-1.559565688607e+00,-1.513567707109e+00,-1.469369202295e+00,-1.426882017502e+00,-1.386023175695e+00,-1.346714525757e+00,-1.308882416332e+00,-1.272457394587e+00,-1.237373928039e+00,-1.203570147195e+00,-1.170987607337e+00,-1.139571067887e+00,-1.109268287913e+00,-1.080029836453e+00,-1.051808916452e+00,-1.024561201296e+00,-9.982446828495e-01,-9.728195301482e-01,-9.482479579032e-01,-9.244941040513e-01,-9.015239156639e-01,-8.793050425773e-01,-8.578067381358e-01,-8.369997665455e-01,-8.168563163286e-01,-7.973499194332e-01,-7.784553755733e-01,-7.601486814574e-01,-7.424069644899e-01,-7.252084206745e-01,-7.085322564105e-01,-6.923586339030e-01,-6.766686199378e-01,-6.614441377810e-01,-6.466679220291e-01,-6.323234761240e-01,-6.183950324403e-01,-6.048675147282e-01,-5.917265027636e-01,-5.789581990584e-01,-5.665493975046e-01,-5.544874538225e-01,-5.427602576758e-01,-5.313562063830e-01,-5.202641801004e-01,-5.094735183902e-01,-4.989739980806e-01,-4.887558123625e-01,-4.788095510032e-01,-4.691261816433e-01,-4.596970321013e-01,-4.505137736233e-01,-4.415684050206e-01,-4.328532376400e-01,-4.243608811403e-01,-4.160842299776e-01,-4.080164506099e-01,-4.001509693525e-01,-3.924814608532e-01,-3.850018371477e-01,-3.777062372715e-01,-3.705890173903e-01,-3.636447414113e-01,-3.568681720666e-01,-3.502542624313e-01,-3.437981478544e-01,-3.374951382776e-01,-3.313407109336e-01,-3.253305033809e-01,-3.194603068740e-01,-3.137260600483e-01,-3.081238429006e-01,-3.026498710493e-01,-2.973004902588e-01,-2.920721712279e-01,-2.869615045982e-01,-2.819651962026e-01,-2.770800625255e-01,-2.723030263675e-01,-2.676311127030e-01,-2.630614447242e-01,-2.585912400612e-01,-2.542178071616e-01,-2.499385418349e-01,-2.457509239445e-01,-2.416525142438e-01,-2.376409513459e-01,-2.337139488290e-01,-2.298692924577e-01,-2.261048375245e-01,-2.224185063039e-01,-2.188082856122e-01,-2.152722244693e-01,-2.118084318551e-01,-2.084150745659e-01,-2.050903751466e-01,-2.018326099156e-01,-1.986401070674e-01,-1.955112448514e-01,-1.924444498237e-01,-1.894381951694e-01,-1.864909990925e-01,-1.836014232649e-01,-1.807680713409e-01,-1.779895875275e-01,-1.752646552112e-01,-1.725919956363e-01,-1.699703666385e-01,-1.673985614214e-01,-1.648754073824e-01,-1.623997649830e-01,-1.599705266615e-01,-1.575866157868e-01
-3.970799559300e+01,-3.540490805502e+01,-3.172319073087e+01,-2.855192250234e+01,-2.580352697915e+01,-2.340816268860e+01,-2.130961750524e+01,-1.946226489264e+01,-1.782878033528e+01,-1.637840927046e+01,-1.508563993477e+01,-1.392917685670e+01,-1.289113998309e+01,-1.195643464032e+01,-1.111225221168e+01,-1.034767157137e+01,-9.653338831610e+00,-9.021208531038e+00,-8.444332971630e+00,-7.916689878734e+00,-7.433040382626e+00,-6.988811239534e+00,-6.579996719343e+00,-6.203076550381e+00,-5.854947425671e+00,-5.532865675272e+00,-5.234399099965e+00,-4.957386218930e+00,-4.699901568966e+00,-4.460225984768e+00,-4.236821066510e+00,-4.028307191767e+00,-3.833444538169e+00,-3.651116669622e+00,-3.480316302409e+00,-3.320132932361e+00,-3.169742052042e+00,-3.028395730736e+00,-2.895414364376e+00,-2.770179434005e+00,-2.652127134938e+00,-2.540742759698e+00,-2.435555735998e+00,-2.336135233018e+00,-2.242086264763e+00,-2.153046227054e+00,-2.068681814177e+00,-1.988686269968e+00,-1.912776930553e+00,-1.840693026354e+00,-1.772193711871e+00,-1.707056296751e+00,-1.645074657109e+00,-1.586057803085e+00,-1.529828588873e+00,-1.476222547816e+00,-1.425086838934e+00,-1.376279295043e+00,-1.329667556773e+00,-1.285128288030e+00,-1.242546461836e+00,-1.201814709410e+00,-1.162832727571e+00,-1.125506735171e+00,-1.089748977907e+00,-1.055477275133e+00,-1.022614605518e+00,-9.910887280197e-01,-9.608318351288e-01,-9.317802355679e-01,-9.038740633933e-01,-8.770570110836e-01,-8.512760836094e-01,-8.264813727945e-01,-8.026258486857e-01,-7.796651670461e-01,-7.575574914627e-01,-7.362633284779e-01,-7.157453754519e-01,-6.959683792344e-01,-6.768990052441e-01,-6.585057160418e-01,-6.407586585021e-01,-6.236295592302e-01,-6.070916272066e-01,-5.911194632986e-01,-5.756889760632e-01,-5.607773033238e-01,-5.463627391523e-01,-5.324246657555e-01,-5.189434899453e-01,-5.059005838350e-01,-4.932782294591e-01,-4.810595670024e-01,-4.692285463938e-01,-4.577698820122e-01,-4.466690102774e-01,-4.359120499431e-01,-4.254857648503e-01,-4.153775290176e-01,-4.055752938823e-01,-3.960675575399e-01,-3.868433358768e-01,-3.778921354051e-01,-3.692039277467e-01,-3.607691256236e-01,-3.525785602574e-01,-3.446234601104e-01,-3.368954308252e-01,-3.293864363420e-01,-3.220887810875e-01,-3.149950931697e-01,-3.080983085368e-01,-3.013916559923e-01,-2.948686430603e-01,-2.885230426242e-01,-2.823488802931e-01,-2.763404224675e-01,-2.704921650267e-01,-2.647988226359e-01,-2.592553186190e-01,-2.538567753619e-01,-2.485985052337e-01,-2.434760019583e-01,-2.384849324477e-01,-2.336211290508e-01,-2.288805821953e-01,-2.242594334142e-01,-2.197539687061e-01,-2.153606122392e-01,-2.110759203659e-01,-2.068965759309e-01,-2.028193828682e-01,-1.988412610466e-01,-1.949592413755e-01,-1.911704611436e-01,-1.874721595798e-01,-1.838616736320e-01,-1.803364339340e-01,-1.768939609703e-01,-1.735318614177e-01,-1.702478246554e-01,-1.670396194429e-01,-1.639050907404e-01,-1.608421566799e-01,-1.578488056737e-01,-1.549230936505e-01,-1.520631414222e-01,-1.492671321583e-01,-1.465333089790e-01,-1.438599726517e-01,-1.412454793891e-01,-1.386882387462e-01,-1.361867116021e-01,-1.337394082335e-01,-1.313448864692e-01,-1.290017499224e-01,-1.267086463028e-01,-1.244642657920e-01,-1.222673394927e-01,-1.201166379403e-01,-1.180109696763e-01,-1.159491798842e-01,-1.139301490747e-01,-1.119527918294e-01,-1.100160555944e-01,-1.081189195210e-01,-1.062603933579e-01,-1.044395163810e-01,-1.026553563700e-01,-1.009070086246e-01,-9.919359501841e-02,-9.751426309343e-02,-9.586818518461e-02,-9.425455758195e-02,-9.267259972388e-02,-9.112155342123e-02,-8.960068211311e-02,-8.810927014742e-02,-8.664662209116e-02,-8.521206206595e-02
-2.753666409005e+01,-2.454360182939e+01,-2.198300496255e+01,-1.977766503412e+01,-1.786662277555e+01,-1.620126357057e+01,-1.474245986204e+01,-1.345845253215e+01,-1.232326141917e+01,-1.131547966305e+01,-1.041734992286e+01,-9.614049821007e+00,-8.893134434073e+00,-8.244097725522e+00,-7.658025011119e+00,-7.127315476715e+00,-6.645459294306e+00,-6.206857413569e+00,-5.806675098344e+00,-5.440721897478e+00,-5.105352820099e+00,-4.797386302097e+00,-4.514035804362e+00,-4.252852548242e+00,-4.011677750560e+00,-3.788602714292e+00,-3.581935349539e+00,-3.390171917096e+00,-3.211972937998e+00,-3.046142545250e+00,-2.891610715632e+00,-2.747417964065e+00,-2.612702120194e+00,-2.486686892037e+00,-2.368671950140e+00,-2.258024310840e+00,-2.154170827076e+00,-2.056591629453e+00,-1.964814383233e+00,-1.878409247434e+00,-1.796984440534e+00,-1.720182331067e+00,-1.647675984434e+00,-1.579166105212e+00,-1.514378325600e+00,-1.453060795475e+00,-1.394982037838e+00,-1.339929034984e+00,-1.287705519569e+00,-1.238130444944e+00,-1.191036615543e+00,-1.146269455670e+00,-1.103685903895e+00,-1.063153417148e+00,-1.024549074784e+00,-9.877587672316e-01,-9.526764642567e-01,-9.192035518435e-01,-8.872482329091e-01,-8.567249800313e-01,-8.275540395784e-01,-7.996609790533e-01,-7.729762752323e-01,-7.474349353773e-01,-7.229761525142e-01,-6.995429897096e-01,-6.770820912597e-01,-6.555434184719e-01,-6.348800084577e-01,-6.150477536045e-01,-5.960051988254e-01,-5.777133568908e-01,-5.601355380416e-01,-5.432371934632e-01,-5.269857702272e-01,-5.113505785360e-01,-4.963026681471e-01,-4.818147142753e-01,-4.678609115114e-01,-4.544168762061e-01,-4.414595554232e-01,-4.289671426425e-01,-4.169189992827e-01,-4.052955821844e-01,-3.940783759323e-01,-3.832498300172e-01,-3.727933002717e-01,-3.626929945077e-01,-3.529339217488e-01,-3.435018449457e-01,-3.343832368425e-01,-3.255652388370e-01,-3.170356225196e-01,-3.087827537439e-01,-3.007955590313e-01,-2.930634941459e-01,-2.855765146697e-01,-2.783250484436e-01,-2.712999697483e-01,-2.644925750822e-01,-2.578945604437e-01,-2.514980000020e-01,-2.452953260790e-01,-2.392793103188e-01,-2.334430459986e-01,-2.277799313828e-01,-2.222836540740e-01,-2.169481762573e-01,-2.117677208159e-01,-2.067367582405e-01,-2.018499942996e-01,-1.971023583913e-01,-1.924889925635e-01,-1.880052411444e-01,-1.836466409577e-01,-1.794089120627e-01,-1.752879490114e-01,-1.712798125771e-01,-1.673807219379e-01,-1.635870472656e-01,-1.598953027191e-01,-1.563021398032e-01,-1.528043410856e-01,-1.493988142279e-01,-1.460825863356e-01,-1.428527985940e-01,-1.397067011869e-01,-1.366416484612e-01,-1.336550943439e-01,-1.307445879849e-01,-1.279077696241e-01,-1.251423666523e-01,-1.224461898734e-01,-1.198171299463e-01,-1.172531540040e-01,-1.147523024294e-01,-1.123126857895e-01,-1.099324819153e-01,-1.076099331227e-01,-1.053433435588e-01,-1.031310766764e-01,-1.009715528245e-01,-9.886324695345e-02,-9.680468642040e-02,-9.479444889878e-02,-9.283116038115e-02,-9.091349327538e-02,-8.904016458164e-02,-8.720993415404e-02,-8.542160303821e-02,-8.367401188465e-02,-8.196603942800e-02,-8.029660103538e-02,-7.866464731664e-02,-7.706916279657e-02,-7.550916464117e-02,-7.398370144033e-02,-7.249185204148e-02,-7.103272443398e-02,-6.960545467798e-02,-6.820920587979e-02,-6.684316720913e-02,-6.550655295828e-02,-6.419860163797e-02,-6.291857511166e-02,-6.166575776450e-02,-6.043945570691e-02,-5.923899600877e-02,-5.806372596534e-02,-5.691301239209e-02,-5.578624094809e-02,-5.468281548522e-02,-5.360215742353e-02,-5.254370515084e-02,-5.150691344611e-02,-5.049125292441e-02,-4.949620950380e-02,-4.852128389247e-02,-4.756599109563e-02,-4.662985994081e-02,-4.571243262130e-02
-2.019176971106e+01,-1.798906533474e+01,-1.610487206337e+01,-1.448231634776e+01,-1.307649419125e+01,-1.185159510479e+01,-1.077879716903e+01,-9.834706420350e+00,-9.000185984511e+00,-8.259467952220e+00,-7.599472842026e+00,-7.009283220001e+00,-6.479733029298e+00,-6.003084491322e+00,-5.572772039002e+00,-5.183197985568e+00,-4.829568315194e+00,-4.507759950803e+00,-4.214212863122e+00,-3.945841766766e+00,-3.699963276480e+00,-3.474235471455e+00,-3.266607428828e+00,-3.075276911879e+00,-2.898655097070e+00,-2.735337127727e+00,-2.584077512329e+00,-2.443769386561e+00,-2.313426834853e+00,-2.192169722614e+00,-2.079210632819e+00,-1.973843581060e+00,-1.875434265351e+00,-1.783411636820e+00,-1.697260586684e+00,-1.616515592965e+00,-1.540755187262e+00,-1.469597121614e+00,-1.402694137281e+00,-1.339730251779e+00,-1.280417492814e+00,-1.224493019119e+00,-1.171716577571e+00,-1.121868251613e+00,-1.074746464563e+00,-1.030166205771e+00,-9.879574510756e-01,-9.479637541447e-01,-9.100409884782e-01,-8.740562219954e-01,-8.398867076814e-01,-8.074189778996e-01,-7.765480317875e-01,-7.471766015327e-01,-7.192144920734e-01,-6.925779863684e-01,-6.671893061701e-01,-6.429761243162e-01,-6.198711235882e-01,-5.978115958841e-01,-5.767390763903e-01,-5.565990110222e-01,-5.373404538275e-01,-5.189157876736e-01,-5.012804704428e-01,-4.843928024232e-01,-4.682137128903e-01,-4.527065655897e-01,-4.378369808071e-01,-4.235726724584e-01,-4.098832999446e-01,-3.967403322378e-01,-3.841169220972e-01,-3.719877922450e-01,-3.603291294257e-01,-3.491184861225e-01,-3.383346906544e-01,-3.279577635543e-01,-3.179688397842e-01,-3.083500968018e-01,-2.990846880693e-01,-2.901566810695e-01,-2.815509995295e-01,-2.732533703109e-01,-2.652502736584e-01,-2.575288969192e-01,-2.500770916603e-01,-2.428833336737e-01,-2.359366856746e-01,-2.292267625635e-01,-2.227436990701e-01,-2.164781195122e-01,-2.104211095408e-01,-2.045641898044e-01,-1.988992912812e-01,-1.934187322078e-01,-1.881151965026e-01,-1.829817135487e-01,-1.780116392487e-01,-1.731986382668e-01,-1.685366673695e-01,-1.640199597888e-01,-1.596430105415e-01,-1.554005626329e-01,-1.512875940894e-01,-1.472993057651e-01,-1.434311098669e-01,-1.396786191507e-01,-1.360376367494e-01,-1.325041465882e-01,-1.290743043456e-01,-1.257444289307e-01,-1.225109944462e-01,-1.193706225938e-01,-1.163200755072e-01,-1.133562489830e-01,-1.104761660787e-01,-1.076769710611e-01,-1.049559236839e-01,-1.023103937714e-01,-9.973785609052e-02,-9.723588549507e-02,-9.480215232860e-02,-9.243441806258e-02,-9.013053116410e-02,-8.788842317773e-02,-8.570610500603e-02,-8.358166338007e-02,-8.151325750942e-02,-7.949911590030e-02,-7.753753333160e-02,-7.562686798180e-02,-7.376553869864e-02,-7.195202240039e-02,-7.018485160508e-02,-6.846261207965e-02,-6.678394060120e-02,-6.514752282572e-02,-6.355209125836e-02,-6.199642331936e-02,-6.047933950066e-02,-5.899970160878e-02,-5.755641108922e-02,-5.614840742804e-02,-5.477466662686e-02,-5.343419974728e-02,-5.212605152136e-02,-5.084929902481e-02,-4.960305040952e-02,-4.838644369241e-02,-4.719864559840e-02,-4.603885045423e-02,-4.490627913003e-02,-4.380017802818e-02,-4.271981811546e-02,-4.166449399637e-02,-4.063352302701e-02,-3.962624446661e-02,-3.864201866457e-02,-3.768022628188e-02,-3.674026754583e-02,-3.582156153556e-02,-3.492354549604e-02,-3.404567418249e-02,-3.318741923064e-02,-3.234826855206e-02,-3.152772575525e-02,-3.072530958992e-02,-2.994055341315e-02,-2.917300467682e-02,-2.842222443649e-02,-2.768778687921e-02,-2.696927886867e-02,-2.626629951055e-02,-2.557845973368e-02,-2.490538188653e-02,-2.424669935092e-02,-2.360205617019e-02,-2.297110669091e-02,-2.235351521841e-02,-2.174895568644e-02
-1.542083196481e+01,-1.373137593149e+01,-1.228644033232e+01,-1.104235394046e+01,-9.964636733082e+00,-9.025791506731e+00,-8.203687553078e+00,-7.480362297074e+00,-6.841122201854e+00,-6.273860755641e+00,-5.768535894292e+00,-5.316765795580e+00,-4.911513465753e+00,-4.546838670280e+00,-4.217701297060e+00,-3.919804383544e+00,-3.649468104954e+00,-3.403527845229e+00,-3.179251326156e+00,-2.974270914912e+00,-2.786527662343e+00,-2.614224899720e+00,-2.455789434587e+00,-2.309838951521e+00,-2.175154835522e+00,-2.050659496513e+00,-1.935397525431e+00,-1.828519820051e+00,-1.729270079626e+00,-1.636973223208e+00,-1.551025361234e+00,-1.470885138249e+00,-1.396066244812e+00,-1.326130929353e+00,-1.260684379630e+00,-1.199369839937e+00,-1.141864357952e+00,-1.087875073137e+00,-1.037135967044e+00,-9.894050122040e-01,-9.444616648748e-01,-9.021046548119e-01,-8.621500334965e-01,-8.244294460457e-01,-7.887885989009e-01,-7.550858987931e-01,-7.231912403390e-01,-6.929849255309e-01,-6.643566988375e-01,-6.372048829012e-01,-6.114356050965e-01,-5.869621031824e-01,-5.637041002836e-01,-5.415872440672e-01,-5.205426002138e-01,-5.005061947548e-01,-4.814186029043e-01,-4.632245745457e-01,-4.458726952079e-01,-4.293150808494e-01,-4.135070964724e-01,-3.984071015320e-01,-3.839762185341e-01,-3.701781183389e-01,-3.569788256648e-01,-3.443465403046e-01,-3.322514729735e-01,-3.206656958309e-01,-3.095630051771e-01,-2.989187972199e-01,-2.887099536708e-01,-2.789147374036e-01,-2.695126978086e-01,-2.604845822782e-01,-2.518122558798e-01,-2.434786272892e-01,-2.354675789792e-01,-2.277639040429e-01,-2.203532470903e-01,-2.132220486239e-01,-2.063574947195e-01,-1.997474695408e-01,-1.933805109636e-01,-1.872457701450e-01,-1.813329733620e-01,-1.756323865208e-01,-1.701347824881e-01,-1.648314103663e-01,-1.597139669469e-01,-1.547745702260e-01,-1.500057345544e-01,-1.454003475260e-01,-1.409516484237e-01,-1.366532080135e-01,-1.324989097154e-01,-1.284829319831e-01,-1.245997317844e-01,-1.208440291718e-01,-1.172107928109e-01,-1.136952264024e-01,-1.102927559716e-01,-1.069990179259e-01,-1.038098478402e-01,-1.007212699330e-01,-9.772948716712e-02,-9.483087194191e-02,-9.202195734069e-02,-8.929942888871e-02,-8.666011679294e-02,-8.410098863190e-02,-8.161914246422e-02,-7.921180033086e-02,-7.687630212534e-02,-7.461009980793e-02,-7.241075194313e-02,-7.027591853997e-02,-6.820335617536e-02,-6.619091338471e-02,-6.423652630255e-02,-6.233821453694e-02,-6.049407726609e-02,-5.870228954201e-02,-5.696109878791e-02,-5.526882148152e-02,-5.362384000990e-02,-5.202459968618e-02,-5.046960592182e-02,-4.895742154161e-02,-4.748666423477e-02,-4.605600413634e-02,-4.466416152780e-02,-4.330990465268e-02,-4.199204764164e-02,-4.070944853711e-02,-3.946100741614e-02,-3.824566460497e-02,-3.706239897696e-02,-3.591022633517e-02,-3.478819787163e-02,-3.369539869645e-02,-3.263094644080e-02,-3.159398992333e-02,-3.058370787606e-02,-2.959930773430e-02,-2.864002447921e-02,-2.770511953190e-02,-2.679387970213e-02,-2.590561618118e-02,-2.503966357993e-02,-2.419537901308e-02,-2.337214122059e-02,-2.256934972925e-02,-2.178642405295e-02,-2.102280292433e-02,-2.027794356259e-02,-1.955132097339e-02,-1.884242727527e-02,-1.815077105900e-02,-1.747587677331e-02,-1.681728413292e-02,-1.617454755710e-02,-1.554723562921e-02,-1.493493057579e-02,-1.433722777316e-02,-1.375373527080e-02,-1.318407333271e-02,-1.262787400236e-02,-1.208478068153e-02,-1.155444772601e-02,-1.103654006110e-02,-1.053073280863e-02,-1.003671093012e-02,-9.554168886224e-03,-9.082810305615e-03,-8.622347669777e-03,-8.172502010638e-03,-7.733002616052e-03,-7.303586751002e-03,-6.883999388638e-03,-6.473992947699e-03,-6.073327045786e-03
-1.214731755391e+01,-1.080991659315e+01,-9.666290121071e+00,-8.681820838461e+00,-7.829177428330e+00,-7.086563983170e+00,-6.436438737455e+00,-5.864564118533e+00,-5.359293988607e+00,-4.911033007963e+00,-4.511822359646e+00,-4.155019291137e+00,-3.835047121584e+00,-3.547198522297e+00,-3.287479663885e+00,-3.052485805395e+00,-2.839301317401e+00,-2.645419008566e+00,-2.468674386907e+00,-2.307192027494e+00,-2.159341287108e+00,-2.023699489436e+00,-1.899021145283e+00,-1.784212023809e+00,-1.678307507369e+00,-1.580454565485e+00,-1.489896828539e+00,-1.405962021474e+00,-1.328051377425e+00,-1.255630466685e+00,-1.188221291241e+00,-1.125395430237e+00,-1.066768088238e+00,-1.011992957901e+00,-9.607577528485e-01,-9.127803342948e-01,-8.678053378760e-01,-8.256012284486e-01,-7.859577247746e-01,-7.486835390847e-01,-7.136043901908e-01,-6.805612521419e-01,-6.494088078482e-01,-6.200140800502e-01,-5.922552177384e-01,-5.660204178728e-01,-5.412069651365e-01,-5.177203769249e-01,-4.954736381165e-01,-4.743865177920e-01,-4.543849565305e-01,-4.354005158045e-01,-4.173698853336e-01,-4.002344368404e-01,-3.839398245032e-01,-3.684356233625e-01,-3.536750017616e-01,-3.396144281058e-01,-3.262134009465e-01,-3.134342077790e-01,-3.012417037012e-01,-2.896031092273e-01,-2.784878281322e-01,-2.678672770467e-01,-2.577147320259e-01,-2.480051863630e-01,-2.387152207661e-01,-2.298228840442e-01,-2.213075849101e-01,-2.131499924970e-01,-2.053319459349e-01,-1.978363728441e-01,-1.906472124001e-01,-1.837493480431e-01,-1.771285428490e-01,-1.707713812528e-01,-1.646652154463e-01,-1.587981140170e-01,-1.531588166205e-01,-1.477366899122e-01,-1.425216876328e-01,-1.375043135246e-01,-1.326755860150e-01,-1.280270065832e-01,-1.235505293888e-01,-1.192385334334e-01,-1.150837967359e-01,-1.110794718936e-01,-1.072190638255e-01,-1.034964086400e-01,-9.990565411153e-02,-9.644124148064e-02,-9.309788832644e-02,-8.987057275524e-02,-8.675451847600e-02,-8.374518091712e-02,-8.083823423625e-02,-7.802955911142e-02,-7.531523137293e-02,-7.269151129258e-02,-7.015483356903e-02,-6.770179793118e-02,-6.532916029606e-02,-6.303382449475e-02,-6.081283447297e-02,-5.866336696867e-02,-5.658272462767e-02,-5.456832951211e-02,-5.261771700504e-02,-5.072853005567e-02,-4.889851376192e-02,-4.712551026484e-02,-4.540745392447e-02,-4.374236677892e-02,-4.212835424810e-02,-4.056360108060e-02,-3.904636752573e-02,-3.757498570833e-02,-3.614785621061e-02,-3.476344483008e-02,-3.342027951586e-02,-3.211694746974e-02,-3.085209239341e-02,-2.962441189085e-02,-2.843265499788e-02,-2.727561984336e-02,-2.615215143371e-02,-2.506113954275e-02,-2.400151671973e-02,-2.297225638929e-02,-2.197237105072e-02,-2.100091056944e-02,-2.005696054546e-02,-1.913964077294e-02,-1.824810376625e-02,-1.738153336213e-02,-1.653914339125e-02,-1.572017640642e-02,-1.492390248195e-02,-1.414961806102e-02,-1.339664486225e-02,-1.266432883918e-02,-1.195203918054e-02,-1.125916736807e-02,-1.058512626879e-02,-9.929349272486e-03,-9.291289471557e-03,-8.670418869417e-03,-8.066227635991e-03,-7.478223387363e-03,-6.905930501570e-03,-6.348889467150e-03,-5.806656252370e-03,-5.278801713076e-03,-4.764911017178e-03,-4.264583098507e-03,-3.777430136002e-03,-3.303077047892e-03,-2.841161017902e-03,-2.391331032474e-03,-1.953247442218e-03,-1.526581543374e-03,-1.111015169065e-03,-7.062403084433e-04,-3.119587327628e-04,7.211835968986e-05,4.462706812208e-04,8.107691869566e-04,1.165876382680e-03,1.511846629107e-03,1.848926430112e-03,2.177354707209e-03,2.497363070725e-03,2.809176069937e-03,3.113011442056e-03,3.409080347301e-03,3.697587593226e-03,3.978731857189e-03,4.252705890548e-03,4.519696723502e-03,4.779885857740e-03
-9.803986771290e+00,-8.718520218706e+00,-7.790518827676e+00,-6.991842937773e+00,-6.300275861859e+00,-5.698100818120e+00,-5.171059367363e+00,-4.707579152814e+00,-4.298194477418e+00,-3.935106790885e+00,-3.611847884205e+00,-3.323019407742e+00,-3.064089568936e+00,-2.831233285727e+00,-2.621205408644e+00,-2.431239630184e+00,-2.258967209555e+00,-2.102351356883e+00,-1.959633887244e+00,-1.829291576472e+00,-1.710000254244e+00,-1.600604854375e+00,-1.500094393528e+00,-1.407580824757e+00,-1.322281342241e+00,-1.243503684230e+00,-1.170633945247e+00,-1.103126447658e+00,-1.040495161325e+00,-9.823063133158e-01,-9.281720014933e-01,-8.777446122332e-01,-8.307120046931e-01,-7.867933092703e-01,-7.457353031369e-01,-7.073092509367e-01,-6.713081620513e-01,-6.375443947633e-01,-6.058475617526e-01,-5.760626930861e-01,-5.480486212478e-01,-5.216765582666e-01,-4.968288393481e-01,-4.733978108099e-01,-4.512848445576e-01,-4.303994620441e-01,-4.106585550867e-01,-3.919856908874e-01,-3.743104913360e-01,-3.575680782375e-01,-3.416985752159e-01,-3.266466625492e-01,-3.123611746235e-01,-2.987947409578e-01,-2.859034592642e-01,-2.736466038555e-01,-2.619863596342e-01,-2.508875833091e-01,-2.403175864183e-01,-2.302459380471e-01,-2.206442871075e-01,-2.114861974628e-01,-2.027470012157e-01,-1.944036599642e-01,-1.864346410399e-01,-1.788198014564e-01,-1.715402825844e-01,-1.645784130716e-01,-1.579176204876e-01,-1.515423500981e-01,-1.454379922911e-01,-1.395908142232e-01,-1.339879007414e-01,-1.286170964508e-01,-1.234669565657e-01,-1.185266981561e-01,-1.137861576141e-01,-1.092357496901e-01,-1.048664301262e-01,-1.006696610090e-01,-9.663737787078e-02,-9.276196026584e-02,-8.903620284954e-02,-8.545329013254e-02,-8.200677158309e-02,-7.869053944666e-02,-7.549880750906e-02,-7.242609162683e-02,-6.946719150977e-02,-6.661717368005e-02,-6.387135575862e-02,-6.122529157198e-02,-5.867475752216e-02,-5.621573959345e-02,-5.384442144613e-02,-5.155717310922e-02,-4.935054051904e-02,-4.722123566400e-02,-4.516612738209e-02,-4.318223273920e-02,-4.126670892517e-02,-3.941684568916e-02,-3.763005819092e-02,-3.590388034140e-02,-3.423595849980e-02,-3.262404558279e-02,-3.106599550324e-02,-2.955975794900e-02,-2.810337346514e-02,-2.669496881829e-02,-2.533275263936e-02,-2.401501130045e-02,-2.274010504658e-02,-2.150646432385e-02,-2.031258633564e-02,-1.915703177225e-02,-1.803842173514e-02,-1.695543482182e-02,-1.590680437340e-02,-1.489131587265e-02,-1.390780447610e-02,-1.295515268948e-02,-1.203228815014e-02,-1.113818154595e-02,-1.027184462500e-02,-9.432328323513e-03,-8.618720980663e-03,-7.830146650668e-03,-7.065763500153e-03,-6.324762283474e-03,-5.606364902775e-03,-4.909823028256e-03,-4.234416802801e-03,-3.579453592871e-03,-2.944266818899e-03,-2.328214827322e-03,-1.730679829108e-03,-1.151066882298e-03,-5.888029264559e-04,-4.333586451314e-05,4.858663173898e-04,9.993163780892e-04,1.497508625925e-03,1.980919667773e-03,2.450009140266e-03,2.905220393836e-03,3.346981154616e-03,3.775704151045e-03,4.191787712997e-03,4.595616346991e-03,4.987561278415e-03,5.367980980580e-03,5.737221665951e-03,6.095617772116e-03,6.443492409891e-03,6.781157806134e-03,7.108915716672e-03,7.427057828057e-03,7.735866139280e-03,8.035613326033e-03,8.326563094540e-03,8.608970510997e-03,8.883082330882e-03,9.149137298275e-03,9.407366447979e-03,9.657993383020e-03,9.901234548993e-03,1.013729949258e-02,1.036639111035e-02,1.058870589026e-02,1.080443413691e-02,1.101376019765e-02,1.121686266679e-02,1.141391459631e-02,1.160508368350e-02,1.179053246391e-02,1.197041848721e-02,1.214489449213e-02,1.231410857214e-02,1.247820433364e-02,1.263732105262e-02
-8.068884019064e+00,-7.169892034028e+00,-6.401493904135e+00,-5.740343447244e+00,-5.168008882297e+00,-4.669792091630e+00,-4.233864423667e+00,-3.850625911950e+00,-3.512224523724e+00,-3.212191449214e+00,-2.945161673363e+00,-2.706657788377e+00,-2.492921369372e+00,-2.300780254803e+00,-2.127543451371e+00,-1.970917147335e+00,-1.828937391257e+00,-1.699915547202e+00,-1.582394152235e+00,-1.475110644619e+00,-1.376967669168e+00,-1.287008209974e+00,-1.204394846848e+00,-1.128392157890e+00,-1.058351946802e+00,-9.937010043033e-01,-9.339309175607e-01,-8.785897555885e-01,-8.272749343049e-01,-7.796272059993e-01,-7.353253361390e-01,-6.940815344334e-01,-6.556374244927e-01,-6.197605796305e-01,-5.862414929404e-01,-5.548909625521e-01,-5.255378066775e-01,-4.980268778995e-01,-4.722173226246e-01,-4.479810580423e-01,-4.252014319700e-01,-4.037720432089e-01,-3.835956997149e-01,-3.645834967567e-01,-3.466540001327e-01,-3.297325198768e-01,-3.137504650341e-01,-2.986447670800e-01,-2.843573667097e-01,-2.708347528292e-01,-2.580275518370e-01,-2.458901565246e-01,-2.343803956184e-01,-2.234592331588e-01,-2.130905014090e-01,-2.032406559005e-01,-1.938785586922e-01,-1.849752776768e-01,-1.765039098945e-01,-1.684394161472e-01,-1.607584759227e-01,-1.534393499476e-01,-1.464617598758e-01,-1.398067729422e-01,-1.334567004182e-01,-1.273950007711e-01,-1.216061927917e-01,-1.160757749454e-01,-1.107901511630e-01,-1.057365647688e-01,-1.009030357344e-01,-9.627830716321e-02,-9.185179255291e-02,-8.761353215696e-02,-8.355414845758e-02,-7.966480976488e-02,-7.593719225924e-02,-7.236344887748e-02,-6.893617672728e-02,-6.564839007464e-02,-6.249349228994e-02,-5.946525232248e-02,-5.655778042278e-02,-5.376550771325e-02,-5.108316525402e-02,-4.850576618581e-02,-4.602858774431e-02,-4.364715564913e-02,-4.135722862314e-02,-3.915478475044e-02,-3.703600811563e-02,-3.499727687875e-02,-3.303515170801e-02,-3.114636534668e-02,-2.932781256578e-02,-2.757654102504e-02,-2.588974251787e-02,-2.426474495406e-02,-2.269900470756e-02,-2.119009957181e-02,-1.973572205184e-02,-1.833367316624e-02,-1.698185654675e-02,-1.567827297839e-02,-1.442101519874e-02,-1.320826307548e-02,-1.203827901426e-02,-1.090940369142e-02,-9.820051990244e-03,-8.768709218618e-03,-7.753927505432e-03,-6.774322442420e-03,-5.828569882346e-03,-4.915402952615e-03,-4.033609205094e-03,-3.182027956102e-03,-2.359547744718e-03,-1.565103959779e-03,-7.976765694100e-04,-5.628800082813e-05,6.599988913528e-04,1.352082721345e-03,2.020825394832e-03,2.667053806150e-03,3.291561475364e-03,3.895110070799e-03,4.478430880794e-03,5.042226181604e-03,5.587170562430e-03,6.113912156034e-03,6.623073833334e-03,7.115254311945e-03,7.591029234638e-03,8.050952169176e-03,8.495555583211e-03,8.925351747181e-03,9.340833616720e-03,9.742475648988e-03,1.013073460236e-02,1.050605027537e-02,1.086884623244e-02,1.121953047273e-02,1.155849609107e-02,1.188612188300e-02,1.220277294687e-02,1.250880123296e-02,1.280454609190e-02,1.309033477368e-02,1.336648292771e-02,1.363329505684e-02,1.389106497374e-02,1.414007621436e-02,1.438060245500e-02,1.461290788913e-02,1.483724760889e-02,1.505386794889e-02,1.526300683551e-02,1.546489410090e-02,1.565975180308e-02,1.584779451291e-02,1.602922960796e-02,1.620425753429e-02,1.637307207771e-02,1.653586060202e-02,1.669280429913e-02,1.684407840708e-02,1.698985244028e-02,1.713029038929e-02,1.726555093300e-02,1.739578762181e-02,1.752114907324e-02,1.764177914017e-02,1.775781709128e-02,1.786939776560e-02,1.797665173922e-02,1.807970546728e-02,1.817868143813e-02,1.827369830392e-02,1.836487102321e-02,1.845231098120e-02,1.853612612187e-02
-6.748234586342e+00,-5.991116794482e+00,-5.344151516713e+00,-4.787638730287e+00,-4.306025683793e+00,-3.886910479436e+00,-3.520312760904e+00,-3.198132958148e+00,-2.913746551062e+00,-2.661696303542e+00,-2.437456407414e+00,-2.237250082409e+00,-2.057907205594e+00,-1.896752375100e+00,-1.751516139059e+00,-1.620264197331e+00,-1.501340513508e+00,-1.393321358985e+00,-1.294978022671e+00,-1.205246255275e+00,-1.123201233236e+00,-1.048036596107e+00,-9.790469583187e-01,-9.156130172661e-01,-8.571890302585e-01,-8.032923887880e-01,-7.534950182364e-01,-7.074163126318e-01,-6.647172286142e-01,-6.250951935967e-01,-5.882797187671e-01,-5.540285055508e-01,-5.221240923311e-01,-4.923708994871e-01,-4.645926853239e-01,-4.386303253212e-01,-4.143398861744e-01,-3.915909457465e-01,-3.702651245871e-01,-3.502548001956e-01,-3.314619763532e-01,-3.137972883281e-01,-2.971791242158e-01,-2.815328478995e-01,-2.667901103756e-01,-2.528882378897e-01,-2.397696877581e-01,-2.273815632132e-01,-2.156751800266e-01,-2.046056795256e-01,-1.941316807720e-01,-1.842149703696e-01,-1.748202214463e-01,-1.659147434121e-01,-1.574682542217e-01,-1.494526768721e-01,-1.418419546261e-01,-1.346118841078e-01,-1.277399653188e-01,-1.212052633710e-01,-1.149882864775e-01,-1.090708702575e-01,-1.034360771430e-01,-9.806809933179e-02,-9.295217339686e-02,-8.807449915103e-02,-8.342216619184e-02,-7.898308573219e-02,-7.474592849160e-02,-7.070006725148e-02,-6.683552617409e-02,-6.314293220432e-02,-5.961347447335e-02,-5.623886372242e-02,-5.301129856721e-02,-4.992343214043e-02,-4.696834271660e-02,-4.413950622567e-02,-4.143077005853e-02,-3.883633015972e-02,-3.635070760468e-02,-3.396872919721e-02,-3.168550688839e-02,-2.949642084499e-02,-2.739710193335e-02,-2.538341655444e-02,-2.345145187568e-02,-2.159750234464e-02,-1.981805713708e-02,-1.810978825907e-02,-1.646953979496e-02,-1.489431747107e-02,-1.338127934182e-02,-1.192772673677e-02,-1.053109607046e-02,-9.188951024867e-03,-7.898975325003e-03,-6.658965960308e-03,-5.466826815831e-03,-4.320562765686e-03,-3.218274058479e-03,-2.158151146946e-03,-1.138469741936e-03,-1.575862585331e-04,7.860665299725e-04,1.693983527212e-03,2.567591134576e-03,3.408250832788e-03,4.217262549558e-03,4.995867843495e-03,5.745252878405e-03,6.466551258009e-03,7.160846661610e-03,7.829175363854e-03,8.472528584054e-03,9.091854722941e-03,9.688061464034e-03,1.026201776052e-02,1.081455571898e-02,1.134647236612e-02,1.185853134085e-02,1.235146446776e-02,1.282597327736e-02,1.328273041425e-02,1.372238099770e-02,1.414554389069e-02,1.455281291529e-02,1.494475799963e-02,1.532192626393e-02,1.568484305964e-02,1.603401294003e-02,1.636992060332e-02,1.669303176334e-02,1.700379400089e-02,1.730263755258e-02,1.758997607510e-02,1.786620736398e-02,1.813171403865e-02,1.838686419927e-02,1.863201204046e-02,1.886749845296e-02,1.909365157414e-02,1.931078733799e-02,1.951920997341e-02,1.971921250139e-02,1.991107719240e-02,2.009507601296e-02,2.027147104722e-02,2.044051489762e-02,2.060245107463e-02,2.075751435570e-02,2.090593114613e-02,2.104791980276e-02,2.118369096351e-02,2.131344784536e-02,2.143738654118e-02,2.155569629688e-02,2.166855977749e-02,2.177615332604e-02,2.187864720150e-02,2.197620582115e-02,2.206898797362e-02,2.215714704450e-02,2.224083121052e-02,2.232018364444e-02,2.239534269721e-02,2.246644208139e-02,2.253361104316e-02,2.259697452586e-02,2.265665333312e-02,2.271276427408e-02,2.276542031814e-02,2.281473072554e-02,2.286080119000e-02,2.290373396119e-02,2.294362797248e-02,2.298057895801e-02,2.301467956606e-02,2.304601947152e-02,2.307468547578e-02,2.310076161516e-02
-5.719737644155e+00,-5.073058001598e+00,-4.520621242202e+00,-4.045564943969e+00,-3.634576975493e+00,-3.277042510123e+00,-2.964419678790e+00,-2.689776650876e+00,-2.447444285063e+00,-2.232752651626e+00,-2.041829135232e+00,-1.871442249431e+00,-1.718879802826e+00,-1.581853021639e+00,-1.458420588151e+00,-1.346928026912e+00,-1.245958974453e+00,-1.154295910357e+00,-1.070888165169e+00,-9.948258520810e-01,-9.253184173985e-01,-8.616767485184e-01,-8.032982167539e-01,-7.496539037568e-01,-7.002778390417e-01,-6.547579750308e-01,-6.127288213516e-01,-5.738653311416e-01,-5.378779279178e-01,-5.045081856225e-01,-4.735250918541e-01,-4.447217758281e-01,-4.179126067038e-01,-3.929306915848e-01,-3.696256792952e-01,-3.478618593352e-01,-3.275165109433e-01,-3.084784605556e-01,-2.906468260587e-01,-2.739299145485e-01,-2.582442551568e-01,-2.435137478141e-01,-2.296689116352e-01,-2.166462205504e-01,-2.043875143510e-01,-1.928394758556e-01,-1.819531654314e-01,-1.716836068318e-01,-1.619894165706e-01,-1.528324731342e-01,-1.441776206805e-01,-1.359924024587e-01,-1.282468229694e-01,-1.209131321515e-01,-1.139656323183e-01,-1.073805041315e-01,-1.011356479888e-01,-9.521054351076e-02,-8.958611938344e-02,-8.424463735624e-02,-7.916958706901e-02,-7.434558809184e-02,-6.975830431871e-02,-6.539436134827e-02,-6.124127353559e-02,-5.728737545952e-02,-5.352175863340e-02,-4.993421360679e-02,-4.651517639053e-02,-4.325567963493e-02,-4.014730775502e-02,-3.718215761981e-02,-3.435280047476e-02,-3.165225042261e-02,-2.907393373000e-02,-2.661166105885e-02,-2.425960348278e-02,-2.201226758678e-02,-1.986447522530e-02,-1.781134284780e-02,-1.584826245563e-02,-1.397088495833e-02,-1.217510268237e-02,-1.045703511434e-02,-8.813014146425e-03,-7.239570866839e-03,-5.733423474270e-03,-4.291465323339e-03,-2.910754597337e-03,-1.588504111917e-03,-3.220720040494e-04,8.910468235869e-04,2.053228980127e-03,3.166729984447e-03,4.233691388621e-03,5.256147373138e-03,6.236030842228e-03,7.175179255817e-03,8.075339951012e-03,8.938175208083e-03,9.765266982048e-03,1.055812129201e-02,1.131817241656e-02,1.204678674531e-02,1.274526645444e-02,1.341485293724e-02,1.405673001407e-02,1.467202698800e-02,1.526182147390e-02,1.582714209315e-02,1.636897100138e-02,1.688824625658e-02,1.738586407857e-02,1.786268094764e-02,1.831951560522e-02,1.875715093775e-02,1.917633574226e-02,1.957778641715e-02,1.996218853449e-02,2.033019834160e-02,2.068244418037e-02,2.101952781475e-02,2.134202571293e-02,2.165049023173e-02,2.194545075941e-02,2.222741479106e-02,2.249686893953e-02,2.275427991360e-02,2.300009542134e-02,2.323474504445e-02,2.345864106332e-02,2.367217923119e-02,2.387573952803e-02,2.406968685494e-02,2.425437170856e-02,2.443013081962e-02,2.459728775012e-02,2.475615347920e-02,2.490702694115e-02,2.505019554932e-02,2.518593569475e-02,2.531451320867e-02,2.543618382416e-02,2.555119359224e-02,2.565977929559e-02,2.576216883720e-02,2.585858160421e-02,2.594922883130e-02,2.603431392740e-02,2.611403280189e-02,2.618857417207e-02,2.625811984938e-02,2.632284502819e-02,2.638291854381e-02,2.643850313114e-02,2.648975566977e-02,2.653682741018e-02,2.657986420486e-02,2.661900671326e-02,2.665439060795e-02,2.668614677162e-02,2.671440147559e-02,2.673927656824e-02,2.676088963573e-02,2.677935417021e-02,2.679477972622e-02,2.680727206499e-02,2.681693330632e-02,2.682386205758e-02,2.682815354938e-02,2.682989976257e-02,2.682918954377e-02,2.682610872924e-02,2.682074024880e-02,2.681316423569e-02,2.680345813035e-02,2.679169677323e-02,2.677795250636e-02,2.676229525752e-02,2.674479262942e-02,2.672550998534e-02
-4.903109795859e+00,-4.344073148346e+00,-3.866655549676e+00,-3.456245955198e+00,-3.101309986307e+00,-2.792650732825e+00,-2.522867685837e+00,-2.285955555652e+00,-2.077003261562e+00,-1.891965584576e+00,-1.727488195431e+00,-1.580772317586e+00,-1.449469110673e+00,-1.331596607054e+00,-1.225473880633e+00,-1.129668485313e+00,-1.042954282556e+00,-9.642773612935e-01,-8.927283406720e-01,-8.275198205958e-01,-7.679677793282e-01,-7.134761243196e-01,-6.635237494231e-01,-6.176534528742e-01,-5.754625815063e-01,-5.365951236610e-01,-5.007352668308e-01,-4.676021258567e-01,-4.369453846762e-01,-4.085416592559e-01,-3.821912795835e-01,-3.577154672555e-01,-3.349538597007e-01,-3.137623210416e-01,-2.940110439878e-01,-2.755829002628e-01,-2.583720021245e-01,-2.422824536725e-01,-2.272272601691e-01,-2.131273723542e-01,-1.999108488976e-01,-1.875121188372e-01,-1.758713307733e-01,-1.649337778714e-01,-1.546493880446e-01,-1.449722716463e-01,-1.358603188483e-01,-1.272748409779e-01,-1.191802506399e-01,-1.115437751196e-01,-1.043352001692e-01,-9.752664037736e-02,-9.109233215961e-02,-8.500844843047e-02,-7.925293157791e-02,-7.380534207668e-02,-6.864672322473e-02,-6.375947819275e-02,-5.912725822220e-02,-5.473486319419e-02,-5.056814984420e-02,-4.661394801518e-02,-4.285998686830e-02,-3.929482382900e-02,-3.590778134871e-02,-3.268888871486e-02,-2.962882677436e-02,-2.671887817399e-02,-2.395088074791e-02,-2.131718518174e-02,-1.881061629283e-02,-1.642443739131e-02,-1.415231941470e-02,-1.198831170195e-02,-9.926815937603e-03,-7.962563484201e-03,-6.090592897273e-03,-4.306230356775e-03,-2.605071803150e-03,-9.829648968963e-04,5.640064699231e-04,2.039536780709e-03,3.447113854237e-03,4.790031003948e-03,6.071399487222e-03,7.294160241214e-03,8.461094035990e-03,9.574831559761e-03,1.063786277756e-02,1.165254529232e-02,1.262111248530e-02,1.354568101631e-02,1.442825767300e-02,1.527074595144e-02,1.607495210864e-02,1.684259076925e-02,1.757529026925e-02,1.827459757545e-02,1.894198288386e-02,1.957884398369e-02,2.018651028301e-02,2.076624658743e-02,2.131925669677e-02,2.184668670126e-02,2.234962811972e-02,2.282912085454e-02,2.328615592856e-02,2.372167808620e-02,2.413658824120e-02,2.453174575545e-02,2.490797060554e-02,2.526604541973e-02,2.560671738246e-02,2.593070004683e-02,2.623867503681e-02,2.653129364463e-02,2.680917835362e-02,2.707292426568e-02,2.732310044598e-02,2.756025120771e-02,2.778489731314e-02,2.799753710803e-02,2.819864761373e-02,2.838868553481e-02,2.856808822680e-02,2.873727461886e-02,2.889664606970e-02,2.904658719126e-02,2.918746663202e-02,2.931963780608e-02,2.944343959660e-02,2.955919702251e-02,2.966722186133e-02,2.976781325217e-02,2.986125826418e-02,2.994783243042e-02,3.002780026638e-02,3.010141575562e-02,3.016892280868e-02,3.023055571054e-02,3.028653953629e-02,3.033709054554e-02,3.038241657291e-02,3.042271737975e-02,3.045818499988e-02,3.048900407428e-02,3.051535215549e-02,3.053740000794e-02,3.055531189639e-02,3.056924584995e-02,3.057935392362e-02,3.058578244728e-02,3.058867225519e-02,3.058815891459e-02,3.058437294066e-02,3.057743999657e-02,3.056748109402e-02,3.055461277873e-02,3.053894730547e-02,3.052059281436e-02,3.049965349127e-02,3.047622972013e-02,3.045041824120e-02,3.042231228573e-02,3.039200171393e-02,3.035957315118e-02,3.032511010664e-02,3.028869309504e-02,3.025039975528e-02,3.021030495465e-02,3.016848089700e-02,3.012499722565e-02,3.007992111547e-02,3.003331736904e-02,2.998524850603e-02,2.993577484464e-02,2.988495458752e-02,2.983284389908e-02,2.977949697790e-02,2.972496613362e-02,2.966930185396e-02
-4.243878434073e+00,-3.755552011347e+00,-3.338661365155e+00,-2.980411431076e+00,-2.670701801988e+00,-2.401479300859e+00,-2.166264085556e+00,-1.959798265954e+00,-1.777782253929e+00,-1.616674769951e+00,-1.473539583806e+00,-1.345926967449e+00,-1.231781211174e+00,-1.129367855400e+00,-1.037216021810e+00,-9.540724042073e-01,-8.788643176878e-01,-8.106698396753e-01,-7.486935785716e-01,-6.922469378145e-01,-6.407318266470e-01,-5.936271755122e-01,-5.504776244978e-01,-5.108838193868e-01,-4.744941843657e-01,-4.409979510227e-01,-4.101194261487e-01,-3.816133659708e-01,-3.552611850899e-01,-3.308677654196e-01,-3.082587213371e-01,-2.872779505141e-01,-2.677854595421e-01,-2.496554702953e-01,-2.327747496952e-01,-2.170411576135e-01,-2.023623874974e-01,-1.886548699972e-01,-1.758428156036e-01,-1.638573774063e-01,-1.526359177724e-01,-1.421213624030e-01,-1.322616308163e-01,-1.230091333877e-01,-1.143203254485e-01,-1.061553116888e-01,-9.847749432084e-02,-9.125325950619e-02,-8.445169755079e-02,-7.804435300445e-02,-7.200500044812e-02,-6.630944351871e-02,-6.093533510320e-02,-5.586201472641e-02,-5.107036245639e-02,-4.654266765833e-02,-4.226251036182e-02,-3.821465365676e-02,-3.438494673388e-02,-3.076023819264e-02,-2.732829552409e-02,-2.407773264998e-02,-2.099794564646e-02,-1.807905101506e-02,-1.531183065061e-02,-1.268768121178e-02,-1.019856637842e-02,-7.836972967033e-03,-5.595870614993e-03,-3.468674135582e-03,-1.449209584239e-03,4.683163303536e-04,2.289345122533e-03,4.018990912274e-03,5.662062952562e-03,7.223086624439e-03,8.706322049944e-03,1.011578073675e-02,1.145524150798e-02,1.272826595763e-02,1.393821133553e-02,1.508824343420e-02,1.618134947027e-02,1.722034852292e-02,1.820790229304e-02,1.914652520249e-02,2.003859343291e-02,2.088635345300e-02,2.169193010585e-02,2.245733417172e-02,2.318446916474e-02,2.387513785539e-02,2.453104843568e-02,2.515382003657e-02,2.574498801164e-02,2.630600888503e-02,2.683826492451e-02,2.734306840201e-02,2.782166560803e-02,2.827524062935e-02,2.870491881572e-02,2.911177006521e-02,2.949681193664e-02,2.986101249722e-02,3.020529303585e-02,3.053053061344e-02,3.083756043938e-02,3.112717810693e-02,3.140014170156e-02,3.165717378792e-02,3.189896326116e-02,3.212616710034e-02,3.233941203086e-02,3.253929606859e-02,3.272638998638e-02,3.290123870097e-02,3.306436257618e-02,3.321625864897e-02,3.335740179128e-02,3.348824581501e-02,3.360922449960e-02,3.372075257014e-02,3.382322663550e-02,3.391702605297e-02,3.400251375879e-02,3.408003705765e-02,3.414992836292e-02,3.421250589779e-02,3.426807436331e-02,3.431692557473e-02,3.435933905429e-02,3.439558259911e-02,3.442591282782e-02,3.445057568500e-02,3.446980692699e-02,3.448383258633e-02,3.449286940948e-02,3.449712526980e-02,3.449679956322e-02,3.449208359032e-02,3.448316090725e-02,3.447020766457e-02,3.445339294023e-02,3.443287903869e-02,3.440882178536e-02,3.438137080974e-02,3.435066980927e-02,3.431685680077e-02,3.428006436290e-02,3.424041987001e-02,3.419804570650e-02,3.415305947580e-02,3.410557420621e-02,3.405569853562e-02,3.400353689339e-02,3.394918967660e-02,3.389275341551e-02,3.383432092915e-02,3.377398147653e-02,3.371182090602e-02,3.364792178788e-02,3.358236354506e-02,3.351522258693e-02,3.344657242259e-02,3.337648377717e-02,3.330502470531e-02,3.323226069503e-02,3.315825476713e-02,3.308306757267e-02,3.300675748857e-02,3.292938070205e-02,3.285099129531e-02,3.277164133184e-02,3.269138092971e-02,3.261025833625e-02,3.252832000183e-02,3.244561064829e-02,3.236217333254e-02,3.227804950967e-02,3.219327909757e-02,3.210790053038e-02
-3.704026321711e+00,-3.273568453072e+00,-2.906213834440e+00,-2.590653229052e+00,-2.317959514805e+00,-2.081015335900e+00,-1.874094163861e+00,-1.692549657885e+00,-1.532582586012e+00,-1.391064014559e+00,-1.265399828887e+00,-1.153425930972e+00,-1.053326469248e+00,-9.635695110138e-01,-8.828560783623e-01,-8.100794578438e-01,-7.442925317342e-01,-6.846813873021e-01,-6.305439290839e-01,-5.812723931150e-01,-5.363390011968e-01,-4.952840585021e-01,-4.577059848975e-01,-4.232527493926e-01,-3.916145700331e-01,-3.625177238527e-01,-3.357193861956e-01,-3.110035144519e-01,-2.881775008790e-01,-2.670694003936e-01,-2.475255136737e-01,-2.294082827232e-01,-2.125943884659e-01,-1.969730717338e-01,-1.824446556395e-01,-1.689192650979e-01,-1.563157077487e-01,-1.445605018004e-01,-1.335870281000e-01,-1.233347904946e-01,-1.137487665248e-01,-1.047788368356e-01,-9.637928204396e-02,-8.850833867529e-02,-8.112780556227e-02,-7.420269462641e-02,-6.770092054819e-02,-6.159302414182e-02,-5.585192559106e-02,-5.045270375515e-02,-4.537239900149e-02,-4.058983591391e-02,-3.608546435642e-02,-3.184121636292e-02,-2.784037798609e-02,-2.406747300473e-02,-2.050815838578e-02,-1.714912965909e-02,-1.397803629540e-02,-1.098340408062e-02,-8.154565240659e-03,-5.481594523999e-03,-2.955252788402e-03,-5.669329141680e-04,1.691388305793e-03,3.827195065244e-03,5.847473513733e-03,7.758750942271e-03,9.567131304760e-03,1.127832804091e-02,1.289769474837e-02,1.443025253958e-02,1.588071487836e-02,1.725350963373e-02,1.855279993651e-02,1.978250155496e-02,2.094629927431e-02,2.204766163429e-02,2.308985533848e-02,2.407595744031e-02,2.500886730445e-02,2.589131752098e-02,2.672588514526e-02,2.751500071912e-02,2.826095772696e-02,2.896592109842e-02,2.963193557572e-02,3.026093288231e-02,3.085473885152e-02,3.141507992744e-02,3.194358941547e-02,3.244181300959e-02,3.291121413674e-02,3.335317888212e-02,3.376902066727e-02,3.415998447966e-02,3.452725090064e-02,3.487193984719e-02,3.519511410714e-02,3.549778258249e-02,3.578090335691e-02,3.604538655231e-02,3.629209704859e-02,3.652185696442e-02,3.673544802778e-02,3.693361378277e-02,3.711706168333e-02,3.728646502568e-02,3.744246478601e-02,3.758567133899e-02,3.771666608902e-02,3.783600298302e-02,3.794420994756e-02,3.804179023723e-02,3.812922371589e-02,3.820696804869e-02,3.827545983435e-02,3.833511567032e-02,3.838633316639e-02,3.842949189001e-02,3.846495426451e-02,3.849306641364e-02,3.851415897414e-02,3.852854784339e-02,3.853653489947e-02,3.853840867672e-02,3.853444501551e-02,3.852490766229e-02,3.851004884744e-02,3.849010982831e-02,3.846532141282e-02,3.843590444313e-02,3.840207026167e-02,3.836402115008e-02,3.832195075315e-02,3.827604447084e-02,3.822647983577e-02,3.817342686981e-02,3.811704842893e-02,3.805750052255e-02,3.799493262097e-02,3.792948794443e-02,3.786130374937e-02,3.779051158458e-02,3.771723754510e-02,3.764160250931e-02,3.756372237290e-02,3.748370825971e-02,3.740166673002e-02,3.731769997559e-02,3.723190601260e-02,3.714437885548e-02,3.705520868840e-02,3.696448202643e-02,3.687228187516e-02,3.677868787467e-02,3.668377644120e-02,3.658762090069e-02,3.649029162146e-02,3.639185613384e-02,3.629237924779e-02,3.619192316259e-02,3.609054758077e-02,3.598830980396e-02,3.588526483277e-02,3.578146545849e-02,3.567696235758e-02,3.557180417221e-02,3.546603759352e-02,3.535970743836e-02,3.525285672864e-02,3.514552675891e-02,3.503775716587e-02,3.492958599294e-02,3.482104975694e-02,3.471218350507e-02,3.460302087314e-02,3.449359413988e-02,3.438393428325e-02,3.427407102866e-02,3.416403289794e-02
-3.256366449975e+00,-2.873860858436e+00,-2.547555005891e+00,-2.267370579141e+00,-2.025352466724e+00,-1.815158607559e+00,-1.631686570690e+00,-1.470796672551e+00,-1.329104220332e+00,-1.203821914686e+00,-1.092639085547e+00,-9.936282782643e-01,-9.051723740739e-01,-8.259072540365e-01,-7.546763610327e-01,-6.904944399010e-01,-6.325184128225e-01,-5.800238801621e-01,-5.323860315434e-01,-4.890640800321e-01,-4.495884964344e-01,-4.135504225518e-01,-3.805928166751e-01,-3.504028396783e-01,-3.227053389068e-01,-2.972572781052e-01,-2.738431149312e-01,-2.522710351298e-01,-2.323699860685e-01,-2.139872226929e-01,-1.969862077940e-01,-1.812447532864e-01,-1.666533441036e-01,-1.531136583318e-01,-1.405372518685e-01,-1.288444097284e-01,-1.179631471881e-01,-1.078283400119e-01,-9.838096859835e-02,-8.956745694435e-02,-8.133909364457e-02,-7.365152350147e-02,-6.646429933133e-02,-5.974048664307e-02,-5.344631331764e-02,-4.755085893908e-02,-4.202577859043e-02,-3.684505702604e-02,-3.198478917732e-02,-2.742298406989e-02,-2.313938930643e-02,-1.911533360714e-02,-1.533358582021e-02,-1.177822776160e-02,-8.434539935755e-03,-5.288898599212e-03,-2.328682735229e-03,4.578093428228e-04,3.081435918162e-03,5.552280403831e-03,7.879713186638e-03,1.007244832123e-02,1.213859348294e-02,1.408569769212e-02,1.592079380670e-02,1.765043802220e-02,1.928074655212e-02,2.081742939226e-02,2.226582242292e-02,2.363091666554e-02,2.491738534424e-02,2.612960841425e-02,2.727169537677e-02,2.834750506769e-02,2.936066356545e-02,3.031458028313e-02,3.121246221795e-02,3.205732757367e-02,3.285201740519e-02,3.359920666666e-02,3.430141469076e-02,3.496101458445e-02,3.558024306966e-02,3.616120834034e-02,3.670589834300e-02,3.721618832370e-02,3.769384782794e-02,3.814054754351e-02,3.855786524485e-02,3.894729163495e-02,3.931023573718e-02,3.964802988621e-02,3.996193449065e-02,4.025314231313e-02,4.052278255237e-02,4.077192464367e-02,4.100158178643e-02,4.121271427792e-02,4.140623257266e-02,4.158300016465e-02,4.174383628961e-02,4.188951843224e-02,4.202078471987e-02,4.213833610056e-02,4.224283842554e-02,4.233492439131e-02,4.241519535739e-02,4.248422306921e-02,4.254255125146e-02,4.259069712048e-02,4.262915280312e-02,4.265838666795e-02,4.267884458801e-02,4.269095111560e-02,4.269511059568e-02,4.269170821479e-02,4.268111098698e-02,4.266366869040e-02,4.263971474247e-02,4.260956702844e-02,4.257352868549e-02,4.253188883763e-02,4.248492330390e-02,4.243289524924e-02,4.237605581121e-02,4.231464469002e-02,4.224889070455e-02,4.217901232663e-02,4.210521817539e-02,4.202770749222e-02,4.194667058946e-02,4.186228927376e-02,4.177473725363e-02,4.168418051744e-02,4.159077769616e-02,4.149468040735e-02,4.139603357997e-02,4.129497576749e-02,4.119163943944e-02,4.108615126011e-02,4.097863235474e-02,4.086919855831e-02,4.075796066261e-02,4.064502463717e-02,4.053049184801e-02,4.041445926365e-02,4.029701964953e-02,4.017826175935e-02,4.005827050824e-02,3.993712714295e-02,3.981490940316e-02,3.969169167346e-02,3.956754513340e-02,3.944253789366e-02,3.931673512919e-02,3.919019920621e-02,3.906298980183e-02,3.893516402218e-02,3.880677651035e-02,3.867787955088e-02,3.854852317073e-02,3.841875523211e-02,3.828862152992e-02,3.815816587329e-02,3.802743017058e-02,3.789645450888e-02,3.776527722868e-02,3.763393500034e-02,3.750246288991e-02,3.737089442643e-02,3.723926166548e-02,3.710759524880e-02,3.697592446545e-02,3.684427730477e-02,3.671268050983e-02,3.658115962861e-02,3.644973906170e-02,3.631844211136e-02,3.618729102455e-02,3.605630703533e-02,3.592551040654e-02
-2.881039178802e+00,-2.538706356753e+00,-2.246790756011e+00,-1.996245040064e+00,-1.779928226980e+00,-1.592147627368e+00,-1.428323550631e+00,-1.284740688072e+00,-1.158361567380e+00,-1.046685046664e+00,-9.476378774100e-01,-8.594908311782e-01,-7.807932560062e-01,-7.103215982743e-01,-6.470386034821e-01,-5.900607579758e-01,-5.386321522099e-01,-4.921033605853e-01,-4.499143129428e-01,-4.115803279093e-01,-3.766806627423e-01,-3.448490298620e-01,-3.157656758094e-01,-2.891505714852e-01,-2.647575616785e-01,-2.423693312676e-01,-2.217931907914e-01,-2.028576685658e-01,-1.854098065249e-01,-1.693129617651e-01,-1.544449758084e-01,-1.406965324601e-01,-1.279696829983e-01,-1.161765209730e-01,-1.052380060545e-01,-9.508293122756e-02,-8.564702240168e-02,-7.687215682316e-02,-6.870568106192e-02,-6.109981662132e-02,-5.401113976236e-02,-4.740012501074e-02,-4.123074291248e-02,-3.547010547856e-02,-3.008815209337e-02,-2.505737107192e-02,-2.035255222054e-02,-1.595056652039e-02,-1.183016958347e-02,-7.971826187259e-03,-4.357553033196e-03,-9.707779369076e-04,2.203786588276e-03,5.180256951135e-03,7.971680763902e-03,1.059012894935e-02,1.304677855868e-02,1.535198798052e-02,1.751536452277e-02,1.954582557788e-02,2.145165390448e-02,2.324054820796e-02,2.491966773468e-02,2.649567464599e-02,2.797477181803e-02,2.936273790971e-02,3.066495986923e-02,3.188646320773e-02,3.303194019197e-02,3.410577617405e-02,3.511207401550e-02,3.605467634862e-02,3.693718582933e-02,3.776298333393e-02,3.853524413788e-02,3.925695239860e-02,3.993091438412e-02,4.055976967900e-02,4.114600192401e-02,4.169194856219e-02,4.219980993769e-02,4.267165748343e-02,4.310944235002e-02,4.351500230122e-02,4.389006898353e-02,4.423627457602e-02,4.455515803531e-02,4.484817094215e-02,4.511668296478e-02,4.536198708490e-02,4.558530423960e-02,4.578778783588e-02,4.597052790797e-02,4.613455499271e-02,4.628084373738e-02,4.641031627295e-02,4.652384537348e-02,4.662225735435e-02,4.670633482302e-02,4.677681923421e-02,4.683441327959e-02,4.687978310639e-02,4.691356043712e-02,4.693634449556e-02,4.694870384750e-02,4.695117811654e-02,4.694427959282e-02,4.692849474174e-02,4.690428561917e-02,4.687209120884e-02,4.683232866348e-02,4.678539448282e-02,4.673166561836e-02,4.667150051278e-02,4.660524007763e-02,4.653320861492e-02,4.645571468809e-02,4.637305193536e-02,4.628549984276e-02,4.619332447141e-02,4.609677914439e-02,4.599610509049e-02,4.589153206462e-02,4.578327891782e-02,4.567155414562e-02,4.555655640405e-02,4.543847499754e-02,4.531749034018e-02,4.519377439164e-02,4.506749107423e-02,4.493879665981e-02,4.480784014195e-02,4.467476358693e-02,4.453970246640e-02,4.440278597228e-02,4.426413731590e-02,4.412387401373e-02,4.398210815328e-02,4.383894664958e-02,4.369449148752e-02,4.354883995229e-02,4.340208484492e-02,4.325431469633e-02,4.310561395887e-02,4.295606319547e-02,4.280573925789e-02,4.265471545616e-02,4.250306171952e-02,4.235084474911e-02,4.219812816692e-02,4.204497265115e-02,4.189143606965e-02,4.173757360575e-02,4.158343787813e-02,4.142907905466e-02,4.127454496132e-02,4.111988118760e-02,4.096513118286e-02,4.081033635149e-02,4.065553614275e-02,4.050076813676e-02,4.034606812387e-02,4.019147018783e-02,4.003700677565e-02,3.988270877000e-02,3.972860555705e-02,3.957472509117e-02,3.942109395661e-02,3.926773742606e-02,3.911467951942e-02,3.896194305499e-02,3.880954970189e-02,3.865752002931e-02,3.850587355351e-02,3.835462878251e-02,3.820380325924e-02,3.805341360398e-02,3.790347555179e-02,3.775400399080e-02,3.760501299827e-02,3.745651587527e-02
-2.563263473740e+00,-2.254914123477e+00,-1.992091249979e+00,-1.766619442126e+00,-1.572046256543e+00,-1.403228206100e+00,-1.256027708203e+00,-1.127088374134e+00,-1.013666401453e+00,-9.135026726404e-01,-8.247247472200e-01,-7.457710527455e-01,-6.753317361174e-01,-6.123021371185e-01,-5.557459131845e-01,-5.048656139987e-01,-4.589790516079e-01,-4.175002195901e-01,-3.799238109075e-01,-3.458125992524e-01,-3.147871015005e-01,-2.865170258505e-01,-2.607141393775e-01,-2.371261439437e-01,-2.155313968558e-01,-1.957343392461e-01,-1.775616367472e-01,-1.608590442761e-01,-1.454889304185e-01,-1.313283078219e-01,-1.182671919954e-01,-1.062071590223e-01,-9.506003665383e-02,-8.474672252482e-02,-7.519612613952e-02,-6.634423386300e-02,-5.813329289054e-02,-5.051110117964e-02,-4.343038973665e-02,-3.684828417756e-02,-3.072583397740e-02,-2.502759974461e-02,-1.972128976674e-02,-1.477743986259e-02,-1.016912990632e-02,-5.871732618904e-03,-1.862690403264e-03,1.878683297526e-03,5.371381139169e-03,8.632860113617e-03,1.167918313309e-02,1.452514593969e-02,1.718439091808e-02,1.966950940283e-02,2.199213379456e-02,2.416302045107e-02,2.619212443656e-02,2.808866696237e-02,2.986119627604e-02,3.151764267326e-02,3.306536818213e-02,3.451121197746e-02,3.586153049208e-02,3.712223525290e-02,3.829882672917e-02,3.939642564852e-02,4.041980200254e-02,4.137340206966e-02,4.226137367938e-02,4.308758982568e-02,4.385567063375e-02,4.456900356492e-02,4.523076195663e-02,4.584392171241e-02,4.641127603347e-02,4.693544861887e-02,4.741890535323e-02,4.786396474533e-02,4.827280734992e-02,4.864748437938e-02,4.898992571622e-02,4.930194707981e-02,4.958525759097e-02,4.984146587156e-02,5.007208643239e-02,5.027854555050e-02,5.046218680393e-02,5.062427627294e-02,5.076600741760e-02,5.088850564337e-02,5.099283256820e-02,5.107998999491e-02,5.115092365453e-02,5.120652665784e-02,5.124764270886e-02,5.127506912614e-02,5.128955964873e-02,5.129182705302e-02,5.128254559401e-02,5.126235328415e-02,5.123185402364e-02,5.119161957546e-02,5.114219145245e-02,5.108408263174e-02,5.101777919062e-02,5.094374183103e-02,5.086240730806e-02,5.077418976927e-02,5.067948201101e-02,5.057865665750e-02,5.047206726800e-02,5.036004937595e-02,5.024292146879e-02,5.012098590665e-02,4.999452978555e-02,4.986382575221e-02,4.972913277037e-02,4.959069684260e-02,4.944875169046e-02,4.930351939565e-02,4.915521100525e-02,4.900402709857e-02,4.885015833264e-02,4.869378594430e-02,4.853508223196e-02,4.837421100899e-02,4.821132803218e-02,4.804658140668e-02,4.788011196909e-02,4.771205364967e-02,4.754253381514e-02,4.737167359252e-02,4.719958817762e-02,4.702638712566e-02,4.685217462591e-02,4.667704976331e-02,4.650110676602e-02,4.632443524005e-02,4.614712039183e-02,4.596924323926e-02,4.579088081251e-02,4.561210634138e-02,4.543298944119e-02,4.525359627958e-02,4.507398974064e-02,4.489422957948e-02,4.471437256914e-02,4.453447264024e-02,4.435458101366e-02,4.417474632679e-02,4.399501475349e-02,4.381543011783e-02,4.363603400371e-02,4.345686585805e-02,4.327796308840e-02,4.309936115705e-02,4.292109367017e-02,4.274319246281e-02,4.256568767980e-02,4.238860785279e-02,4.221197997412e-02,4.203582956468e-02,4.186018074492e-02,4.168505629492e-02,4.151047771608e-02,4.133646528902e-02,4.116303812880e-02,4.099021423752e-02,4.081801055459e-02,4.064644300466e-02,4.047552654343e-02,4.030527520086e-02,4.013570212377e-02,3.996681961551e-02,3.979863917332e-02,3.963117152499e-02,3.946442666363e-02,3.929841388072e-02,3.913314179785e-02,3.896861839696e-02,3.880485104956e-02
-2.291854118796e+00,-2.012502196572e+00,-1.774504347438e+00,-1.570428975378e+00,-1.394411015068e+00,-1.241775496519e+00,-1.108761996801e+00,-9.923203221843e-01,-8.899572017533e-01,-7.996199933943e-01,-7.196075707702e-01,-6.485013956976e-01,-5.851117374816e-01,-5.284353695823e-01,-4.776220434006e-01,-4.319477337470e-01,-3.907931540521e-01,-3.536264076250e-01,-3.199889116011e-01,-2.894839268844e-01,-2.617671677986e-01,-2.365390432844e-01,-2.135381954429e-01,-1.925359645031e-01,-1.733316038016e-01,-1.557481114431e-01,-1.396286787108e-01,-1.248337847821e-01,-1.112389078110e-01,-9.873272945433e-02,-8.721566609768e-02,-7.659859031996e-02,-6.680167133290e-02,-5.775331548488e-02,-4.938921015668e-02,-4.165147506059e-02,-3.448791814971e-02,-2.785138743220e-02,-2.169920724345e-02,-1.599268730547e-02,-1.069669395299e-02,-5.779274610448e-03,-1.211327352023e-03,3.033689974115e-03,6.980017131902e-03,1.064981949693e-02,1.406339052828e-02,1.723933193451e-02,2.019471429246e-02,2.294522049206e-02,2.550527405555e-02,2.788815410483e-02,3.010609851629e-02,3.217039660126e-02,3.409147247776e-02,3.587896014947e-02,3.754177117995e-02,3.908815573946e-02,4.052575770917e-02,4.186166445077e-02,4.310245172630e-02,4.425422470895e-02,4.532265431464e-02,4.631301116009e-02,4.723019606088e-02,4.807876815132e-02,4.886297089316e-02,4.958675629876e-02,5.025380760823e-02,5.086756055433e-02,5.143122324327e-02,5.194779459672e-02,5.242008126257e-02,5.285071291686e-02,5.324215593895e-02,5.359672552422e-02,5.391659637752e-02,5.420381218474e-02,5.446029408063e-02,5.468784831937e-02,5.488817337349e-02,5.506286623751e-02,5.521342904648e-02,5.534127451826e-02,5.544773156293e-02,5.553405048717e-02,5.560140791087e-02,5.565091140116e-02,5.568360382929e-02,5.570046745724e-02,5.570242776313e-02,5.569035701627e-02,5.566507761422e-02,5.562736519504e-02,5.557795153853e-02,5.551752727011e-02,5.544674438081e-02,5.536621857632e-02,5.527653146737e-02,5.517823261299e-02,5.507184143009e-02,5.495784896116e-02,5.483671956167e-02,5.470889243613e-02,5.457478309859e-02,5.443478473407e-02,5.428926947344e-02,5.413858958783e-02,5.398307860839e-02,5.382305237644e-02,5.365881002902e-02,5.349063492412e-02,5.331879550977e-02,5.314354614079e-02,5.296512784660e-02,5.278376905350e-02,5.259968626421e-02,5.241308469765e-02,5.222415889135e-02,5.203309326909e-02,5.184006267642e-02,5.164523288181e-02,5.144876105800e-02,5.125079622632e-02,5.105147968147e-02,5.085094539142e-02,5.064932037501e-02,5.044672505874e-02,5.024327361388e-02,5.003907427517e-02,4.983422964218e-02,4.962883696438e-02,4.942298841077e-02,4.921677132514e-02,4.901026846767e-02,4.880355824372e-02,4.859671492055e-02,4.838980883259e-02,4.818290657599e-02,4.797607119309e-02,4.776936234765e-02,4.756283648843e-02,4.735654701058e-02,4.715054440168e-02,4.694487638426e-02,4.673958805025e-02,4.653472198858e-02,4.633031840644e-02,4.612641524434e-02,4.592304828553e-02,4.572025125988e-02,4.551805594268e-02,4.531649224851e-02,4.511558832050e-02,4.491537061525e-02,4.471586398351e-02,4.451709174703e-02,4.431907577164e-02,4.412183653673e-02,4.392539320149e-02,4.372976366827e-02,4.353496464071e-02,4.334101168418e-02,4.314791927759e-02,4.295570086596e-02,4.276436890978e-02,4.257393493200e-02,4.238440956292e-02,4.219580258283e-02,4.200812296277e-02,4.182137890334e-02,4.163557787165e-02,4.145072663668e-02,4.126683130287e-02,4.108389734223e-02,4.090192962494e-02,4.072093244857e-02,4.054090956593e-02,4.036186421163e-02,4.018379912746e-02,4.000671658693e-02
-2.058220580979e+00,-1.803804094718e+00,-1.587154437420e+00,-1.401479476922e+00,-1.241419125316e+00,-1.102701206539e+00,-9.818895520337e-01,-8.761972141402e-01,-7.833463139253e-01,-7.014617258839e-01,-6.289896117976e-01,-5.646344083777e-01,-5.073096624631e-01,-4.560993588616e-01,-4.102272721258e-01,-3.690325087083e-01,-3.319498662813e-01,-2.984939738605e-01,-2.682464240038e-01,-2.408452890718e-01,-2.159765434083e-01,-1.933669844098e-01,-1.727783462226e-01,-1.540022731226e-01,-1.368559655433e-01,-1.211783673340e-01,-1.068268852366e-01,-9.367468034688e-02,-8.160853144394e-02,-7.052717910937e-02,-6.033999898418e-02,-5.096586412059e-02,-4.233211455011e-02,-3.437360817112e-02,-2.703185561153e-02,-2.025424621743e-02,-1.399336631348e-02,-8.206404221885e-03,-2.854632754460e-03,2.097041117596e-03,6.680469142412e-03,1.092460546851e-02,1.485580879270e-02,1.849810815045e-02,2.187343790796e-02,2.500184583634e-02,2.790167781094e-02,3.058974210436e-02,3.308145580948e-02,3.539097557059e-02,3.753131450077e-02,3.951444691004e-02,4.135140225336e-02,4.305234952298e-02,4.462667315093e-02,4.608304135066e-02,4.742946770864e-02,4.867336673545e-02,4.982160399949e-02,5.088054139510e-02,5.185607797498e-02,5.275368718614e-02,5.357844996840e-02,5.433508539849e-02,5.502797832326e-02,5.566120474264e-02,5.623855524110e-02,5.676355678641e-02,5.723949314628e-02,5.766942408163e-02,5.805620337340e-02,5.840249564883e-02,5.871079191552e-02,5.898342370233e-02,5.922257574515e-02,5.943029722777e-02,5.960851166937e-02,5.975902561695e-02,5.988353633877e-02,5.998363871986e-02,6.006083159614e-02,6.011652332551e-02,6.015203757642e-02,6.016861821122e-02,6.016743420835e-02,6.014958427471e-02,6.011610121809e-02,6.006795608279e-02,6.000606204991e-02,5.993127810547e-02,5.984441248123e-02,5.974622587527e-02,5.963743446138e-02,5.951871269751e-02,5.939069594452e-02,5.925398290685e-02,5.910913790660e-02,5.895669300262e-02,5.879714996536e-02,5.863098211801e-02,5.845863605664e-02,5.828053324006e-02,5.809707150511e-02,5.790862645056e-02,5.771555274672e-02,5.751818535678e-02,5.731684067978e-02,5.711181762054e-02,5.690339859205e-02,5.669185045488e-02,5.647742539814e-02,5.626036176597e-02,5.604088483334e-02,5.581920753458e-02,5.559553114790e-02,5.537004593877e-02,5.514293176484e-02,5.491435864518e-02,5.468448729577e-02,5.445346963385e-02,5.422144925346e-02,5.398856187011e-02,5.375493574675e-02,5.352069208849e-02,5.328594541834e-02,5.305080393098e-02,5.281536982666e-02,5.257973962641e-02,5.234400446968e-02,5.210825039552e-02,5.187255860827e-02,5.163700572861e-02,5.140166403104e-02,5.116660166830e-02,5.093188288378e-02,5.069756821241e-02,5.046371467084e-02,5.023037593745e-02,4.999760252278e-02,4.976544193098e-02,4.953393881322e-02,4.930313511057e-02,4.907307019437e-02,4.884378099439e-02,4.861530212274e-02,4.838766599092e-02,4.816090292088e-02,4.793504125033e-02,4.771010743267e-02,4.748612613189e-02,4.726312031261e-02,4.704111132554e-02,4.682011898873e-02,4.660016166460e-02,4.638125633326e-02,4.616341866202e-02,4.594666307159e-02,4.573100279886e-02,4.551644995668e-02,4.530301559062e-02,4.509070973334e-02,4.487954145435e-02,4.466951891128e-02,4.446064939464e-02,4.425293937244e-02,4.404639453222e-02,4.384101982103e-02,4.363681948353e-02,4.343379709812e-02,4.323195561151e-02,4.303129737149e-02,4.283182415815e-02,4.263353721368e-02,4.243643727064e-02,4.224052457895e-02,4.204579893155e-02,4.185225968890e-02,4.165990580222e-02,4.146873583573e-02,4.127874798773e-02,4.108994011111e-02
-1.855676658640e+00,-1.622852765019e+00,-1.424689972638e+00,-1.254949750662e+00,-1.108709186586e+00,-9.820448182437e-01,-8.718011979956e-01,-7.754192829706e-01,-6.908076706166e-01,-6.162449221096e-01,-5.503047162664e-01,-4.917979581856e-01,-4.397276105495e-01,-3.932531651205e-01,-3.516624861290e-01,-3.143493407682e-01,-2.807953549754e-01,-2.505554422995e-01,-2.232459815824e-01,-1.985351836094e-01,-1.761352224609e-01,-1.557957354639e-01,-1.372984398023e-01,-1.204525406923e-01,-1.050907569406e-01,-9.106582426217e-02,-7.824745737440e-02,-6.651981382113e-02,-5.577948319502e-02,-4.593394216841e-02,-3.690034290871e-02,-2.860449494248e-02,-2.097994841500e-02,-1.396714403924e-02,-7.512629720469e-03,-1.568353003246e-03,3.908965943575e-03,8.958383129996e-03,1.361520839791e-02,1.791142076362e-02,2.187603064124e-02,2.553539583966e-02,2.891349950559e-02,3.203219418950e-02,3.491141753746e-02,3.756938314592e-02,4.002274989468e-02,4.228677251076e-02,4.437543570973e-02,4.630157392521e-02,4.807697835806e-02,4.971249284165e-02,5.121809981974e-02,5.260299756339e-02,5.387566960675e-02,5.504394725550e-02,5.611506591261e-02,5.709571587227e-02,5.799208815281e-02,5.880991593857e-02,5.955451169671e-02,6.023080137352e-02,6.084335449230e-02,6.139641211425e-02,6.189391195388e-02,6.233951140808e-02,6.273660876422e-02,6.308836289406e-02,6.339771168948e-02,6.366738941990e-02,6.389994309804e-02,6.409774784768e-02,6.426302119506e-02,6.439783617427e-02,6.450413315289e-02,6.458373034080e-02,6.463833302193e-02,6.466954162327e-02,6.467885878760e-02,6.466769556767e-02,6.463737734199e-02,6.458914850968e-02,6.452417776251e-02,6.444356233298e-02,6.434833236489e-02,6.423945500088e-02,6.411783827145e-02,6.398433478768e-02,6.383974523674e-02,6.368482168014e-02,6.352027065578e-02,6.334675608754e-02,6.316490200817e-02,6.297529510293e-02,6.277848708268e-02,6.257499689617e-02,6.236531279114e-02,6.214989423432e-02,6.192917369997e-02,6.170355833207e-02,6.147343151450e-02,6.123915429030e-02,6.100106674072e-02,6.075948922978e-02,6.051472358644e-02,6.026705420498e-02,6.001674907376e-02,5.976406073763e-02,5.950922719877e-02,5.925247276025e-02,5.899400881653e-02,5.873403459450e-02,5.847273784846e-02,5.821029551238e-02,5.794687431218e-02,5.768263134082e-02,5.741771459866e-02,5.715226350144e-02,5.688640935794e-02,5.662027581855e-02,5.635397930134e-02,5.608762938482e-02,5.582132918836e-02,5.555517572218e-02,5.528926022115e-02,5.502366845863e-02,5.475848104242e-02,5.449377369397e-02,5.422961751173e-02,5.396607921987e-02,5.370322140291e-02,5.344110272748e-02,5.317977815166e-02,5.291929912283e-02,5.265971376466e-02,5.240106705386e-02,5.214340098733e-02,5.188675474020e-02,5.163116481538e-02,5.137666518446e-02,5.112328742384e-02,5.087106083767e-02,5.062001258168e-02,5.037016777458e-02,5.012154960624e-02,4.987417943969e-02,4.962807690770e-02,4.938326000440e-02,4.913974517200e-02,4.889754738310e-02,4.865668021867e-02,4.841715594204e-02,4.817898556904e-02,4.794217893457e-02,4.770674475572e-02,4.747269069169e-02,4.724002340063e-02,4.700874859360e-02,4.677887108580e-02,4.655039484471e-02,4.632332303804e-02,4.609765807452e-02,4.587340164859e-02,4.565055477810e-02,4.542911784235e-02,4.520909061772e-02,4.499047231160e-02,4.477326159453e-02,4.455745663077e-02,4.434305510741e-02,4.413005426194e-02,4.391845090846e-02,4.370824146268e-02,4.349942196552e-02,4.329198810570e-02,4.308593524110e-02,4.288125841912e-02,4.267795239595e-02,4.247601165504e-02,4.227543042407e-02,4.207620269307e-02
-1.678955338659e+00,-1.464947651159e+00,-1.282895221044e+00,-1.127041817982e+00,-9.928454008155e-01,-8.766863116037e-01,-7.756536716419e-01,-6.873869936047e-01,-6.099573379879e-01,-5.417771625356e-01,-4.815312430016e-01,-4.281232439513e-01,-3.806340319410e-01,-3.382888848180e-01,-3.004315062683e-01,-2.665032886268e-01,-2.360266595350e-01,-2.085916335018e-01,-1.838449001035e-01,-1.614809350366e-01,-1.412347301305e-01,-1.228758219679e-01,-1.062033276454e-01,-9.104173549708e-02,-7.723726475967e-02,-6.465465161320e-02,-5.317433081704e-02,-4.269005323475e-02,-3.310698058989e-02,-2.434022788810e-02,-1.631374557355e-02,-8.959396647575e-03,-2.216143201729e-03,3.970711599333e-03,9.650234907536e-03,1.486651188578e-02,1.965922408690e-02,2.406415775140e-02,2.811364680925e-02,3.183695803525e-02,3.526062630199e-02,3.840874739116e-02,4.130323438785e-02,4.396404306319e-02,4.640937081140e-02,4.865583253831e-02,5.071861663010e-02,5.261162357147e-02,5.434758939667e-02,5.593819584056e-02,5.739416881561e-02,5.872536652700e-02,5.994085849299e-02,6.104899655153e-02,6.205747864661e-02,6.297340625422e-02,6.380333612005e-02,6.455332690906e-02,6.522898129251e-02,6.583548394119e-02,6.637763587466e-02,6.685988533977e-02,6.728635574353e-02,6.766087118825e-02,6.798697941045e-02,6.826797277671e-02,6.850690756682e-02,6.870662183546e-02,6.886975210780e-02,6.899874910489e-02,6.909589260811e-02,6.916330545517e-02,6.920296679141e-02,6.921672420379e-02,6.920630476543e-02,6.917332491269e-02,6.911929913465e-02,6.904564754277e-02,6.895370245148e-02,6.884471413089e-02,6.871985587444e-02,6.858022874910e-02,6.842686588951e-02,6.826073632060e-02,6.808274884307e-02,6.789375565281e-02,6.769455579661e-02,6.748589846732e-02,6.726848613653e-02,6.704297752200e-02,6.680999036672e-02,6.657010412624e-02,6.632386241512e-02,6.607177528621e-02,6.581432141111e-02,6.555195009249e-02,6.528508313930e-02,6.501411661330e-02,6.473942245535e-02,6.446134999941e-02,6.418022738055e-02,6.389636285660e-02,6.361004603308e-02,6.332154899570e-02,6.303112738208e-02,6.273902137684e-02,6.244545664121e-02,6.215064518184e-02,6.185478616324e-02,6.155806666801e-02,6.126066240709e-02,6.096273838973e-02,6.066444954722e-02,6.036594131623e-02,6.006735018970e-02,5.976880423239e-02,5.947042356492e-02,5.917232081843e-02,5.887460156177e-02,5.857736470290e-02,5.828070286592e-02,5.798470274755e-02,5.768944545175e-02,5.739500680221e-02,5.710145763955e-02,5.680886410034e-02,5.651728787995e-02,5.622678648028e-02,5.593741344331e-02,5.564921857134e-02,5.536224813395e-02,5.507654506554e-02,5.479214915007e-02,5.450909719432e-02,5.422742319343e-02,5.394715848654e-02,5.366833190384e-02,5.339096990544e-02,5.311509671269e-02,5.284073443211e-02,5.256790317236e-02,5.229662115596e-02,5.202690482459e-02,5.175876893674e-02,5.149222666226e-02,5.122728967116e-02,5.096396821765e-02,5.070227121961e-02,5.044220633395e-02,5.018378002779e-02,4.992699764546e-02,4.967186347353e-02,4.941838080120e-02,4.916655197664e-02,4.891637846180e-02,4.866786088387e-02,4.842099908403e-02,4.817579216364e-02,4.793223852799e-02,4.769033592777e-02,4.745008149806e-02,4.721147179628e-02,4.697450283786e-02,4.673917012848e-02,4.650546869641e-02,4.627339312259e-02,4.604293756917e-02,4.581409580653e-02,4.558686123898e-02,4.536122692903e-02,4.513718562000e-02,4.491472975883e-02,4.469385151669e-02,4.447454280778e-02,4.425679530842e-02,4.404060047466e-02,4.382594955904e-02,4.361283362644e-02,4.340124356909e-02,4.319117012080e-02,4.298260387017e-02
-1.523861989391e+00,-1.326345207221e+00,-1.158412719800e+00,-1.014730891205e+00,-8.910914028929e-01,-7.841407934587e-01,-6.911824787712e-01,-6.100299486688e-01,-5.388966167000e-01,-4.763122639194e-01,-4.210590130814e-01,-3.721218081281e-01,-3.286497774582e-01,-2.899258435723e-01,-2.553426373835e-01,-2.243832858387e-01,-1.966059708006e-01,-1.716314662696e-01,-1.491330241622e-01,-1.288281353279e-01,-1.104717912467e-01,-9.385095673262e-02,-7.877998885274e-02,-6.509675245904e-02,-5.265927672806e-02,-4.134279524297e-02,-3.103712834842e-02,-2.164444529221e-02,-1.307743868900e-02,-5.257937522165e-03,1.884132408275e-03,8.411586432619e-03,1.438071086376e-02,1.984194254619e-02,2.484050975736e-02,2.941702801463e-02,3.360802947360e-02,3.744643793730e-02,4.096198148316e-02,4.418155128565e-02,4.712951362029e-02,4.982798212978e-02,5.229705589349e-02,5.455502827522e-02,5.661857130763e-02,5.850289850698e-02,6.022190915839e-02,6.178831649545e-02,6.321376178970e-02,6.450891609184e-02,6.568357118696e-02,6.674672097668e-02,6.770663443295e-02,6.857092110244e-02,6.934659002304e-02,7.004010248589e-02,7.065741996381e-02,7.120404706279e-02,7.168507032743e-02,7.210519326041e-02,7.246876801938e-02,7.277982386484e-02,7.304209272658e-02,7.325903287244e-02,7.343384990735e-02,7.356951600607e-02,7.366878752566e-02,7.373422135742e-02,7.376818982841e-02,7.377289514412e-02,7.375038300325e-02,7.370255534622e-02,7.363118245520e-02,7.353791421680e-02,7.342429038058e-02,7.329175023810e-02,7.314164054132e-02,7.297522274664e-02,7.279367920953e-02,7.259811854798e-02,7.238958024670e-02,7.216903898757e-02,7.193740863159e-02,7.169554538540e-02,7.144425132093e-02,7.118427757609e-02,7.091632741985e-02,7.064105912742e-02,7.035908894362e-02,7.007099365800e-02,6.977731307739e-02,6.947855246240e-02,6.917518477138e-02,6.886765275728e-02,6.855637092718e-02,6.824172745113e-02,6.792408577515e-02,6.760378625614e-02,6.728114764603e-02,6.695646847323e-02,6.663002832274e-02,6.630208904361e-02,6.597289587095e-02,6.564267844195e-02,6.531165177563e-02,6.498001717604e-02,6.464796307507e-02,6.431566581601e-02,6.398329039740e-02,6.365099115568e-02,6.331891240471e-02,6.298718903991e-02,6.265594710140e-02,6.232530430087e-02,6.199537051488e-02,6.166624825523e-02,6.133803309511e-02,6.101081408024e-02,6.068467411177e-02,6.035969030584e-02,6.003593433031e-02,5.971347272374e-02,5.939236719592e-02,5.907267490409e-02,5.875444871880e-02,5.843773747239e-02,5.812258619276e-02,5.780903632223e-02,5.749712592787e-02,5.718688989561e-02,5.687836011275e-02,5.657156564238e-02,5.626653288678e-02,5.596328574134e-02,5.566184573915e-02,5.536223219228e-02,5.506446231630e-02,5.476855135414e-02,5.447451269127e-02,5.418235796449e-02,5.389209716386e-02,5.360373873069e-02,5.331728965067e-02,5.303275553727e-02,5.275014071472e-02,5.246944829530e-02,5.219068025223e-02,5.191383748767e-02,5.163891990017e-02,5.136592644538e-02,5.109485519313e-02,5.082570338325e-02,5.055846747758e-02,5.029314320894e-02,5.002972562714e-02,4.976820914619e-02,4.950858758216e-02,4.925085419389e-02,4.899500172023e-02,4.874102241526e-02,4.848890808094e-02,4.823865009946e-02,4.799023946426e-02,4.774366680570e-02,4.749892241874e-02,4.725599628819e-02,4.701487811246e-02,4.677555732536e-02,4.653802311923e-02,4.630226446434e-02,4.606827012706e-02,4.583602868842e-02,4.560552856114e-02,4.537675800548e-02,4.514970514401e-02,4.492435797853e-02,4.470070440061e-02,4.447873220551e-02,4.425842910420e-02,4.403978273482e-02,4.382278067295e-02
-1.387022572390e+00,-1.204034203777e+00,-1.048541769676e+00,-9.155838472413e-01,-8.012460547818e-01,-7.024093921872e-01,-6.165660220074e-01,-5.416826716421e-01,-4.760981375663e-01,-4.184455375957e-01,-3.675927360745e-01,-3.225962659290e-01,-2.826653818014e-01,-2.471337807518e-01,-2.154371949060e-01,-1.870955066442e-01,-1.616983900080e-01,-1.388937169651e-01,-1.183781382687e-01,-9.988941888818e-02,-8.320016803050e-02,-6.811269866753e-02,-5.445478504280e-02,-4.207606079223e-02,-3.084493847618e-02,-2.064587935541e-02,-1.137696667191e-02,-2.947773335951e-03,4.722359359246e-03,1.170565618764e-02,1.806689926899e-02,2.386420041319e-02,2.914966167991e-02,3.396996684630e-02,3.836696642884e-02,4.237821912990e-02,4.603748811980e-02,4.937518017891e-02,5.241873019848e-02,5.519293819393e-02,5.772026103462e-02,6.002106671677e-02,6.211385653301e-02,6.401545935357e-02,6.574120330014e-02,6.730506708716e-02,6.871981406173e-02,6.999711119342e-02,7.114763489257e-02,7.218116543494e-02,7.310667128894e-02,7.393238455910e-02,7.466586847650e-02,7.531407818222e-02,7.588341521019e-02,7.637977660535e-02,7.680859901447e-02,7.717489840031e-02,7.748330615410e-02,7.773810142719e-02,7.794324046601e-02,7.810238298681e-02,7.821891559616e-02,7.829597386625e-02,7.833646163287e-02,7.834306873482e-02,7.831828726098e-02,7.826442583169e-02,7.818362413620e-02,7.807786566925e-02,7.794899005178e-02,7.779870463990e-02,7.762859571571e-02,7.744013905691e-02,7.723470954412e-02,7.701358985141e-02,7.677797842427e-02,7.652899652480e-02,7.626769377588e-02,7.599505333697e-02,7.571199617407e-02,7.541938497575e-02,7.511802799265e-02,7.480868156057e-02,7.449205331852e-02,7.416880500693e-02,7.383955512592e-02,7.350488191716e-02,7.316532538676e-02,7.282138988795e-02,7.247354637430e-02,7.212223459637e-02,7.176786523103e-02,7.141082162432e-02,7.105146166779e-02,7.069011945843e-02,7.032710690806e-02,6.996271520160e-02,6.959721610556e-02,6.923086326143e-02,6.886389335522e-02,6.849652721952e-02,6.812897087358e-02,6.776141642963e-02,6.739404299450e-02,6.702701749045e-02,6.666049541883e-02,6.629462159535e-02,6.592953079170e-02,6.556534836886e-02,6.520219085734e-02,6.484016650316e-02,6.447937578343e-02,6.411991187121e-02,6.376186108611e-02,6.340530330992e-02,6.305031238151e-02,6.269695646459e-02,6.234529838618e-02,6.199539596189e-02,6.164730229747e-02,6.130106607388e-02,6.095673181897e-02,6.061434015081e-02,6.027392801621e-02,5.993552891172e-02,5.959917309061e-02,5.926488776524e-02,5.893269728357e-02,5.860262330525e-02,5.827468496381e-02,5.794889902078e-02,5.762528001366e-02,5.730384038683e-02,5.698459062173e-02,5.666753935654e-02,5.635269350197e-02,5.604005834941e-02,5.572963766866e-02,5.542143380471e-02,5.511544776675e-02,5.481167931331e-02,5.451012703556e-02,5.421078842749e-02,5.391365995887e-02,5.361873714196e-02,5.332601459372e-02,5.303548610035e-02,5.274714466786e-02,5.246098257715e-02,5.217699143341e-02,5.189516221378e-02,5.161548531461e-02,5.133795058945e-02,5.106254739035e-02,5.078926460431e-02,5.051809069029e-02,5.024901371320e-02,4.998202137277e-02,4.971710103438e-02,4.945423975640e-02,4.919342431701e-02,4.893464124177e-02,4.867787682307e-02,4.842311714379e-02,4.817034809797e-02,4.791955540966e-02,4.767072465543e-02,4.742384127732e-02,4.717889060085e-02,4.693585785008e-02,4.669472816244e-02,4.645548660472e-02,4.621811818268e-02,4.598260785451e-02,4.574894054154e-02,4.551710114023e-02,4.528707453291e-02,4.505884559513e-02,4.483239920553e-02,4.460772025368e-02
-1.265698240146e+00,-1.095570275169e+00,-9.510900559541e-01,-8.276255593098e-01,-7.215225303863e-01,-6.298694609867e-01,-5.503255509235e-01,-4.809931378391e-01,-4.203219785020e-01,-3.670366400749e-01,-3.200808677418e-01,-2.785745515348e-01,-2.417801541355e-01,-2.090763048422e-01,-1.799368796331e-01,-1.539142960814e-01,-1.306261009395e-01,-1.097441409471e-01,-9.098578100950e-02,-7.410673087857e-02,-5.889519291219e-02,-4.516706196398e-02,-3.276198144245e-02,-2.153998882338e-02,-1.137866827223e-02,-2.170632228163e-03,6.178750421525e-03,1.375334808850e-02,2.062791836082e-02,2.686939631189e-02,3.253787434127e-02,3.768728580321e-02,4.236600493560e-02,4.661739173193e-02,5.048031451029e-02,5.398963341369e-02,5.717666298045e-02,6.006958437095e-02,6.269380671981e-02,6.507228094499e-02,6.722577503004e-02,6.917311253173e-02,7.093138087541e-02,7.251611276474e-02,7.394144671545e-02,7.522026829324e-02,7.636433519731e-02,7.738438795441e-02,7.829024862517e-02,7.909090870339e-02,7.979460747559e-02,8.040890226344e-02,8.094073130893e-02,8.139647018405e-02,8.178198228561e-02,8.210266461407e-02,8.236348883224e-02,8.256903817538e-02,8.272354061563e-02,8.283089925625e-02,8.289471946775e-02,8.291833343678e-02,8.290482168411e-02,8.285703374659e-02,8.277760601819e-02,8.266897832078e-02,8.253340788648e-02,8.237298399948e-02,8.218964036178e-02,8.198516691054e-02,8.176122066495e-02,8.151933701208e-02,8.126093964715e-02,8.098735014894e-02,8.069979729720e-02,8.039942527457e-02,8.008730098531e-02,7.976442076193e-02,7.943171636107e-02,7.909005927652e-02,7.874026493054e-02,7.838309624736e-02,7.801926743836e-02,7.764944593363e-02,7.727425532186e-02,7.689427770259e-02,7.651005673559e-02,7.612209916941e-02,7.573087732436e-02,7.533683122766e-02,7.494037094467e-02,7.454187813803e-02,7.414170805641e-02,7.374019131901e-02,7.333763564706e-02,7.293432722701e-02,7.253053220766e-02,7.212649808036e-02,7.172245494063e-02,7.131861657845e-02,7.091518158685e-02,7.051233437007e-02,7.011024611622e-02,6.970907560064e-02,6.930897001948e-02,6.891006573313e-02,6.851248900171e-02,6.811635659339e-02,6.772177640666e-02,6.732884803574e-02,6.693766331592e-02,6.654830679443e-02,6.616085619854e-02,6.577538286833e-02,6.539195216736e-02,6.501062384665e-02,6.463145240070e-02,6.425448740138e-02,6.387977381010e-02,6.350735225999e-02,6.313725932980e-02,6.276952779882e-02,6.240418689356e-02,6.204126250127e-02,6.168077738415e-02,6.132275137440e-02,6.096720156961e-02,6.061414249607e-02,6.026358627556e-02,5.991554277836e-02,5.957001977462e-02,5.922702306176e-02,5.888655659429e-02,5.854862260460e-02,5.821322172021e-02,5.788035306355e-02,5.755001435312e-02,5.722220199953e-02,5.689691119605e-02,5.657413599704e-02,5.625386939759e-02,5.593610340719e-02,5.562082912456e-02,5.530803679578e-02,5.499771587822e-02,5.468985509664e-02,5.438444250496e-02,5.408146552965e-02,5.378091102024e-02,5.348276529419e-02,5.318701418490e-02,5.289364307558e-02,5.260263693876e-02,5.231398037242e-02,5.202765763698e-02,5.174365268181e-02,5.146194917596e-02,5.118253053761e-02,5.090537996202e-02,5.063048044250e-02,5.035781479459e-02,5.008736567793e-02,4.981911562099e-02,4.955304703473e-02,4.928914223258e-02,4.902738344609e-02,4.876775284660e-02,4.851023255395e-02,4.825480465232e-02,4.800145120287e-02,4.775015426030e-02,4.750089587925e-02,4.725365812636e-02,4.700842309084e-02,4.676517289656e-02,4.652388970688e-02,4.628455573368e-02,4.604715324622e-02,4.581166457968e-02,4.557807213881e-02,4.534635840482e-02
-1.157647041314e+00,-9.989525046229e-01,-8.642629684187e-01,-7.492391895315e-01,-6.504581204495e-01,-5.651926778215e-01,-4.912505268141e-01,-4.268545378876e-01,-3.705530912454e-01,-3.211520384062e-01,-2.776625663426e-01,-2.392608747483e-01,-2.052567226718e-01,-1.750686809184e-01,-1.482045198192e-01,-1.242455768804e-01,-1.028341781456e-01,-8.366348321320e-02,-6.646926389146e-02,-5.102318501305e-02,-3.712731048820e-02,-2.460960691935e-02,-1.332026392282e-02,-3.128556726041e-03,6.079795164780e-03,1.440495402210e-02,2.193509051573e-02,2.874824416677e-02,3.491392140370e-02,4.049436086629e-02,4.554543514667e-02,5.011733693448e-02,5.425513703688e-02,5.799923627006e-02,6.138583915200e-02,6.444741766989e-02,6.721311565392e-02,6.970913858639e-02,7.195909713832e-02,7.398430115064e-02,7.580401862192e-02,7.743570099229e-02,7.889517931962e-02,8.019683425829e-02,8.135374676207e-02,8.237783066858e-02,8.327994936837e-02,8.407001959090e-02,8.475710363468e-02,8.534949138438e-02,8.585477361283e-02,8.627990753060e-02,8.663127527441e-02,8.691473667574e-02,8.713567663824e-02,8.729904719793e-02,8.740940614627e-02,8.747095159313e-02,8.748755263550e-02,8.746277759616e-02,8.739991951149e-02,8.730201899106e-02,8.717188404316e-02,8.701210952987e-02,8.682509398226e-02,8.661305390856e-02,8.637803818263e-02,8.612194086641e-02,8.584651228699e-02,8.555336990912e-02,8.524400903661e-02,8.491981225392e-02,8.458205862700e-02,8.423193305514e-02,8.387053428828e-02,8.349888323081e-02,8.311792982862e-02,8.272855907903e-02,8.233159720353e-02,8.192781598451e-02,8.151793641283e-02,8.110263209969e-02,8.068253308701e-02,8.025822724339e-02,7.983026275975e-02,7.939915113290e-02,7.896536862781e-02,7.852935820855e-02,7.809153190328e-02,7.765227266586e-02,7.721193591157e-02,7.677085144328e-02,7.632932538558e-02,7.588764140175e-02,7.544606226518e-02,7.500483156173e-02,7.456417469484e-02,7.412430018586e-02,7.368540094598e-02,7.324765524720e-02,7.281122770515e-02,7.237627022429e-02,7.194292291671e-02,7.151131480693e-02,7.108156459543e-02,7.065378139305e-02,7.022806532073e-02,6.980450810153e-02,6.938319363705e-02,6.896419852145e-02,6.854759250547e-02,6.813343895337e-02,6.772179527830e-02,6.731271330966e-02,6.690623965994e-02,6.650241608853e-02,6.610127979695e-02,6.570286372976e-02,6.530719686569e-02,6.491430446992e-02,6.452420833564e-02,6.413692701409e-02,6.375247603953e-02,6.337086811574e-02,6.299211330569e-02,6.261621921791e-02,6.224319116406e-02,6.187303231162e-02,6.150574383509e-02,6.114132505284e-02,6.077977354900e-02,6.042108529558e-02,6.006525477281e-02,5.971227506534e-02,5.936213796127e-02,5.901483405728e-02,5.867035283473e-02,5.832868274265e-02,5.798981128235e-02,5.765372507532e-02,5.732040992952e-02,5.698985090409e-02,5.666203237692e-02,5.633693809171e-02,5.601455121179e-02,5.569485437715e-02,5.537782974584e-02,5.506345903607e-02,5.475172357165e-02,5.444260432115e-02,5.413608192957e-02,5.383213675391e-02,5.353074890094e-02,5.323189824984e-02,5.293556447999e-02,5.264172710654e-02,5.235036549622e-02,5.206145889097e-02,5.177498643546e-02,5.149092719372e-02,5.120926016670e-02,5.092996431062e-02,5.065301855948e-02,5.037840183321e-02,5.010609305278e-02,4.983607115959e-02,4.956831512380e-02,4.930280395472e-02,4.903951671521e-02,4.877843253221e-02,4.851953060262e-02,4.826279020331e-02,4.800819070392e-02,4.775571156866e-02,4.750533236303e-02,4.725703276769e-02,4.701079257734e-02,4.676659170663e-02,4.652441019992e-02,4.628422823298e-02,4.604602611608e-02
-1.061019532622e+00,-9.125302672167e-01,-7.865800564498e-01,-6.790909259366e-01,-5.868461505421e-01,-5.072832206397e-01,-4.383422855227e-01,-3.783537741753e-01,-3.259540746587e-01,-2.800215693358e-01,-2.396276278032e-01,-2.039987020328e-01,-1.724867489290e-01,-1.445459796969e-01,-1.197144239061e-01,-9.759921193089e-02,-7.786478450381e-02,-6.022333010770e-02,-4.442703892937e-02,-3.026181859163e-02,-1.754210452461e-02,-6.106636113425e-03,4.184988222003e-03,1.345525925259e-02,2.181120864681e-02,2.934657227929e-02,3.614376964584e-02,4.227565300786e-02,4.780705268241e-02,5.279596684607e-02,5.729450028552e-02,6.134950517981e-02,6.500305629508e-02,6.829291888954e-02,7.125293432813e-02,7.391342931303e-02,7.630162090739e-02,7.844195701775e-02,8.035644420036e-02,8.206493094519e-02,8.358534810100e-02,8.493392350369e-02,8.612536756520e-02,8.717303300594e-02,8.808905710665e-02,8.888448634463e-02,8.956938580430e-02,9.015293681183e-02,9.064352329694e-02,9.104880872858e-02,9.137580476610e-02,9.163093254672e-02,9.182007775618e-02,9.194863961812e-02,9.202157523415e-02,9.204343956137e-02,9.201842057760e-02,9.195037207451e-02,9.184284268962e-02,9.169910149985e-02,9.152216239354e-02,9.131480535680e-02,9.107959478866e-02,9.081889796652e-02,9.053490049328e-02,9.022961948492e-02,8.990491768068e-02,8.956251439765e-02,8.920399595184e-02,8.883082654618e-02,8.844435670538e-02,8.804583259212e-02,8.763640476730e-02,8.721713595539e-02,8.678900934803e-02,8.635293550235e-02,8.590975981483e-02,8.546026803239e-02,8.500519144851e-02,8.454521246338e-02,8.408096722787e-02,8.361304903858e-02,8.314201224174e-02,8.266837305937e-02,8.219261214131e-02,8.171517735350e-02,8.123648436876e-02,8.075691914648e-02,8.027683980836e-02,7.979657766200e-02,7.931643949822e-02,7.883670893416e-02,7.835764767811e-02,7.787949749708e-02,7.740248121457e-02,7.692680396908e-02,7.645265480575e-02,7.598020742533e-02,7.550962137219e-02,7.504104314579e-02,7.457460693029e-02,7.411043551486e-02,7.364864117152e-02,7.318932625736e-02,7.273258394591e-02,7.227849890838e-02,7.182714782229e-02,7.137859996205e-02,7.093291771312e-02,7.049015700619e-02,7.005036779365e-02,6.961359444538e-02,6.917987611293e-02,6.874924711725e-02,6.832173725661e-02,6.789737210990e-02,6.747617335511e-02,6.705815900805e-02,6.664334368198e-02,6.623173883705e-02,6.582335297996e-02,6.541819187461e-02,6.501625874821e-02,6.461755445174e-02,6.422207763359e-02,6.382982490789e-02,6.344079098545e-02,6.305496882038e-02,6.267234974247e-02,6.229292356670e-02,6.191667871761e-02,6.154360233211e-02,6.117368035143e-02,6.080689762779e-02,6.044323800232e-02,6.008268438302e-02,5.972521883696e-02,5.937082264660e-02,5.901947638069e-02,5.867115996619e-02,5.832585273562e-02,5.798353348504e-02,5.764418053549e-02,5.730777176896e-02,5.697428467720e-02,5.664369641224e-02,5.631598381477e-02,5.599112345753e-02,5.566909168273e-02,5.534986462634e-02,5.503341825679e-02,5.471972840116e-02,5.440877076618e-02,5.410052097342e-02,5.379495457556e-02,5.349204707503e-02,5.319177395639e-02,5.289411069329e-02,5.259903276875e-02,5.230651569866e-02,5.201653503777e-02,5.172906639600e-02,5.144408545916e-02,5.116156799131e-02,5.088148984870e-02,5.060382699661e-02,5.032855550993e-02,5.005565158700e-02,4.978509155990e-02,4.951685189538e-02,4.925090920840e-02,4.898724026668e-02,4.872582199203e-02,4.846663147394e-02,4.820964596890e-02,4.795484290230e-02,4.770219988223e-02,4.745169469347e-02,4.720330530295e-02,4.695700986830e-02,4.671278673296e-02
-9.742791175466e-01,-8.349321388010e-01,-7.168112728453e-01,-6.160725464616e-01,-5.296840228603e-01,-4.552305876616e-01,-3.907710447151e-01,-3.347321543985e-01,-2.858291223981e-01,-2.430052919781e-01,-2.053859321475e-01,-1.722424944156e-01,-1.429647370865e-01,-1.170387847684e-01,-9.402976089359e-02,-7.356791376039e-02,-5.533747422300e-02,-3.906767690112e-02,-2.452542576725e-02,-1.150937826594e-02,1.549453863184e-04,1.061915667109e-02,2.001523172159e-02,2.845829569127e-02,3.604889375265e-02,4.287502950026e-02,4.901398670814e-02,5.453399656654e-02,5.949567624925e-02,6.395324349807e-02,6.795540211489e-02,7.154595975382e-02,7.476433736225e-02,7.764590250086e-02,8.022237940028e-02,8.252219038285e-02,8.457081755412e-02,8.639114323288e-02,8.800374116747e-02,8.942715252201e-02,9.067811266690e-02,9.177175458079e-02,9.272178567442e-02,9.354063825165e-02,9.423960467429e-02,9.482895437774e-02,9.531803732384e-02,9.571537601328e-02,9.602874648601e-02,9.626525086181e-02,9.643138175660e-02,9.653308000262e-02,9.657578601339e-02,9.656448627677e-02,9.650375453899e-02,9.639778925962e-02,9.625044725521e-02,9.606527347103e-02,9.584552895245e-02,9.559421455893e-02,9.531409370651e-02,9.500771255959e-02,9.467741693332e-02,9.432536999100e-02,9.395356591964e-02,9.356384325558e-02,9.315789770618e-02,9.273729127985e-02,9.230346410134e-02,9.185774217404e-02,9.140134656662e-02,9.093540176188e-02,9.046094274394e-02,8.997892339209e-02,8.949022318856e-02,8.899565444613e-02,8.849596843465e-02,8.799186185822e-02,8.748398101001e-02,8.697292749248e-02,8.645926105696e-02,8.594350249205e-02,8.542613777243e-02,8.490761826212e-02,8.438836395106e-02,8.386876491161e-02,8.334918217129e-02,8.282995073491e-02,8.231137951091e-02,8.179375392042e-02,8.127733688890e-02,8.076237009682e-02,8.024907597855e-02,7.973765825764e-02,7.922830384080e-02,7.872118364508e-02,7.821645375856e-02,7.771425669522e-02,7.721472204635e-02,7.671796771167e-02,7.622410053574e-02,7.573321712490e-02,7.524540471587e-02,7.476074166633e-02,7.427929820568e-02,7.380113698786e-02,7.332631358863e-02,7.285487709668e-02,7.238687048350e-02,7.192233110252e-02,7.146129106380e-02,7.100377759705e-02,7.054981343719e-02,7.009941709926e-02,6.965260321985e-02,6.920938281436e-02,6.876976353904e-02,6.833374995253e-02,6.790134371384e-02,6.747254382370e-02,6.704734680202e-02,6.662574687251e-02,6.620773615445e-02,6.579330479744e-02,6.538244114867e-02,6.497513188996e-02,6.457136215847e-02,6.417111568965e-02,6.377437490896e-02,6.338112105544e-02,6.299133427513e-02,6.260499370978e-02,6.222207759864e-02,6.184256334154e-02,6.146642759159e-02,6.109364631712e-02,6.072419486802e-02,6.035804804782e-02,5.999518015638e-02,5.963556506076e-02,5.927917623489e-02,5.892598680647e-02,5.857596961422e-02,5.822909723244e-02,5.788534202079e-02,5.754467615844e-02,5.720707167026e-02,5.687250047279e-02,5.654093438717e-02,5.621234517829e-02,5.588670457541e-02,5.556398429201e-02,5.524415605866e-02,5.492719162923e-02,5.461306281219e-02,5.430174148101e-02,5.399319959000e-02,5.368740919697e-02,5.338434246498e-02,5.308397168802e-02,5.278626929411e-02,5.249120785580e-02,5.219876011023e-02,5.190889895524e-02,5.162159746648e-02,5.133682890373e-02,5.105456671198e-02,5.077478453953e-02,5.049745623082e-02,5.022255584121e-02,4.995005763797e-02,4.967993610156e-02,4.941216593819e-02,4.914672207179e-02,4.888357965704e-02,4.862271407605e-02,4.836410094037e-02,4.810771609898e-02,4.785353563004e-02,4.760153585255e-02,4.735169332033e-02
-8.961406364255e-01,-7.650110924381e-01,-6.539278243726e-01,-5.592571412917e-01,-4.781331625011e-01,-4.082732254109e-01,-3.478427594434e-01,-2.953550865391e-01,-2.495962392223e-01,-2.095679330219e-01,-1.744438675190e-01,-1.435359366200e-01,-1.162678548738e-01,-9.215443495963e-02,-7.078513905121e-02,-5.181098643717e-02,-3.493400150801e-02,-1.989872562095e-02,-6.485295098577e-03,5.496180421777e-03,1.621021581683e-02,2.579975057775e-02,3.438919003611e-02,4.208704630020e-02,4.898804424950e-02,5.517505351023e-02,6.072076580531e-02,6.568926288567e-02,7.013739944138e-02,7.411597889738e-02,7.767061360651e-02,8.084239879816e-02,8.366829641807e-02,8.618155381404e-02,8.841196540555e-02,9.038624864702e-02,9.212833437783e-02,9.365969738161e-02,9.499963011044e-02,9.616550035922e-02,9.717297170224e-02,9.803619449384e-02,9.876797568833e-02,9.937992087870e-02,9.988256343984e-02,1.002854744555e-01,1.005973613779e-01,1.008261543134e-01,1.009790829000e-01,1.010627445282e-01,1.010831651576e-01,1.010458535266e-01,1.009558498861e-01,1.008177691805e-01,1.006358405186e-01,1.004139417223e-01,1.001556314083e-01,9.986417691497e-02,9.954258027316e-02,9.919360109483e-02,9.881977730178e-02,9.842344456728e-02,9.800675190632e-02,9.757167869202e-02,9.712004671517e-02,9.665353399782e-02,9.617368492807e-02,9.568192100824e-02,9.517954990389e-02,9.466777363307e-02,9.414769716571e-02,9.362033487009e-02,9.308661887362e-02,9.254740481160e-02,9.200347944897e-02,9.145556665840e-02,9.090433355373e-02,9.035039635335e-02,8.979432508172e-02,8.923664817202e-02,8.867785634293e-02,8.811840470132e-02,8.755871722531e-02,8.699918640746e-02,8.644017725816e-02,8.588202712985e-02,8.532504831883e-02,8.476952874941e-02,8.421573348705e-02,8.366390622690e-02,8.311427005273e-02,8.256702945896e-02,8.202237062772e-02,8.148046365792e-02,8.094146269684e-02,8.040550787567e-02,7.987272568911e-02,7.934323040032e-02,7.881712468157e-02,7.829450058457e-02,7.777544031277e-02,7.726001684397e-02,7.674829482392e-02,7.624033094006e-02,7.573617471238e-02,7.523586888812e-02,7.473945002978e-02,7.424694893001e-02,7.375839105412e-02,7.327379694796e-02,7.279318257561e-02,7.231655970658e-02,7.184393617572e-02,7.137531624224e-02,7.091070079933e-02,7.045008768508e-02,6.999347187421e-02,6.954084573054e-02,6.909219919147e-02,6.864751996900e-02,6.820679372749e-02,6.777000423575e-02,6.733713354865e-02,6.690816211747e-02,6.648306895351e-02,6.606183173066e-02,6.564442691708e-02,6.523082987517e-02,6.482101496520e-02,6.441495564321e-02,6.401262453996e-02,6.361399355742e-02,6.321903392585e-02,6.282771629865e-02,6.244001079390e-02,6.205588707988e-02,6.167531441285e-02,6.129826170608e-02,6.092469756984e-02,6.055459036329e-02,6.018790823830e-02,5.982461917150e-02,5.946469101897e-02,5.910809153004e-02,5.875478839893e-02,5.840474928013e-02,5.805794182663e-02,5.771433371003e-02,5.737389264613e-02,5.703658641982e-02,5.670238289900e-02,5.637125006424e-02,5.604315601186e-02,5.571806898780e-02,5.539595738361e-02,5.507678976809e-02,5.476053488462e-02,5.444716167431e-02,5.413663927883e-02,5.382893705396e-02,5.352402457878e-02,5.322187165695e-02,5.292244833742e-02,5.262572490422e-02,5.233167189744e-02,5.204026010672e-02,5.175146058403e-02,5.146524464310e-02,5.118158386420e-02,5.090045009940e-02,5.062181546982e-02,5.034565237647e-02,5.007193349040e-02,4.980063176847e-02,4.953172043927e-02,4.926517301841e-02,4.900096329679e-02,4.873906535028e-02,4.847945353350e-02,4.822210248288e-02,4.796698711650e-02
-8.255225800103e-01,-7.018018524202e-01,-5.970639253363e-01,-5.078646570376e-01,-4.314878483182e-01,-3.657702261208e-01,-3.089733285386e-01,-2.596885002683e-01,-2.167656142463e-01,-1.792589966685e-01,-1.463860035099e-01,-1.174949722823e-01,-9.204023422357e-02,-6.956244477066e-02,-4.967301823990e-02,-3.204168116908e-02,-1.638650644911e-02,-2.465825722639e-03,9.928294593330e-03,2.097542121362e-02,3.083108523536e-02,3.963040812629e-02,4.749097152385e-02,5.451532917752e-02,6.079296913694e-02,6.640214894825e-02,7.141143764905e-02,7.588119373402e-02,7.986489889453e-02,8.341025041757e-02,8.656010223719e-02,8.935302483321e-02,9.182380794276e-02,9.400372012137e-02,9.592085019371e-02,9.760035452426e-02,9.906478110191e-02,1.003343345923e-01,1.014271583882e-01,1.023595651172e-01,1.031462547397e-01,1.038004933380e-01,1.043342772484e-01,1.047584674716e-01,1.050829135776e-01,1.053165572868e-01,1.054675269062e-01,1.055432184427e-01,1.055503688963e-01,1.054951204673e-01,1.053830781887e-01,1.052193612066e-01,1.050086485123e-01,1.047552202168e-01,1.044629940743e-01,1.041355589386e-01,1.037762040590e-01,1.033879463756e-01,1.029735540724e-01,1.025355689672e-01,1.020763253882e-01,1.015979689281e-01,1.011024708768e-01,1.005916445377e-01,1.000671560369e-01,9.953053825355e-02,9.898319899566e-02,9.842643285280e-02,9.786142746417e-02,9.728927365117e-02,9.671097060210e-02,9.612743462625e-02,9.553950408851e-02,9.494794703566e-02,9.435346644437e-02,9.375670673121e-02,9.315825932992e-02,9.255866783461e-02,9.195843341310e-02,9.135801832679e-02,9.075785068482e-02,9.015832593047e-02,8.955981161220e-02,8.896264665722e-02,8.836714592406e-02,8.777359882472e-02,8.718227321467e-02,8.659341414723e-02,8.600724718376e-02,8.542397757634e-02,8.484379306375e-02,8.426686351679e-02,8.369334326572e-02,8.312337111392e-02,8.255707224429e-02,8.199455847671e-02,8.143592980975e-02,8.088127481467e-02,8.033067187326e-02,7.978418963149e-02,7.924188800409e-02,7.870381857620e-02,7.817002554162e-02,7.764054596236e-02,7.711541059812e-02,7.659464415985e-02,7.607826597605e-02,7.556629024723e-02,7.505872658542e-02,7.455558025730e-02,7.405685262575e-02,7.356254137522e-02,7.307264087687e-02,7.258714239334e-02,7.210603438344e-02,7.162930268588e-02,7.115693077543e-02,7.068889992625e-02,7.022518942865e-02,6.976577673349e-02,6.931063763778e-02,6.885974640446e-02,6.841307593631e-02,6.797059786426e-02,6.753228270636e-02,6.709809994194e-02,6.666801814929e-02,6.624200506965e-02,6.582002772656e-02,6.540205248086e-02,6.498804513422e-02,6.457797097637e-02,6.417179487491e-02,6.376948131571e-02,6.337099448083e-02,6.297629828308e-02,6.258535643341e-02,6.219813247056e-02,6.181458981915e-02,6.143469181512e-02,6.105840175653e-02,6.068568292093e-02,6.031649861835e-02,5.995081219558e-02,5.958858708823e-02,5.922978682141e-02,5.887437505566e-02,5.852231558605e-02,5.817357238253e-02,5.782810958778e-02,5.748589155251e-02,5.714688283241e-02,5.681104821886e-02,5.647835273526e-02,5.614876166362e-02,5.582224054041e-02,5.549875517941e-02,5.517827166743e-02,5.486075638361e-02,5.454617599517e-02,5.423449747427e-02,5.392568809029e-02,5.361971543127e-02,5.331654738847e-02,5.301615217959e-02,5.271849833266e-02,5.242355470671e-02,5.213129047628e-02,5.184167514967e-02,5.155467855421e-02,5.127027085215e-02,5.098842252677e-02,5.070910439613e-02,5.043228760000e-02,5.015794361165e-02,4.988604422563e-02,4.961656156772e-02,4.934946808358e-02,4.908473654700e-02,4.882234004946e-02,4.856225200726e-02
-7.615095781658e-01,-6.444874179004e-01,-5.454867745695e-01,-4.612348494882e-01,-3.891507451622e-01,-3.271791079094e-01,-2.736683475648e-01,-2.272803349825e-01,-1.869226438448e-01,-1.516971578006e-01,-1.208606854014e-01,-9.379451160524e-02,-6.998063011248e-02,-4.898306519921e-02,-3.043305976043e-02,-1.401726103626e-02,5.317639113044e-04,1.344321005686e-02,2.491423265886e-02,3.511506421932e-02,4.419311387329e-02,5.227643488254e-02,5.947644399415e-02,6.589030077484e-02,7.160278082518e-02,7.668797210316e-02,8.121074179955e-02,8.522811025853e-02,8.879049474267e-02,9.194283364729e-02,9.472541064131e-02,9.717456292607e-02,9.932303531773e-02,1.012003413761e-01,1.028329870946e-01,1.042447370424e-01,1.054568802201e-01,1.064884819648e-01,1.073566492695e-01,1.080767444805e-01,1.086625993157e-01,1.091266822041e-01,1.094802578758e-01,1.097335153442e-01,1.098956861010e-01,1.099751436122e-01,1.099794923765e-01,1.099156458832e-01,1.097898955021e-01,1.096079719243e-01,1.093750995024e-01,1.090960448840e-01,1.087751604723e-01,1.084164231782e-01,1.080234693568e-01,1.075996260629e-01,1.071479390483e-01,1.066711984101e-01,1.061719607850e-01,1.056525707683e-01,1.051151783459e-01,1.045617569694e-01,1.039941170504e-01,1.034139211531e-01,1.028226948726e-01,1.022218387959e-01,1.016126379703e-01,1.009962706934e-01,1.003738173574e-01,9.974626641224e-02,9.911452300963e-02,9.847941321887e-02,9.784169191527e-02,9.720204727860e-02,9.656110713542e-02,9.591944420514e-02,9.527758153263e-02,9.463599738018e-02,9.399513045108e-02,9.335538312724e-02,9.271712661623e-02,9.208070204780e-02,9.144642534973e-02,9.081458689699e-02,9.018545506498e-02,8.955927627326e-02,8.893627671703e-02,8.831666347008e-02,8.770062476376e-02,8.708833213380e-02,8.647993983212e-02,8.587558743172e-02,8.527539932751e-02,8.467948668591e-02,8.408794781653e-02,8.350086925281e-02,8.291832670195e-02,8.234038555755e-02,8.176710211083e-02,8.119852377463e-02,8.063469024628e-02,8.007563368439e-02,7.952137970180e-02,7.897194756853e-02,7.842735094758e-02,7.788759822215e-02,7.735269298126e-02,7.682263441530e-02,7.629741763578e-02,7.577703408899e-02,7.526147177101e-02,7.475071561695e-02,7.424474767849e-02,7.374354743144e-02,7.324709196954e-02,7.275535622650e-02,7.226831317821e-02,7.178593400100e-02,7.130818827335e-02,7.083504408999e-02,7.036646824888e-02,6.990242634098e-02,6.944288291687e-02,6.898780156307e-02,6.853714503718e-02,6.809087534844e-02,6.764895385719e-02,6.721134136082e-02,6.677799816258e-02,6.634888416187e-02,6.592395889805e-02,6.550318163998e-02,6.508651141873e-02,6.467390709992e-02,6.426532742228e-02,6.386073104715e-02,6.346007660435e-02,6.306332272091e-02,6.267042807371e-02,6.228135140212e-02,6.189605156146e-02,6.151448752711e-02,6.113661844526e-02,6.076240363397e-02,6.039180262258e-02,6.002477516045e-02,5.966128124032e-02,5.930128111589e-02,5.894473531018e-02,5.859160464160e-02,5.824185021946e-02,5.789543347479e-02,5.755231615202e-02,5.721246033185e-02,5.687582843117e-02,5.654238321283e-02,5.621208779470e-02,5.588490564717e-02,5.556080061058e-02,5.523973688342e-02,5.492167904334e-02,5.460659203124e-02,5.429444117297e-02,5.398519216319e-02,5.367881108052e-02,5.337526437950e-02,5.307451889509e-02,5.277654184344e-02,5.248130081619e-02,5.218876378970e-02,5.189889911060e-02,5.161167551024e-02,5.132706208854e-02,5.104502832334e-02,5.076554406200e-02,5.048857952142e-02,5.021410528800e-02,4.994209230872e-02,4.967251189884e-02,4.940533572626e-02,4.914053582299e-02
-7.033227136941e-01,-5.923725697582e-01,-4.985727953656e-01,-4.188058781081e-01,-3.506135405159e-01,-2.920382311264e-01,-2.415070862522e-01,-1.977458879154e-01,-1.597145006070e-01,-1.265578996374e-01,-9.756865078405e-02,-7.215788673604e-02,-4.983267493213e-02,-3.017820965565e-02,-1.284370292167e-02,2.468863463269e-03,1.601379502921e-02,2.800897358206e-02,3.864179717320e-02,4.807403038979e-02,5.644572635240e-02,6.387852953690e-02,7.047826930541e-02,7.633721716048e-02,8.153588538348e-02,8.614459231871e-02,9.022486993279e-02,9.383072310310e-02,9.700983009600e-02,9.980458892753e-02,1.022530122892e-01,1.043893245027e-01,1.062444509530e-01,1.078462692129e-01,1.092198488938e-01,1.103876944022e-01,1.113699473875e-01,1.121846515829e-01,1.128479736341e-01,1.133744204353e-01,1.137770388261e-01,1.140675766026e-01,1.142566368922e-01,1.143538006958e-01,1.143677398518e-01,1.143063132437e-01,1.141766507913e-01,1.139852286907e-01,1.137379345249e-01,1.134401258195e-01,1.130966818081e-01,1.127120495582e-01,1.122902851693e-01,1.118350906632e-01,1.113498470874e-01,1.108376439495e-01,1.103013062101e-01,1.097434179017e-01,1.091663438943e-01,1.085722495894e-01,1.079631177400e-01,1.073407654573e-01,1.067068570531e-01,1.060629181676e-01,1.054103467295e-01,1.047504231539e-01,1.040843207912e-01,1.034131127276e-01,1.027377808275e-01,1.020592221094e-01,1.013782544942e-01,1.006956239164e-01,1.000120084068e-01,9.932802442273e-02,9.864423173685e-02,9.796113819554e-02,9.727920510753e-02,9.659885177005e-02,9.592046013506e-02,9.524437849012e-02,9.457092609840e-02,9.390039462219e-02,9.323305277596e-02,9.256914647869e-02,9.190890142587e-02,9.125252458069e-02,9.060020398451e-02,8.995211148894e-02,8.930840201235e-02,8.866921495342e-02,8.803467539937e-02,8.740489393117e-02,8.677996857041e-02,8.615998481981e-02,8.554501663376e-02,8.493512762730e-02,8.433037121731e-02,8.373079191842e-02,8.313642576502e-02,8.254730093532e-02,8.196343868914e-02,8.138485351227e-02,8.081155409950e-02,8.024354352220e-02,7.968081985796e-02,7.912337661779e-02,7.857120304243e-02,7.802428461410e-02,7.748260327256e-02,7.694613777492e-02,7.641486400612e-02,7.588875518087e-02,7.536778215780e-02,7.485191361659e-02,7.434111627463e-02,7.383535510611e-02,7.333459347696e-02,7.283879334633e-02,7.234791539860e-02,7.186191917768e-02,7.138076324437e-02,7.090440525484e-02,7.043280211486e-02,6.996591004680e-02,6.950368470139e-02,6.904608124658e-02,6.859305443186e-02,6.814455868697e-02,6.770054816984e-02,6.726097683784e-02,6.682579851313e-02,6.639496692053e-02,6.596843575622e-02,6.554615872034e-02,6.512808956061e-02,6.471418212181e-02,6.430439036497e-02,6.389866841540e-02,6.349697058492e-02,6.309925139579e-02,6.270546562066e-02,6.231556828341e-02,6.192951470445e-02,6.154726049966e-02,6.116876160757e-02,6.079397430638e-02,6.042285521721e-02,6.005536133281e-02,5.969145001497e-02,5.933107900959e-02,5.897420646059e-02,5.862079090603e-02,5.827079129869e-02,5.792416700231e-02,5.758087779757e-02,5.724088389438e-02,5.690414592299e-02,5.657062494839e-02,5.624028246665e-02,5.591308040374e-02,5.558898112810e-02,5.526794743415e-02,5.494994256135e-02,5.463493017831e-02,5.432287438984e-02,5.401373973711e-02,5.370749118768e-02,5.340409414661e-02,5.310351444340e-02,5.280571833380e-02,5.251067250125e-02,5.221834404490e-02,5.192870048765e-02,5.164170976534e-02,5.135734022418e-02,5.107556062388e-02,5.079634012408e-02,5.051964829000e-02,5.024545508394e-02,4.997373085917e-02,4.970444636530e-02
-6.502958494981e-01,-5.448627438710e-01,-4.557886876817e-01,-3.800972361913e-01,-3.154415017999e-01,-2.599527756144e-01,-2.121297080158e-01,-1.707561335258e-01,-1.348394143012e-01,-1.035636683849e-01,-7.625393472877e-02,-5.234846262225e-02,-3.137708825248e-02,-1.294423297489e-02,3.284563894216e-03,1.759340321081e-02,3.022465758733e-02,4.138594028904e-02,5.125578563794e-02,5.998826203009e-02,6.771674364306e-02,7.455705067098e-02,8.060993621264e-02,8.596323121955e-02,9.069358100496e-02,9.486789030213e-02,9.854466975820e-02,1.017752104661e-01,1.046047118109e-01,1.070732967625e-01,1.092168598114e-01,1.110677528491e-01,1.126551871672e-01,1.140055412811e-01,1.151425886740e-01,1.160876607715e-01,1.168598711879e-01,1.174763328012e-01,1.179523627406e-01,1.183016957282e-01,1.185366676746e-01,1.186683742809e-01,1.187068193085e-01,1.186610326078e-01,1.185391782297e-01,1.183486480181e-01,1.180961413499e-01,1.177877368921e-01,1.174289556159e-01,1.170248160037e-01,1.165798836303e-01,1.160983150917e-01,1.155838971932e-01,1.150400820755e-01,1.144700185046e-01,1.138765802035e-01,1.132623911095e-01,1.126298479856e-01,1.119811412187e-01,1.113182730998e-01,1.106430742793e-01,1.099572195484e-01,1.092622402211e-01,1.085595372628e-01,1.078503923350e-01,1.071359766550e-01,1.064173609856e-01,1.056955235107e-01,1.049713559889e-01,1.042456714891e-01,1.035192099381e-01,1.027926427727e-01,1.020665791670e-01,1.013415703520e-01,1.006181140247e-01,9.989665965503e-02,9.917761258788e-02,9.846133866097e-02,9.774816844428e-02,9.703840117461e-02,9.633230873353e-02,9.563013766102e-02,9.493211342596e-02,9.423844115276e-02,9.354930725274e-02,9.286488208084e-02,9.218531942608e-02,9.151075764800e-02,9.084132141851e-02,9.017712110149e-02,8.951825386788e-02,8.886480496955e-02,8.821684751863e-02,8.757444362312e-02,8.693764537949e-02,8.630649501151e-02,8.568102590823e-02,8.506126339081e-02,8.444722503091e-02,8.383892151373e-02,8.323635723479e-02,8.263953056437e-02,8.204843475488e-02,8.146305809460e-02,8.088338441527e-02,8.030939362718e-02,7.974106192450e-02,7.917836217629e-02,7.862126431026e-02,7.806973550460e-02,7.752374048986e-02,7.698324182916e-02,7.644820008472e-02,7.591857405171e-02,7.539432096627e-02,7.487539664438e-02,7.436175566435e-02,7.385335152308e-02,7.335013674911e-02,7.285206304626e-02,7.235908141340e-02,7.187114222519e-02,7.138819536929e-02,7.091019030672e-02,7.043707616026e-02,6.996880181014e-02,6.950531594342e-02,6.904656712400e-02,6.859250386615e-02,6.814307467227e-02,6.769822808871e-02,6.725791276205e-02,6.682207746712e-02,6.639067115198e-02,6.596364298014e-02,6.554094235101e-02,6.512251893617e-02,6.470832271036e-02,6.429830396579e-02,6.389241334171e-02,6.349060184710e-02,6.309282086476e-02,6.269902218844e-02,6.230915802099e-02,6.192318098930e-02,6.154104416766e-02,6.116270107471e-02,6.078810568502e-02,6.041721244621e-02,6.004997627395e-02,5.968635256106e-02,5.932629718942e-02,5.896976652350e-02,5.861671741772e-02,5.826710722385e-02,5.792089378362e-02,5.757803543477e-02,5.723849101455e-02,5.690221985191e-02,5.656918177250e-02,5.623933709973e-02,5.591264664239e-02,5.558907170907e-02,5.526857409320e-02,5.495111607196e-02,5.463666041286e-02,5.432517036024e-02,5.401660963400e-02,5.371094243355e-02,5.340813342480e-02,5.310814773894e-02,5.281095097414e-02,5.251650918303e-02,5.222478887175e-02,5.193575699955e-02,5.164938096698e-02,5.136562861519e-02,5.108446822371e-02,5.080586849936e-02,5.052979857590e-02,5.025622801081e-02
-6.018566159958e-01,-5.014470632983e-01,-4.166762105154e-01,-3.446960410157e-01,-2.832610743258e-01,-2.305834791604e-01,-1.852270067046e-01,-1.460283383785e-01,-1.120380704558e-01,-8.247595120636e-02,-5.669658082114e-02,-3.416288537405e-02,-1.442542753283e-02,2.893867305734e-03,1.811460677332e-02,3.150822064146e-02,4.330621767974e-02,5.370686991754e-02,6.288064145689e-02,7.097459468713e-02,7.811602319854e-02,8.441544390373e-02,8.996898782476e-02,9.486044796023e-02,9.916293781797e-02,1.029402780421e-01,1.062482354522e-01,1.091356517269e-01,1.116454818257e-01,1.138157852731e-01,1.156805610429e-01,1.172703942183e-01,1.186129446127e-01,1.197332206458e-01,1.206537725641e-01,1.213948720728e-01,1.219746980806e-01,1.224095121958e-01,1.227138636407e-01,1.229007886552e-01,1.229819787889e-01,1.229679386631e-01,1.228681282545e-01,1.226910768440e-01,1.224444875103e-01,1.221353269801e-01,1.217699031201e-01,1.213539331575e-01,1.208926040293e-01,1.203906257200e-01,1.198522781835e-01,1.192814534501e-01,1.186816930424e-01,1.180562213669e-01,1.174079756985e-01,1.167396330345e-01,1.160536340483e-01,1.153522049090e-01,1.146373768844e-01,1.139110035484e-01,1.131747768368e-01,1.124302417260e-01,1.116788081932e-01,1.109217635704e-01,1.101602829849e-01,1.093954383711e-01,1.086282069946e-01,1.078594793725e-01,1.070900661485e-01,1.063207033149e-01,1.055520587710e-01,1.047847373238e-01,1.040192846636e-01,1.032561923799e-01,1.024959023719e-01,1.017388108402e-01,1.009852723502e-01,1.002356043446e-01,9.949009082317e-02,9.874898640113e-02,9.801251984445e-02,9.728089647913e-02,9.655430213178e-02,9.583290424270e-02,9.511685357609e-02,9.440628610496e-02,9.370132383824e-02,9.300207519006e-02,9.230863566169e-02,9.162108928247e-02,9.093950813003e-02,9.026395306173e-02,8.959447487498e-02,8.893111444908e-02,8.827390329271e-02,8.762286431280e-02,8.697801265247e-02,8.633935592070e-02,8.570689484847e-02,8.508062415072e-02,8.446053278655e-02,8.384660438772e-02,8.323881807880e-02,8.263714860461e-02,8.204156681258e-02,8.145204009606e-02,8.086853270060e-02,8.029100600929e-02,7.971941884810e-02,7.915372781375e-02,7.859388744312e-02,7.803985045606e-02,7.749156799934e-02,7.694898980698e-02,7.641206437081e-02,7.588073910952e-02,7.535496053056e-02,7.483467434022e-02,7.431982557018e-02,7.381035871409e-02,7.330621781230e-02,7.280734653825e-02,7.231368831898e-02,7.182518638751e-02,7.134178386212e-02,7.086342382255e-02,7.039004936851e-02,6.992160367126e-02,6.945803002603e-02,6.899927191135e-02,6.854527301837e-02,6.809597729173e-02,6.765132897483e-02,6.721127263575e-02,6.677575319479e-02,6.634471595333e-02,6.591810662406e-02,6.549587134382e-02,6.507795669294e-02,6.466430972305e-02,6.425487796447e-02,6.384960943415e-02,6.344845266505e-02,6.305135670215e-02,6.265827111389e-02,6.226914600531e-02,6.188393202291e-02,6.150258035691e-02,6.112504274591e-02,6.075127148871e-02,6.038121943772e-02,6.001484000165e-02,5.965208715345e-02,5.929291542619e-02,5.893727991138e-02,5.858513625978e-02,5.823644068487e-02,5.789114995442e-02,5.754922138811e-02,5.721061286302e-02,5.687528280440e-02,5.654319017786e-02,5.621429449924e-02,5.588855581932e-02,5.556593472150e-02,5.524639232149e-02,5.492989026136e-02,5.461639070214e-02,5.430585631892e-02,5.399825030239e-02,5.369353634616e-02,5.339167864206e-02,5.309264188009e-02,5.279639123927e-02,5.250289238075e-02,5.221211144348e-02,5.192401504216e-02,5.163857025626e-02,5.135574462401e-02,5.107550614311e-02,5.079782325992e-02
-5.575110388882e-01,-4.616846192176e-01,-3.808398777821e-01,-3.122459492960e-01,-2.537498533669e-01,-2.036375301544e-01,-1.605321095592e-01,-1.233184731099e-01,-9.108665063413e-02,-6.308888415788e-02,-3.870673259049e-02,-1.742563021362e-02,1.184959754250e-03,1.748715348675e-02,3.178701072431e-02,4.434440207539e-02,5.538093663324e-02,6.508636742669e-02,7.362379117854e-02,8.113388796183e-02,8.773840238553e-02,9.354301311386e-02,9.863963423690e-02,1.031083762528e-01,1.070191301569e-01,1.104329111809e-01,1.134029974774e-01,1.159760064831e-01,1.181928781039e-01,1.200897925525e-01,1.216990096774e-01,1.230495314078e-01,1.241675685163e-01,1.250768408508e-01,1.257987877614e-01,1.263527104851e-01,1.267559181513e-01,1.270239012466e-01,1.271705156502e-01,1.272081609217e-01,1.271479451737e-01,1.269998366809e-01,1.267728014888e-01,1.264749137545e-01,1.261134572231e-01,1.256950114192e-01,1.252255274784e-01,1.247103932157e-01,1.241544911975e-01,1.235622497933e-01,1.229376884900e-01,1.222844579379e-01,1.216058757726e-01,1.209049586123e-01,1.201844506172e-01,1.194468490832e-01,1.186944274826e-01,1.179292561665e-01,1.171532209131e-01,1.163680395796e-01,1.155752772997e-01,1.147763604077e-01,1.139725879623e-01,1.131651434211e-01,1.123551044344e-01,1.115434520679e-01,1.107310781870e-01,1.099187932396e-01,1.091073326569e-01,1.082973628832e-01,1.074894859847e-01,1.066842448425e-01,1.058821276145e-01,1.050835718939e-01,1.042889682686e-01,1.034986643870e-01,1.027129689523e-01,1.019321553876e-01,1.011564654872e-01,1.003861132169e-01,9.962128813142e-02,9.886215791381e-02,9.810887204786e-02,9.736156326587e-02,9.662034950758e-02,9.588533495784e-02,9.515661198038e-02,9.443426108592e-02,9.371835166134e-02,9.300894229782e-02,9.230608185538e-02,9.160980944679e-02,9.092015487505e-02,9.023713910820e-02,8.956077508830e-02,8.889106812063e-02,8.822801628084e-02,8.757161100565e-02,8.692183772515e-02,8.627867639619e-02,8.564210186327e-02,8.501208425032e-02,8.438858972898e-02,8.377158062154e-02,8.316101587954e-02,8.255685140083e-02,8.195904045135e-02,8.136753386191e-02,8.078228032547e-02,8.020322663740e-02,7.963031796779e-02,7.906349803441e-02,7.850270929440e-02,7.794789311907e-02,7.739898997256e-02,7.685593954926e-02,7.631868089922e-02,7.578715255339e-02,7.526129264248e-02,7.474103900187e-02,7.422632925587e-02,7.371710089490e-02,7.321329138323e-02,7.271483820383e-02,7.222167893176e-02,7.173375128879e-02,7.125099321038e-02,7.077334288268e-02,7.030073878963e-02,6.983311975086e-02,6.937042496680e-02,6.891259404554e-02,6.845956703203e-02,6.801128443394e-02,6.756768725081e-02,6.712871699376e-02,6.669431570154e-02,6.626442595774e-02,6.583899090825e-02,6.541795427594e-02,6.500126036815e-02,6.458885408146e-02,6.418068092512e-02,6.377668701482e-02,6.337681908251e-02,6.298102447803e-02,6.258925118070e-02,6.220144779464e-02,6.181756355186e-02,6.143754831131e-02,6.106135256475e-02,6.068892743205e-02,6.032022465946e-02,5.995519661695e-02,5.959379629967e-02,5.923597732377e-02,5.888169392097e-02,5.853090093489e-02,5.818355381894e-02,5.783960863326e-02,5.749902203703e-02,5.716175127960e-02,5.682775420704e-02,5.649698924649e-02,5.616941540373e-02,5.584499225506e-02,5.552367994773e-02,5.520543918819e-02,5.489023123704e-02,5.457801790131e-02,5.426876153270e-02,5.396242501792e-02,5.365897177177e-02,5.335836573000e-02,5.306057134572e-02,5.276555358183e-02,5.247327790259e-02,5.218371026709e-02,5.189681712419e-02,5.161256540697e-02,5.133092252373e-02
-5.168310318315e-01,-4.251933085928e-01,-3.479369471705e-01,-2.824381376559e-01,-2.266284249027e-01,-1.788611585484e-01,-1.378137236891e-01,-1.024150416118e-01,-7.179117019318e-02,-4.522404023515e-02,-2.211983989810e-02,-1.984564008022e-03,1.559505802473e-02,3.096656067428e-02,4.442362773235e-02,5.621557474975e-02,6.655496652053e-02,7.562377176661e-02,8.357835687927e-02,9.055357306048e-02,9.666609357444e-02,1.020171754165e-01,1.066948784739e-01,1.107759477347e-01,1.143273360150e-01,1.174074834283e-01,1.200674198743e-01,1.223517428243e-01,1.242995598184e-01,1.259453653061e-01,1.273198397178e-01,1.284505105176e-01,1.293622551512e-01,1.300776193912e-01,1.306170011118e-01,1.309987923977e-01,1.312395091522e-01,1.313539395703e-01,1.313553083045e-01,1.312554354080e-01,1.310648999985e-01,1.307931832898e-01,1.304488022978e-01,1.300394170103e-01,1.295719290288e-01,1.290525653924e-01,1.284869512847e-01,1.278801739396e-01,1.272368380029e-01,1.265611147424e-01,1.258567855321e-01,1.251272804048e-01,1.243757123887e-01,1.236049080809e-01,1.228174350296e-01,1.220156262559e-01,1.212016022646e-01,1.203772908073e-01,1.195444445415e-01,1.187046571533e-01,1.178593776839e-01,1.170099238445e-01,1.161574931167e-01,1.153031738087e-01,1.144479544361e-01,1.135927322904e-01,1.127383213228e-01,1.118854585835e-01,1.110348107393e-01,1.101869796322e-01,1.093425072094e-01,1.085018801613e-01,1.076655337182e-01,1.068338555346e-01,1.060071895552e-01,1.051858394080e-01,1.043700719077e-01,1.035601204463e-01,1.027561884601e-01,1.019584529879e-01,1.011670678946e-01,1.003821664975e-01,9.960386497983e-02,9.883226414122e-02,9.806745136887e-02,9.730950207207e-02,9.655848052728e-02,9.581444127677e-02,9.507742922377e-02,9.434748007632e-02,9.362462078881e-02,9.290886979943e-02,9.220023766569e-02,9.149872736408e-02,9.080433452425e-02,9.011704798689e-02,8.943685023172e-02,8.876371788713e-02,8.809762232164e-02,8.743852988420e-02,8.678640247522e-02,8.614119781392e-02,8.550287017238e-02,8.487137046019e-02,8.424664667218e-02,8.362864421463e-02,8.301730618426e-02,8.241257371074e-02,8.181438615139e-02,8.122268133166e-02,8.063739576548e-02,8.005846484167e-02,7.948582301984e-02,7.891940398471e-02,7.835914078185e-02,7.780496595978e-02,7.725681168972e-02,7.671460987922e-02,7.617829228228e-02,7.564779057636e-02,7.512303645493e-02,7.460396168986e-02,7.409049822879e-02,7.358257823349e-02,7.308013414435e-02,7.258309873183e-02,7.209140513982e-02,7.160498693635e-02,7.112377814427e-02,7.064771327563e-02,7.017672736317e-02,6.971075598561e-02,6.924973529588e-02,6.879360204166e-02,6.834229358131e-02,6.789574790214e-02,6.745390363396e-02,6.701670006207e-02,6.658407714172e-02,6.615597550143e-02,6.573233645373e-02,6.531310199451e-02,6.489821482137e-02,6.448761832569e-02,6.408125659854e-02,6.367907443213e-02,6.328101731836e-02,6.288703145394e-02,6.249706373499e-02,6.211106175551e-02,6.172897380549e-02,6.135074886664e-02,6.097633661156e-02,6.060568739924e-02,6.023875226833e-02,5.987548293352e-02,5.951583177955e-02,5.915975185602e-02,5.880719687447e-02,5.845812119790e-02,5.811247983698e-02,5.777022843827e-02,5.743132328801e-02,5.709572129634e-02,5.676337999295e-02,5.643425751993e-02,5.610831262294e-02,5.578550464813e-02,5.546579353142e-02,5.514913979120e-02,5.483550452125e-02,5.452484938228e-02,5.421713659651e-02,5.391232893978e-02,5.361038973227e-02,5.331128283189e-02,5.301497262622e-02,5.272142402535e-02,5.243060245671e-02,5.214247385425e-02,5.185700465307e-02
-4.794441595990e-01,-3.916406981156e-01,-3.176692262488e-01,-2.550039206394e-01,-2.016536878828e-01,-1.560335712725e-01,-1.168706094104e-01,-8.313402587232e-02,-5.398284731523e-02,-2.872617118079e-02,-6.792722106044e-03,1.229269100599e-02,2.892754017054e-02,4.344602049481e-02,5.613049317698e-02,6.722061782927e-02,7.692068229628e-02,8.540553059894e-02,9.282537750113e-02,9.930973806454e-02,1.049706446241e-01,1.099053069708e-01,1.141982566903e-01,1.179231577903e-01,1.211442745174e-01,1.239176985682e-01,1.262923964690e-01,1.283111423439e-01,1.300113862789e-01,1.314260874212e-01,1.325844912371e-01,1.335127905080e-01,1.342346315262e-01,1.347714509698e-01,1.351426784161e-01,1.353658621564e-01,1.354567920153e-01,1.354296120303e-01,1.352969653038e-01,1.350701474086e-01,1.347592569995e-01,1.343733327585e-01,1.339204832708e-01,1.334079913934e-01,1.328424103554e-01,1.322296453754e-01,1.315750243996e-01,1.308833596929e-01,1.301590016884e-01,1.294058865628e-01,1.286275778761e-01,1.278273037495e-01,1.270079898526e-01,1.261722888003e-01,1.253226064146e-01,1.244611252590e-01,1.235898256556e-01,1.227105046391e-01,1.218247929800e-01,1.209341704928e-01,1.200399797827e-01,1.191434389513e-01,1.182456523085e-01,1.173476208642e-01,1.164502513304e-01,1.155543643208e-01,1.146607017213e-01,1.137699333039e-01,1.128826628235e-01,1.119994328378e-01,1.111207298752e-01,1.102469886122e-01,1.093785957251e-01,1.085158934525e-01,1.076591829407e-01,1.068087275533e-01,1.059647557245e-01,1.051274644286e-01,1.042970223086e-01,1.034735728095e-01,1.026572373140e-01,1.018481177896e-01,1.010462999395e-01,1.002518552055e-01,9.946484276388e-02,9.868531105105e-02,9.791329891101e-02,9.714883642305e-02,9.639194529560e-02,9.564263983757e-02,9.490092674772e-02,9.416680551391e-02,9.344026870758e-02,9.272130227629e-02,9.200988586794e-02,9.130599309977e-02,9.060959220243e-02,8.992064618418e-02,8.923911327726e-02,8.856494737500e-02,8.789809846496e-02,8.723851285269e-02,8.658613385743e-02,8.594090188527e-02,8.530275484451e-02,8.467162845021e-02,8.404745650573e-02,8.343017116172e-02,8.281970313782e-02,8.221598199011e-02,8.161893625810e-02,8.102849366050e-02,8.044458126183e-02,7.986712562185e-02,7.929605293136e-02,7.873128912947e-02,7.817276003262e-02,7.762039142026e-02,7.707410912898e-02,7.653383913723e-02,7.599950764279e-02,7.547104111685e-02,7.494836639164e-02,7.443141069332e-02,7.392010169826e-02,7.341436757749e-02,7.291413703647e-02,7.241933935062e-02,7.192990439438e-02,7.144576267699e-02,7.096684536003e-02,7.049308428108e-02,7.002441197319e-02,6.956076168139e-02,6.910206737697e-02,6.864826376773e-02,6.819928631337e-02,6.775507122958e-02,6.731555549530e-02,6.688067685848e-02,6.645037384115e-02,6.602458573565e-02,6.560325261840e-02,6.518631534033e-02,6.477371552933e-02,6.436539558885e-02,6.396129869572e-02,6.356136879717e-02,6.316555060561e-02,6.277378959932e-02,6.238603201319e-02,6.200222483455e-02,6.162231579778e-02,6.124625337820e-02,6.087398678564e-02,6.050546595631e-02,6.014064154957e-02,5.977946493756e-02,5.942188819795e-02,5.906786410666e-02,5.871734613082e-02,5.837028841590e-02,5.802664578691e-02,5.768637373256e-02,5.734942839914e-02,5.701576658218e-02,5.668534571793e-02,5.635812387495e-02,5.603405974417e-02,5.571311263434e-02,5.539524245988e-02,5.508040973324e-02,5.476857555656e-02,5.445970161323e-02,5.415375015945e-02,5.385068401476e-02,5.355046655668e-02,5.325306171004e-02,5.295843393895e-02,5.266654823893e-02,5.237737012957e-02
-4.450252125819e-01,-3.607365046620e-01,-2.897763283423e-01,-2.297086747816e-01,-1.786133570059e-01,-1.349619613469e-01,-9.752703207605e-02,-6.531472685944e-02,-3.751428510285e-02,-1.345969789672e-02,7.399659896207e-03,2.552174119407e-02,4.128954377533e-02,5.502504062733e-02,6.700021965573e-02,7.744589118379e-02,8.655876203772e-02,9.450715179683e-02,1.014356372900e-01,1.074688443755e-01,1.127145526212e-01,1.172662623344e-01,1.212052706074e-01,1.246024167515e-01,1.275195008457e-01,1.300104647066e-01,1.321223925042e-01,1.338963929768e-01,1.353684170883e-01,1.365700412056e-01,1.375292081962e-01,1.382708837765e-01,1.388175717091e-01,1.391896854819e-01,1.394057504714e-01,1.394825338428e-01,1.394351414743e-01,1.392771219405e-01,1.390205898152e-01,1.386763630076e-01,1.382541034709e-01,1.377624477003e-01,1.372091326907e-01,1.366010978020e-01,1.359445785396e-01,1.352451862700e-01,1.345079771748e-01,1.337375121399e-01,1.329379090369e-01,1.321128885967e-01,1.312658148445e-01,1.303997308851e-01,1.295173906781e-01,1.286212873442e-01,1.277136783945e-01,1.267966083355e-01,1.258719289105e-01,1.249413172654e-01,1.240062922739e-01,1.230682292250e-01,1.221283730040e-01,1.211878502397e-01,1.202476796582e-01,1.193087820593e-01,1.183719889703e-01,1.174380505077e-01,1.165076424454e-01,1.155813725594e-01,1.146597863113e-01,1.137433719306e-01,1.128325649577e-01,1.119277523124e-01,1.110292760762e-01,1.101374364756e-01,1.092524953339e-01,1.083746789252e-01,1.075041808484e-01,1.066411648998e-01,1.057857679671e-01,1.049381029452e-01,1.040982616653e-01,1.032663175226e-01,1.024423283636e-01,1.016263386768e-01,1.008183816160e-01,1.000184806205e-01,9.922665065668e-02,9.844289912071e-02,9.766722646091e-02,9.689962659533e-02,9.614008719637e-02,9.538858990598e-02,9.464511042866e-02,9.390961905324e-02,9.318208056401e-02,9.246245461071e-02,9.175069601865e-02,9.104675511902e-02,9.035057809730e-02,8.966210735038e-02,8.898128187846e-02,8.830803746531e-02,8.764230732991e-02,8.698402219538e-02,8.633311066969e-02,8.568949952943e-02,8.505311398282e-02,8.442387791223e-02,8.380171409664e-02,8.318654441502e-02,8.257829003172e-02,8.197687156500e-02,8.138220923296e-02,8.079422301464e-02,8.021283275167e-02,7.963795826948e-02,7.906951948002e-02,7.850743647396e-02,7.795162960370e-02,7.740201955800e-02,7.685852743185e-02,7.632107477294e-02,7.578958366013e-02,7.526397673194e-02,7.474417723510e-02,7.423010906265e-02,7.372169678756e-02,7.321886569245e-02,7.272154179564e-02,7.222965187385e-02,7.174312348198e-02,7.126188496997e-02,7.078586549568e-02,7.031499504170e-02,6.984920442071e-02,6.938842528485e-02,6.893259013219e-02,6.848163231133e-02,6.803548602464e-02,6.759408633011e-02,6.715736914317e-02,6.672527123028e-02,6.629773021809e-02,6.587468458270e-02,6.545607364879e-02,6.504183758563e-02,6.463191740231e-02,6.422625494247e-02,6.382479287837e-02,6.342747470448e-02,6.303424473067e-02,6.264504807492e-02,6.225983065461e-02,6.187853918187e-02,6.150112115217e-02,6.112752483680e-02,6.075769927424e-02,6.039159426129e-02,6.002916034406e-02,5.967034880878e-02,5.931511167348e-02,5.896340167403e-02,5.861517226289e-02,5.827037759326e-02,5.792897251139e-02,5.759091254702e-02,5.725615390383e-02,5.692465344987e-02,5.659636870805e-02,5.627125784662e-02,5.594927966969e-02,5.563039360781e-02,5.531455970773e-02,5.500173862567e-02,5.469189161558e-02,5.438498052069e-02,5.408096776444e-02,5.377981634154e-02,5.348148980896e-02,5.318595227716e-02,5.289316840205e-02
-4.132892353765e-01,-3.322263734466e-01,-2.640300922559e-01,-2.063468111628e-01,-1.573214147881e-01,-1.154773768071e-01,-7.962899801549e-02,-4.881632541213e-02,-2.225631869392e-02,6.941918397907e-04,2.056688640142e-02,3.780390406562e-02,5.277496376790e-02,6.579082774932e-02,7.711396879807e-02,8.696708170132e-02,9.553991931423e-02,1.029948165314e-01,1.094711788022e-01,1.150891470547e-01,1.199525992394e-01,1.241516317298e-01,1.277645728646e-01,1.308596688838e-01,1.334964581354e-01,1.357269111055e-01,1.375963900302e-01,1.391444862436e-01,1.404057890295e-01,1.414106218739e-01,1.421857490174e-01,1.427550187923e-01,1.431398922970e-01,1.433598215810e-01,1.434324823742e-01,1.433739050944e-01,1.431985612860e-01,1.429194493072e-01,1.425481984675e-01,1.420951907804e-01,1.415696909612e-01,1.409799699459e-01,1.403334266751e-01,1.396366876737e-01,1.388956986547e-01,1.381158025969e-01,1.373018071788e-01,1.364580432074e-01,1.355884154944e-01,1.346964473895e-01,1.337853199556e-01,1.328579065780e-01,1.319168036536e-01,1.309643578868e-01,1.300026906316e-01,1.290337196471e-01,1.280591785782e-01,1.270806344290e-01,1.260995032574e-01,1.251170642893e-01,1.241344725826e-01,1.231527706620e-01,1.221728985408e-01,1.211957032291e-01,1.202219470655e-01,1.192523152674e-01,1.182874227232e-01,1.173278200902e-01,1.163739992578e-01,1.154263982325e-01,1.144854054984e-01,1.135513639111e-01,1.126245741886e-01,1.117052980671e-01,1.107937612014e-01,1.098901558885e-01,1.089946436963e-01,1.081073580654e-01,1.072284069314e-01,1.063578753866e-01,1.054958283824e-01,1.046423132972e-01,1.037973625632e-01,1.029609959707e-01,1.021332227116e-01,1.013140430870e-01,1.005034498523e-01,9.970142921300e-02,9.890796151713e-02,9.812302170738e-02,9.734657960445e-02,9.657860008860e-02,9.581904323558e-02,9.506786444787e-02,9.432501460736e-02,9.359044026242e-02,9.286408385236e-02,9.214588396567e-02,9.143577562464e-02,9.073369058738e-02,9.003955769745e-02,8.935330302016e-02,8.867485044295e-02,8.800412174792e-02,8.734103695473e-02,8.668551458393e-02,8.603747190219e-02,8.539682514899e-02,8.476348974507e-02,8.413738048293e-02,8.351841170043e-02,8.290649743826e-02,8.230155158265e-02,8.170348799412e-02,8.111222062356e-02,8.052766361671e-02,7.994973140793e-02,7.937833880424e-02,7.881340106058e-02,7.825483394703e-02,7.770255381163e-02,7.715647762025e-02,7.661652302623e-02,7.608260839541e-02,7.555465284760e-02,7.503257628872e-02,7.451629943897e-02,7.400574385714e-02,7.350083196161e-02,7.300148704813e-02,7.250763330493e-02,7.201919582513e-02,7.153610061686e-02,7.105827461131e-02,7.058564566874e-02,7.011814258277e-02,6.965569508312e-02,6.919823383683e-02,6.874569044816e-02,6.829799745731e-02,6.785508833933e-02,6.741689749516e-02,6.698336025657e-02,6.655441287438e-02,6.612999251455e-02,6.571003725172e-02,6.529448606214e-02,6.488327881617e-02,6.447635627026e-02,6.407366005845e-02,6.367513268365e-02,6.328071750844e-02,6.289035874569e-02,6.250400144889e-02,6.212159150228e-02,6.174307561080e-02,6.136840128984e-02,6.099751685497e-02,6.063037141146e-02,6.026691484379e-02,5.990709780601e-02,5.955087170694e-02,5.919818870643e-02,5.884900169971e-02,5.850326430813e-02,5.816093086851e-02,5.782195642258e-02,5.748629670646e-02,5.715390814013e-02,5.682474781705e-02,5.649877349379e-02,5.617594357974e-02,5.585621712697e-02,5.553955382006e-02,5.522591396614e-02,5.491525848500e-02,5.460754889924e-02,5.430274732462e-02,5.400081646043e-02,5.370171958010e-02,5.340542052253e-02
-3.839857295846e-01,-3.058867041030e-01,-2.402299418310e-01,-1.847375946554e-01,-1.376143293560e-01,-9.743128629758e-02,-6.304112386990e-02,-3.351501796725e-02,-8.095389117073e-03,1.383995600216e-02,3.280529885956e-02,4.922825610666e-02,6.346635341987e-02,7.582005856211e-02,8.654310750803e-02,9.585074362042e-02,1.039263349959e-01,1.109267217494e-01,1.169865611720e-01,1.222218760319e-01,1.267329612813e-01,1.306067870359e-01,1.339189536830e-01,1.367353243621e-01,1.391133588347e-01,1.411032172194e-01,1.427486838035e-01,1.440879649926e-01,1.451544138641e-01,1.459772212450e-01,1.465820856047e-01,1.469918384640e-01,1.472269774911e-01,1.473060642930e-01,1.472459777928e-01,1.470620548552e-01,1.467681717580e-01,1.463768146710e-01,1.458991654589e-01,1.453452073472e-01,1.447238433519e-01,1.440430120725e-01,1.433098051039e-01,1.425305641760e-01,1.417109707585e-01,1.408561227189e-01,1.399706004721e-01,1.390585241733e-01,1.381236033872e-01,1.371691804551e-01,1.361982685575e-01,1.352135852774e-01,1.342175823135e-01,1.332124718764e-01,1.322002502021e-01,1.311827185489e-01,1.301615019855e-01,1.291380662318e-01,1.281137327774e-01,1.270896924717e-01,1.260670177129e-01,1.250466736210e-01,1.240295277347e-01,1.230163591071e-01,1.220078663359e-01,1.210046748277e-01,1.200073433348e-01,1.190163698275e-01,1.180321967561e-01,1.170552157572e-01,1.160857718519e-01,1.151241671875e-01,1.141706643787e-01,1.132254895066e-01,1.122888348474e-01,1.113608614017e-01,1.104417013037e-01,1.095314601806e-01,1.086302195217e-01,1.077380390894e-01,1.068549593819e-01,1.059810041013e-01,1.051161825360e-01,1.042604918966e-01,1.034139193645e-01,1.025764438704e-01,1.017480375386e-01,1.009286667888e-01,1.001182931199e-01,9.931687362477e-02,9.852436130090e-02,9.774070522518e-02,9.696585065286e-02,9.619973909044e-02,9.544230837683e-02,9.469349279328e-02,9.395322321127e-02,9.322142727868e-02,9.249802963933e-02,9.178295217808e-02,9.107611432662e-02,9.037743315054e-02,8.968682390510e-02,8.900420010283e-02,8.832947382087e-02,8.766255594370e-02,8.700335639079e-02,8.635178432813e-02,8.570774836319e-02,8.507115672348e-02,8.444191741916e-02,8.381993839057e-02,8.320512764144e-02,8.259739335892e-02,8.199664402130e-02,8.140278849454e-02,8.081573611837e-02,8.023539678319e-02,7.966168099824e-02,7.909449995211e-02,7.853376556950e-02,7.797939054456e-02,7.743128840333e-02,7.688937352514e-02,7.635356117766e-02,7.582376754387e-02,7.529990974505e-02,7.478190586029e-02,7.426967494284e-02,7.376313703343e-02,7.326221317107e-02,7.276682540140e-02,7.227689678289e-02,7.179235139107e-02,7.131311432103e-02,7.083911168822e-02,7.037027062789e-02,6.990651929316e-02,6.944778685188e-02,6.899400348250e-02,6.854510037022e-02,6.810100969565e-02,6.766166463609e-02,6.722699935258e-02,6.679694898317e-02,6.637144963425e-02,6.595043837139e-02,6.553385320969e-02,6.512163310385e-02,6.471371793783e-02,6.431004851420e-02,6.391056654332e-02,6.351521463224e-02,6.312393627344e-02,6.273667583343e-02,6.235337854123e-02,6.197399047674e-02,6.159845855902e-02,6.122673053464e-02,6.085875496580e-02,6.049448121962e-02,6.013385945239e-02,5.977684060379e-02,5.942337638118e-02,5.907341924892e-02,5.872692241682e-02,5.838383982855e-02,5.804412615021e-02,5.770773675898e-02,5.737462773180e-02,5.704475583427e-02,5.671807850950e-02,5.639455386725e-02,5.607414067303e-02,5.575679833743e-02,5.544248690550e-02,5.513116704634e-02,5.482280004272e-02,5.451734778094e-02,5.421477274075e-02,5.391503798619e-02
-3.568938101460e-01,-2.815203277534e-01,-2.181990087286e-01,-1.647216507711e-01,-1.193478942764e-01,-8.069270922780e-02,-4.764402146769e-02,-1.930162603565e-02,5.068650060637e-03,2.606971755871e-02,4.419986512624e-02,5.987336133574e-02,7.343652526260e-02,8.518036371915e-02,9.535058366158e-02,1.041555809631e-01,1.117728566037e-01,1.183542019226e-01,1.240299115008e-01,1.289122231084e-01,1.330981386385e-01,1.366717558101e-01,1.397061653590e-01,1.422650382029e-01,1.444039216006e-01,1.461713106274e-01,1.476095408575e-01,1.487555521585e-01,1.496415738074e-01,1.502957730630e-01,1.507428872813e-01,1.510048267076e-01,1.511012064557e-01,1.510497611815e-01,1.508666210240e-01,1.505664671232e-01,1.501626137732e-01,1.496670667437e-01,1.490905936718e-01,1.484428129636e-01,1.477322978387e-01,1.469666844889e-01,1.461527856451e-01,1.452966839172e-01,1.444038199640e-01,1.434790678896e-01,1.425268003109e-01,1.415509445162e-01,1.405550311134e-01,1.395422363946e-01,1.385154194264e-01,1.374771546873e-01,1.364297609110e-01,1.353753266723e-01,1.343157331523e-01,1.332526744473e-01,1.321876757261e-01,1.311221095007e-01,1.300572102142e-01,1.289940873343e-01,1.279337371297e-01,1.268770534349e-01,1.258248369864e-01,1.247778041964e-01,1.237365948870e-01,1.227017792919e-01,1.216738643576e-01,1.206532994071e-01,1.196404812184e-01,1.186357585672e-01,1.176394362798e-01,1.166517788413e-01,1.156730136080e-01,1.147033336754e-01,1.137429004638e-01,1.127918460854e-01,1.118502755668e-01,1.109182690189e-01,1.099958837166e-01,1.090831562705e-01,1.081801049210e-01,1.072867318323e-01,1.064030252342e-01,1.055289617474e-01,1.046645083976e-01,1.038096244381e-01,1.029642628807e-01,1.021283717046e-01,1.013018947450e-01,1.004847722942e-01,9.967694146720e-02,9.887833639711e-02,9.808888832160e-02,9.730852561684e-02,9.653717382071e-02,9.577475567414e-02,9.502119119648e-02,9.427639777875e-02,9.354029038092e-02,9.281278173008e-02,9.209378251215e-02,9.138320142155e-02,9.068094573416e-02,8.998692130028e-02,8.930103284028e-02,8.862318416617e-02,8.795327839161e-02,8.729121812835e-02,8.663690566812e-02,8.599024314976e-02,8.535113271164e-02,8.471947662986e-02,8.409517744294e-02,8.347813806389e-02,8.286826188040e-02,8.226545284425e-02,8.166961555067e-02,8.108065530712e-02,8.049847819829e-02,7.992299114145e-02,7.935410193303e-02,7.879171927693e-02,7.823575284525e-02,7.768611329152e-02,7.714271228167e-02,7.660546251621e-02,7.607427774868e-02,7.554907280072e-02,7.502976357416e-02,7.451626706030e-02,7.400850134678e-02,7.350638562220e-02,7.300984017872e-02,7.251878641287e-02,7.203314682469e-02,7.155284501543e-02,7.107780568393e-02,7.060795462131e-02,7.014321870588e-02,6.968352589671e-02,6.922880522593e-02,6.877898678522e-02,6.833400172548e-02,6.789378224099e-02,6.745826156075e-02,6.702737393767e-02,6.660105463750e-02,6.617923992727e-02,6.576186706351e-02,6.534887428018e-02,6.494020077637e-02,6.453578670384e-02,6.413557315437e-02,6.373950214707e-02,6.334751661550e-02,6.295956039483e-02,6.257557820885e-02,6.219551565675e-02,6.181931920069e-02,6.144693615321e-02,6.107831466435e-02,6.071340370502e-02,6.035215306084e-02,5.999451331483e-02,5.964043583599e-02,5.928987276681e-02,5.894277701080e-02,5.859910222021e-02,5.825880278383e-02,5.792183381496e-02,5.758815113942e-02,5.725771128381e-02,5.693047146382e-02,5.660638957273e-02,5.628542417003e-02,5.596753447022e-02,5.565268033173e-02,5.534082224572e-02,5.503192132581e-02,5.472593929771e-02,5.442283848879e-02
-3.318181401217e-01,-2.589528788608e-01,-1.977808784074e-01,-1.461580340661e-01,-1.023945765658e-01,-6.514580765423e-02,-3.333210356417e-02,-6.079590436763e-03,1.732437118023e-02,3.746495371719e-02,5.482573530867e-02,6.980870703862e-02,8.274988109077e-02,9.393156346604e-02,1.035920776340e-01,1.119335228447e-01,1.191280051781e-01,1.253226727425e-01,1.306438075591e-01,1.352001704020e-01,1.390857331823e-01,1.423819512367e-01,1.451596061056e-01,1.474803508779e-01,1.493979720519e-01,1.509594322450e-01,1.522057357599e-01,1.531726628431e-01,1.538914199305e-01,1.543892487501e-01,1.546900176640e-01,1.548148034389e-01,1.547824167395e-01,1.546098280930e-01,1.543124661244e-01,1.539043917352e-01,1.533983864255e-01,1.528060042959e-01,1.521376259777e-01,1.514025299928e-01,1.506089911292e-01,1.497643707270e-01,1.488752284072e-01,1.479474113423e-01,1.469861410174e-01,1.459960874736e-01,1.449814334655e-01,1.439459297745e-01,1.428929430141e-01,1.418254971477e-01,1.407463096984e-01,1.396578237389e-01,1.385622357652e-01,1.374615206399e-01,1.363574536854e-01,1.352516303691e-01,1.341454838876e-01,1.330403009059e-01,1.319372356685e-01,1.308373227079e-01,1.297414881110e-01,1.286505599913e-01,1.275652774833e-01,1.264862992156e-01,1.254142107733e-01,1.243495314568e-01,1.232927203665e-01,1.222441818738e-01,1.212042705305e-01,1.201732954622e-01,1.191515244289e-01,1.181391869182e-01,1.171364776093e-01,1.161435590299e-01,1.151605640161e-01,1.141875979480e-01,1.132247408155e-01,1.122720491852e-01,1.113295581314e-01,1.103972832438e-01,1.094752223812e-01,1.085633581284e-01,1.076616595784e-01,1.067700846186e-01,1.058885818712e-01,1.050170925287e-01,1.041555519497e-01,1.033038909663e-01,1.024620368840e-01,1.016299141855e-01,1.008074448126e-01,9.999454890001e-02,9.919114440178e-02,9.839714724349e-02,9.761247131243e-02,9.683702844214e-02,9.607072842251e-02,9.531347904745e-02,9.456518620313e-02,9.382575391817e-02,9.309508481571e-02,9.237307980571e-02,9.165963875353e-02,9.095466039749e-02,9.025804263376e-02,8.956968271591e-02,8.888947744659e-02,8.821732335858e-02,8.755311688388e-02,8.689675450955e-02,8.624813290266e-02,8.560714909706e-02,8.497370054896e-02,8.434768526272e-02,8.372900188523e-02,8.311754978888e-02,8.251322914491e-02,8.191594098787e-02,8.132558727202e-02,8.074207091500e-02,8.016529586148e-02,7.959516708442e-02,7.903159065057e-02,7.847447372604e-02,7.792372460387e-02,7.737925272191e-02,7.684096867715e-02,7.630878423673e-02,7.578261234619e-02,7.526236713508e-02,7.474796391776e-02,7.423931920215e-02,7.373635068146e-02,7.323897723425e-02,7.274711892066e-02,7.226069697721e-02,7.177963381038e-02,7.130385298910e-02,7.083327923631e-02,7.036783841790e-02,6.990745753919e-02,6.945206472333e-02,6.900158921093e-02,6.855596134158e-02,6.811511254340e-02,6.767897532036e-02,6.724748323933e-02,6.682057091684e-02,6.639817400551e-02,6.598022918047e-02,6.556667412389e-02,6.515744751562e-02,6.475248901467e-02,6.435173924647e-02,6.395513978878e-02,6.356263315753e-02,6.317416279269e-02,6.278967304412e-02,6.240910915753e-02,6.203241725918e-02,6.165954434671e-02,6.129043826734e-02,6.092504771220e-02,6.056332219776e-02,6.020521205364e-02,5.985066840928e-02,5.949964318062e-02,5.915208905710e-02,5.880795948859e-02,5.846720867271e-02,5.812979154089e-02,5.779566374952e-02,5.746478166410e-02,5.713710234822e-02,5.681258355154e-02,5.649118369808e-02,5.617286187449e-02,5.585757781866e-02,5.554529190838e-02,5.523596514921e-02,5.492955916738e-02
-3.085855042126e-01,-2.380297370418e-01,-1.788368471425e-01,-1.289217567236e-01,-8.664128065256e-02,-5.068785537349e-02,-2.001173258606e-02,6.236722145505e-03,2.875032681488e-02,4.809792727843e-02,6.474956232414e-02,7.909592488616e-02,9.146354278225e-02,1.021267167253e-01,1.113169771008e-01,1.192306298419e-01,1.260348179421e-01,1.318724184977e-01,1.368660227634e-01,1.411211886787e-01,1.447291053288e-01,1.477687946217e-01,1.503089123915e-01,1.524092534993e-01,1.541219824063e-01,1.554926501478e-01,1.565610362914e-01,1.573618613734e-01,1.579253929237e-01,1.582780326907e-01,1.584428727896e-01,1.584402421259e-01,1.582882197536e-01,1.580030655069e-01,1.575995508061e-01,1.570911533056e-01,1.564901478566e-01,1.558076596827e-01,1.550537063831e-01,1.542372545145e-01,1.533663006867e-01,1.524479582245e-01,1.514885572219e-01,1.504937312473e-01,1.494685026280e-01,1.484173555768e-01,1.473442995754e-01,1.462529238366e-01,1.451464450075e-01,1.440277473711e-01,1.428994185657e-01,1.417637807723e-01,1.406229181069e-01,1.394787008270e-01,1.383328068609e-01,1.371867408834e-01,1.360418513842e-01,1.348993459435e-01,1.337603049058e-01,1.326256936685e-01,1.314963736701e-01,1.303731123833e-01,1.292565921056e-01,1.281474181333e-01,1.270461259745e-01,1.259531878833e-01,1.248690187450e-01,1.237939814949e-01,1.227283915567e-01,1.216725213174e-01,1.206266039289e-01,1.195908366602e-01,1.185653839014e-01,1.175503799571e-01,1.165459311295e-01,1.155521179174e-01,1.145689971351e-01,1.135966036299e-01,1.126349520374e-01,1.116840385728e-01,1.107438426835e-01,1.098143290684e-01,1.088954494446e-01,1.079871446930e-01,1.070893466876e-01,1.062019801091e-01,1.053249640767e-01,1.044582133689e-01,1.036016399512e-01,1.027551535188e-01,1.019186620180e-01,1.010920720011e-01,1.002752887654e-01,9.946821624855e-02,9.867075729963e-02,9.788281350171e-02,9.710428495566e-02,9.633507037143e-02,9.557506709324e-02,9.482417111972e-02,9.408227733936e-02,9.334927947374e-02,9.262507048876e-02,9.190954250751e-02,9.120258708513e-02,9.050409538483e-02,8.981395835026e-02,8.913206683454e-02,8.845831186524e-02,8.779258468824e-02,8.713477691752e-02,8.648478066787e-02,8.584248866443e-02,8.520779432928e-02,8.458059189806e-02,8.396077648178e-02,8.334824412236e-02,8.274289186197e-02,8.214461779455e-02,8.155332110681e-02,8.096890212567e-02,8.039126233645e-02,7.982030442875e-02,7.925593229987e-02,7.869805107980e-02,7.814656714525e-02,7.760138813012e-02,7.706242292928e-02,7.652958171392e-02,7.600277592465e-02,7.548191827267e-02,7.496692273896e-02,7.445770457061e-02,7.395418027362e-02,7.345626761079e-02,7.296388559215e-02,7.247695446351e-02,7.199539569809e-02,7.151913198569e-02,7.104808722016e-02,7.058218648981e-02,7.012135606058e-02,6.966552336887e-02,6.921461700188e-02,6.876856668564e-02,6.832730327060e-02,6.789075871694e-02,6.745886607775e-02,6.703155948930e-02,6.660877415151e-02,6.619044631311e-02,6.577651325676e-02,6.536691328374e-02,6.496158569726e-02,6.456047078993e-02,6.416350982754e-02,6.377064503206e-02,6.338181956750e-02,6.299697752472e-02,6.261606390576e-02,6.223902461080e-02,6.186580642050e-02,6.149635698588e-02,6.113062480946e-02,6.076855923250e-02,6.041011042080e-02,6.005522935069e-02,5.970386779372e-02,5.935597830705e-02,5.901151421670e-02,5.867042960449e-02,5.833267929537e-02,5.799821884445e-02,5.766700452330e-02,5.733899330962e-02,5.701414287415e-02,5.669241156720e-02,5.637375840747e-02,5.605814307020e-02,5.574552587507e-02,5.543586777626e-02
-2.870419089003e-01,-2.186134389483e-01,-1.612436007509e-01,-1.129016972404e-01,-7.198745647149e-02,-3.722751987044e-02,-7.599654771631e-03,1.772345003718e-02,3.941636028575e-02,5.803288918170e-02,7.403061099604e-02,8.778981784189e-02,9.962830700288e-02,1.098130098230e-01,1.185692041934e-01,1.260878668632e-01,1.325315730819e-01,1.380392694184e-01,1.427301509662e-01,1.467068284029e-01,1.500579297407e-01,1.528602370134e-01,1.551804487683e-01,1.570766481263e-01,1.585995047311e-01,1.597932710557e-01,1.606966022292e-01,1.613432293599e-01,1.617625730859e-01,1.619802786390e-01,1.620187367486e-01,1.618975987418e-01,1.616342842062e-01,1.612444137734e-01,1.607421464050e-01,1.601403901779e-01,1.594509431940e-01,1.586845242493e-01,1.578508077003e-01,1.569584693015e-01,1.560152489104e-01,1.550280344737e-01,1.540029481027e-01,1.529454299051e-01,1.518603216149e-01,1.507519383972e-01,1.496241317936e-01,1.484803442850e-01,1.473236547598e-01,1.461568194064e-01,1.449823066030e-01,1.438023276398e-01,1.426188633873e-01,1.414336878849e-01,1.402483893697e-01,1.390643888992e-01,1.378829569653e-01,1.367052282751e-01,1.355322150523e-01,1.343648189473e-01,1.332038417634e-01,1.320499950253e-01,1.309039085722e-01,1.297661384592e-01,1.286371739404e-01,1.275174438394e-01,1.264073222667e-01,1.253071334852e-01,1.242171568246e-01,1.231376307077e-01,1.220687564775e-01,1.210107014276e-01,1.199636017069e-01,1.189275651515e-01,1.179026734611e-01,1.168889844684e-01,1.158865333229e-01,1.148953347036e-01,1.139153843867e-01,1.129466607687e-01,1.119891265092e-01,1.110427299968e-01,1.101074071746e-01,1.091830835109e-01,1.082696756861e-01,1.073670933052e-01,1.064752404741e-01,1.055940175932e-01,1.047233222367e-01,1.038630501549e-01,1.030130957554e-01,1.021733528605e-01,1.013437148950e-01,1.005240746242e-01,9.971432426558e-02,9.891435518909e-02,9.812405846334e-02,9.734332423989e-02,9.657204178164e-02,9.581009952470e-02,9.505738506273e-02,9.431378539996e-02,9.357918705963e-02,9.285347599620e-02,9.213653786089e-02,9.142825812878e-02,9.072852226948e-02,9.003721599915e-02,8.935422524749e-02,8.867943636713e-02,8.801273623361e-02,8.735401241664e-02,8.670315325863e-02,8.606004793149e-02,8.542458654278e-02,8.479666018974e-02,8.417616107629e-02,8.356298251801e-02,8.295701899759e-02,8.235816620979e-02,8.176632109064e-02,8.118138185786e-02,8.060324803397e-02,8.003182044867e-02,7.946700126200e-02,7.890869397269e-02,7.835680342653e-02,7.781123583042e-02,7.727189873871e-02,7.673870105870e-02,7.621155304486e-02,7.569036630054e-02,7.517505376993e-02,7.466552972541e-02,7.416170976123e-02,7.366351077968e-02,7.317085098944e-02,7.268364988533e-02,7.220182823616e-02,7.172530807191e-02,7.125401266797e-02,7.078786653381e-02,7.032679539866e-02,6.987072619104e-02,6.941958702534e-02,6.897330718491e-02,6.853181710604e-02,6.809504836627e-02,6.766293366125e-02,6.723540679078e-02,6.681240264046e-02,6.639385716861e-02,6.597970738908e-02,6.556989135185e-02,6.516434812806e-02,6.476301779127e-02,6.436584140745e-02,6.397276101361e-02,6.358371960221e-02,6.319866110569e-02,6.281753037959e-02,6.244027318928e-02,6.206683619527e-02,6.169716693421e-02,6.133121380556e-02,6.096892605597e-02,6.061025376470e-02,6.025514783273e-02,5.990355996340e-02,5.955544265018e-02,5.921074916146e-02,5.886943352960e-02,5.853145053694e-02,5.819675570035e-02,5.786530525928e-02,5.753705616111e-02,5.721196605344e-02,5.688999326758e-02,5.657109680670e-02,5.625523633412e-02,5.594237216062e-02
-2.670501187676e-01,-2.005814794109e-01,-1.448912424099e-01,-9.799882357468e-02,-5.834349193409e-02,-2.468340246941e-02,3.978329233205e-03,2.844845252376e-02,4.938472265084e-02,6.732710932916e-02,8.272170838727e-02,9.593923526548e-02,1.072894507185e-01,1.170325031767e-01,1.253879151600e-01,1.325417549463e-01,1.386523970639e-01,1.438551713710e-01,1.482661468462e-01,1.519852227253e-01,1.550986674800e-01,1.576812037638e-01,1.597977270316e-01,1.615047434934e-01,1.628515469960e-01,1.638811957518e-01,1.646312909405e-01,1.651346726927e-01,1.654199855586e-01,1.655121843978e-01,1.654330257437e-01,1.652015660147e-01,1.648346258904e-01,1.643472331867e-01,1.637529844397e-01,1.630642724168e-01,1.622924162215e-01,1.614477466304e-01,1.605396152712e-01,1.595764239967e-01,1.585656766220e-01,1.575140534684e-01,1.564274890702e-01,1.553112486411e-01,1.541700103594e-01,1.530079360760e-01,1.518287350086e-01,1.506357146237e-01,1.494318281258e-01,1.482197145383e-01,1.470017332568e-01,1.457799936114e-01,1.445563814314e-01,1.433325823418e-01,1.421101021257e-01,1.408902848558e-01,1.396743291393e-01,1.384633025586e-01,1.372581545432e-01,1.360597279706e-01,1.348687695991e-01,1.336859393570e-01,1.325118186506e-01,1.313469180628e-01,1.301916841459e-01,1.290465056370e-01,1.279117186340e-01,1.267876119359e-01,1.256744314891e-01,1.245723843356e-01,1.234816419110e-01,1.224023436624e-01,1.213345999197e-01,1.202784940611e-01,1.192340847237e-01,1.182014081099e-01,1.171804798337e-01,1.161712958448e-01,1.151738343570e-01,1.141880573669e-01,1.132139120808e-01,1.122513320930e-01,1.113002389823e-01,1.103605442646e-01,1.094321508597e-01,1.085149546430e-01,1.076088463389e-01,1.067137128375e-01,1.058294383477e-01,1.049559055002e-01,1.040929965282e-01,1.032405932160e-01,1.023985771611e-01,1.015668303366e-01,1.007452350317e-01,9.993367337343e-02,9.913202717375e-02,9.834017846161e-02,9.755800892535e-02,9.678539980823e-02,9.602223189089e-02,9.526838577156e-02,9.452374197051e-02,9.378818067274e-02,9.306158199467e-02,9.234382608489e-02,9.163479349833e-02,9.093436499464e-02,9.024242177024e-02,8.955884562592e-02,8.888351913074e-02,8.821632559742e-02,8.755714921501e-02,8.690587519508e-02,8.626238982450e-02,8.562658049461e-02,8.499833576668e-02,8.437754547753e-02,8.376410073877e-02,8.315789397182e-02,8.255881893887e-02,8.196677078587e-02,8.138164606502e-02,8.080334272424e-02,8.023176012976e-02,7.966679907108e-02,7.910836178579e-02,7.855635193418e-02,7.801067460557e-02,7.747123631864e-02,7.693794502217e-02,7.641071007462e-02,7.588944223762e-02,7.537405367318e-02,7.486445793050e-02,7.436056992773e-02,7.386230593807e-02,7.336958358533e-02,7.288232182210e-02,7.240044091316e-02,7.192386241865e-02,7.145250918199e-02,7.098630531508e-02,7.052517617373e-02,7.006904834295e-02,6.961784961816e-02,6.917150899585e-02,6.872995664575e-02,6.829312389519e-02,6.786094321295e-02,6.743334819492e-02,6.701027353980e-02,6.659165503203e-02,6.617742952828e-02,6.576753493932e-02,6.536191020911e-02,6.496049529676e-02,6.456323116592e-02,6.417005976342e-02,6.378092400169e-02,6.339576774138e-02,6.301453577812e-02,6.263717382780e-02,6.226362850521e-02,6.189384731007e-02,6.152777861042e-02,6.116537163362e-02,6.080657644357e-02,6.045134392740e-02,6.009962578200e-02,5.975137450237e-02,5.940654336224e-02,5.906508640053e-02,5.872695841086e-02,5.839211492749e-02,5.806051220923e-02,5.773210722572e-02,5.740685764972e-02,5.708472184096e-02,5.676565883306e-02,5.644962832069e-02
-2.484875556752e-01,-1.838244364276e-01,-1.296816109284e-01,-8.412467797279e-02,-4.562934215767e-02,-1.298279388118e-02,1.478849980168e-02,3.847234835306e-02,5.871102415498e-02,7.603174769731e-02,9.087004667313e-02,1.035878201636e-01,1.144874287562e-01,1.238227768934e-01,1.318080925493e-01,1.386249271276e-01,1.444277849359e-01,1.493486720793e-01,1.535007801189e-01,1.569815134594e-01,1.598749686513e-01,1.622539736445e-01,1.641817636797e-01,1.657133924942e-01,1.668968928309e-01,1.677742020524e-01,1.683819692022e-01,1.687522151099e-01,1.689128629781e-01,1.688882391221e-01,1.686995421362e-01,1.683652854515e-01,1.679017643329e-01,1.673234784453e-01,1.666434831289e-01,1.658736897228e-01,1.650249850199e-01,1.641073020317e-01,1.631296899411e-01,1.621002915010e-01,1.610263910237e-01,1.599144776389e-01,1.587703164308e-01,1.575990147838e-01,1.564051024632e-01,1.551926052344e-01,1.539651012588e-01,1.527257754800e-01,1.514774671384e-01,1.502227083649e-01,1.489637581002e-01,1.477026323229e-01,1.464411299342e-01,1.451808551635e-01,1.439232378547e-01,1.426695513350e-01,1.414209280212e-01,1.401783736365e-01,1.389427797546e-01,1.377149350667e-01,1.364955355518e-01,1.352851935363e-01,1.340844457212e-01,1.328937606997e-01,1.317135456650e-01,1.305441520295e-01,1.293858810246e-01,1.282389886936e-01,1.271036899093e-01,1.259801623233e-01,1.248685501903e-01,1.237689672606e-01,1.226814992181e-01,1.216062067385e-01,1.205431276247e-01,1.194922778243e-01,1.184536541130e-01,1.174272356757e-01,1.164129842574e-01,1.154108466838e-01,1.144207559247e-01,1.134426320928e-01,1.124763836785e-01,1.115219095678e-01,1.105791002540e-01,1.096478393003e-01,1.087280051423e-01,1.078194722527e-01,1.069221127163e-01,1.060357974238e-01,1.051603964999e-01,1.042957801973e-01,1.034418197226e-01,1.025983866332e-01,1.017653529752e-01,1.009425921990e-01,1.001299778755e-01,9.932738358722e-02,9.853468397297e-02,9.775175343299e-02,9.697846630433e-02,9.621469709130e-02,9.546032068321e-02,9.471521184906e-02,9.397924542410e-02,9.325229684746e-02,9.253424185583e-02,9.182495658905e-02,9.112431793782e-02,9.043220354042e-02,8.974849178707e-02,8.907306203232e-02,8.840579472103e-02,8.774657133697e-02,8.709527452330e-02,8.645178824510e-02,8.581599771126e-02,8.518778944373e-02,8.456705141673e-02,8.395367298417e-02,8.334754493215e-02,8.274855951987e-02,8.215661051068e-02,8.157159314286e-02,8.099340414599e-02,8.042194178025e-02,7.985710580675e-02,7.929879748449e-02,7.874691958651e-02,7.820137638557e-02,7.766207363610e-02,7.712891857495e-02,7.660181991592e-02,7.608068782245e-02,7.556543389785e-02,7.505597118574e-02,7.455221413633e-02,7.405407859089e-02,7.356148178361e-02,7.307434230571e-02,7.259258009076e-02,7.211611640059e-02,7.164487381206e-02,7.117877618740e-02,7.071774865594e-02,7.026171760675e-02,6.981061066001e-02,6.936435664596e-02,6.892288559377e-02,6.848612870977e-02,6.805401835336e-02,6.762648802258e-02,6.720347233889e-02,6.678490702045e-02,6.637072886508e-02,6.596087574106e-02,6.555528655807e-02,6.515390124899e-02,6.475666076422e-02,6.436350704217e-02,6.397438299347e-02,6.358923248659e-02,6.320800033466e-02,6.283063227098e-02,6.245707493262e-02,6.208727585285e-02,6.172118343797e-02,6.135874695007e-02,6.099991649744e-02,6.064464301731e-02,6.029287825685e-02,5.994457476186e-02,5.959968586501e-02,5.925816566533e-02,5.891996901525e-02,5.858505151406e-02,5.825336948585e-02,5.792487996590e-02,5.759954069737e-02,5.727731010892e-02,5.695814730342e-02
-2.312445010577e-01,-1.682443666827e-01,-1.155268416576e-01,-7.120008035864e-02,-3.377335669317e-02,-2.060608423836e-03,2.489018909952e-02,4.784940240067e-02,6.744504676557e-02,8.419260567763e-02,9.851787724593e-02,1.107746443390e-01,1.212584599117e-01,1.302174815924e-01,1.378610623638e-01,1.443666026597e-01,1.498850469001e-01,1.545453376192e-01,1.584580259161e-01,1.617182194603e-01,1.644080169720e-01,1.665985032864e-01,1.683513858235e-01,1.697203843266e-01,1.707523600836e-01,1.714882267636e-01,1.719637599711e-01,1.722102118530e-01,1.722548468100e-01,1.721214352888e-01,1.718306578476e-01,1.714005563873e-01,1.708469476755e-01,1.701838573773e-01,1.694238745196e-01,1.685784236476e-01,1.676579860680e-01,1.666721366825e-01,1.656296061971e-01,1.645382988028e-01,1.634052923432e-01,1.622368993134e-01,1.610387313849e-01,1.598157529763e-01,1.585723622338e-01,1.573124610959e-01,1.560395091988e-01,1.547565816126e-01,1.534664136984e-01,1.521714392474e-01,1.508738262751e-01,1.495755053083e-01,1.482781949793e-01,1.469834251657e-01,1.456925559829e-01,1.444067955200e-01,1.431272153864e-01,1.418547643250e-01,1.405902806225e-01,1.393345030346e-01,1.380880807205e-01,1.368515820972e-01,1.356255026153e-01,1.344102721440e-01,1.332062613992e-01,1.320137874360e-01,1.308331193266e-01,1.296644825836e-01,1.285080632748e-01,1.273640123688e-01,1.262324484420e-01,1.251134610527e-01,1.240071139768e-01,1.229134463227e-01,1.218324758203e-01,1.207642005545e-01,1.197085995931e-01,1.186656357857e-01,1.176352563208e-01,1.166173937057e-01,1.156119677748e-01,1.146188862965e-01,1.136380458159e-01,1.126693338091e-01,1.117126295434e-01,1.107678054581e-01,1.098347288445e-01,1.089132630892e-01,1.080032692961e-01,1.071046068870e-01,1.062171352996e-01,1.053407144052e-01,1.044752043001e-01,1.036204672247e-01,1.027763661609e-01,1.019427650416e-01,1.011195297354e-01,1.003065263941e-01,9.950362213206e-02,9.871068505238e-02,9.792758333745e-02,9.715418568492e-02,9.639036166823e-02,9.563598088564e-02,9.489091336968e-02,9.415503001542e-02,9.342820200657e-02,9.271030133771e-02,9.200120087366e-02,9.130077416405e-02,9.060889590391e-02,8.992544180756e-02,8.925028861507e-02,8.858331445879e-02,8.792439865104e-02,8.727342182409e-02,8.663026609241e-02,8.599481493222e-02,8.536695331372e-02,8.474656773879e-02,8.413354619963e-02,8.352777824248e-02,8.292915501038e-02,8.233756918697e-02,8.175291503165e-02,8.117508841070e-02,8.060398674577e-02,8.003950904410e-02,7.948155589132e-02,7.893002941819e-02,7.838483332353e-02,7.784587284414e-02,7.731305473142e-02,7.678628726979e-02,7.626548023037e-02,7.575054486175e-02,7.524139388967e-02,7.473794147538e-02,7.424010321051e-02,7.374779610130e-02,7.326093853618e-02,7.277945027381e-02,7.230325243180e-02,7.183226745031e-02,7.136641907782e-02,7.090563236081e-02,7.044983360725e-02,6.999895037696e-02,6.955291146207e-02,6.911164685610e-02,6.867508774780e-02,6.824316649374e-02,6.781581659248e-02,6.739297268195e-02,6.697457050411e-02,6.656054688871e-02,6.615083974457e-02,6.574538802645e-02,6.534413172434e-02,6.494701184745e-02,6.455397039729e-02,6.416495035472e-02,6.377989566849e-02,6.339875122638e-02,6.302146284209e-02,6.264797724566e-02,6.227824205502e-02,6.191220576741e-02,6.154981774395e-02,6.119102818560e-02,6.083578812825e-02,6.048404942176e-02,6.013576471019e-02,5.979088743036e-02,5.944937178492e-02,5.911117273050e-02,5.877624597185e-02,5.844454793688e-02,5.811603576941e-02,5.779066731788e-02,5.746840111531e-02
-2.152225524530e-01,-1.537534279704e-01,-1.023481309113e-01,-5.915401521658e-02,-2.271127209599e-02,8.141530443117e-03,3.433661413875e-02,5.662828789352e-02,7.563144532645e-02,9.185076736025e-02,1.057031000689e-01,1.175347610436e-01,1.276350371734e-01,1.362468042347e-01,1.435749321879e-01,1.497930003335e-01,1.550486847335e-01,1.594681100303e-01,1.631593999748e-01,1.662155511108e-01,1.687168256313e-01,1.707327057552e-01,1.723234938548e-01,1.735416847887e-01,1.744330539295e-01,1.750375816855e-01,1.753902347677e-01,1.755215480822e-01,1.754582054216e-01,1.752234434109e-01,1.748374936407e-01,1.743179721997e-01,1.736802862695e-01,1.729380242230e-01,1.721033478501e-01,1.711872616913e-01,1.701998287568e-01,1.691502920354e-01,1.680470709177e-01,1.668978405550e-01,1.657094826151e-01,1.644881450146e-01,1.632393001369e-01,1.619677827241e-01,1.606778752360e-01,1.593733666803e-01,1.580576108743e-01,1.567335845895e-01,1.554039274512e-01,1.540709855837e-01,1.527368432612e-01,1.514033526926e-01,1.500721598760e-01,1.487447258305e-01,1.474223469253e-01,1.461061713966e-01,1.447972148364e-01,1.434963736339e-01,1.422044369998e-01,1.409220977164e-01,1.396499618008e-01,1.383885571891e-01,1.371383412913e-01,1.358997082698e-01,1.346729950862e-01,1.334584871841e-01,1.322564238629e-01,1.310670022567e-01,1.298903822530e-01,1.287266894587e-01,1.275760189758e-01,1.264384384451e-01,1.253139900181e-01,1.242026939245e-01,1.231045490501e-01,1.220195360448e-01,1.209476183319e-01,1.198887431993e-01,1.188428443227e-01,1.178098408860e-01,1.167896405648e-01,1.157821397861e-01,1.147872241616e-01,1.138047708800e-01,1.128346489589e-01,1.118767209106e-01,1.109308440260e-01,1.099968717651e-01,1.090746548734e-01,1.081640429490e-01,1.072648852186e-01,1.063770311829e-01,1.055003320946e-01,1.046346398245e-01,1.037798089253e-01,1.029356950574e-01,1.021021556599e-01,1.012790500897e-01,1.004662381262e-01,9.966358183400e-02,9.887094348086e-02,9.808818619575e-02,9.731517450491e-02,9.655177303594e-02,9.579784746098e-02,9.505326421992e-02,9.431789028854e-02,9.359159391790e-02,9.287424391562e-02,9.216571036538e-02,9.146586434294e-02,9.077457805375e-02,9.009172509755e-02,8.941718020255e-02,8.875081965078e-02,8.809252104875e-02,8.744216350936e-02,8.679962770716e-02,8.616479578458e-02,8.553755157633e-02,8.491778045084e-02,8.430536940350e-02,8.370020711468e-02,8.310218385748e-02,8.251119157752e-02,8.192712386955e-02,8.134987595235e-02,8.077934471787e-02,8.021542865872e-02,7.965802791142e-02,7.910704421411e-02,7.856238089673e-02,7.802394288616e-02,7.749163665485e-02,7.696537024354e-02,7.644505321102e-02,7.593059663040e-02,7.542191307346e-02,7.491891656990e-02,7.442152261963e-02,7.392964814126e-02,7.344321146288e-02,7.296213231300e-02,7.248633177596e-02,7.201573228822e-02,7.155025761193e-02,7.108983280550e-02,7.063438422057e-02,7.018383945830e-02,6.973812736747e-02,6.929717801208e-02,6.886092265107e-02,6.842929372741e-02,6.800222483022e-02,6.757965069464e-02,6.716150716507e-02,6.674773118302e-02,6.633826077028e-02,6.593303499653e-02,6.553199398084e-02,6.513507885328e-02,6.474223174359e-02,6.435339577146e-02,6.396851501251e-02,6.358753449274e-02,6.321040016776e-02,6.283705889964e-02,6.246745845363e-02,6.210154746491e-02,6.173927543673e-02,6.138059271586e-02,6.102545047724e-02,6.067380071616e-02,6.032559621955e-02,5.998079056687e-02,5.963933810240e-02,5.930119392692e-02,5.896631388583e-02,5.863465454495e-02,5.830617319336e-02,5.798082781447e-02
-2.003332940813e-01,-1.402726926577e-01,-9.007467173159e-02,-4.792267270855e-02,-1.238534457884e-02,1.767607790410e-02,4.317559489754e-02,6.485274363924e-02,8.331034756115e-02,9.904315382064e-02,1.124597774964e-01,1.238996712547e-01,1.336463663257e-01,1.419378790090e-01,1.489749646085e-01,1.549276896474e-01,1.599407273463e-01,1.641376171107e-01,1.676242473557e-01,1.704916811262e-01,1.728184921333e-01,1.746726905091e-01,1.761132877044e-01,1.771916527022e-01,1.779525619024e-01,1.784351450418e-01,1.786735994306e-01,1.786978334557e-01,1.785339663065e-01,1.782047688373e-01,1.777300633811e-01,1.771270872111e-01,1.764108803780e-01,1.755946694760e-01,1.746902046809e-01,1.737081190184e-01,1.726580823457e-01,1.715490050432e-01,1.703890258200e-01,1.691855772472e-01,1.679453594435e-01,1.666743653163e-01,1.653779401193e-01,1.640608011269e-01,1.627271285852e-01,1.613806091683e-01,1.600245054272e-01,1.586617024185e-01,1.572947560181e-01,1.559259316297e-01,1.545572376845e-01,1.531904556869e-01,1.518271643114e-01,1.504687625134e-01,1.491164876495e-01,1.477714333335e-01,1.464345636579e-01,1.451067269266e-01,1.437886672157e-01,1.424810350197e-01,1.411843966414e-01,1.398992427288e-01,1.386259956404e-01,1.373650166111e-01,1.361166114752e-01,1.348810365954e-01,1.336585034682e-01,1.324491834839e-01,1.312532117968e-01,1.300706909378e-01,1.289016942955e-01,1.277462685274e-01,1.266044369823e-01,1.254762008028e-01,1.243615425994e-01,1.232604262206e-01,1.221728005002e-01,1.210985985687e-01,1.200377408440e-01,1.189901346878e-01,1.179556762885e-01,1.169342516148e-01,1.159257362373e-01,1.149299980382e-01,1.139468966883e-01,1.129762858832e-01,1.120180139031e-01,1.110719251984e-01,1.101378615112e-01,1.092156631956e-01,1.083051700542e-01,1.074062227945e-01,1.065186627953e-01,1.056423340620e-01,1.047770815043e-01,1.039227535379e-01,1.030791994203e-01,1.022462715474e-01,1.014238232520e-01,1.006117101496e-01,9.980978899669e-02,9.901791754578e-02,9.823595549957e-02,9.746376271583e-02,9.670120077880e-02,9.594813175333e-02,9.520441904891e-02,9.446992692315e-02,9.374452080064e-02,9.302806727610e-02,9.232043406984e-02,9.162149033151e-02,9.093110637283e-02,9.024915412875e-02,8.957550676854e-02,8.891003920670e-02,8.825262772431e-02,8.760315034849e-02,8.696148663226e-02,8.632751785499e-02,8.570112694182e-02,8.508219848886e-02,8.447061886202e-02,8.386627606142e-02,8.326905985656e-02,8.267886168574e-02,8.209557471964e-02,8.151909381186e-02,8.094931551078e-02,8.038613804371e-02,7.982946129340e-02,7.927918680478e-02,7.873521773675e-02,7.819745888461e-02,7.766581661418e-02,7.714019889393e-02,7.662051522449e-02,7.610667666100e-02,7.559859575754e-02,7.509618657085e-02,7.459936462304e-02,7.410804687891e-02,7.362215174301e-02,7.314159900630e-02,7.266630985395e-02,7.219620681846e-02,7.173121377508e-02,7.127125590749e-02,7.081625969173e-02,7.036615287324e-02,6.992086444047e-02,6.948032461244e-02,6.904446480306e-02,6.861321761842e-02,6.818651681259e-02,6.776429729313e-02,6.734649507384e-02,6.693304727821e-02,6.652389209977e-02,6.611896879740e-02,6.571821766663e-02,6.532158001974e-02,6.492899818006e-02,6.454041544253e-02,6.415577607619e-02,6.377502528923e-02,6.339810922403e-02,6.302497493120e-02,6.265557035704e-02,6.228984432620e-02,6.192774652186e-02,6.156922747670e-02,6.121423854617e-02,6.086273190732e-02,6.051466052555e-02,6.016997816024e-02,5.982863932901e-02,5.949059931210e-02,5.915581412263e-02,5.882424050466e-02,5.849583591222e-02
-1.864971483032e-01,-1.277311225843e-01,-7.864273444335e-02,-3.744862023550e-02,-2.743600541799e-03,2.659024809797e-02,5.145017489719e-02,7.256214011730e-02,9.051787542814e-02,1.058030017934e-01,1.188185724021e-01,1.298977373356e-01,1.393187395104e-01,1.473151388590e-01,1.540839076122e-01,1.597918950004e-01,1.645810129043e-01,1.685724331193e-01,1.718699918874e-01,1.745629787317e-01,1.767284184757e-01,1.784329707177e-01,1.797344630914e-01,1.806832286905e-01,1.813231303681e-01,1.816925094827e-01,1.818248638892e-01,1.817495199326e-01,1.814920765684e-01,1.810748894057e-01,1.805173974826e-01,1.798365150691e-01,1.790469610000e-01,1.781616274679e-01,1.771919371585e-01,1.761481407916e-01,1.750395810740e-01,1.738748207048e-01,1.726617361478e-01,1.714075199825e-01,1.701186970934e-01,1.688011125113e-01,1.674599940532e-01,1.660999533950e-01,1.647250792664e-01,1.633389683680e-01,1.619448016783e-01,1.605453828608e-01,1.591431930840e-01,1.577404243033e-01,1.563390174076e-01,1.549406885566e-01,1.535469562384e-01,1.521591618380e-01,1.507784895133e-01,1.494059823854e-01,1.480425576140e-01,1.466890192692e-01,1.453460700436e-01,1.440143215603e-01,1.426943036191e-01,1.413864725612e-01,1.400912184920e-01,1.388088722917e-01,1.375397111635e-01,1.362839645722e-01,1.350418184850e-01,1.338134204354e-01,1.325988827142e-01,1.313982867124e-01,1.302116852628e-01,1.290391063626e-01,1.278805548350e-01,1.267360154816e-01,1.256054542209e-01,1.244888206848e-01,1.233860489936e-01,1.222970597951e-01,1.212217608531e-01,1.201600485526e-01,1.191118083697e-01,1.180769165947e-01,1.170552395697e-01,1.160466366483e-01,1.150509590660e-01,1.140680526110e-01,1.130977574511e-01,1.121399100853e-01,1.111943441505e-01,1.102608915722e-01,1.093393840324e-01,1.084296533013e-01,1.075315328930e-01,1.066448576974e-01,1.057694654086e-01,1.049051957254e-01,1.040518913358e-01,1.032093970171e-01,1.023775601565e-01,1.015562300263e-01,1.007452580514e-01,9.994449675934e-02,9.915380118233e-02,9.837302664905e-02,9.760203076524e-02,9.684067153453e-02,9.608880889175e-02,9.534630339364e-02,9.461301734145e-02,9.388881391160e-02,9.317355794915e-02,9.246711541663e-02,9.176935393454e-02,9.108014244918e-02,9.039935158556e-02,8.972685345980e-02,8.906252189709e-02,8.840623233586e-02,8.775786195118e-02,8.711728961488e-02,8.648439596493e-02,8.585906334036e-02,8.524117593017e-02,8.463061959697e-02,8.402728205416e-02,8.343105271209e-02,8.284182279915e-02,8.225948524681e-02,8.168393476803e-02,8.111506776931e-02,8.055278239859e-02,7.999697847628e-02,7.944755752124e-02,7.890442269535e-02,7.836747881359e-02,7.783663229861e-02,7.731179117904e-02,7.679286505165e-02,7.627976507096e-02,7.577240391735e-02,7.527069578199e-02,7.477455632905e-02,7.428390269919e-02,7.379865344959e-02,7.331872856815e-02,7.284404941482e-02,7.237453873024e-02,7.191012058307e-02,7.145072037348e-02,7.099626478588e-02,7.054668178800e-02,7.010190058857e-02,6.966185163252e-02,6.922646656328e-02,6.879567821459e-02,6.836942057706e-02,6.794762878700e-02,6.753023909698e-02,6.711718886192e-02,6.670841651353e-02,6.630386154518e-02,6.590346448288e-02,6.550716688349e-02,6.511491129150e-02,6.472664124566e-02,6.434230123639e-02,6.396183671008e-02,6.358519403036e-02,6.321232047990e-02,6.284316422545e-02,6.247767431714e-02,6.211580065718e-02,6.175749399686e-02,6.140270590872e-02,6.105138878133e-02,6.070349579480e-02,6.035898091352e-02,6.001779886481e-02,5.967990512971e-02,5.934525592471e-02,5.901380819169e-02
-1.736423804696e-01,-1.160646808676e-01,-6.799487001028e-02,-2.768008471590e-02,6.260812775389e-03,3.492660424095e-02,5.919915847703e-02,7.979197139054e-02,9.728659576726e-02,1.121602770663e-01,1.248071332123e-01,1.355545314195e-01,1.446758678925e-01,1.524006140718e-01,1.589222778152e-01,1.644047568844e-01,1.689874352551e-01,1.727893148787e-01,1.759123523028e-01,1.784442125708e-01,1.804605019292e-01,1.820266429008e-01,1.831993807520e-01,1.840280924998e-01,1.845558154543e-01,1.848201479179e-01,1.848539720745e-01,1.846860445003e-01,1.843415278740e-01,1.838423573119e-01,1.832076616741e-01,1.824540463515e-01,1.815959590415e-01,1.806460095385e-01,1.796153166124e-01,1.785138079844e-01,1.773505081915e-01,1.761336540988e-01,1.748708677039e-01,1.735691040961e-01,1.722347168636e-01,1.708734079631e-01,1.694902942389e-01,1.680898953258e-01,1.666762133986e-01,1.652527714771e-01,1.638226734505e-01,1.623886558856e-01,1.609531293541e-01,1.595182235391e-01,1.580858160591e-01,1.566575658282e-01,1.552349356107e-01,1.538192151575e-01,1.524115397161e-01,1.510129065308e-01,1.496241897766e-01,1.482461530234e-01,1.468794610788e-01,1.455246898927e-01,1.441823357715e-01,1.428528235405e-01,1.415365136828e-01,1.402337091015e-01,1.389446607698e-01,1.376695731874e-01,1.364086090933e-01,1.351618936045e-01,1.339295184800e-01,1.327115448941e-01,1.315080074762e-01,1.303189161015e-01,1.291442592882e-01,1.279840058340e-01,1.268381069595e-01,1.257064984016e-01,1.245891009962e-01,1.234858236061e-01,1.223965621655e-01,1.213212028292e-01,1.202596210742e-01,1.192116842032e-01,1.181772501167e-01,1.171561701055e-01,1.161482880901e-01,1.151534423613e-01,1.141714661899e-01,1.132021887996e-01,1.122454366289e-01,1.113010343580e-01,1.103688057972e-01,1.094485754027e-01,1.085401685014e-01,1.076434125071e-01,1.067581372957e-01,1.058841750802e-01,1.050213616971e-01,1.041695346934e-01,1.033285356829e-01,1.024982077089e-01,1.016783970010e-01,1.008689509776e-01,1.000697200485e-01,9.928055540934e-02,9.850131045580e-02,9.773183979717e-02,9.697199949852e-02,9.622164723748e-02,9.548064172114e-02,9.474884355247e-02,9.402611432227e-02,9.331231748975e-02,9.260731779833e-02,9.191098168150e-02,9.122317718888e-02,9.054377395494e-02,8.987264345122e-02,8.920965870029e-02,8.855469467111e-02,8.790762796706e-02,8.726833708693e-02,8.663670224646e-02,8.601260558210e-02,8.539593096402e-02,8.478656413652e-02,8.418439263600e-02,8.358930581041e-02,8.300119482459e-02,8.241995260046e-02,8.184547387348e-02,8.127765509775e-02,8.071639450059e-02,8.016159200859e-02,7.961314925974e-02,7.907096957200e-02,7.853495791287e-02,7.800502090113e-02,7.748106674585e-02,7.696300526873e-02,7.645074783640e-02,7.594420737032e-02,7.544329829242e-02,7.494793653442e-02,7.445803947870e-02,7.397352596071e-02,7.349431622864e-02,7.302033192427e-02,7.255149606354e-02,7.208773299835e-02,7.162896841460e-02,7.117512928277e-02,7.072614385960e-02,7.028194164485e-02,6.984245337081e-02,6.940761097593e-02,6.897734757819e-02,6.855159746542e-02,6.813029605405e-02,6.771337989258e-02,6.730078661640e-02,6.689245494674e-02,6.648832465227e-02,6.608833655035e-02,6.569243246530e-02,6.530055522664e-02,6.491264863962e-02,6.452865747004e-02,6.414852742948e-02,6.377220514709e-02,6.339963816795e-02,6.303077491680e-02,6.266556469965e-02,6.230395767209e-02,6.194590483224e-02,6.159135800186e-02,6.124026980725e-02,6.089259367333e-02,6.054828379322e-02,6.020729513284e-02,5.986958339736e-02,5.953510503243e-02
-1.617042342925e-01,-1.052155602013e-01,-5.807921791824e-02,-1.857032897052e-02,1.467019132459e-02,4.272357087578e-02,6.645757734000e-02,8.657428249525e-02,1.036459107755e-01,1.181420364159e-01,1.304504233776e-01,1.408931460544e-01,1.497391621688e-01,1.572142018639e-01,1.635086045678e-01,1.687835650201e-01,1.731761596870e-01,1.768034003448e-01,1.797655300293e-01,1.821487270024e-01,1.840273007986e-01,1.854655430091e-01,1.865192092553e-01,1.872368019652e-01,1.876606029370e-01,1.878275320657e-01,1.877698996771e-01,1.875159591111e-01,1.870904344022e-01,1.865149264142e-01,1.858082385400e-01,1.849867340563e-01,1.840646131498e-01,1.830542473588e-01,1.819664857373e-01,1.808109876465e-01,1.795964589428e-01,1.783308659014e-01,1.770215539695e-01,1.756752533011e-01,1.742981483655e-01,1.728958007020e-01,1.714732216225e-01,1.700348471536e-01,1.685846011787e-01,1.671259431513e-01,1.656619100501e-01,1.641951780262e-01,1.627280990776e-01,1.612627434802e-01,1.598009358109e-01,1.583442813096e-01,1.568941936128e-01,1.554519154473e-01,1.540185374439e-01,1.525950154728e-01,1.511821842281e-01,1.497807704999e-01,1.483914043588e-01,1.470146291335e-01,1.456509104662e-01,1.443006442862e-01,1.429641639022e-01,1.416417465392e-01,1.403336190629e-01,1.390399630623e-01,1.377609198106e-01,1.364965940452e-01,1.352470580787e-01,1.340123552187e-01,1.327925023884e-01,1.315874935703e-01,1.303973016040e-01,1.292218806467e-01,1.280611685908e-01,1.269150876073e-01,1.257835469860e-01,1.246664436556e-01,1.235636632467e-01,1.224750821182e-01,1.214005664044e-01,1.203399750385e-01,1.192931581106e-01,1.182599594443e-01,1.172402163683e-01,1.162337603350e-01,1.152404184793e-01,1.142600135781e-01,1.132923657167e-01,1.123372929841e-01,1.113946126577e-01,1.104641419749e-01,1.095456993702e-01,1.086391051652e-01,1.077441815636e-01,1.068607544723e-01,1.059886521672e-01,1.051277063312e-01,1.042777520737e-01,1.034386266182e-01,1.026101711068e-01,1.017922279374e-01,1.009846429848e-01,1.001872634438e-01,9.939993857972e-02,9.862251973730e-02,9.785485937684e-02,9.709681213050e-02,9.634823391901e-02,9.560898213711e-02,9.487891607090e-02,9.415789626134e-02,9.344578509313e-02,9.274244657015e-02,9.204774623329e-02,9.136155159697e-02,9.068373174493e-02,9.001415761497e-02,8.935270199553e-02,8.869923939742e-02,8.805364632193e-02,8.741580098755e-02,8.678558360183e-02,8.616287616338e-02,8.554756255508e-02,8.493952854820e-02,8.433866172138e-02,8.374485154481e-02,8.315798929611e-02,8.257796806147e-02,8.200468275346e-02,8.143803003630e-02,8.087790835424e-02,8.032421788841e-02,7.977686052180e-02,7.923573985693e-02,7.870076114763e-02,7.817183130123e-02,7.764885885247e-02,7.713175391836e-02,7.662042820810e-02,7.611479495599e-02,7.561476893767e-02,7.512026641171e-02,7.463120510972e-02,7.414750421448e-02,7.366908431774e-02,7.319586741783e-02,7.272777687761e-02,7.226473740270e-02,7.180667502888e-02,7.135351707941e-02,7.090519215778e-02,7.046163011688e-02,7.002276202943e-02,6.958852018331e-02,6.915883803890e-02,6.873365021889e-02,6.831289248644e-02,6.789650171226e-02,6.748441587338e-02,6.707657400802e-02,6.667291622012e-02,6.627338363910e-02,6.587791840950e-02,6.548646367427e-02,6.509896354400e-02,6.471536309392e-02,6.433560833348e-02,6.395964619026e-02,6.358742450089e-02,6.321889198003e-02,6.285399821566e-02,6.249269364697e-02,6.213492954305e-02,6.178065800083e-02,6.142983191392e-02,6.108240496642e-02,6.073833161787e-02,6.039756707950e-02,6.006006731542e-02
-1.506241786429e-01,-9.513151060604e-02,-4.884890315695e-02,-1.007710847654e-02,2.252276594304e-02,5.001588018919e-02,7.325709788496e-02,9.293804028856e-02,1.096224007651e-01,1.237727389197e-01,1.357710131087e-01,1.459344594005e-01,1.545279818727e-01,1.617738956877e-01,1.678596433697e-01,1.729439567862e-01,1.771618043361e-01,1.806283830697e-01,1.834423735315e-01,1.856885956797e-01,1.874401788212e-01,1.887603823924e-01,1.897040593545e-01,1.903189140708e-01,1.906465386012e-01,1.907232400833e-01,1.905807837396e-01,1.902469872348e-01,1.897461697650e-01,1.890995991728e-01,1.883258291982e-01,1.874409736168e-01,1.864590344058e-01,1.853921757054e-01,1.842510310995e-01,1.830450065183e-01,1.817825348223e-01,1.804713237979e-01,1.791184516430e-01,1.777304357648e-01,1.763132830660e-01,1.748724185735e-01,1.734127513394e-01,1.719386404687e-01,1.704539382879e-01,1.689620485575e-01,1.674659551034e-01,1.659682763792e-01,1.644713155342e-01,1.629770926425e-01,1.614873819707e-01,1.600037436198e-01,1.585275461801e-01,1.570599897222e-01,1.556021254431e-01,1.541548710464e-01,1.527190255969e-01,1.512952824233e-01,1.498842399152e-01,1.484864116525e-01,1.471022352615e-01,1.457320802491e-01,1.443762550535e-01,1.430350133863e-01,1.417085600028e-01,1.403970555536e-01,1.391006213884e-01,1.378193437563e-01,1.365532771121e-01,1.353024478575e-01,1.340668574002e-01,1.328464842815e-01,1.316412871928e-01,1.304512071545e-01,1.292761687039e-01,1.281160824140e-01,1.269708463402e-01,1.258403464585e-01,1.247244588280e-01,1.236230504071e-01,1.225359788463e-01,1.214630951845e-01,1.204042422623e-01,1.193592569612e-01,1.183279706394e-01,1.173102086276e-01,1.163057921640e-01,1.153145388094e-01,1.143362627625e-01,1.133707764736e-01,1.124178911935e-01,1.114774181508e-01,1.105491693919e-01,1.096329583186e-01,1.087286011846e-01,1.078359168078e-01,1.069547268894e-01,1.060848572621e-01,1.052261366755e-01,1.043783969391e-01,1.035414739138e-01,1.027152051418e-01,1.018994320202e-01,1.010939978415e-01,1.002987477856e-01,9.951352988800e-02,9.873819365485e-02,9.797259018898e-02,9.721657291974e-02,9.646999664693e-02,9.573271773374e-02,9.500459463051e-02,9.428548725529e-02,9.357525718405e-02,9.287376800573e-02,9.218088492910e-02,9.149647493643e-02,9.082040701066e-02,9.015255188337e-02,8.949278214449e-02,8.884097239523e-02,8.819699898878e-02,8.756074032127e-02,8.693207663561e-02,8.631089005430e-02,8.569706467577e-02,8.509048645135e-02,8.449104319802e-02,8.389862465145e-02,8.331312237269e-02,8.273442974792e-02,8.216244201410e-02,8.159705618422e-02,8.103817103832e-02,8.048568713217e-02,7.993950673417e-02,7.939953381117e-02,7.886567402634e-02,7.833783468407e-02,7.781592471257e-02,7.729985465773e-02,7.678953661923e-02,7.628488426612e-02,7.578581278117e-02,7.529223883759e-02,7.480408059363e-02,7.432125764466e-02,7.384369099997e-02,7.337130307480e-02,7.290401764583e-02,7.244175982887e-02,7.198445606916e-02,7.153203409987e-02,7.108442292088e-02,7.064155278801e-02,7.020335517421e-02,6.976976274954e-02,6.934070936979e-02,6.891613004006e-02,6.849596089610e-02,6.808013919402e-02,6.766860326760e-02,6.726129253161e-02,6.685814744413e-02,6.645910948733e-02,6.606412116138e-02,6.567312595064e-02,6.528606830591e-02,6.490289363797e-02,6.452354828588e-02,6.414797950059e-02,6.377613543830e-02,6.340796513069e-02,6.304341846986e-02,6.268244620159e-02,6.232499989732e-02,6.197103194048e-02,6.162049551950e-02,6.127334460169e-02,6.092953392060e-02,6.058901897028e-02
-1.403492497723e-01,-8.576525235043e-02,-4.026150968095e-02,-2.162196907372e-03,2.985313147013e-02,5.683496157318e-02,7.962637642728e-02,9.890945905718e-02,1.152401204137e-01,1.290745226817e-01,1.407893297332e-01,1.506973696714e-01,1.590598531752e-01,1.660959824021e-01,1.719905653078e-01,1.769000917712e-01,1.809576082917e-01,1.842766646167e-01,1.869545192445e-01,1.890747556678e-01,1.907094312702e-01,1.919208665394e-01,1.927630935665e-01,1.932830948527e-01,1.935218221145e-01,1.935150368440e-01,1.932940141321e-01,1.928861394195e-01,1.923154014902e-01,1.916027565692e-01,1.907665035556e-01,1.898225705641e-01,1.887847758203e-01,1.876651103732e-01,1.864740262310e-01,1.852207080359e-01,1.839133688557e-01,1.825594559736e-01,1.811657993344e-01,1.797387132833e-01,1.782840212328e-01,1.768070130385e-01,1.753124966825e-01,1.738047562500e-01,1.722875864805e-01,1.707643349158e-01,1.692379415417e-01,1.677109811204e-01,1.661857085192e-01,1.646641027814e-01,1.631478962050e-01,1.616386064033e-01,1.601375627990e-01,1.586459281575e-01,1.571647172877e-01,1.556948137311e-01,1.542369846547e-01,1.527918928014e-01,1.513601078597e-01,1.499421163942e-01,1.485383305039e-01,1.471490956138e-01,1.457746974681e-01,1.444153683366e-01,1.430712926625e-01,1.417426120282e-01,1.404294296289e-01,1.391318144129e-01,1.378498048461e-01,1.365834118007e-01,1.353326218753e-01,1.340974000572e-01,1.328776918996e-01,1.316734256310e-01,1.304845142761e-01,1.293108575314e-01,1.281523424023e-01,1.270088453331e-01,1.258802332907e-01,1.247663643145e-01,1.236670882754e-01,1.225822487853e-01,1.215116819382e-01,1.204552183232e-01,1.194126833125e-01,1.183838971917e-01,1.173686758369e-01,1.163668316867e-01,1.153781743713e-01,1.144025110657e-01,1.134396479449e-01,1.124893907819e-01,1.115515458773e-01,1.106259210823e-01,1.097123263641e-01,1.088105741066e-01,1.079204805529e-01,1.070418651634e-01,1.061745507607e-01,1.053183640358e-01,1.044731354850e-01,1.036386979136e-01,1.028148882762e-01,1.020015458469e-01,1.011985122906e-01,1.004056318608e-01,9.962275114066e-02,9.884971857484e-02,9.808638433260e-02,9.733260097612e-02,9.658822261638e-02,9.585310508996e-02,9.512710616986e-02,9.441008549239e-02,9.370190443058e-02,9.300242611683e-02,9.231151576886e-02,9.162904036730e-02,9.095486876257e-02,9.028887178414e-02,8.963092222874e-02,8.898089470865e-02,8.833866592061e-02,8.770411444541e-02,8.707712079373e-02,8.645756743905e-02,8.584533879696e-02,8.524032118468e-02,8.464240280590e-02,8.405147379750e-02,8.346742614259e-02,8.289015366767e-02,8.231955203984e-02,8.175551873805e-02,8.119795301675e-02,8.064675588022e-02,8.010183008836e-02,7.956308009740e-02,7.903041204110e-02,7.850373371517e-02,7.798295454948e-02,7.746798555855e-02,7.695873935152e-02,7.645513007730e-02,7.595707340310e-02,7.546448649474e-02,7.497728798908e-02,7.449539796157e-02,7.401873789819e-02,7.354723068604e-02,7.308080057070e-02,7.261937313414e-02,7.216287527552e-02,7.171123518547e-02,7.126438231709e-02,7.082224736044e-02,7.038476223231e-02,6.995186003917e-02,6.952347505660e-02,6.909954271224e-02,6.867999956386e-02,6.826478326482e-02,6.785383256341e-02,6.744708726630e-02,6.704448822059e-02,6.664597729801e-02,6.625149737478e-02,6.586099230815e-02,6.547440691571e-02,6.509168696824e-02,6.471277915962e-02,6.433763109083e-02,6.396619125658e-02,6.359840902737e-02,6.323423462898e-02,6.287361912464e-02,6.251651440896e-02,6.216287318144e-02,6.181264893252e-02,6.146579593251e-02,6.112226921674e-02
-1.308314755062e-01,-7.707396203597e-02,-3.227861947041e-02,5.209029021300e-03,3.669262247822e-02,6.320928313940e-02,8.559136950368e-02,1.045122850096e-01,1.205208605562e-01,1.340674418193e-01,1.455238809593e-01,1.551989998977e-01,1.633506545911e-01,1.701952226690e-01,1.759151208551e-01,1.806648016675e-01,1.845755724455e-01,1.877594881144e-01,1.903125177661e-01,1.923171248442e-01,1.938443953378e-01,1.949557990174e-01,1.957046241825e-01,1.961371993535e-01,1.962938963445e-01,1.962099769720e-01,1.959162768987e-01,1.954397982798e-01,1.948041928367e-01,1.940301645680e-01,1.931357898550e-01,1.921368069457e-01,1.910468864114e-01,1.898778816323e-01,1.886400873418e-01,1.873425200590e-01,1.859931835149e-01,1.845992971665e-01,1.831674593316e-01,1.817037845288e-01,1.802139132325e-01,1.787029985493e-01,1.771757466764e-01,1.756363687430e-01,1.740886070313e-01,1.725357602899e-01,1.709807298885e-01,1.694260539379e-01,1.678739514537e-01,1.663263620414e-01,1.647849821877e-01,1.632512945701e-01,1.617265935958e-01,1.602120082170e-01,1.587085212555e-01,1.572169861437e-01,1.557381408442e-01,1.542726207009e-01,1.528209694786e-01,1.513836493050e-01,1.499610491210e-01,1.485534924862e-01,1.471612445110e-01,1.457845179511e-01,1.444234787547e-01,1.430782510644e-01,1.417489215496e-01,1.404355434667e-01,1.391381402697e-01,1.378567089042e-01,1.365912225972e-01,1.353416334581e-01,1.341078749515e-01,1.328898640127e-01,1.316875029144e-01,1.305006806490e-01,1.293292747837e-01,1.281731526465e-01,1.270321726942e-01,1.259061847083e-01,1.247950312817e-01,1.236985490816e-01,1.226165679120e-01,1.215489125217e-01,1.204954027315e-01,1.194558541201e-01,1.184300778946e-01,1.174178819582e-01,1.164190714747e-01,1.154334495204e-01,1.144608176714e-01,1.135009769960e-01,1.125537289387e-01,1.116188760392e-01,1.106962226756e-01,1.097855760730e-01,1.088867465047e-01,1.079995477359e-01,1.071237969696e-01,1.062593158561e-01,1.054059296523e-01,1.045634664897e-01,1.037317589043e-01,1.029106421625e-01,1.020999544385e-01,1.012995363643e-01,1.005092314530e-01,9.972888539683e-02,9.895834597412e-02,9.819746291503e-02,9.744608807878e-02,9.670407531436e-02,9.597128027853e-02,9.524756049007e-02,9.453277537181e-02,9.382678637725e-02,9.312945678294e-02,9.244065179432e-02,9.176023851390e-02,9.108808613347e-02,9.042406575801e-02,8.976805037152e-02,8.911991507835e-02,8.847953689908e-02,8.784679483237e-02,8.722156982824e-02,8.660374483934e-02,8.599320475564e-02,8.538983639665e-02,8.479352849290e-02,8.420417168895e-02,8.362165851505e-02,8.304588335214e-02,8.247674241425e-02,8.191413372778e-02,8.135795711827e-02,8.080811416429e-02,8.026450817940e-02,7.972704417982e-02,7.919562887810e-02,7.867017063585e-02,7.815057942835e-02,7.763676684894e-02,7.712864605481e-02,7.662613174776e-02,7.612914014282e-02,7.563758895240e-02,7.515139735019e-02,7.467048594514e-02,7.419477675383e-02,7.372419317973e-02,7.325865998620e-02,7.279810326697e-02,7.234245042205e-02,7.189163013385e-02,7.144557234759e-02,7.100420823977e-02,7.056747019724e-02,7.013529179110e-02,6.970760776387e-02,6.928435399790e-02,6.886546748807e-02,6.845088633747e-02,6.804054972174e-02,6.763439787244e-02,6.723237205392e-02,6.683441455031e-02,6.644046864014e-02,6.605047857726e-02,6.566438957088e-02,6.528214777069e-02,6.490370024787e-02,6.452899497436e-02,6.415798080592e-02,6.379060746557e-02,6.342682553044e-02,6.306658640967e-02,6.270984233016e-02,6.235654631862e-02,6.200665219376e-02,6.166011454411e-02
-1.220273700592e-01,-6.901882171627e-02,-2.486540813196e-02,1.206795403142e-02,4.306964287762e-02,6.916465096960e-02,9.117560730582e-02,1.097680446370e-01,1.254843768131e-01,1.387696793513e-01,1.499914469092e-01,1.594548758410e-01,1.674147874083e-01,1.740850039125e-01,1.796457793865e-01,1.842497277773e-01,1.880265845258e-01,1.910870559965e-01,1.935259440625e-01,1.954247048920e-01,1.968535469745e-01,1.978731726570e-01,1.985361992519e-01,1.988883651670e-01,1.989695231547e-01,1.988144722914e-01,1.984536570462e-01,1.979137356136e-01,1.972180628680e-01,1.963870919640e-01,1.954387019266e-01,1.943884794548e-01,1.932499664785e-01,1.920348934436e-01,1.907534378367e-01,1.894144746456e-01,1.880258333704e-01,1.865945255928e-01,1.851269547126e-01,1.836290231759e-01,1.821061959784e-01,1.805634872840e-01,1.790054991710e-01,1.774363701388e-01,1.758597907637e-01,1.742790229989e-01,1.726969306357e-01,1.711160220442e-01,1.695384870382e-01,1.679662352211e-01,1.664009319595e-01,1.648440288598e-01,1.632967902979e-01,1.617603165112e-01,1.602355620980e-01,1.587233532100e-01,1.572244020297e-01,1.557393193240e-01,1.542686257353e-01,1.528127612659e-01,1.513720940002e-01,1.499469277390e-01,1.485375089174e-01,1.471440326041e-01,1.457666479977e-01,1.444054633173e-01,1.430605502311e-01,1.417319477340e-01,1.404196657080e-01,1.391236881536e-01,1.378439760449e-01,1.365804699416e-01,1.353330923320e-01,1.341017495001e-01,1.328863336309e-01,1.316867243872e-01,1.305027903806e-01,1.293343906560e-01,1.281813753150e-01,1.270435869214e-01,1.259208611307e-01,1.248130281214e-01,1.237199118285e-01,1.226413315577e-01,1.215771021394e-01,1.205270343596e-01,1.194909355130e-01,1.184686094987e-01,1.174598575457e-01,1.164644788826e-01,1.154822713052e-01,1.145130319027e-01,1.135565577756e-01,1.126126469360e-01,1.116810990878e-01,1.107617163051e-01,1.098543036381e-01,1.089586693620e-01,1.080746258880e-01,1.072019894615e-01,1.063405804176e-01,1.054902222899e-01,1.046507432194e-01,1.038219744749e-01,1.030037505674e-01,1.021959090035e-01,1.013982899143e-01,1.006107362111e-01,9.983309319974e-02,9.906520834276e-02,9.830693124570e-02,9.755811354928e-02,9.681860889322e-02,9.608827306728e-02,9.536696371846e-02,9.465454046084e-02,9.395086487821e-02,9.325580047405e-02,9.256921285547e-02,9.189096956828e-02,9.122094017357e-02,9.055899613492e-02,8.990501106656e-02,8.925886052782e-02,8.862042208345e-02,8.798957529720e-02,8.736620170952e-02,8.675018486070e-02,8.614141025367e-02,8.553976532931e-02,8.494513945676e-02,8.435742391007e-02,8.377651184733e-02,8.320229830364e-02,8.263468014234e-02,8.207355603979e-02,8.151882645927e-02,8.097039361826e-02,8.042816147946e-02,7.989203570592e-02,7.936192364066e-02,7.883773426333e-02,7.831937819328e-02,7.780676763620e-02,7.729981636380e-02,7.679843968602e-02,7.630255442079e-02,7.581207887303e-02,7.532693280395e-02,7.484703740213e-02,7.437231525858e-02,7.390269033952e-02,7.343808796050e-02,7.297843476605e-02,7.252365869727e-02,7.207368896970e-02,7.162845604889e-02,7.118789162362e-02,7.075192858997e-02,7.032050102105e-02,6.989354414722e-02,6.947099432559e-02,6.905278903391e-02,6.863886683608e-02,6.822916736465e-02,6.782363129999e-02,6.742220034809e-02,6.702481722463e-02,6.663142563319e-02,6.624197024458e-02,6.585639667900e-02,6.547465148685e-02,6.509668213050e-02,6.472243697042e-02,6.435186524248e-02,6.398491704285e-02,6.362154331124e-02,6.326169581243e-02,6.290532712608e-02,6.255239062571e-02,6.220284046565e-02
-1.138974898693e-01,-6.156462248077e-02,-1.799028935261e-02,1.844304457042e-02,4.900995561012e-02,7.472447226299e-02,9.640043344966e-02,1.146962650574e-01,1.301485899478e-01,1.431977302728e-01,1.542072525158e-01,1.634790861013e-01,1.712653188391e-01,1.777774737561e-01,1.831938598183e-01,1.876654375345e-01,1.913205301883e-01,1.942686298373e-01,1.966034934497e-01,1.984056718446e-01,1.997445860220e-01,2.006802497164e-01,2.012646781744e-01,2.015430801959e-01,2.015548424720e-01,2.013343542661e-01,2.009116966416e-01,2.003132174023e-01,1.995620127476e-01,1.986783139942e-01,1.976798193677e-01,1.965819734663e-01,1.953982069442e-01,1.941401629421e-01,1.928179250007e-01,1.914402548680e-01,1.900148358588e-01,1.885485169605e-01,1.870475060057e-01,1.855175115806e-01,1.839638251938e-01,1.823913198949e-01,1.808044900971e-01,1.792074001801e-01,1.776036903035e-01,1.759965869663e-01,1.743889277173e-01,1.727831950922e-01,1.711815537766e-01,1.695858900223e-01,1.679978446962e-01,1.664188441002e-01,1.648501272396e-01,1.632927688258e-01,1.617476989852e-01,1.602157201570e-01,1.586975217522e-01,1.571936929509e-01,1.557047335589e-01,1.542310638697e-01,1.527730332776e-01,1.513309278354e-01,1.499049771681e-01,1.484953603989e-01,1.471022116009e-01,1.457256246409e-01,1.443656575235e-01,1.430223362934e-01,1.416956585770e-01,1.403855966686e-01,1.390921003861e-01,1.378150996561e-01,1.365545067906e-01,1.353102185452e-01,1.340821179627e-01,1.328700760519e-01,1.316739532601e-01,1.304936005595e-01,1.293288608294e-01,1.281795697561e-01,1.270455565461e-01,1.259266453251e-01,1.248226545530e-01,1.237333984575e-01,1.226586872266e-01,1.215983274064e-01,1.205521222764e-01,1.195198722310e-01,1.185013752717e-01,1.174964272519e-01,1.165048225894e-01,1.155263549367e-01,1.145608178219e-01,1.136080053896e-01,1.126677131536e-01,1.117397386883e-01,1.108238822513e-01,1.099199475585e-01,1.090277419650e-01,1.081470767938e-01,1.072777676166e-01,1.064196334699e-01,1.055724981373e-01,1.047361888983e-01,1.039105365935e-01,1.030953753753e-01,1.022905424593e-01,1.014958778938e-01,1.007112242638e-01,9.993642676522e-02,9.917133291523e-02,9.841579238674e-02,9.766965699129e-02,9.693278062580e-02,9.620501923844e-02,9.548623079097e-02,9.477627526185e-02,9.407501472783e-02,9.338231322989e-02,9.269803683449e-02,9.202205366539e-02,9.135423376888e-02,9.069444936694e-02,9.004257465280e-02,8.939848584843e-02,8.876206119796e-02,8.813318095843e-02,8.751172738789e-02,8.689758472250e-02,8.629063918312e-02,8.569077894143e-02,8.509789409464e-02,8.451187664932e-02,8.393262049798e-02,8.336002139463e-02,8.279397692754e-02,8.223438649391e-02,8.168115128133e-02,8.113417422739e-02,8.059335999716e-02,8.005861495844e-02,7.952984713685e-02,7.900696621750e-02,7.848988349280e-02,7.797851184112e-02,7.747276569850e-02,7.697256103060e-02,7.647781530485e-02,7.598844746092e-02,7.550437788803e-02,7.502552839531e-02,7.455182218376e-02,7.408318382100e-02,7.361953921525e-02,7.316081558971e-02,7.270694145671e-02,7.225784659294e-02,7.181346201847e-02,7.137371996792e-02,7.093855386863e-02,7.050789831914e-02,7.008168905819e-02,6.965986295699e-02,6.924235798580e-02,6.882911319568e-02,6.842006869728e-02,6.801516564010e-02,6.761434619213e-02,6.721755351865e-02,6.682473176567e-02,6.643582603915e-02,6.605078238531e-02,6.566954777288e-02,6.529207007508e-02,6.491829805196e-02,6.454818133254e-02,6.418167039799e-02,6.381871656753e-02,6.345927197864e-02,6.310328957240e-02,6.275072307925e-02
-1.064060423017e-01,-5.467941522881e-02,-1.162460168312e-02,2.436013099581e-02,5.453693808836e-02,7.990998701017e-02,1.012852159360e-01,1.193146669584e-01,1.345297642658e-01,1.473665656971e-01,1.581851160580e-01,1.672844177998e-01,1.749141115640e-01,1.812836628451e-01,1.865696410722e-01,1.909215286711e-01,1.944663865070e-01,1.973126244799e-01,1.995530665476e-01,2.012674558412e-01,2.025245112030e-01,2.033836324925e-01,2.038962982840e-01,2.041072452173e-01,2.040554442952e-01,2.037749189810e-01,2.032954297014e-01,2.026430457617e-01,2.018406216143e-01,2.009081918479e-01,1.998632983056e-01,1.987212634069e-01,1.974954263023e-01,1.961973563615e-01,1.948370641081e-01,1.934232278986e-01,1.919634238323e-01,1.904643559616e-01,1.889320619239e-01,1.873720705635e-01,1.857895040392e-01,1.841890928228e-01,1.825752194282e-01,1.809518710262e-01,1.793226368351e-01,1.776907101288e-01,1.760589052206e-01,1.744296857999e-01,1.728051993620e-01,1.711873131052e-01,1.695776481828e-01,1.679776106808e-01,1.663884187089e-01,1.648111259276e-01,1.632466417518e-01,1.616957481843e-01,1.601591148186e-01,1.586373116443e-01,1.571308201978e-01,1.556400433287e-01,1.541653138189e-01,1.527069018984e-01,1.512650221665e-01,1.498398394641e-01,1.484314742908e-01,1.470400076098e-01,1.456654851545e-01,1.443079212931e-01,1.429673025015e-01,1.416435904842e-01,1.403367249826e-01,1.390466262995e-01,1.377731975854e-01,1.365163268758e-01,1.352758888393e-01,1.340517465096e-01,1.328437527060e-01,1.316517513230e-01,1.304755784650e-01,1.293150634374e-01,1.281700294689e-01,1.270402950547e-01,1.259256735542e-01,1.248259744583e-01,1.237410036293e-01,1.226705636787e-01,1.216144543088e-01,1.205724726417e-01,1.195444135639e-01,1.185300701132e-01,1.175292339267e-01,1.165416957642e-01,1.155672461091e-01,1.146056757998e-01,1.136567767628e-01,1.127203427423e-01,1.117961699486e-01,1.108840576549e-01,1.099838086854e-01,1.090952297737e-01,1.082181319364e-01,1.073523298510e-01,1.064976430092e-01,1.056538947201e-01,1.048209121445e-01,1.039985260584e-01,1.031865706005e-01,1.023848830253e-01,1.015933034742e-01,1.008116747745e-01,1.000398422706e-01,9.927765368742e-02,9.852495900469e-02,9.778161039944e-02,9.704746226039e-02,9.632237102539e-02,9.560619521159e-02,9.489879540204e-02,9.420003423906e-02,9.350977642171e-02,9.282788873716e-02,9.215423991299e-02,9.148870087216e-02,9.083114453342e-02,9.018144586394e-02,8.953948187248e-02,8.890513160005e-02,8.827827610821e-02,8.765879846490e-02,8.704658372815e-02,8.644151892767e-02,8.584349304466e-02,8.525239698818e-02,8.466812357375e-02,8.409056750530e-02,8.351962533834e-02,8.295519545853e-02,8.239717805457e-02,8.184547509061e-02,8.129999027817e-02,8.076062905143e-02,8.022729852175e-02,7.969990747803e-02,7.917836633594e-02,7.866258711550e-02,7.815248341246e-02,7.764797036991e-02,7.714896465003e-02,7.665538440605e-02,7.616714925460e-02,7.568418024822e-02,7.520639984833e-02,7.473373189792e-02,7.426610159562e-02,7.380343547161e-02,7.334566135901e-02,7.289270836985e-02,7.244450687030e-02,7.200098845632e-02,7.156208592964e-02,7.112773327600e-02,7.069786563409e-02,7.027241928628e-02,6.985133162630e-02,6.943454114021e-02,6.902198738490e-02,6.861361096710e-02,6.820935352269e-02,6.780915769654e-02,6.741296712265e-02,6.702072640472e-02,6.663238109713e-02,6.624787768590e-02,6.586716357065e-02,6.549018704816e-02,6.511689729262e-02,6.474724433931e-02,6.438117906777e-02,6.401865318534e-02,6.365961921096e-02,6.330403046079e-02
-9.952054028443e-02,-4.833420244320e-02,-5.742332097906e-03,2.984265662565e-02,5.967180743851e-02,8.474047283376e-02,1.058475337648e-01,1.236393344567e-01,1.386426626713e-01,1.512897760305e-01,1.619375833322e-01,1.708824826491e-01,1.783719387191e-01,1.846135887661e-01,1.897824581023e-01,1.940267180105e-01,1.974723106298e-01,2.002266867519e-01,2.023818442484e-01,2.040168115074e-01,2.051996862951e-01,2.059893256324e-01,2.064367336073e-01,2.065862293666e-01,2.064764162095e-01,2.061409937841e-01,2.056094383702e-01,2.049075721464e-01,2.040580381741e-01,2.030806950276e-01,2.019929436476e-01,2.008099992016e-01,1.995451222483e-01,1.982098254549e-01,1.968140727035e-01,1.953664843509e-01,1.938745541413e-01,1.923448709084e-01,1.907833264056e-01,1.891952857595e-01,1.875857085598e-01,1.859591826371e-01,1.843199743110e-01,1.826719891926e-01,1.810187632871e-01,1.793634571891e-01,1.777088649999e-01,1.760574362417e-01,1.744113060843e-01,1.727723289946e-01,1.711421121114e-01,1.695220461464e-01,1.679133328370e-01,1.663170087789e-01,1.647339658921e-01,1.631649689453e-01,1.616106705973e-01,1.600716243688e-01,1.585482958965e-01,1.570410727588e-01,1.555502731263e-01,1.540761532575e-01,1.526189144381e-01,1.511787088218e-01,1.497556448209e-01,1.483497918827e-01,1.469611847665e-01,1.455898273788e-01,1.442356962168e-01,1.428987434628e-01,1.415788997667e-01,1.402760767475e-01,1.389901692432e-01,1.377210573320e-01,1.364686081446e-01,1.352326774884e-01,1.340131112949e-01,1.328097469071e-01,1.316224142149e-01,1.304509366515e-01,1.292951319281e-01,1.281548133203e-01,1.270297894477e-01,1.259198653901e-01,1.248248429776e-01,1.237445211627e-01,1.226786963402e-01,1.216271626401e-01,1.205897122184e-01,1.195661355707e-01,1.185562218937e-01,1.175597595106e-01,1.165765363717e-01,1.156063406275e-01,1.146489612597e-01,1.137041887458e-01,1.127718157214e-01,1.118516376023e-01,1.109434531296e-01,1.100470648076e-01,1.091622793630e-01,1.082889073007e-01,1.074267639267e-01,1.065756686234e-01,1.057354448725e-01,1.049059200483e-01,1.040869251773e-01,1.032782946860e-01,1.024798661547e-01,1.016914800925e-01,1.009129797382e-01,1.001442108937e-01,9.938502178851e-02,9.863526297370e-02,9.789478724233e-02,9.716344957136e-02,9.644110708137e-02,9.572761900961e-02,9.502284669291e-02,9.432665355723e-02,9.363890514771e-02,9.295946896683e-02,9.228821472718e-02,9.162501416099e-02,9.096974106553e-02,9.032227129576e-02,8.968248275485e-02,8.905025538251e-02,8.842547114112e-02,8.780801399964e-02,8.719776991563e-02,8.659462681534e-02,8.599847457215e-02,8.540920498357e-02,8.482671174697e-02,8.425089043417e-02,8.368163846513e-02,8.311885508093e-02,8.256244131607e-02,8.201229997033e-02,8.146833558434e-02,8.093045439344e-02,8.039856432679e-02,7.987257495835e-02,7.935239748336e-02,7.883794468948e-02,7.832913092807e-02,7.782587208569e-02,7.732808555572e-02,7.683569021041e-02,7.634860637312e-02,7.586675579086e-02,7.539006160732e-02,7.491844833608e-02,7.445184183439e-02,7.399016927716e-02,7.353335913153e-02,7.308134113173e-02,7.263404625440e-02,7.219140669436e-02,7.175335584250e-02,7.131982825491e-02,7.089075964181e-02,7.046608683660e-02,7.004574777593e-02,6.962968147802e-02,6.921782802133e-02,6.881012852372e-02,6.840652512198e-02,6.800696095176e-02,6.761138012788e-02,6.721972772513e-02,6.683194975935e-02,6.644799316894e-02,6.606780579676e-02,6.569133637236e-02,6.531853449464e-02,6.494935061481e-02,6.458373601971e-02,6.422164281551e-02,6.386302391310e-02
-9.321149695664e-02,-4.250266567822e-02,-3.198715889010e-04,3.491189792991e-02,6.443381970225e-02,8.923342579952e-02,1.101033419120e-01,1.276848665947e-01,1.425006857533e-01,1.549796981395e-01,1.654760433871e-01,1.742838220281e-01,1.816485811217e-01,1.877763481861e-01,1.928407900489e-01,1.969889256026e-01,2.003457145643e-01,2.030177661645e-01,2.050963539833e-01,2.066598801662e-01,2.077758986245e-01,2.085027914440e-01,2.088911473588e-01,2.089849201790e-01,2.088223913289e-01,2.084369767930e-01,2.078579036534e-01,2.071107770453e-01,2.062180541354e-01,2.051994387326e-01,2.040722084676e-01,2.028514862261e-01,2.015504686336e-01,2.001806262744e-01,1.987518916256e-01,1.972728493217e-01,1.957509374408e-01,1.941926579510e-01,1.926037823768e-01,1.909895309109e-01,1.893547103236e-01,1.877037670054e-01,1.860408483621e-01,1.843697733641e-01,1.826940209536e-01,1.810167178154e-01,1.793406393266e-01,1.776682244067e-01,1.760016006855e-01,1.743426151584e-01,1.726928661725e-01,1.710537339614e-01,1.694264082748e-01,1.678119126052e-01,1.662111250810e-01,1.646247963668e-01,1.630535649976e-01,1.614979705633e-01,1.599584651082e-01,1.584354230470e-01,1.569291498753e-01,1.554398896641e-01,1.539678320408e-01,1.525131180062e-01,1.510758453137e-01,1.496560732273e-01,1.482538267774e-01,1.468691005736e-01,1.455018622263e-01,1.441520554193e-01,1.428196026708e-01,1.415044078170e-01,1.402063582444e-01,1.389253268958e-01,1.376611740716e-01,1.364137490439e-01,1.351828914989e-01,1.339684328214e-01,1.327701972322e-01,1.315880027894e-01,1.304216621354e-01,1.292709837495e-01,1.281357718462e-01,1.270158274073e-01,1.259109485102e-01,1.248209307001e-01,1.237455673023e-01,1.226846496931e-01,1.216379675518e-01,1.206053091196e-01,1.195864614863e-01,1.185812109301e-01,1.175893433226e-01,1.166106446078e-01,1.156449013497e-01,1.146919013334e-01,1.137514341926e-01,1.128232920298e-01,1.119072699923e-01,1.110031667695e-01,1.101107851233e-01,1.092299316057e-01,1.083604175156e-01,1.075020583917e-01,1.066546740618e-01,1.058180884846e-01,1.049921295364e-01,1.041766287690e-01,1.033714211581e-01,1.025763448608e-01,1.017912409926e-01,1.010159534324e-01,1.002503286576e-01,9.949421560956e-02,9.874746558789e-02,9.800993216952e-02,9.728147114899e-02,9.656194049555e-02,9.585120032323e-02,9.514911287058e-02,9.445554252836e-02,9.377035565683e-02,9.309342084832e-02,9.242460873252e-02,9.176379201840e-02,9.111084548592e-02,9.046564597619e-02,8.982807237969e-02,8.919800562262e-02,8.857532865115e-02,8.795992641375e-02,8.735168584177e-02,8.675049582825e-02,8.615624720530e-02,8.556883272008e-02,8.498814700976e-02,8.441408657534e-02,8.384654975476e-02,8.328543669533e-02,8.273064932560e-02,8.218209133131e-02,8.163966810824e-02,8.110328676158e-02,8.057285605733e-02,8.004828639828e-02,7.952948979490e-02,7.901637983648e-02,7.850887166235e-02,7.800688193333e-02,7.751032880344e-02,7.701913189195e-02,7.653321225565e-02,7.605249236156e-02,7.557689605994e-02,7.510634855772e-02,7.464077639229e-02,7.418010740574e-02,7.372427071946e-02,7.327319670923e-02,7.282681698067e-02,7.238506434698e-02,7.194787279784e-02,7.151517748753e-02,7.108691470442e-02,7.066302185057e-02,7.024343741979e-02,6.982810097608e-02,6.941695313256e-02,6.900993553079e-02,6.860699082044e-02,6.820806263946e-02,6.781309559462e-02,6.742203524239e-02,6.703482807025e-02,6.665142147845e-02,6.627176376198e-02,6.589580409310e-02,6.552349250409e-02,6.515477987042e-02,6.478961789428e-02,6.442795908979e-02
-8.745215526239e-02,-3.716092424427e-02,4.664201250415e-03,3.958715948996e-02,6.884044619162e-02,9.340472054659e-02,1.140671171574e-01,1.314645104493e-01,1.461159939738e-01,1.584475283113e-01,1.688108336552e-01,1.774980055518e-01,1.847529195552e-01,1.907802017679e-01,1.957523376837e-01,1.998153452112e-01,2.030933318888e-01,2.056921775014e-01,2.077025283872e-01,2.092022449133e-01,2.102584108490e-01,2.109289984485e-01,2.112642374253e-01,2.113077661362e-01,2.110975880079e-01,2.106668738594e-01,2.100446351429e-01,2.092562888936e-01,2.083241309207e-01,2.072677306441e-01,2.061042590293e-01,2.048487604253e-01,2.035143797754e-01,2.021125583274e-01,2.006532126222e-01,1.991449114535e-01,1.975950610695e-01,1.960101022719e-01,1.943957125919e-01,1.927569884252e-01,1.910985965543e-01,1.894248445705e-01,1.877397608234e-01,1.860470725459e-01,1.843501965683e-01,1.826522227113e-01,1.809559074342e-01,1.792636812902e-01,1.775776682580e-01,1.758997125976e-01,1.742314088226e-01,1.725741314760e-01,1.709290627362e-01,1.692972169685e-01,1.676794620520e-01,1.660765376954e-01,1.644890710599e-01,1.629175903899e-01,1.613625364280e-01,1.598242724810e-01,1.583030932524e-01,1.567992323476e-01,1.553128693493e-01,1.538441355867e-01,1.523931195312e-01,1.509598715472e-01,1.495444081347e-01,1.481467157282e-01,1.467667541015e-01,1.454044594240e-01,1.440597470064e-01,1.427325137689e-01,1.414226404597e-01,1.401299936493e-01,1.388544275215e-01,1.375957854806e-01,1.363539016246e-01,1.351286019454e-01,1.339197055119e-01,1.327270254925e-01,1.315503699021e-01,1.303895428631e-01,1.292443444950e-01,1.281145719893e-01,1.270000199394e-01,1.259004807209e-01,1.248157448052e-01,1.237456010200e-01,1.226898367790e-01,1.216482382999e-01,1.206205908352e-01,1.196066789378e-01,1.186062867800e-01,1.176191985406e-01,1.166451988624e-01,1.156840733749e-01,1.147356092520e-01,1.137995958096e-01,1.128758251186e-01,1.119640925134e-01,1.110641971731e-01,1.101759419519e-01,1.092991343968e-01,1.084335863375e-01,1.075791140133e-01,1.067355379779e-01,1.059026829308e-01,1.050803775007e-01,1.042684540026e-01,1.034667481890e-01,1.026750990108e-01,1.018933483981e-01,1.011213410682e-01,1.003589243632e-01,9.960594811658e-02,9.886226454752e-02,9.812772814724e-02,9.740219570776e-02,9.668552620702e-02,9.597758077191e-02,9.527822271849e-02,9.458731733155e-02,9.390473217986e-02,9.323033687000e-02,9.256400310054e-02,9.190560465229e-02,9.125501737757e-02,9.061211918821e-02,8.997679004189e-02,8.934891192662e-02,8.872836884357e-02,8.811504678795e-02,8.750883372845e-02,8.690961958500e-02,8.631729620526e-02,8.573175733985e-02,8.515289861357e-02,8.458061750725e-02,8.401481332385e-02,8.345538716008e-02,8.290224188445e-02,8.235528208742e-02,8.181441408614e-02,8.127954587130e-02,8.075058708442e-02,8.022744898867e-02,7.971004443984e-02,7.919828785741e-02,7.869209519584e-02,7.819138391613e-02,7.769607295757e-02,7.720608270988e-02,7.672133498567e-02,7.624175299323e-02,7.576726130972e-02,7.529778585475e-02,7.483325386345e-02,7.437359386323e-02,7.391873564698e-02,7.346861024807e-02,7.302314991831e-02,7.258228809608e-02,7.214595939548e-02,7.171409957446e-02,7.128664551455e-02,7.086353519873e-02,7.044470768962e-02,7.003010310825e-02,6.961966261311e-02,6.921332837969e-02,6.881104358041e-02,6.841275236496e-02,6.801839984103e-02,6.762793205544e-02,6.724129597566e-02,6.685843947168e-02,6.647931129768e-02,6.610386107629e-02,6.573203928049e-02,6.536379721678e-02,6.499908701058e-02
-8.221824814392e-02,-3.228732120914e-02,9.229312129690e-03,4.388594685674e-02,7.290752982061e-02,9.726875219019e-02,1.177519873143e-01,1.349902791650e-01,1.494996156548e-01,1.617034211651e-01,1.719513306902e-01,1.805337143159e-01,1.876930113871e-01,1.936326457081e-01,1.985240908203e-01,2.025125084431e-01,2.057212778081e-01,2.082556565238e-01,2.102057573060e-01,2.116489794401e-01,2.126520068634e-01,2.132724637582e-01,2.135602750834e-01,2.135588114868e-01,2.133058404351e-01,2.128343245329e-01,2.121730919218e-01,2.113473995403e-01,2.103794057500e-01,2.092885673182e-01,2.080919667485e-01,2.068045796673e-01,2.054395099623e-01,2.040081797687e-01,2.025205017993e-01,2.009850452155e-01,1.994092071613e-01,1.977993958158e-01,1.961612178698e-01,1.944996674639e-01,1.928192880019e-01,1.911242556960e-01,1.894184794170e-01,1.877055899240e-01,1.859889361111e-01,1.842715665757e-01,1.825562171526e-01,1.808453109932e-01,1.791409714132e-01,1.774450436759e-01,1.757591231830e-01,1.740845843154e-01,1.724226058755e-01,1.707741969533e-01,1.691402186467e-01,1.675214028078e-01,1.659183681053e-01,1.643316337813e-01,1.627616314039e-01,1.612087152942e-01,1.596731712435e-01,1.581552240731e-01,1.566550448803e-01,1.551727567595e-01,1.537084402346e-01,1.522621380117e-01,1.508338592189e-01,1.494235831977e-01,1.480312628982e-01,1.466568279358e-01,1.453001873231e-01,1.439612318847e-01,1.426398365159e-01,1.413358621520e-01,1.400491575517e-01,1.387795608981e-01,1.375269012325e-01,1.362909997364e-01,1.350716709454e-01,1.338687235900e-01,1.326819614622e-01,1.315111847161e-01,1.303561897254e-01,1.292167701980e-01,1.280927175104e-01,1.269838211021e-01,1.258898687962e-01,1.248106470609e-01,1.237459412276e-01,1.226955357365e-01,1.216592142506e-01,1.206367597415e-01,1.196279549830e-01,1.186325827506e-01,1.176504261907e-01,1.166812692586e-01,1.157248972172e-01,1.147810971785e-01,1.138496586128e-01,1.129303739666e-01,1.120230392784e-01,1.111274540733e-01,1.102434224121e-01,1.093707526047e-01,1.085092574130e-01,1.076587540300e-01,1.068190639723e-01,1.059900129049e-01,1.051714304225e-01,1.043631497514e-01,1.035650075802e-01,1.027768439569e-01,1.019985018083e-01,1.012298268634e-01,1.004706674932e-01,9.972087457915e-02,9.898030140764e-02,9.824880358785e-02,9.752623893788e-02,9.681246758178e-02,9.610735185617e-02,9.541075603990e-02,9.472254675588e-02,9.404259266267e-02,9.337076452292e-02,9.270693519141e-02,9.205097960294e-02,9.140277475958e-02,9.076219971679e-02,9.012913556128e-02,8.950346540468e-02,8.888507437765e-02,8.827384957894e-02,8.766968006822e-02,8.707245684302e-02,8.648207281447e-02,8.589842278199e-02,8.532140340703e-02,8.475091318100e-02,8.418685241153e-02,8.362912318910e-02,8.307762933346e-02,8.253227640736e-02,8.199297165797e-02,8.145962399592e-02,8.093214396606e-02,8.041044371842e-02,7.989443697917e-02,7.938403902180e-02,7.887916663745e-02,7.837973810802e-02,7.788567318062e-02,7.739689303482e-02,7.691332025747e-02,7.643487881568e-02,7.596149403022e-02,7.549309254927e-02,7.502960232266e-02,7.457095257486e-02,7.411707378419e-02,7.366789765740e-02,7.322335709653e-02,7.278338619000e-02,7.234792017929e-02,7.191689543884e-02,7.149024945371e-02,7.106792079766e-02,7.064984911162e-02,7.023597508265e-02,6.982624042260e-02,6.942058784864e-02,6.901896106502e-02,6.862130474070e-02,6.822756449151e-02,6.783768686153e-02,6.745161930479e-02,6.706931016740e-02,6.669070867002e-02,6.631576488960e-02,6.594442974549e-02,6.557665498249e-02
-7.748778559723e-02,-2.786223336922e-02,1.339306148938e-02,4.782412010688e-02,7.664942405933e-02,1.008385625790e-01,1.211698464051e-01,1.382730575253e-01,1.526615442109e-01,1.647565794728e-01,1.749060330023e-01,1.833988173205e-01,1.904761609312e-01,1.963404764585e-01,2.011623875644e-01,2.050863385082e-01,2.082350996310e-01,2.107134091822e-01,2.126109340640e-01,2.140046913675e-01,2.149610325423e-01,2.155372928350e-01,2.157831445241e-01,2.157417363917e-01,2.154506403431e-01,2.149426463269e-01,2.142464303373e-01,2.133871218262e-01,2.123867608671e-01,2.112647071135e-01,2.100379663489e-01,2.087214646155e-01,2.073282759940e-01,2.058698198013e-01,2.043560086839e-01,2.027954251493e-01,2.011954747472e-01,1.995625546017e-01,1.979022325369e-01,1.962194197998e-01,1.945185547548e-01,1.928036933577e-01,1.910786270645e-01,1.893468865890e-01,1.876117467936e-01,1.858762094323e-01,1.841429863719e-01,1.824144892640e-01,1.806928477052e-01,1.789799119104e-01,1.772772818730e-01,1.755863342252e-01,1.739082488607e-01,1.722440330506e-01,1.705945456831e-01,1.689605138970e-01,1.673425505677e-01,1.657411684648e-01,1.641567923450e-01,1.625897692550e-01,1.610403779979e-01,1.595088362721e-01,1.579953082125e-01,1.564999100790e-01,1.550227157448e-01,1.535637614630e-01,1.521230501128e-01,1.507005550093e-01,1.492962232617e-01,1.479099788276e-01,1.465417252453e-01,1.451913480837e-01,1.438587171438e-01,1.425436885111e-01,1.412461061404e-01,1.399658036165e-01,1.387026055468e-01,1.374563288380e-01,1.362267838397e-01,1.350137754999e-01,1.338171037733e-01,1.326365652174e-01,1.314719528083e-01,1.303230570750e-01,1.291896664445e-01,1.280715676502e-01,1.269685460663e-01,1.258803862037e-01,1.248068712496e-01,1.237477839017e-01,1.227029063342e-01,1.216720203558e-01,1.206549075980e-01,1.196513498737e-01,1.186611290125e-01,1.176840277003e-01,1.167198297436e-01,1.157683205346e-01,1.148292875634e-01,1.139025208468e-01,1.129878137280e-01,1.120849628294e-01,1.111937690511e-01,1.103140374354e-01,1.094455774353e-01,1.085882029765e-01,1.077417324217e-01,1.069059882029e-01,1.060807973956e-01,1.052659907633e-01,1.044614027411e-01,1.036668712020e-01,1.028822372263e-01,1.021073447128e-01,1.013420407480e-01,1.005861748866e-01,9.983959919286e-02,9.910216814827e-02,9.837373856881e-02,9.765416944536e-02,9.694332225557e-02,9.624106034325e-02,9.554724945633e-02,9.486175737468e-02,9.418445399508e-02,9.351521131592e-02,9.285390342303e-02,9.220040643615e-02,9.155459862084e-02,9.091636023807e-02,9.028557357417e-02,8.966212292402e-02,8.904589457145e-02,8.843677674941e-02,8.783465967666e-02,8.723943547250e-02,8.665099815199e-02,8.606924360147e-02,8.549406955202e-02,8.492537554254e-02,8.436306292762e-02,8.380703479123e-02,8.325719597472e-02,8.271345301288e-02,8.217571411506e-02,8.164388913615e-02,8.111788954739e-02,8.059762840216e-02,8.008302032347e-02,7.957398145848e-02,7.907042945567e-02,7.857228343684e-02,7.807946396931e-02,7.759189303462e-02,7.710949401276e-02,7.663219164415e-02,7.615991200667e-02,7.569258248996e-02,7.523013176983e-02,7.477248978019e-02,7.431958769913e-02,7.387135790707e-02,7.342773398065e-02,7.298865065820e-02,7.255404381995e-02,7.212385046544e-02,7.169800869147e-02,7.127645766774e-02,7.085913762360e-02,7.044598981931e-02,7.003695652810e-02,6.963198101632e-02,6.923100752378e-02,6.883398124223e-02,6.844084830355e-02,6.805155575454e-02,6.766605154092e-02,6.728428448977e-02,6.690620429227e-02,6.653176148464e-02,6.616090743925e-02
-7.324086536817e-02,-2.386790233462e-02,1.717137596315e-02,5.141603026266e-02,8.007911630514e-02,1.041259523015e-01,1.243314567703e-01,1.413226949265e-01,1.556108227412e-01,1.676153313250e-01,1.776826325484e-01,1.861004383984e-01,1.931089829464e-01,1.989098500834e-01,2.036729699225e-01,2.075422031753e-01,2.106398253308e-01,2.130701540666e-01,2.149224966818e-01,2.162735607459e-01,2.171894319385e-01,2.177272130025e-01,2.179363736235e-01,2.178598848345e-01,2.175351618899e-01,2.169948583632e-01,2.162675308140e-01,2.153781936621e-01,2.143487991910e-01,2.131986311539e-01,2.119446433866e-01,2.106017178088e-01,2.091829051440e-01,2.076996176908e-01,2.061617924959e-01,2.045780419203e-01,2.029557878093e-01,2.013014364588e-01,1.996205378692e-01,1.979179536515e-01,1.961980301605e-01,1.944647187640e-01,1.927216985059e-01,1.909723983458e-01,1.892200133951e-01,1.874674890035e-01,1.857175082075e-01,1.839724819341e-01,1.822345356615e-01,1.805055266457e-01,1.787870617123e-01,1.770805272917e-01,1.753871089337e-01,1.737078169907e-01,1.720435095936e-01,1.703949120260e-01,1.687626350473e-01,1.671471874178e-01,1.655489892189e-01,1.639683824150e-01,1.624056403797e-01,1.608609754071e-01,1.593345461667e-01,1.578264634540e-01,1.563367957582e-01,1.548655740491e-01,1.534127960677e-01,1.519784300999e-01,1.505624183601e-01,1.491646800511e-01,1.477851141316e-01,1.464236016790e-01,1.450800081267e-01,1.437541852564e-01,1.424459729752e-01,1.411552009847e-01,1.398816899477e-01,1.386252530297e-01,1.373856969631e-01,1.361628231594e-01,1.349564283583e-01,1.337663058411e-01,1.325922455327e-01,1.314340350902e-01,1.302914602584e-01,1.291643054029e-01,1.280523537342e-01,1.269553873386e-01,1.258731878413e-01,1.248055364146e-01,1.237522141431e-01,1.227130015578e-01,1.216876792416e-01,1.206760280028e-01,1.196778290331e-01,1.186928642183e-01,1.177209161261e-01,1.167617688867e-01,1.158152084541e-01,1.148810230470e-01,1.139590037160e-01,1.130489446458e-01,1.121506439547e-01,1.112639037315e-01,1.103885303527e-01,1.095243345091e-01,1.086711313876e-01,1.078287409141e-01,1.069969871296e-01,1.061756981948e-01,1.053647059365e-01,1.045638462667e-01,1.037729584384e-01,1.029918848212e-01,1.022204707502e-01,1.014585642360e-01,1.007060163508e-01,9.996268045788e-02,9.922841234367e-02,9.850307006010e-02,9.778651409975e-02,9.707860698652e-02,9.637921365611e-02,9.568820107210e-02,9.500543832996e-02,9.433079660853e-02,9.366414920258e-02,9.300537154442e-02,9.235434107477e-02,9.171093728138e-02,9.107504165076e-02,9.044653774187e-02,8.982531108781e-02,8.921124918207e-02,8.860424146579e-02,8.800417929386e-02,8.741095596672e-02,8.682446663707e-02,8.624460830997e-02,8.567127980854e-02,8.510438177034e-02,8.454381658344e-02,8.398948840042e-02,8.344130307422e-02,8.289916814213e-02,8.236299279340e-02,8.183268784567e-02,8.130816572120e-02,8.078934040483e-02,8.027612742140e-02,7.976844380250e-02,7.926620807163e-02,7.876934020560e-02,7.827776160737e-02,7.779139507991e-02,7.731016479681e-02,7.683399628746e-02,7.636281639759e-02,7.589655326842e-02,7.543513630923e-02,7.497849617903e-02,7.452656475212e-02,7.407927510678e-02,7.363656149106e-02,7.319835930329e-02,7.276460506799e-02,7.233523641558e-02,7.191019206330e-02,7.148941178807e-02,7.107283640798e-02,7.066040775911e-02,7.025206868238e-02,6.984776299853e-02,6.944743548875e-02,6.905103187630e-02,6.865849880624e-02,6.826978383471e-02,6.788483540287e-02,6.750360282238e-02,6.712603625682e-02,6.675208670955e-02
-6.945950450709e-02,-2.028828423265e-02,2.057864314390e-02,5.467464067871e-02,8.320833768432e-02,1.071415803405e-01,1.272465395102e-01,1.441480883703e-01,1.583556208792e-01,1.702872017651e-01,1.802880802704e-01,1.886450153147e-01,1.955974552572e-01,2.013463319220e-01,2.060610315228e-01,2.098849582657e-01,2.129400049644e-01,2.153301631647e-01,2.171444629951e-01,2.184593742879e-01,2.193407794685e-01,2.198456037522e-01,2.200231625190e-01,2.199162916058e-01,2.195622884755e-01,2.189937034240e-01,2.182389945015e-01,2.173230976877e-01,2.162679001684e-01,2.150926300319e-01,2.138141857814e-01,2.124474246479e-01,2.110053979069e-01,2.094995191902e-01,2.079397443114e-01,2.063347176063e-01,2.046919102849e-01,2.030177462459e-01,2.013177794783e-01,1.995968456923e-01,1.978592230016e-01,1.961087736626e-01,1.943490725060e-01,1.925834475202e-01,1.908150063016e-01,1.890466328062e-01,1.872809864277e-01,1.855204579880e-01,1.837671705395e-01,1.820229918028e-01,1.802895449631e-01,1.785682247946e-01,1.768602238423e-01,1.751665609187e-01,1.734880986226e-01,1.718255641779e-01,1.701795668310e-01,1.685506149096e-01,1.669391260455e-01,1.653454391116e-01,1.637698237970e-01,1.622124886347e-01,1.606735883075e-01,1.591532294945e-01,1.576514765296e-01,1.561683562627e-01,1.547038623781e-01,1.532579591095e-01,1.518305847203e-01,1.504216545513e-01,1.490310637082e-01,1.476586895478e-01,1.463043939362e-01,1.449680250837e-01,1.436494193926e-01,1.423484030748e-01,1.410647937182e-01,1.397984011552e-01,1.385490289850e-01,1.373164755393e-01,1.361005347415e-01,1.349009969874e-01,1.337176494966e-01,1.325502773622e-01,1.313986639971e-01,1.302625916080e-01,1.291418410300e-01,1.280361926737e-01,1.269454267180e-01,1.258693229375e-01,1.248076608079e-01,1.237602200302e-01,1.227267807019e-01,1.217071227450e-01,1.207010266094e-01,1.197082734759e-01,1.187286455640e-01,1.177619258901e-01,1.168078993168e-01,1.158663527259e-01,1.149370754277e-01,1.140198596072e-01,1.131145010218e-01,1.122207991763e-01,1.113385575845e-01,1.104675839397e-01,1.096076908389e-01,1.087586951248e-01,1.079204178430e-01,1.070926845155e-01,1.062753249962e-01,1.054681728062e-01,1.046710648368e-01,1.038838418813e-01,1.031063478226e-01,1.023384294269e-01,1.015799359955e-01,1.008307200812e-01,1.000906364511e-01,9.935954224310e-02,9.863729697378e-02,9.792376240005e-02,9.721880269803e-02,9.652228406910e-02,9.583407483551e-02,9.515404542955e-02,9.448206852991e-02,9.381801879619e-02,9.316177291745e-02,9.251320968069e-02,9.187220993316e-02,9.123865649259e-02,9.061243413733e-02,8.999342968621e-02,8.938153189218e-02,8.877663142565e-02,8.817862083602e-02,8.758739461947e-02,8.700284909478e-02,8.642488240703e-02,8.585339450983e-02,8.528828713025e-02,8.472946376445e-02,8.417682961384e-02,8.363029156908e-02,8.308975818255e-02,8.255513965757e-02,8.202634779282e-02,8.150329595980e-02,8.098589908456e-02,8.047407361807e-02,7.996773749838e-02,7.946681012253e-02,7.897121233430e-02,7.848086638479e-02,7.799569590571e-02,7.751562587867e-02,7.704058262794e-02,7.657049377541e-02,7.610528822033e-02,7.564489611643e-02,7.518924884545e-02,7.473827900023e-02,7.429192035092e-02,7.385010782470e-02,7.341277748298e-02,7.297986650635e-02,7.255131316267e-02,7.212705678713e-02,7.170703776558e-02,7.129119751394e-02,7.087947845325e-02,7.047182398902e-02,7.006817850012e-02,6.966848731353e-02,6.927269668547e-02,6.888075378034e-02,6.849260666462e-02,6.810820427755e-02,6.772749641690e-02,6.735043372352e-02
-6.612748937343e-02,-1.710891588341e-02,2.362783157119e-02,5.761163510992e-02,8.604766077388e-02,1.098950527333e-01,1.299238557175e-01,1.467572567066e-01,1.609033023513e-01,1.727789735821e-01,1.827286426124e-01,1.910383540441e-01,1.979469706447e-01,2.036549426534e-01,2.083312578087e-01,2.121189879929e-01,2.151397474255e-01,2.174972957483e-01,2.192804647433e-01,2.205655558241e-01,2.214183085470e-01,2.218955237045e-01,2.220464090323e-01,2.219137063094e-01,2.215346339819e-01,2.209416633102e-01,2.201631903761e-01,2.192241011836e-01,2.181462288409e-01,2.169487577792e-01,2.156485690937e-01,2.142605048027e-01,2.127975995846e-01,2.112712923498e-01,2.096915751736e-01,2.080671249977e-01,2.064054583649e-01,2.047130499926e-01,2.029954702648e-01,2.012575514183e-01,1.995035280628e-01,1.977371911671e-01,1.959620227764e-01,1.941812536780e-01,1.923978939985e-01,1.906147796989e-01,1.888345206742e-01,1.870594818040e-01,1.852917939871e-01,1.835333345308e-01,1.817857337193e-01,1.800504027580e-01,1.783285507658e-01,1.766212038837e-01,1.749292318652e-01,1.732533683712e-01,1.715942257594e-01,1.699523122556e-01,1.683280461764e-01,1.667217653081e-01,1.651337373939e-01,1.635641688517e-01,1.620132118480e-01,1.604809702780e-01,1.589675055029e-01,1.574728414855e-01,1.559969688228e-01,1.545398486873e-01,1.531014163110e-01,1.516815839746e-01,1.502802438037e-01,1.488972702002e-01,1.475325220060e-01,1.461858445823e-01,1.448570715472e-01,1.435460262449e-01,1.422525233832e-01,1.409763703209e-01,1.397173678895e-01,1.384753117909e-01,1.372499935271e-01,1.360412009951e-01,1.348487190557e-01,1.336723305477e-01,1.325118169764e-01,1.313669581546e-01,1.302375332447e-01,1.291233212741e-01,1.280241006180e-01,1.269396496092e-01,1.258697470632e-01,1.248141717667e-01,1.237727026416e-01,1.227451193979e-01,1.217312021986e-01,1.207307315501e-01,1.197434891500e-01,1.187692578212e-01,1.178078214979e-01,1.168589661440e-01,1.159224798646e-01,1.149981532872e-01,1.140857802542e-01,1.131851581008e-01,1.122960876984e-01,1.114183744813e-01,1.105518281383e-01,1.096962624171e-01,1.088514959719e-01,1.080173518653e-01,1.071936570036e-01,1.063802426514e-01,1.055769441399e-01,1.047836000203e-01,1.040000523136e-01,1.032261466066e-01,1.024617310906e-01,1.017066566566e-01,1.009607773367e-01,1.002239493614e-01,9.949603126111e-02,9.877688406477e-02,9.806637122977e-02,9.736435823908e-02,9.667071261385e-02,9.598530429907e-02,9.530800523204e-02,9.463868933332e-02,9.397723273663e-02,9.332351359872e-02,9.267741202560e-02,9.203881019770e-02,9.140759231223e-02,9.078364447774e-02,9.016685477165e-02,8.955711324855e-02,8.895431182441e-02,8.835834429151e-02,8.776910635577e-02,8.718649552204e-02,8.661041109236e-02,8.604075416788e-02,8.547742762077e-02,8.492033603088e-02,8.436938566264e-02,8.382448448091e-02,8.328554208061e-02,8.275246965814e-02,8.222518001135e-02,8.170358749255e-02,8.118760797223e-02,8.067715882882e-02,8.017215891718e-02,7.967252852827e-02,7.917818937244e-02,7.868906455869e-02,7.820507855243e-02,7.772615715450e-02,7.725222748858e-02,7.678321795815e-02,7.631905822495e-02,7.585967919133e-02,7.540501297732e-02,7.495499288718e-02,7.450955338580e-02,7.406863009030e-02,7.363215973466e-02,7.320008014618e-02,7.277233023486e-02,7.234884996559e-02,7.192958033318e-02,7.151446334974e-02,7.110344202375e-02,7.069646033384e-02,7.029346321461e-02,6.989439654184e-02,6.949920710520e-02,6.910784259284e-02,6.872025158210e-02,6.833638351147e-02,6.795618866545e-02
-6.323024200219e-02,-1.431679558394e-02,2.633059761142e-02,6.023751397459e-02,8.860658661499e-02,1.123950017202e-01,1.323712784026e-01,1.491574060486e-01,1.632604849726e-01,1.750967440014e-01,1.850099535006e-01,1.932856743156e-01,2.001623790290e-01,2.058402000208e-01,2.104878661165e-01,2.142482378225e-01,2.172427538691e-01,2.195750291810e-01,2.213337758295e-01,2.225951936180e-01,2.234249370691e-01,2.238797346024e-01,2.240087312931e-01,2.238546162243e-01,2.234545591829e-01,2.228409886621e-01,2.220422695014e-01,2.210832504037e-01,2.199857351662e-01,2.187689007305e-01,2.174496016849e-01,2.160426742722e-01,2.145611806033e-01,2.130165620581e-01,2.114188495557e-01,2.097767799925e-01,2.080979138426e-01,2.063887845017e-01,2.046550024588e-01,2.029014134354e-01,2.011322352197e-01,1.993512051885e-01,1.975617276730e-01,1.957669378882e-01,1.939697637132e-01,1.921729722021e-01,1.903791133654e-01,1.885905386438e-01,1.868093732965e-01,1.850374910858e-01,1.832765477323e-01,1.815279695719e-01,1.797929764469e-01,1.780726142195e-01,1.763677623135e-01,1.746791612775e-01,1.730074309433e-01,1.713530828293e-01,1.697165372421e-01,1.680981332998e-01,1.664981386711e-01,1.649167591901e-01,1.633541460221e-01,1.618104015575e-01,1.602855855111e-01,1.587797199888e-01,1.572927935294e-01,1.558247652554e-01,1.543755682239e-01,1.529451125218e-01,1.515332880329e-01,1.501399668848e-01,1.487650057567e-01,1.474082476663e-01,1.460695239700e-01,1.447486558890e-01,1.434454557980e-01,1.421597288496e-01,1.408912737888e-01,1.396398840888e-01,1.384053491586e-01,1.371874548433e-01,1.359859839699e-01,1.348007175367e-01,1.336314350909e-01,1.324779146446e-01,1.313399340285e-01,1.302172704767e-01,1.291097009528e-01,1.280170031743e-01,1.269389544270e-01,1.258753326783e-01,1.248259168579e-01,1.237904855966e-01,1.227688188371e-01,1.217606971859e-01,1.207659017739e-01,1.197842152914e-01,1.188154213635e-01,1.178593052897e-01,1.169156544421e-01,1.159842583428e-01,1.150649093641e-01,1.141574030412e-01,1.132615382916e-01,1.123771182819e-01,1.115039499273e-01,1.106418446848e-01,1.097906186678e-01,1.089500917458e-01,1.081200889405e-01,1.073004392036e-01,1.064909750170e-01,1.056915336663e-01,1.049019553152e-01,1.041220835917e-01,1.033517657243e-01,1.025908512902e-01,1.018391931067e-01,1.010966466177e-01,1.003630694237e-01,9.963832176099e-02,9.892226642405e-02,9.821476814373e-02,9.751569384914e-02,9.682491289545e-02,9.614229648017e-02,9.546771804092e-02,9.480105312470e-02,9.414217914674e-02,9.349097575662e-02,9.284732452454e-02,9.221110893513e-02,9.158221460504e-02,9.096052898284e-02,9.034594146745e-02,8.973834341935e-02,8.913762800842e-02,8.854369032022e-02,8.795642727317e-02,8.737573755876e-02,8.680152167844e-02,8.623368191600e-02,8.567212225294e-02,8.511674837390e-02,8.456746766762e-02,8.402418914070e-02,8.348682343470e-02,8.295528278763e-02,8.242948097951e-02,8.190933334993e-02,8.139475673573e-02,8.088566944246e-02,8.038199125000e-02,7.988364334677e-02,7.939054832144e-02,7.890263014335e-02,7.841981411404e-02,7.794202686388e-02,7.746919631730e-02,7.700125165910e-02,7.653812332306e-02,7.607974296935e-02,7.562604344603e-02,7.517695877278e-02,7.473242412760e-02,7.429237580624e-02,7.385675121405e-02,7.342548884184e-02,7.299852823379e-02,7.257580998476e-02,7.215727570625e-02,7.174286800467e-02,7.133253047781e-02,7.092620767695e-02,7.052384509672e-02,7.012538916102e-02,6.973078719220e-02,6.933998740627e-02,6.895293889030e-02,6.856959157978e-02
-6.075470101827e-02,-1.190027688188e-02,2.869738068262e-02,6.256168007977e-02,9.089362231396e-02,1.146491560910e-01,1.345958564283e-01,1.513549885118e-01,1.654330950305e-01,1.772459732085e-01,1.871370590907e-01,1.953916537220e-01,2.022480265911e-01,2.079061533828e-01,2.125346390711e-01,2.162762483906e-01,2.192523456994e-01,2.215664863375e-01,2.233073380165e-01,2.245510639308e-01,2.253632900882e-01,2.258007226626e-01,2.259124878715e-01,2.257412613682e-01,2.253241965096e-01,2.246937132553e-01,2.238781680487e-01,2.229023943924e-01,2.217882035083e-01,2.205547530627e-01,2.192189092884e-01,2.177955222601e-01,2.162976488847e-01,2.147367913753e-01,2.131229983513e-01,2.114650682825e-01,2.097706276159e-01,2.080462658446e-01,2.062976555124e-01,2.045296711640e-01,2.027465371826e-01,2.009519585496e-01,1.991492787105e-01,1.973415451237e-01,1.955316135444e-01,1.937221663693e-01,1.919156967063e-01,1.901145370663e-01,1.883207823725e-01,1.865363299510e-01,1.847628393018e-01,1.830017549949e-01,1.812543234807e-01,1.795215987175e-01,1.778044810841e-01,1.761037207684e-01,1.744199461949e-01,1.727536765024e-01,1.711053354818e-01,1.694752660240e-01,1.678637375979e-01,1.662709570217e-01,1.646970759833e-01,1.631421966486e-01,1.616063784043e-01,1.600896425076e-01,1.585919765139e-01,1.571133384546e-01,1.556536600500e-01,1.542128500333e-01,1.527907968115e-01,1.513873710121e-01,1.500024276359e-01,1.486358082220e-01,1.472873423535e-01,1.459568495945e-01,1.446441406872e-01,1.433490189303e-01,1.420712815130e-01,1.408107201071e-01,1.395671223975e-01,1.383402725781e-01,1.371299517813e-01,1.359359395141e-01,1.347580135180e-01,1.335959504990e-01,1.324495269355e-01,1.313185184100e-01,1.302027013399e-01,1.291018516849e-01,1.280157462863e-01,1.269441625571e-01,1.258868781358e-01,1.248436723089e-01,1.238143240255e-01,1.227986140178e-01,1.217963234917e-01,1.208072347963e-01,1.198311317857e-01,1.188677993119e-01,1.179170243930e-01,1.169785959045e-01,1.160523051692e-01,1.151379463893e-01,1.142353169918e-01,1.133442180826e-01,1.124644543601e-01,1.115958352598e-01,1.107381737914e-01,1.098912880993e-01,1.090550002836e-01,1.082291367635e-01,1.074135286407e-01,1.066080100143e-01,1.058124200475e-01,1.050266004520e-01,1.042503968273e-01,1.034836578543e-01,1.027262347859e-01,1.019779823349e-01,1.012387571850e-01,1.005084187188e-01,9.978682909978e-02,9.907385227172e-02,9.836935472512e-02,9.767320510878e-02,9.698527402560e-02,9.630543451641e-02,9.563356134559e-02,9.496953161988e-02,9.431322431082e-02,9.366452041956e-02,9.302330302736e-02,9.238945700179e-02,9.176286937473e-02,9.114342893814e-02,9.053102647226e-02,8.992555462828e-02,8.932690787367e-02,8.873498259268e-02,8.814967690510e-02,8.757089074095e-02,8.699852583116e-02,8.643248558338e-02,8.587267514467e-02,8.531900133865e-02,8.477137262054e-02,8.422969910598e-02,8.369389246822e-02,8.316386598187e-02,8.263953444409e-02,8.212081416740e-02,8.160762296229e-02,8.109988007351e-02,8.059750620686e-02,8.010042344933e-02,7.960855527789e-02,7.912182652007e-02,7.864016332124e-02,7.816349314235e-02,7.769174470528e-02,7.722484798658e-02,7.676273419908e-02,7.630533574480e-02,7.585258621262e-02,7.540442034714e-02,7.496077401986e-02,7.452158422500e-02,7.408678903311e-02,7.365632759417e-02,7.323014009854e-02,7.280816776348e-02,7.239035281809e-02,7.197663846676e-02,7.156696889512e-02,7.116128922562e-02,7.075954551629e-02,7.036168473604e-02,6.996765474252e-02,6.957740427840e-02,6.919088293660e-02
-5.868921552034e-02,-9.848973930549e-03,3.073748808680e-02,6.459251502136e-02,9.291635007497e-02,1.166644038404e-01,1.366038717182e-01,1.533557545814e-01,1.674264143481e-01,1.792315288120e-01,1.891144590062e-01,1.973604630721e-01,2.042077916458e-01,2.098564167555e-01,2.144749535775e-01,2.182061825342e-01,2.211714915356e-01,2.234744602294e-01,2.252037837894e-01,2.264356528543e-01,2.272357199898e-01,2.276607175705e-01,2.277597956871e-01,2.275756540274e-01,2.271454632041e-01,2.265016670179e-01,2.256726301433e-01,2.246832110187e-01,2.235552252001e-01,2.223078520316e-01,2.209579741161e-01,2.195204545098e-01,2.180083949593e-01,2.164333056907e-01,2.148053141082e-01,2.131332498609e-01,2.114248291821e-01,2.096866980657e-01,2.079246029947e-01,2.061434655186e-01,2.043475360338e-01,2.025405098681e-01,2.007256879321e-01,1.989060440127e-01,1.970843664128e-01,1.952632432545e-01,1.934451301172e-01,1.916322973609e-01,1.898268401212e-01,1.880306455033e-01,1.862453877762e-01,1.844725343768e-01,1.827133459034e-01,1.809689055524e-01,1.792401234930e-01,1.775277706683e-01,1.758324836911e-01,1.741547933776e-01,1.724951295758e-01,1.708538407671e-01,1.692312002649e-01,1.676274175204e-01,1.660426462777e-01,1.644769897810e-01,1.629305083665e-01,1.614032234545e-01,1.598951228140e-01,1.584061641373e-01,1.569362788097e-01,1.554853749553e-01,1.540533402827e-01,1.526400445742e-01,1.512453419655e-01,1.498690728737e-01,1.485110659633e-01,1.471711394990e-01,1.458491032037e-01,1.445447590223e-01,1.432579029353e-01,1.419883253329e-01,1.407358125499e-01,1.395001474934e-01,1.382811099518e-01,1.370784782379e-01,1.358920286048e-01,1.347215368605e-01,1.335667778312e-01,1.324275265251e-01,1.313035578598e-01,1.301946472281e-01,1.291005706680e-01,1.280211046990e-01,1.269560270896e-01,1.259051158961e-01,1.248681509176e-01,1.238449119885e-01,1.228351810918e-01,1.218387401873e-01,1.208553734882e-01,1.198848657875e-01,1.189270040109e-01,1.179815767941e-01,1.170483748026e-01,1.161271914136e-01,1.152178228911e-01,1.143200686509e-01,1.134337319338e-01,1.125586196774e-01,1.116945431342e-01,1.108413177859e-01,1.099987634002e-01,1.091667043640e-01,1.083449688791e-01,1.075333899626e-01,1.067318037146e-01,1.059400510684e-01,1.051579752500e-01,1.043854241363e-01,1.036222474978e-01,1.028682990660e-01,1.021234346337e-01,1.013875126877e-01,1.006603947605e-01,9.994194398409e-02,9.923202646625e-02,9.853051003445e-02,9.783726505385e-02,9.715216377325e-02,9.647508067055e-02,9.580589222514e-02,9.514447693388e-02,9.449071536769e-02,9.384448997141e-02,9.320568529660e-02,9.257418767031e-02,9.194988552665e-02,9.133266900488e-02,9.072243031760e-02,9.011906336628e-02,8.952246402038e-02,8.893252987225e-02,8.834916031275e-02,8.777225655495e-02,8.720172145979e-02,8.663745967113e-02,8.607937745963e-02,8.552738279048e-02,8.498138523049e-02,8.444129596221e-02,8.390702773524e-02,8.337849484316e-02,8.285561310594e-02,8.233829982093e-02,8.182647376760e-02,8.132005514019e-02,8.081896556879e-02,8.032312803891e-02,7.983246692331e-02,7.934690789987e-02,7.886637797565e-02,7.839080542396e-02,7.792011977628e-02,7.745425181011e-02,7.699313349242e-02,7.653669799258e-02,7.608487962831e-02,7.563761386716e-02,7.519483728642e-02,7.475648756310e-02,7.432250344627e-02,7.389282473692e-02,7.346739227144e-02,7.304614789250e-02,7.262903444269e-02,7.221599572722e-02,7.180697651693e-02,7.140192250354e-02,7.100078031048e-02,7.060349744564e-02,7.021002231054e-02,6.982030416212e-02
-5.702345055921e-02,-8.153677198166e-03,3.245917055012e-02,6.633744719189e-02,9.468148868498e-02,1.184468479152e-01,1.384008901224e-01,1.551647991608e-01,1.692451234145e-01,1.810577247803e-01,1.909461417310e-01,1.991958015349e-01,2.060451133856e-01,2.116941980844e-01,2.163118077630e-01,2.200408507311e-01,2.230028305927e-01,2.253014353289e-01,2.270254566801e-01,2.282511754722e-01,2.290443244258e-01,2.294617093640e-01,2.295525462942e-01,2.293595944058e-01,2.289200765792e-01,2.282664852170e-01,2.274272249555e-01,2.264271951949e-01,2.252882412419e-01,2.240295807149e-01,2.226681197527e-01,2.212187646394e-01,2.196946417916e-01,2.181073195199e-01,2.164669613521e-01,2.147824768308e-01,2.130616368549e-01,2.113111793958e-01,2.095369186487e-01,2.077438444450e-01,2.059362487019e-01,2.041178393005e-01,2.022918927106e-01,2.004613306770e-01,1.986288733266e-01,1.967970293130e-01,1.949681964138e-01,1.931445899745e-01,1.913282893571e-01,1.895211672232e-01,1.877249157032e-01,1.859410130501e-01,1.841707488295e-01,1.824152235814e-01,1.806753730479e-01,1.789519826916e-01,1.772457072047e-01,1.755570873744e-01,1.738865640289e-01,1.722344924461e-01,1.706011521226e-01,1.689867568265e-01,1.673914638963e-01,1.658153790798e-01,1.642585648134e-01,1.627210438881e-01,1.612028052237e-01,1.597038071706e-01,1.582239816251e-01,1.567632369024e-01,1.553214607651e-01,1.538985228689e-01,1.524942770562e-01,1.511085633990e-01,1.497412099879e-01,1.483920345971e-01,1.470608461358e-01,1.457474459487e-01,1.444516290626e-01,1.431731851196e-01,1.419118994688e-01,1.406675540937e-01,1.394399278142e-01,1.382287979698e-01,1.370339397867e-01,1.358551281786e-01,1.346921369104e-01,1.335447402574e-01,1.324127120904e-01,1.312958273214e-01,1.301938610175e-01,1.291065895511e-01,1.280337898626e-01,1.269752402402e-01,1.259307198496e-01,1.249000091063e-01,1.238828895665e-01,1.228791439195e-01,1.218885562780e-01,1.209109119039e-01,1.199459977640e-01,1.189936025995e-01,1.180535167757e-01,1.171255333013e-01,1.162094475969e-01,1.153050580254e-01,1.144121664436e-01,1.135305780130e-01,1.126601022203e-01,1.118005521994e-01,1.109517458296e-01,1.101135048487e-01,1.092856557125e-01,1.084680287733e-01,1.076604587145e-01,1.068627840057e-01,1.060748468603e-01,1.052964930807e-01,1.045275715839e-01,1.037679346537e-01,1.030174372638e-01,1.022759369406e-01,1.015432945312e-01,1.008193724142e-01,1.001040361954e-01,9.939715304069e-02,9.869859292531e-02,9.800822748848e-02,9.732593086981e-02,9.665157896446e-02,9.598504994383e-02,9.532622380438e-02,9.467498265621e-02,9.403121047863e-02,9.339479324435e-02,9.276561881488e-02,9.214357695264e-02,9.152855930707e-02,9.092045935351e-02,9.031917243514e-02,8.972459567235e-02,8.913662794909e-02,8.855516999258e-02,8.798012415555e-02,8.741139459671e-02,8.684888707718e-02,8.629250908040e-02,8.574216966588e-02,8.519777953952e-02,8.465925094864e-02,8.412649771677e-02,8.359943516860e-02,8.307798013943e-02,8.256205092188e-02,8.205156725716e-02,8.154645029799e-02,8.104662258670e-02,8.055200803041e-02,8.006253186946e-02,7.957812066221e-02,7.909870224920e-02,7.862420572880e-02,7.815456145434e-02,7.768970097100e-02,7.722955703581e-02,7.677406355474e-02,7.632315559500e-02,7.587676933216e-02,7.543484205476e-02,7.499731212010e-02,7.456411895235e-02,7.413520300599e-02,7.371050575830e-02,7.328996967960e-02,7.287353822086e-02,7.246115579018e-02,7.205276773590e-02,7.164832032887e-02,7.124776074151e-02,7.085103703549e-02,7.045809813874e-02
-5.574830301121e-02,-6.806278461029e-03,3.386968942956e-02,6.780301226927e-02,9.619494817973e-02,1.200018559126e-01,1.399918065173e-01,1.567866030983e-01,1.708933390149e-01,1.827283560913e-01,1.926356172424e-01,2.009009248967e-01,2.077630213442e-01,2.134223231155e-01,2.180478452832e-01,2.217827312581e-01,2.247486930058e-01,2.270496064740e-01,2.287744293144e-01,2.299995926868e-01,2.307909622369e-01,2.312054634236e-01,2.312924195174e-01,2.310946831770e-01,2.306495652244e-01,2.299896285675e-01,2.291433525088e-01,2.281356857974e-01,2.269885422362e-01,2.257211726765e-01,2.243505445964e-01,2.228915975767e-01,2.213575123278e-01,2.197599070795e-01,2.181089974928e-01,2.164137730153e-01,2.146820634096e-01,2.129207042653e-01,2.111355817490e-01,2.093317681309e-01,2.075136115191e-01,2.056848532557e-01,2.038487633045e-01,2.020082372132e-01,2.001659242910e-01,1.983242818992e-01,1.964856171392e-01,1.946521211644e-01,1.928258090926e-01,1.910085698054e-01,1.892020800985e-01,1.874078466607e-01,1.856271759973e-01,1.838611941036e-01,1.821108623530e-01,1.803769838870e-01,1.786602353658e-01,1.769611697726e-01,1.752802421409e-01,1.736178165446e-01,1.719741808429e-01,1.703495548500e-01,1.687441010341e-01,1.671579292651e-01,1.655911050279e-01,1.640436539527e-01,1.625155668057e-01,1.610068038395e-01,1.595172980701e-01,1.580469589905e-01,1.565956750659e-01,1.551633165425e-01,1.537497376374e-01,1.523547786345e-01,1.509782676740e-01,1.496200225259e-01,1.482798518367e-01,1.469575567845e-01,1.456529319144e-01,1.443657665152e-01,1.430958453564e-01,1.418429498598e-01,1.406068582666e-01,1.393873471218e-01,1.381841911706e-01,1.369971643125e-01,1.358260400330e-01,1.346705913711e-01,1.335305922480e-01,1.324058162610e-01,1.312960385838e-01,1.302010346898e-01,1.291205814740e-01,1.280544569854e-01,1.270024401406e-01,1.259643118560e-01,1.249398533378e-01,1.239288481015e-01,1.229310801860e-01,1.219463355309e-01,1.209744013060e-01,1.200150666354e-01,1.190681219255e-01,1.181333601155e-01,1.172105762327e-01,1.162995680515e-01,1.154001362734e-01,1.145120850774e-01,1.136352218793e-01,1.127693585778e-01,1.119143104958e-01,1.110698977372e-01,1.102359443416e-01,1.094122785994e-01,1.085987333678e-01,1.077951447329e-01,1.070013537605e-01,1.062172040679e-01,1.054425436728e-01,1.046772232750e-01,1.039210969658e-01,1.031740212283e-01,1.024358561036e-01,1.017064633841e-01,1.009857078344e-01,1.002734563617e-01,9.956957807688e-02,9.887394456117e-02,9.818642907050e-02,9.750690748250e-02,9.683525725796e-02,9.617135817622e-02,9.551509184246e-02,9.486634183652e-02,9.422499376242e-02,9.359093495671e-02,9.296405486821e-02,9.234424460472e-02,9.173139727838e-02,9.112540773236e-02,9.052617265907e-02,8.993359046752e-02,8.934756142686e-02,8.876798743612e-02,8.819477216364e-02,8.762782093506e-02,8.706704072595e-02,8.651234017321e-02,8.596362946680e-02,8.542082043437e-02,8.488382640298e-02,8.435256225927e-02,8.382694437012e-02,8.330689057596e-02,8.279232017406e-02,8.228315385780e-02,8.177931374320e-02,8.128072328504e-02,8.078730730240e-02,8.029899191727e-02,7.981570455086e-02,7.933737388033e-02,7.886392984501e-02,7.839530358432e-02,7.793142744561e-02,7.747223494400e-02,7.701766074271e-02,7.656764064066e-02,7.612211152871e-02,7.568101139893e-02,7.524427929119e-02,7.481185529872e-02,7.438368053107e-02,7.395969710037e-02,7.353984810611e-02,7.312407760167e-02,7.271233059795e-02,7.230455301930e-02,7.190069170895e-02,7.150069439410e-02,7.110450967916e-02
-5.485582679908e-02,-5.799704146074e-03,3.497537642833e-02,6.899490695316e-02,9.746187839059e-02,1.213341041067e-01,1.413808848506e-01,1.582250699024e-01,1.723746475944e-01,1.842467299372e-01,1.941859448808e-01,2.024786726064e-01,2.093641585838e-01,2.150432590854e-01,2.196853761028e-01,2.234339916660e-01,2.264111183980e-01,2.287208968308e-01,2.304525194077e-01,2.316826262306e-01,2.324772675623e-01,2.328935337552e-01,2.329808951610e-01,2.327823333073e-01,2.323352778303e-01,2.316723917751e-01,2.308222487094e-01,2.298098810248e-01,2.286572661402e-01,2.273837380331e-01,2.260063077122e-01,2.245399850535e-01,2.229980053028e-01,2.213920357463e-01,2.197323786521e-01,2.180280662683e-01,2.162870266139e-01,2.145161735249e-01,2.127214818756e-01,2.109081131630e-01,2.090804840080e-01,2.072423881957e-01,2.053971099301e-01,2.035475365119e-01,2.016962633336e-01,1.998456981335e-01,1.979980735495e-01,1.961555217716e-01,1.943200378525e-01,1.924934599646e-01,1.906774905178e-01,1.888736336480e-01,1.870832211740e-01,1.853074088556e-01,1.835471750002e-01,1.818033556618e-01,1.800766435212e-01,1.783676111078e-01,1.766767286000e-01,1.750043716683e-01,1.733508388347e-01,1.717163577422e-01,1.701010976435e-01,1.685051740288e-01,1.669286566372e-01,1.653715751303e-01,1.638339232436e-01,1.623156638851e-01,1.608167323783e-01,1.593370398708e-01,1.578764764808e-01,1.564349136516e-01,1.550122066378e-01,1.536081965193e-01,1.522227121274e-01,1.508555716077e-01,1.495065840184e-01,1.481755506794e-01,1.468622662123e-01,1.455665199167e-01,1.442880963854e-01,1.430267768395e-01,1.417823392789e-01,1.405545597907e-01,1.393432129050e-01,1.381480718979e-01,1.369689099362e-01,1.358054996720e-01,1.346576141257e-01,1.335250272119e-01,1.324075129910e-01,1.313048471158e-01,1.302168061431e-01,1.291431676669e-01,1.280837113396e-01,1.270382172915e-01,1.260064675955e-01,1.249882458586e-01,1.239833365320e-01,1.229915262199e-01,1.220126024101e-01,1.210463548191e-01,1.200925741755e-01,1.191510535932e-01,1.182215881809e-01,1.173039753569e-01,1.163980153022e-01,1.155035111873e-01,1.146202695555e-01,1.137481002901e-01,1.128868175946e-01,1.120362392559e-01,1.111961874155e-01,1.103664886786e-01,1.095469730805e-01,1.087374757437e-01,1.079378352048e-01,1.071478936861e-01,1.063674977114e-01,1.055964964346e-01,1.048347429830e-01,1.040820926962e-01,1.033384047267e-01,1.026035402507e-01,1.018773631031e-01,1.011597398879e-01,1.004505390121e-01,9.974963159520e-02,9.905689075040e-02,9.837219149856e-02,9.769541133008e-02,9.702642940745e-02,9.636512702359e-02,9.571138748779e-02,9.506509581397e-02,9.442613919112e-02,9.379440653117e-02,9.316978859519e-02,9.255217810175e-02,9.194146944910e-02,9.133755894771e-02,9.074034456329e-02,9.014972614165e-02,8.956560516511e-02,8.898788483500e-02,8.841647007110e-02,8.785126738607e-02,8.729218497617e-02,8.673913262095e-02,8.619202165515e-02,8.565076501187e-02,8.511527711073e-02,8.458547388781e-02,8.406127276075e-02,8.354259256773e-02,8.302935360233e-02,8.252147753489e-02,8.201888740442e-02,8.152150761218e-02,8.102926386026e-02,8.054208316420e-02,8.005989379184e-02,7.958262528023e-02,7.911020837457e-02,7.864257502245e-02,7.817965835702e-02,7.772139265265e-02,7.726771332816e-02,7.681855690848e-02,7.637386100084e-02,7.593356429325e-02,7.549760650944e-02,7.506592840460e-02,7.463847174372e-02,7.421517926886e-02,7.379599470263e-02,7.338086270951e-02,7.296972888335e-02,7.256253973835e-02,7.215924267449e-02,7.175978597805e-02
-5.433916654525e-02,-5.127856206256e-03,3.578168654691e-02,6.991803660358e-02,9.848671201570e-02,1.224476164616e-01,1.425717937967e-01,1.594835578328e-01,1.736921354442e-01,1.856156924483e-01,1.955997590034e-01,2.039314906995e-01,2.108508031906e-01,2.165591349825e-01,2.212263939427e-01,2.249965054506e-01,2.279918712632e-01,2.303169725879e-01,2.320613039070e-01,2.333017719369e-01,2.341046623133e-01,2.345272747310e-01,2.346192657390e-01,2.344237805557e-01,2.339783978356e-01,2.333159108767e-01,2.324650044160e-01,2.314508230562e-01,2.302954327263e-01,2.290182426586e-01,2.276363570529e-01,2.261648422994e-01,2.246169998498e-01,2.230045836418e-01,2.213379397875e-01,2.196261872029e-01,2.178773453969e-01,2.160983980277e-01,2.142954232002e-01,2.124736761645e-01,2.106376520383e-01,2.087912136524e-01,2.069376792510e-01,2.050799459533e-01,2.032205755528e-01,2.013619263723e-01,1.995061868789e-01,1.976554022595e-01,1.958115369834e-01,1.939764132179e-01,1.921516972801e-01,1.903389218508e-01,1.885394349798e-01,1.867544065098e-01,1.849848550240e-01,1.832316371287e-01,1.814954674342e-01,1.797769437020e-01,1.780765517273e-01,1.763946817656e-01,1.747316454403e-01,1.730876800641e-01,1.714629634020e-01,1.698576181270e-01,1.682717194796e-01,1.667053022913e-01,1.651583646585e-01,1.636308727404e-01,1.621227651392e-01,1.606339556799e-01,1.591643365992e-01,1.577137813929e-01,1.562821469499e-01,1.548692757765e-01,1.534749978698e-01,1.520991323882e-01,1.507414892571e-01,1.494018703629e-01,1.480800708994e-01,1.467758805592e-01,1.454890841593e-01,1.442194630800e-01,1.429667954181e-01,1.417308571428e-01,1.405114228293e-01,1.393082655721e-01,1.381211580748e-01,1.369498732037e-01,1.357941835151e-01,1.346538623536e-01,1.335286842626e-01,1.324184241504e-01,1.313228584274e-01,1.302417652854e-01,1.291749235669e-01,1.281221139429e-01,1.270831190702e-01,1.260577223108e-01,1.250457089262e-01,1.240468661428e-01,1.230609818427e-01,1.220878464806e-01,1.211272513257e-01,1.201789898592e-01,1.192428576726e-01,1.183186521117e-01,1.174061732187e-01,1.165052236588e-01,1.156156091311e-01,1.147371386953e-01,1.138696246758e-01,1.130128836623e-01,1.121667360729e-01,1.113310059633e-01,1.105055223049e-01,1.096901178833e-01,1.088846290190e-01,1.080888968667e-01,1.073027659623e-01,1.065260839312e-01,1.057587028406e-01,1.050004767770e-01,1.042512639011e-01,1.035109247176e-01,1.027793220393e-01,1.020563219891e-01,1.013417926951e-01,1.006356043103e-01,9.993762980390e-02,9.924774398287e-02,9.856582353033e-02,9.789174760396e-02,9.722539713155e-02,9.656665484635e-02,9.591540572285e-02,9.527153647931e-02,9.463493559991e-02,9.400549364200e-02,9.338310288625e-02,9.276765734357e-02,9.215905299061e-02,9.155718738083e-02,9.096195997193e-02,9.037327186763e-02,8.979102582656e-02,8.921512638063e-02,8.864547966003e-02,8.808199338955e-02,8.752457696561e-02,8.697314132504e-02,8.642759893233e-02,8.588786382848e-02,8.535385152965e-02,8.482547900871e-02,8.430266472530e-02,8.378532854493e-02,8.327339171736e-02,8.276677689413e-02,8.226540806197e-02,8.176921051961e-02,8.127811089100e-02,8.079203704650e-02,8.031091813272e-02,7.983468451228e-02,7.936326774315e-02,7.889660058307e-02,7.843461693899e-02,7.797725184657e-02,7.752444147182e-02,7.707612306607e-02,7.663223494572e-02,7.619271649220e-02,7.575750811138e-02,7.532655121373e-02,7.489978821339e-02,7.447716249113e-02,7.405861837511e-02,7.364410113955e-02,7.323355697060e-02,7.282693294787e-02,7.242417704485e-02
-5.419249885720e-02,-4.785559815021e-03,3.629324491103e-02,7.057655735747e-02,9.927320264346e-02,1.233457990980e-01,1.435676381309e-01,1.605649088752e-01,1.748484143811e-01,1.868376535631e-01,1.968792907246e-01,2.052614521628e-01,2.122248881980e-01,2.179717576680e-01,2.226725940300e-01,2.264718677200e-01,2.294924555066e-01,2.318392562583e-01,2.336021316978e-01,2.348583114315e-01,2.356743671597e-01,2.361078514306e-01,2.362086455046e-01,2.360200939412e-01,2.355799500731e-01,2.349211686116e-01,2.340725732376e-01,2.330594272639e-01,2.319039184471e-01,2.306255533052e-01,2.292415166135e-01,2.277669685570e-01,2.262152938655e-01,2.245983036906e-01,2.229264307306e-01,2.212088838125e-01,2.194537465498e-01,2.176681031080e-01,2.158581305299e-01,2.140291770151e-01,2.121858304825e-01,2.103320345952e-01,2.084711598384e-01,2.066061265382e-01,2.047394978648e-01,2.028735817707e-01,2.010105185337e-01,1.991523134633e-01,1.973008500055e-01,1.954579280522e-01,1.936252119150e-01,1.918042181176e-01,1.899963088213e-01,1.882026908177e-01,1.864244020203e-01,1.846623242639e-01,1.829172052925e-01,1.811896635970e-01,1.794802050053e-01,1.777892380377e-01,1.761170888349e-01,1.744640066708e-01,1.728301796361e-01,1.712157390068e-01,1.696207674853e-01,1.680453056731e-01,1.664893572151e-01,1.649528929988e-01,1.634358552689e-01,1.619381614781e-01,1.604597069467e-01,1.590003677102e-01,1.575600029888e-01,1.561384573268e-01,1.547355624626e-01,1.533511391124e-01,1.519849984574e-01,1.506369435372e-01,1.493067705241e-01,1.479942698542e-01,1.466992270250e-01,1.454214239172e-01,1.441606390629e-01,1.429166487359e-01,1.416892275746e-01,1.404781490358e-01,1.392831858006e-01,1.381041104476e-01,1.369406959889e-01,1.357927155595e-01,1.346599432546e-01,1.335421543609e-01,1.324391254290e-01,1.313506340638e-01,1.302764595790e-01,1.292163831734e-01,1.281701871488e-01,1.271376555674e-01,1.261185743065e-01,1.251127309837e-01,1.241199141932e-01,1.231399151282e-01,1.221725257571e-01,1.212175401865e-01,1.202747544624e-01,1.193439664991e-01,1.184249763429e-01,1.175175866181e-01,1.166216025922e-01,1.157368325375e-01,1.148630880606e-01,1.140001842034e-01,1.131479396929e-01,1.123061774778e-01,1.114747243902e-01,1.106534110038e-01,1.098420724809e-01,1.090405478622e-01,1.082486798666e-01,1.074663147991e-01,1.066933032575e-01,1.059294980661e-01,1.051747562768e-01,1.044289374655e-01,1.036919038608e-01,1.029635204895e-01,1.022436550942e-01,1.015321776050e-01,1.008289600173e-01,1.001338769784e-01,9.944680505198e-02,9.876762277363e-02,9.809621071745e-02,9.743245159212e-02,9.677622990534e-02,9.612743197148e-02,9.548594616294e-02,9.485166263508e-02,9.422447331938e-02,9.360427193417e-02,9.299095411264e-02,9.238441704604e-02,9.178455983947e-02,9.119128323334e-02,9.060448964088e-02,9.002408316641e-02,8.944996958485e-02,8.888205626700e-02,8.832025215677e-02,8.776446782648e-02,8.721461537318e-02,8.667060840861e-02,8.613236204779e-02,8.559979290050e-02,8.507281901136e-02,8.455135983853e-02,8.403533626299e-02,8.352467053373e-02,8.301928624436e-02,8.251910831217e-02,8.202406297578e-02,8.153407772276e-02,8.104908132134e-02,8.056900375904e-02,8.009377622741e-02,7.962333110613e-02,7.915760194226e-02,7.869652341824e-02,7.824003132886e-02,7.778806257787e-02,7.734055513980e-02,7.689744804160e-02,7.645868134554e-02,7.602419613476e-02,7.559393448365e-02,7.516783943851e-02,7.474585501073e-02,7.432792614843e-02,7.391399871813e-02,7.350401948799e-02,7.309793612047e-02
-5.441098054561e-02,-4.768517255908e-03,3.651388803714e-02,7.097391322533e-02,9.982445824846e-02,1.240314707032e-01,1.443709861796e-01,1.614714739042e-01,1.758456452624e-01,1.879146073177e-01,1.980263878328e-01,2.064702754555e-01,2.134880167137e-01,2.192826286408e-01,2.240253873037e-01,2.278614071944e-01,2.309141273136e-01,2.332889383486e-01,2.350761338694e-01,2.363533223850e-01,2.371874111645e-01,2.376362487076e-01,2.377499789952e-01,2.375721795365e-01,2.371408092210e-01,2.364890077583e-01,2.356457639866e-01,2.346364866310e-01,2.334834884944e-01,2.322063983757e-01,2.308225099137e-01,2.293470731530e-01,2.277935576117e-01,2.261738649646e-01,2.244985202849e-01,2.227767979624e-01,2.210168755433e-01,2.192259326294e-01,2.174102478490e-01,2.155752617364e-01,2.137256654840e-01,2.118654932784e-01,2.099981839545e-01,2.081266995899e-01,2.062536190907e-01,2.043812285278e-01,2.025116203356e-01,2.006467495378e-01,1.987884608949e-01,1.969384964113e-01,1.950984926938e-01,1.932699722697e-01,1.914543080620e-01,1.896527205147e-01,1.878662706197e-01,1.860958790191e-01,1.843423181906e-01,1.826062321803e-01,1.808881495069e-01,1.791885005548e-01,1.775076276463e-01,1.758457943319e-01,1.742032009356e-01,1.725799890100e-01,1.709762501521e-01,1.693920321890e-01,1.678273452092e-01,1.662821658106e-01,1.647564412361e-01,1.632500930492e-01,1.617630203614e-01,1.602951026421e-01,1.588462020579e-01,1.574161657458e-01,1.560048277791e-01,1.546120109206e-01,1.532375281573e-01,1.518811841254e-01,1.505427764097e-01,1.492220965917e-01,1.479189312539e-01,1.466330631359e-01,1.453642715444e-01,1.441123333804e-01,1.428770237146e-01,1.416581164750e-01,1.404553847326e-01,1.392686012749e-01,1.380975390702e-01,1.369419716507e-01,1.358016733495e-01,1.346764193178e-01,1.335659860920e-01,1.324701516335e-01,1.313886957346e-01,1.303213992634e-01,1.292680450523e-01,1.282284176607e-01,1.272023036097e-01,1.261894907880e-01,1.251897686681e-01,1.242029291813e-01,1.232287651011e-01,1.222670712987e-01,1.213176444454e-01,1.203802832121e-01,1.194547880837e-01,1.185409618309e-01,1.176386097427e-01,1.167475397916e-01,1.158675628531e-01,1.149984931394e-01,1.141401483353e-01,1.132923498095e-01,1.124549225052e-01,1.116276958336e-01,1.108105029942e-01,1.100031811743e-01,1.092055712322e-01,1.084175182258e-01,1.076388710416e-01,1.068694811883e-01,1.061092044849e-01,1.053578994686e-01,1.046154276244e-01,1.038816530257e-01,1.031564426923e-01,1.024396661003e-01,1.017311949932e-01,1.010309033048e-01,1.003386671754e-01,9.965436502669e-02,9.897787717128e-02,9.830908590334e-02,9.764787534143e-02,9.699413177385e-02,9.634774321007e-02,9.570859950243e-02,9.507659226375e-02,9.445161500277e-02,9.383356301131e-02,9.322233316357e-02,9.261782424771e-02,9.201993667586e-02,9.142857254434e-02,9.084363558614e-02,9.026503121865e-02,8.969266646924e-02,8.912644994554e-02,8.856629181706e-02,8.801210380412e-02,8.746379917099e-02,8.692129266272e-02,8.638450049805e-02,8.585334033130e-02,8.532773127370e-02,8.480759381942e-02,8.429284983896e-02,8.378342254726e-02,8.327923650026e-02,8.278021756033e-02,8.228629284635e-02,8.179739076040e-02,8.131344092662e-02,8.083437417959e-02,8.036012253699e-02,7.989061918957e-02,7.942579847079e-02,7.896559583343e-02,7.850994782871e-02,7.805879208777e-02,7.761206730582e-02,7.716971321269e-02,7.673167055672e-02,7.629788108077e-02,7.586828751719e-02,7.544283355434e-02,7.502146382317e-02,7.460412387605e-02,7.419076017693e-02,7.378132008068e-02
-5.499070316375e-02,-5.073267462110e-03,3.644670002331e-02,7.111286861701e-02,1.001429705314e-01,1.245068890988e-01,1.449838941663e-01,1.622051344983e-01,1.766855579949e-01,1.888481512444e-01,1.990425314620e-01,2.075593393848e-01,2.146414778955e-01,2.204929575552e-01,2.252859118745e-01,2.291661992151e-01,2.322579057773e-01,2.346669877439e-01,2.364842337137e-01,2.377876874515e-01,2.386446401806e-01,2.391132790911e-01,2.392440484785e-01,2.390807920483e-01,2.386617051760e-01,2.380201359317e-01,2.371852619253e-01,2.361826604135e-01,2.350347922622e-01,2.337614179593e-01,2.323799485838e-01,2.309057463042e-01,2.293523865473e-01,2.277318602368e-01,2.260547726016e-01,2.243304954200e-01,2.225672972727e-01,2.207724558603e-01,2.189523438559e-01,2.171125051034e-01,2.152577364340e-01,2.133921706949e-01,2.115193287747e-01,2.096422315262e-01,2.077634871874e-01,2.058853874053e-01,2.040099909937e-01,2.021392009309e-01,2.002748150591e-01,1.984185346741e-01,1.965719675167e-01,1.947366141936e-01,1.929138449018e-01,1.911049043942e-01,1.893108832892e-01,1.875327249168e-01,1.857712320564e-01,1.840270767181e-01,1.823008148709e-01,1.805928995985e-01,1.789036923114e-01,1.772334731000e-01,1.755824565296e-01,1.739507962008e-01,1.723385939942e-01,1.707459067518e-01,1.691727519243e-01,1.676191127496e-01,1.660849424426e-01,1.645701677511e-01,1.630746923472e-01,1.615983996975e-01,1.601411555718e-01,1.587028103998e-01,1.572832011405e-01,1.558821531218e-01,1.544994816398e-01,1.531349934003e-01,1.517884877952e-01,1.504597580184e-01,1.491485921014e-01,1.478547740118e-01,1.465780841721e-01,1.453183004342e-01,1.440751986875e-01,1.428485534564e-01,1.416381384900e-01,1.404437271443e-01,1.392650927502e-01,1.381020091183e-01,1.369542507973e-01,1.358215933441e-01,1.347038137422e-01,1.336006900502e-01,1.325120020368e-01,1.314375311570e-01,1.303770606177e-01,1.293303755273e-01,1.282972627516e-01,1.272775107730e-01,1.262709098546e-01,1.252772526797e-01,1.242963328887e-01,1.233279462069e-01,1.223718901449e-01,1.214279640522e-01,1.204959692637e-01,1.195757090751e-01,1.186669889810e-01,1.177696170057e-01,1.168834038620e-01,1.160081632019e-01,1.151437117445e-01,1.142898697989e-01,1.134464612677e-01,1.126133138298e-01,1.117902590486e-01,1.109771323072e-01,1.101737729601e-01,1.093800244392e-01,1.085957339678e-01,1.078207516546e-01,1.070549319665e-01,1.062981322862e-01,1.055502130907e-01,1.048110377764e-01,1.040804723871e-01,1.033583856822e-01,1.026446490029e-01,1.019391359063e-01,1.012417221878e-01,1.005522857920e-01,9.987070660838e-02,9.919686681084e-02,9.853065039113e-02,9.787194324478e-02,9.722063314128e-02,9.657660965712e-02,9.593976421264e-02,9.530999006666e-02,9.468718222557e-02,9.407123728324e-02,9.346205374608e-02,9.285953173335e-02,9.226357303885e-02,9.167408110945e-02,9.109096100904e-02,9.051411942815e-02,8.994346465859e-02,8.937890653896e-02,8.882035644961e-02,8.826772728939e-02,8.772093343673e-02,8.717989077444e-02,8.664451661602e-02,8.611472969781e-02,8.559045015610e-02,8.507159949892e-02,8.455810059023e-02,8.404987762938e-02,8.354685611942e-02,8.304896282386e-02,8.255612579125e-02,8.206827429434e-02,8.158533881842e-02,8.110725103894e-02,8.063394379665e-02,8.016535108112e-02,7.970140800936e-02,7.924205079862e-02,7.878721674856e-02,7.833684422077e-02,7.789087261447e-02,7.744924235882e-02,7.701189488147e-02,7.657877259298e-02,7.614981886833e-02,7.572497802693e-02,7.530419531705e-02,7.488741689969e-02,7.447458982857e-02
-5.592865333449e-02,-5.697150730044e-03,3.609404409193e-02,7.099553666520e-02,1.002306404644e-01,1.247737743554e-01,1.454079271931e-01,1.627673223738e-01,1.773694689490e-01,1.896395017208e-01,1.999288512195e-01,2.085296978712e-01,2.156862588510e-01,2.216036726069e-01,2.264550448234e-01,2.303870754878e-01,2.335245825154e-01,2.359741600466e-01,2.378271550375e-01,2.391621019980e-01,2.400467241112e-01,2.405395896151e-01,2.406914803876e-01,2.405465392911e-01,2.401432274120e-01,2.395151291842e-01,2.386916315262e-01,2.376984986727e-01,2.365583610844e-01,2.352911305355e-01,2.339143515996e-01,2.324435083181e-01,2.308922814537e-01,2.292727690966e-01,2.275956742163e-01,2.258704632813e-01,2.241055035247e-01,2.223081642533e-01,2.204849161978e-01,2.186414130241e-01,2.167825577302e-01,2.149125877420e-01,2.130351171748e-01,2.111532406698e-01,2.092696137392e-01,2.073865448544e-01,2.055060846883e-01,2.036301030967e-01,2.017603431773e-01,1.998984561252e-01,1.980460173002e-01,1.962045061332e-01,1.943752944383e-01,1.925596299031e-01,1.907586244248e-01,1.889732495477e-01,1.872043373531e-01,1.854525927012e-01,1.837186001503e-01,1.820028367440e-01,1.803056861804e-01,1.786274474395e-01,1.769683514363e-01,1.753285656972e-01,1.737082040280e-01,1.721073335399e-01,1.705259806773e-01,1.689641363985e-01,1.674217606133e-01,1.658987861306e-01,1.643951220764e-01,1.629106567116e-01,1.614452601271e-01,1.599987865561e-01,1.585710764262e-01,1.571619581880e-01,1.557712499520e-01,1.543987609479e-01,1.530442928183e-01,1.517076408024e-01,1.503885947567e-01,1.490869402470e-01,1.478024591550e-01,1.465349306095e-01,1.452841316255e-01,1.440498377150e-01,1.428318234327e-01,1.416298628610e-01,1.404437300750e-01,1.392731994960e-01,1.381180461131e-01,1.369780459280e-01,1.358529761400e-01,1.347426153479e-01,1.336467437147e-01,1.325651430952e-01,1.314975972477e-01,1.304438916022e-01,1.294038134697e-01,1.283771521001e-01,1.273636984566e-01,1.263632459726e-01,1.253755891849e-01,1.244005247220e-01,1.234378510184e-01,1.224873683300e-01,1.215488787810e-01,1.206221864471e-01,1.197070974982e-01,1.188034203010e-01,1.179109656187e-01,1.170295469309e-01,1.161589806166e-01,1.152990861925e-01,1.144496865357e-01,1.136106080769e-01,1.127816808405e-01,1.119627388048e-01,1.111536198228e-01,1.103541655530e-01,1.095642216305e-01,1.087836367078e-01,1.080122637992e-01,1.072499590219e-01,1.064965817289e-01,1.057519943344e-01,1.050160621429e-01,1.042886531858e-01,1.035696380177e-01,1.028588896537e-01,1.021562835681e-01,1.014616973427e-01,1.007750106834e-01,1.000961053445e-01,9.942486506393e-02,9.876117550897e-02,9.810492417858e-02,9.745600050881e-02,9.681429572896e-02,9.617970282391e-02,9.555211657756e-02,9.493143333907e-02,9.431755136718e-02,9.371037052343e-02,9.310979233354e-02,9.251571996630e-02,9.192805821241e-02,9.134671346323e-02,9.077159368212e-02,9.020260839334e-02,8.963966867429e-02,8.908268710040e-02,8.853157773747e-02,8.798625611881e-02,8.744663922215e-02,8.691264544651e-02,8.638419458249e-02,8.586120780668e-02,8.534360764508e-02,8.483131794877e-02,8.432426387987e-02,8.382237186036e-02,8.332556959830e-02,8.283378602742e-02,8.234695129548e-02,8.186499674210e-02,8.138785487677e-02,8.091545935720e-02,8.044774496659e-02,7.998464759430e-02,7.952610421829e-02,7.907205287840e-02,7.862243265894e-02,7.817718366893e-02,7.773624702265e-02,7.729956482057e-02,7.686708012862e-02,7.643873696494e-02,7.601448027825e-02,7.559425592961e-02,7.517801067817e-02
-5.722267839952e-02,-6.638278192108e-03,3.545758985595e-02,7.062340369178e-02,1.000888003484e-01,1.248333287317e-01,1.456441772743e-01,1.631590357903e-01,1.778982963498e-01,1.902895083291e-01,2.006861375937e-01,2.093820903942e-01,2.166230553556e-01,2.226154319374e-01,2.275334115410e-01,2.315246330228e-01,2.347147293533e-01,2.372110052279e-01,2.391054290980e-01,2.404770807197e-01,2.413941631210e-01,2.419156676604e-01,2.420927508234e-01,2.419698873774e-01,2.415858331623e-01,2.409744348056e-01,2.401653127977e-01,2.391844397327e-01,2.380546313601e-01,2.367959647624e-01,2.354261352862e-01,2.339607616746e-01,2.324136470569e-01,2.307970035717e-01,2.291216394406e-01,2.273971205146e-01,2.256319086199e-01,2.238334745009e-01,2.220083932125e-01,2.201624247147e-01,2.183005803716e-01,2.164272061939e-01,2.145460182043e-01,2.126601975284e-01,2.107724633883e-01,2.088851593483e-01,2.070003410109e-01,2.051198568555e-01,2.032454133967e-01,2.013786184078e-01,1.995210007682e-01,1.976740106283e-01,1.958390070723e-01,1.940172397099e-01,1.922098382506e-01,1.904178011548e-01,1.886419919794e-01,1.868831451763e-01,1.851418748027e-01,1.834186856997e-01,1.817139863811e-01,1.800280971248e-01,1.783612673935e-01,1.767136806286e-01,1.750854643086e-01,1.734766973407e-01,1.718874164062e-01,1.703176214086e-01,1.687672801614e-01,1.672363324407e-01,1.657246935062e-01,1.642322571777e-01,1.627588985368e-01,1.613044763009e-01,1.598688349647e-01,1.584518066517e-01,1.570532127808e-01,1.556728655710e-01,1.543105693782e-01,1.529661218932e-01,1.516393151902e-01,1.503299368057e-01,1.490377704266e-01,1.477625967872e-01,1.465041943379e-01,1.452623398698e-01,1.440368090739e-01,1.428273770402e-01,1.416338187010e-01,1.404559092238e-01,1.392934243561e-01,1.381461407260e-01,1.370138361006e-01,1.358962896533e-01,1.347932820472e-01,1.337045955964e-01,1.326300144447e-01,1.315693246102e-01,1.305223140349e-01,1.294887726083e-01,1.284684920012e-01,1.274612663890e-01,1.264668912131e-01,1.254851640248e-01,1.245158842267e-01,1.235588530605e-01,1.226138736175e-01,1.216807508779e-01,1.207592917857e-01,1.198493053622e-01,1.189506028568e-01,1.180629979323e-01,1.171863068753e-01,1.163203488013e-01,1.154649459007e-01,1.146199236881e-01,1.137851111482e-01,1.129603408914e-01,1.121454492555e-01,1.113402763544e-01,1.105446662570e-01,1.097584661464e-01,1.089815275163e-01,1.082137051263e-01,1.074548570956e-01,1.067048447400e-01,1.059635324033e-01,1.052307872899e-01,1.045064793048e-01,1.037904809046e-01,1.030826669625e-01,1.023829146476e-01,1.016911033207e-01,1.010071144034e-01,1.003308313979e-01,9.966213977756e-02,9.900092688454e-02,9.834708191564e-02,9.770049588243e-02,9.706106157667e-02,9.642867359164e-02,9.580322806515e-02,9.518462304032e-02,9.457275815530e-02,9.396753470191e-02,9.336885560437e-02,9.277662539844e-02,9.219075021062e-02,9.161113773724e-02,9.103769722345e-02,9.047033944193e-02,8.990897667134e-02,8.935352267453e-02,8.880389267156e-02,8.826000332966e-02,8.772177273508e-02,8.718912036479e-02,8.666196706801e-02,8.614023504356e-02,8.562384781710e-02,8.511273022534e-02,8.460680836319e-02,8.410600961173e-02,8.361026257857e-02,8.311949708614e-02,8.263364414973e-02,8.215263595582e-02,8.167640584069e-02,8.120488826917e-02,8.073801881381e-02,8.027573413426e-02,7.981797195700e-02,7.936467105533e-02,7.891577122855e-02,7.847121328534e-02,7.803093902373e-02,7.759489121094e-02,7.716301356600e-02,7.673525074165e-02,7.631154830673e-02,7.589185273119e-02
-5.887145698597e-02,-7.895505687941e-03,3.453833663166e-02,6.999735010479e-02,9.971823261937e-02,1.246862537044e-01,1.456932788218e-01,1.633808534890e-01,1.782725727079e-01,1.907986652603e-01,2.013148530133e-01,2.101169531174e-01,2.174522817754e-01,2.235286318005e-01,2.285213931926e-01,2.325792404723e-01,2.358287051189e-01,2.383778743526e-01,2.403194005585e-01,2.417329632198e-01,2.426872928734e-01,2.432418458780e-01,2.434481901902e-01,2.433511650907e-01,2.429898500941e-01,2.423983797495e-01,2.416066310661e-01,2.406408055059e-01,2.395239233074e-01,2.382762445629e-01,2.369156287835e-01,2.354578424956e-01,2.339168226285e-01,2.323049019857e-01,2.306330018990e-01,2.289107962297e-01,2.271468501991e-01,2.253487371480e-01,2.235231362717e-01,2.216759146798e-01,2.198121934215e-01,2.179364295466e-01,2.160524473540e-01,2.141635247053e-01,2.122724589672e-01,2.103816461966e-01,2.084931648955e-01,2.066088577504e-01,2.047304028814e-01,2.028593669976e-01,2.009972364119e-01,1.991454267930e-01,1.973052768725e-01,1.954780335722e-01,1.936648357774e-01,1.918667019387e-01,1.900845240082e-01,1.883190679119e-01,1.865709793204e-01,1.848407929225e-01,1.831289444561e-01,1.814357779158e-01,1.797615635765e-01,1.781065028927e-01,1.764707388767e-01,1.748543638618e-01,1.732574261906e-01,1.716799359578e-01,1.701218699427e-01,1.685831758605e-01,1.670637760432e-01,1.655635706432e-01,1.640824404371e-01,1.626202492911e-01,1.611768463390e-01,1.597520679134e-01,1.583457392639e-01,1.569576760895e-01,1.555876859087e-01,1.542355692855e-01,1.529011209079e-01,1.515841306595e-01,1.502843843813e-01,1.490016647453e-01,1.477357519502e-01,1.464864243610e-01,1.452534590828e-01,1.440366324733e-01,1.428357205996e-01,1.416504996448e-01,1.404807462656e-01,1.393262379078e-01,1.381867530792e-01,1.370620715838e-01,1.359519747192e-01,1.348562454388e-01,1.337746684805e-01,1.327070304631e-01,1.316531199538e-01,1.306127275074e-01,1.295856455149e-01,1.285716688879e-01,1.275705939692e-01,1.265822192338e-01,1.256063450676e-01,1.246427737378e-01,1.236913093767e-01,1.227517579862e-01,1.218239274707e-01,1.209076277032e-01,1.200026706288e-01,1.191088704041e-01,1.182260435701e-01,1.173540092499e-01,1.164925893620e-01,1.156416088360e-01,1.148008958168e-01,1.139702818454e-01,1.131496020033e-01,1.123386950136e-01,1.115374034646e-01,1.107455731109e-01,1.099630539070e-01,1.091896991950e-01,1.084253657714e-01,1.076699137457e-01,1.069232063845e-01,1.061851099484e-01,1.054554935294e-01,1.047342288935e-01,1.040211903342e-01,1.033162545384e-01,1.026193004661e-01,1.019302092453e-01,1.012488640805e-01,1.005751501740e-01,9.990895465933e-02,9.925016654458e-02,9.859867666417e-02,9.795437763795e-02,9.731716389519e-02,9.668693139219e-02,9.606357798520e-02,9.544700312153e-02,9.483710789220e-02,9.423379501002e-02,9.363696878855e-02,9.304653512138e-02,9.246240146168e-02,9.188447680170e-02,9.131267165221e-02,9.074689802167e-02,9.018706939531e-02,8.963310071383e-02,8.908490835196e-02,8.854241009685e-02,8.800552512620e-02,8.747417398632e-02,8.694827857013e-02,8.642776209501e-02,8.591254908853e-02,8.540256533367e-02,8.489773789867e-02,8.439799507853e-02,8.390326638306e-02,8.341348251526e-02,8.292857534996e-02,8.244847791270e-02,8.197312435874e-02,8.150244995247e-02,8.103639104695e-02,8.057488506382e-02,8.011787047349e-02,7.966528677555e-02,7.921707447964e-02,7.877317508645e-02,7.833353106919e-02,7.789808585527e-02,7.746678380838e-02,7.703957021084e-02,7.661639124881e-02
-6.087447413974e-02,-9.468411723767e-03,3.333663307417e-02,6.911766797416e-02,9.911918565010e-02,1.243327642206e-01,1.455554215775e-01,1.634329466068e-01,1.784924558548e-01,1.911671212790e-01,2.018151405961e-01,2.107344262535e-01,2.181740776055e-01,2.243434128477e-01,2.294191331469e-01,2.335510451110e-01,2.368666617636e-01,2.394749246472e-01,2.414692324178e-01,2.429299186249e-01,2.439262888587e-01,2.445183063492e-01,2.447579872481e-01,2.446905678958e-01,2.443554803556e-01,2.437871727917e-01,2.430158016586e-01,2.420678177898e-01,2.409664642761e-01,2.397322006705e-01,2.383830653581e-01,2.369349857377e-01,2.354020440748e-01,2.337967054132e-01,2.321300127295e-01,2.304117535502e-01,2.286506015139e-01,2.268542358862e-01,2.250294418464e-01,2.231821945009e-01,2.213177253566e-01,2.194406044417e-01,2.175547676510e-01,2.156635972855e-01,2.137699808877e-01,2.118763828815e-01,2.099849226170e-01,2.080974542751e-01,2.062156412989e-01,2.043410173611e-01,2.024750279078e-01,2.006190504338e-01,1.987743962469e-01,1.969422998333e-01,1.951239030488e-01,1.933202403217e-01,1.915322287649e-01,1.897606646338e-01,1.880062256922e-01,1.862694780315e-01,1.845508867841e-01,1.828508218658e-01,1.811695768727e-01,1.795073734424e-01,1.778643720794e-01,1.762406802765e-01,1.746363595562e-01,1.730514315324e-01,1.714858831149e-01,1.699396709853e-01,1.684127254610e-01,1.669049538451e-01,1.654162433480e-01,1.639464636481e-01,1.624954691461e-01,1.610631009596e-01,1.596491886930e-01,1.582535520136e-01,1.568760020584e-01,1.555163426922e-01,1.541743716183e-01,1.528498814514e-01,1.515426605385e-01,1.502524938250e-01,1.489791635745e-01,1.477224500252e-01,1.464821319780e-01,1.452579873235e-01,1.440497935124e-01,1.428573279756e-01,1.416803684953e-01,1.405186935340e-01,1.393720825212e-01,1.382403161028e-01,1.371231763533e-01,1.360204469547e-01,1.349319133410e-01,1.338573628130e-01,1.327965846224e-01,1.317493700284e-01,1.307155121652e-01,1.296948067116e-01,1.286870508784e-01,1.276920440551e-01,1.267095876063e-01,1.257394848338e-01,1.247815409441e-01,1.238355630279e-01,1.229013600591e-01,1.219787429210e-01,1.210675244643e-01,1.201675195999e-01,1.192785454277e-01,1.184004213959e-01,1.175329694865e-01,1.166760144164e-01,1.158293838418e-01,1.149929085539e-01,1.141664226539e-01,1.133497636943e-01,1.125427729376e-01,1.117452947851e-01,1.109571777199e-01,1.101782736566e-01,1.094084380167e-01,1.086475296195e-01,1.078954105500e-01,1.071519460099e-01,1.064170041604e-01,1.056904559644e-01,1.049721750327e-01,1.042620374801e-01,1.035599217917e-01,1.028657087039e-01,1.021792810981e-01,1.015005239090e-01,1.008293240448e-01,1.001655703191e-01,9.950915339348e-02,9.885996572780e-02,9.821790160672e-02,9.758285681928e-02,9.695472907108e-02,9.633341764779e-02,9.571882347044e-02,9.511084907215e-02,9.450939857622e-02,9.391437767512e-02,9.332569361001e-02,9.274325515059e-02,9.216697257499e-02,9.159675764961e-02,9.103252360889e-02,9.047418513482e-02,8.992165833626e-02,8.937486072811e-02,8.883371121028e-02,8.829813004642e-02,8.776803884263e-02,8.724336052607e-02,8.672401933227e-02,8.620994074698e-02,8.570105154192e-02,8.519727971368e-02,8.469855447280e-02,8.420480622259e-02,8.371596653811e-02,8.323196814537e-02,8.275274490067e-02,8.227823177023e-02,8.180836480997e-02,8.134308114568e-02,8.088231895331e-02,8.042601743966e-02,7.997411682327e-02,7.952655831564e-02,7.908328410278e-02,7.864423732701e-02,7.820936206910e-02,7.777860333070e-02,7.735190701976e-02
-6.323200072277e-02,-1.135727924344e-02,3.185219338809e-02,6.798407551360e-02,9.829138674104e-02,1.237726003939e-01,1.452303611644e-01,1.633150881838e-01,1.785577375490e-01,1.913946876966e-01,2.021868316816e-01,2.112343613671e-01,2.187883146205e-01,2.250596668382e-01,2.302265427769e-01,2.344399775563e-01,2.378285486823e-01,2.405021237469e-01,2.425549099754e-01,2.440679492937e-01,2.451111698706e-01,2.457450836894e-01,2.460221917990e-01,2.459881601447e-01,2.456828022160e-01,2.451409054941e-01,2.443929288198e-01,2.434655929241e-01,2.423823821488e-01,2.411639720095e-01,2.398285945504e-01,2.383923512390e-01,2.368694813610e-01,2.352725923999e-01,2.336128576762e-01,2.319001875861e-01,2.301433686595e-01,2.283501894174e-01,2.265275432936e-01,2.246815144261e-01,2.228174453025e-01,2.209400206474e-01,2.190532890273e-01,2.171607425486e-01,2.152653683771e-01,2.133697130055e-01,2.114759535513e-01,2.095859735976e-01,2.077014379141e-01,2.058238585728e-01,2.039546454713e-01,2.020951371573e-01,2.002466120874e-01,1.984102844349e-01,1.965872908944e-01,1.947786731976e-01,1.929853711608e-01,1.912082095648e-01,1.894478977407e-01,1.877050340523e-01,1.859801148063e-01,1.842735377058e-01,1.825856223875e-01,1.809166128825e-01,1.792666892341e-01,1.776359759317e-01,1.760245493003e-01,1.744324438949e-01,1.728596580010e-01,1.713061583609e-01,1.697718842440e-01,1.682567509656e-01,1.667606529436e-01,1.652834663683e-01,1.638250515455e-01,1.623852549504e-01,1.609639111020e-01,1.595608441394e-01,1.581758692832e-01,1.568087941339e-01,1.554594198177e-01,1.541275420689e-01,1.528129520995e-01,1.515154374685e-01,1.502347828259e-01,1.489707705863e-01,1.477231815326e-01,1.464917953582e-01,1.452763911516e-01,1.440767478295e-01,1.428926445223e-01,1.417238609153e-01,1.405701775502e-01,1.394313760875e-01,1.383072395338e-01,1.371975524906e-01,1.361021011744e-01,1.350206736503e-01,1.339530599297e-01,1.328990520308e-01,1.318584438670e-01,1.308310319398e-01,1.298166142907e-01,1.288149912140e-01,1.278259650394e-01,1.268493400943e-01,1.258849226635e-01,1.249325209536e-01,1.239919450682e-01,1.230630070026e-01,1.221455206630e-01,1.212393019164e-01,1.203441686729e-01,1.194599410032e-01,1.185864412848e-01,1.177234943668e-01,1.168709277525e-01,1.160285718306e-01,1.151962600419e-01,1.143738290468e-01,1.135611190035e-01,1.127579730950e-01,1.119642384707e-01,1.111797656686e-01,1.104044087335e-01,1.096380251503e-01,1.088804757445e-01,1.081316245581e-01,1.073913387080e-01,1.066594882363e-01,1.059359459566e-01,1.052205873052e-01,1.045132901983e-01,1.038139349011e-01,1.031224039082e-01,1.024385817822e-01,1.017623552224e-01,1.010936128436e-01,1.004322451247e-01,9.977814436603e-02,9.913120471734e-02,9.849132179701e-02,9.785839320167e-02,9.723231807961e-02,9.661299720912e-02,9.600033297275e-02,9.539422933389e-02,9.479459181471e-02,9.420132747521e-02,9.361434489300e-02,9.303355414332e-02,9.245886677938e-02,9.189019581258e-02,9.132745569279e-02,9.077056228837e-02,9.021943285849e-02,8.967398605527e-02,8.913414188331e-02,8.859982168204e-02,8.807094810734e-02,8.754744512093e-02,8.702923792547e-02,8.651625301496e-02,8.600841810249e-02,8.550566211341e-02,8.500791516461e-02,8.451510854389e-02,8.402717468953e-02,8.354404716999e-02,8.306566066382e-02,8.259195093975e-02,8.212285483706e-02,8.165831024614e-02,8.119825608935e-02,8.074263230208e-02,8.029137981258e-02,7.984444052810e-02,7.940175731305e-02,7.896327397166e-02,7.852893523098e-02,7.809868672655e-02
-6.594507681493e-02,-1.356308098426e-02,3.008411031409e-02,6.659572865085e-02,9.723405247175e-02,1.230050367998e-01,1.447174274608e-01,1.630266607273e-01,1.784678503089e-01,1.914808445277e-01,2.024294513670e-01,2.116163263285e-01,2.192946012671e-01,2.256770407144e-01,2.309433055564e-01,2.352457557389e-01,2.387141163487e-01,2.414592529748e-01,2.435762438867e-01,2.451468936706e-01,2.462418006752e-01,2.469220674432e-01,2.472407167779e-01,2.472438768207e-01,2.469717714025e-01,2.464595530548e-01,2.457380059717e-01,2.448341413322e-01,2.437717031531e-01,2.425716008190e-01,2.412522746261e-01,2.398300130284e-01,2.383192242553e-01,2.367326687077e-01,2.350816590569e-01,2.333762319376e-01,2.316252948006e-01,2.298367529804e-01,2.280176123577e-01,2.261740647499e-01,2.243115641467e-01,2.224349102725e-01,2.205482657456e-01,2.186552361466e-01,2.167589154484e-01,2.148619435332e-01,2.129665703595e-01,2.110747261596e-01,2.091880939176e-01,2.073081738454e-01,2.054363499588e-01,2.035739267929e-01,2.017221479578e-01,1.998822013253e-01,1.980552105951e-01,1.962422209244e-01,1.944441844014e-01,1.926619479854e-01,1.908962513959e-01,1.891477275312e-01,1.874169050810e-01,1.857042112591e-01,1.840099940984e-01,1.823345222751e-01,1.806779975195e-01,1.790405632808e-01,1.774223124361e-01,1.758232940196e-01,1.742435190374e-01,1.726829653425e-01,1.711415823326e-01,1.696192942917e-01,1.681160036438e-01,1.666315938132e-01,1.651659316679e-01,1.637188696676e-01,1.622902477609e-01,1.608798950594e-01,1.594876313564e-01,1.581132684473e-01,1.567566112976e-01,1.554174591487e-01,1.540956064469e-01,1.527908437107e-01,1.515029583028e-01,1.502317351218e-01,1.489769572239e-01,1.477384063797e-01,1.465158635741e-01,1.453091094982e-01,1.441179248451e-01,1.429420907211e-01,1.417813889785e-01,1.406356024753e-01,1.395045153161e-01,1.383879130602e-01,1.372855828978e-01,1.361973138501e-01,1.351228968132e-01,1.340621245647e-01,1.330147918488e-01,1.319806960162e-01,1.309596359555e-01,1.299514128645e-01,1.289558300273e-01,1.279726927821e-01,1.270018084815e-01,1.260429864499e-01,1.250960379455e-01,1.241607762313e-01,1.232370162813e-01,1.223245750080e-01,1.214232713178e-01,1.205329261399e-01,1.196533625318e-01,1.187844058142e-01,1.179258837306e-01,1.170776266057e-01,1.162394675193e-01,1.154112425693e-01,1.145927910870e-01,1.137839552853e-01,1.129845811418e-01,1.121945179331e-01,1.114136183858e-01,1.106417386558e-01,1.098787382704e-01,1.091244800384e-01,1.083788299349e-01,1.076416568383e-01,1.069128327331e-01,1.061922323195e-01,1.054797328388e-01,1.047752139889e-01,1.040785577943e-01,1.033896484879e-01,1.027083724051e-01,1.020346178419e-01,1.013682750634e-01,1.007092362697e-01,1.000573954731e-01,9.941264812054e-02,9.877489171730e-02,9.814402529236e-02,9.751994950363e-02,9.690256660875e-02,9.629178043908e-02,9.568749637580e-02,9.508962132786e-02,9.449806368550e-02,9.391273337239e-02,9.333354176858e-02,9.276040169012e-02,9.219322738155e-02,9.163193449652e-02,9.107644007835e-02,9.052666254056e-02,8.998252164052e-02,8.944393847230e-02,8.891083545077e-02,8.838313628300e-02,8.786076590543e-02,8.734365055209e-02,8.683171766851e-02,8.632489590979e-02,8.582311512051e-02,8.532630631448e-02,8.483440165477e-02,8.434733443381e-02,8.386503904968e-02,8.338745099737e-02,8.291450684116e-02,8.244614419512e-02,8.198230170591e-02,8.152291903406e-02,8.106793683557e-02,8.061729674370e-02,8.017094134968e-02,7.972881418757e-02,7.929085971823e-02,7.885702331083e-02
-6.901549890018e-02,-1.608746823381e-02,2.803086504553e-02,6.495122981887e-02,9.594589653466e-02,1.220288894941e-01,1.440155309273e-01,1.625666619711e-01,1.782218727262e-01,1.914247453628e-01,2.025422229105e-01,2.118796092183e-01,2.196922860441e-01,2.261949394280e-01,2.315688791990e-01,2.359678869618e-01,2.395229186966e-01,2.423459098693e-01,2.445328723534e-01,2.461664283243e-01,2.473178939146e-01,2.480490041872e-01,2.484133406964e-01,2.484575264967e-01,2.482222247896e-01,2.477429789946e-01,2.470509219528e-01,2.461733773790e-01,2.451343664907e-01,2.439550465871e-01,2.426540818150e-01,2.412479619120e-01,2.397512771325e-01,2.381769537469e-01,2.365364506616e-01,2.348399407019e-01,2.330964575573e-01,2.313140233838e-01,2.294997603835e-01,2.276599769691e-01,2.258002355124e-01,2.239254507849e-01,2.220399000210e-01,2.201473044010e-01,2.182508697363e-01,2.163533382110e-01,2.144570454800e-01,2.125639811990e-01,2.106758631139e-01,2.087942045290e-01,2.069203744885e-01,2.050556459943e-01,2.032012243035e-01,2.013582622653e-01,1.995278702711e-01,1.977110872988e-01,1.959088728532e-01,1.941220940003e-01,1.923515149783e-01,1.905977985751e-01,1.888615092026e-01,1.871431048031e-01,1.854429639544e-01,1.837613821643e-01,1.820985850380e-01,1.804547370442e-01,1.788299493863e-01,1.772242869497e-01,1.756377755038e-01,1.740704054659e-01,1.725221371436e-01,1.709929046538e-01,1.694826192646e-01,1.679911724011e-01,1.665184383122e-01,1.650642760540e-01,1.636285315967e-01,1.622110395694e-01,1.608116247984e-01,1.594301037185e-01,1.580662855796e-01,1.567199735258e-01,1.553909656148e-01,1.540790556770e-01,1.527840341197e-01,1.515056886396e-01,1.502438048695e-01,1.489981669851e-01,1.477685580951e-01,1.465547608258e-01,1.453565576957e-01,1.441737314842e-01,1.430060655913e-01,1.418533443226e-01,1.407153529859e-01,1.395918783126e-01,1.384827085782e-01,1.373876337630e-01,1.363064457656e-01,1.352389383885e-01,1.341849071787e-01,1.331441503792e-01,1.321164677556e-01,1.311016614197e-01,1.300995356055e-01,1.291098966481e-01,1.281325529850e-01,1.271673152094e-01,1.262139955148e-01,1.252724082391e-01,1.243423696297e-01,1.234236978277e-01,1.225162129215e-01,1.216197369137e-01,1.207340936392e-01,1.198591091536e-01,1.189946117284e-01,1.181404319980e-01,1.172964031003e-01,1.164623608341e-01,1.156381440299e-01,1.148235942338e-01,1.140185564764e-01,1.132228789576e-01,1.124364132116e-01,1.116590141340e-01,1.108905399317e-01,1.101308519602e-01,1.093798152095e-01,1.086372975725e-01,1.079031699312e-01,1.071773060203e-01,1.064595822141e-01,1.057498774435e-01,1.050480733444e-01,1.043540536778e-01,1.036677043927e-01,1.029889135196e-01,1.023175710027e-01,1.016535687655e-01,1.009968007671e-01,1.003471622689e-01,9.970455069211e-02,9.906886495545e-02,9.844000561150e-02,9.781787481296e-02,9.720237627087e-02,9.659341520383e-02,9.599089847186e-02,9.539473435590e-02,9.480483261319e-02,9.422110445723e-02,9.364346252550e-02,9.307182087378e-02,9.250609500166e-02,9.194620175461e-02,9.139205933926e-02,9.084358730437e-02,9.030070651130e-02,8.976333913604e-02,8.923140866599e-02,8.870483978889e-02,8.818355849799e-02,8.766749198807e-02,8.715656865995e-02,8.665071810086e-02,8.614987106312e-02,8.565395944105e-02,8.516291627370e-02,8.467667569809e-02,8.419517294046e-02,8.371834429720e-02,8.324612711392e-02,8.277845976863e-02,8.231528166109e-02,8.185653318171e-02,8.140215569889e-02,8.095209154137e-02,8.050628397845e-02,8.006467720706e-02,7.962721633924e-02
-7.244581065227e-02,-1.893276280227e-02,2.569033425705e-02,6.304863413675e-02,9.442513519137e-02,1.208425208427e-01,1.431231668988e-01,1.619337086407e-01,1.778185326664e-01,1.912252201601e-01,2.025240703749e-01,2.120232210335e-01,2.199804603712e-01,2.266125287317e-01,2.321024984915e-01,2.366056702375e-01,2.402543145122e-01,2.431615092099e-01,2.454242625266e-01,2.471260692090e-01,2.483390112762e-01,2.491254984683e-01,2.495397082993e-01,2.496287916426e-01,2.494338802701e-01,2.489909352477e-01,2.483314613360e-01,2.474831121135e-01,2.464702067908e-01,2.453141685948e-01,2.440339037014e-01,2.426461140853e-01,2.411655818772e-01,2.396054053775e-01,2.379772067174e-01,2.362913050585e-01,2.345568640150e-01,2.327820300006e-01,2.309740400690e-01,2.291393247012e-01,2.272835565723e-01,2.254117647133e-01,2.235283410599e-01,2.216371233482e-01,2.197414324000e-01,2.178441207687e-01,2.159476166425e-01,2.140539867801e-01,2.121650025434e-01,2.102822023868e-01,2.084069450089e-01,2.065404890195e-01,2.046840128133e-01,2.028386407009e-01,2.010054448900e-01,1.991854494602e-01,1.973796205518e-01,1.955888376184e-01,1.938138890062e-01,1.920554608856e-01,1.903141536345e-01,1.885904570095e-01,1.868847819193e-01,1.851974527153e-01,1.835287210400e-01,1.818787739093e-01,1.802477433682e-01,1.786357131411e-01,1.770427240164e-01,1.754687802745e-01,1.739138541579e-01,1.723778912339e-01,1.708608126004e-01,1.693625185095e-01,1.678828910162e-01,1.664217964806e-01,1.649790875949e-01,1.635546050458e-01,1.621481792264e-01,1.607596316412e-01,1.593887762781e-01,1.580354205933e-01,1.566993666420e-01,1.553804119261e-01,1.540783502369e-01,1.527929724118e-01,1.515240669658e-01,1.502714206508e-01,1.490348190438e-01,1.478140470050e-01,1.466088892042e-01,1.454191302340e-01,1.442445551867e-01,1.430849498938e-01,1.419401012580e-01,1.408097973942e-01,1.396938277352e-01,1.385919834109e-01,1.375040573150e-01,1.364298444407e-01,1.353691412491e-01,1.343217469137e-01,1.332874621242e-01,1.322660899304e-01,1.312574355239e-01,1.302613063759e-01,1.292775119415e-01,1.283058635629e-01,1.273461747695e-01,1.263982610770e-01,1.254619402141e-01,1.245370312526e-01,1.236233554208e-01,1.227207358517e-01,1.218289976688e-01,1.209479678556e-01,1.200774753542e-01,1.192173513912e-01,1.183674294936e-01,1.175275455861e-01,1.166975382729e-01,1.158772487744e-01,1.150665214507e-01,1.142652036721e-01,1.134731459752e-01,1.126902019929e-01,1.119162287217e-01,1.111510866283e-01,1.103946392681e-01,1.096467533528e-01,1.089072983257e-01,1.081761472271e-01,1.074531756194e-01,1.067382617288e-01,1.060312861926e-01,1.053321321734e-01,1.046406853261e-01,1.039568332905e-01,1.032804657687e-01,1.026114742271e-01,1.019497525511e-01,1.012951958084e-01,1.006477013305e-01,1.000071679229e-01,9.937349603834e-02,9.874658767339e-02,9.812634647245e-02,9.751267768207e-02,9.690548798655e-02,9.630468555988e-02,9.571017996633e-02,9.512188238206e-02,9.453970532201e-02,9.396356270405e-02,9.339336981116e-02,9.282904331942e-02,9.227050128767e-02,9.171766307385e-02,9.117044935026e-02,9.062878205581e-02,9.009258448396e-02,8.956178109539e-02,8.903629766308e-02,8.851606114903e-02,8.800099971670e-02,8.749104270332e-02,8.698612061962e-02,8.648616512904e-02,8.599110900992e-02,8.550088614707e-02,8.501543150151e-02,8.453468112732e-02,8.405857211666e-02,8.358704259325e-02,8.312003169091e-02,8.265747954292e-02,8.219932726658e-02,8.174551693446e-02,8.129599156261e-02,8.085069508741e-02,8.040957237077e-02
-7.623929716760e-02,-2.210195208851e-02,2.305979434376e-02,6.088545306637e-02,9.266949043201e-02,1.194438422709e-01,1.420384179580e-01,1.611260385681e-01,1.772562093098e-01,1.908807772228e-01,2.023736201790e-01,2.120458965732e-01,2.201579589376e-01,2.269287357774e-01,2.325431760034e-01,2.371581970031e-01,2.409074686047e-01,2.439052839393e-01,2.462497110850e-01,2.480251721724e-01,2.493045639531e-01,2.501510132232e-01,2.506193309472e-01,2.507572289764e-01,2.506063375675e-01,2.502030610697e-01,2.495792979880e-01,2.487630554349e-01,2.477789701937e-01,2.466487484315e-01,2.453915459163e-01,2.440242950309e-01,2.425619886823e-01,2.410179071693e-01,2.394038376215e-01,2.377302521931e-01,2.360064630727e-01,2.342407413726e-01,2.324404465575e-01,2.306121243507e-01,2.287615686785e-01,2.268939201097e-01,2.250136851823e-01,2.231248183446e-01,2.212307596568e-01,2.193344729688e-01,2.174384864665e-01,2.155449590718e-01,2.136557271240e-01,2.117723666542e-01,2.098962631007e-01,2.080286625830e-01,2.061707048336e-01,2.043234937589e-01,2.024880787390e-01,2.006654599905e-01,1.988565831517e-01,1.970623435053e-01,1.952835458834e-01,1.935209018747e-01,1.917750395199e-01,1.900464825940e-01,1.883356755692e-01,1.866429733334e-01,1.849686548700e-01,1.833129328828e-01,1.816759632009e-01,1.800578484514e-01,1.784586462640e-01,1.768783768197e-01,1.753170265966e-01,1.737745526685e-01,1.722508865972e-01,1.707459388090e-01,1.692596001884e-01,1.677917449719e-01,1.663422329885e-01,1.649109117131e-01,1.634976176208e-01,1.621021778033e-01,1.607244113956e-01,1.593641306042e-01,1.580211418791e-01,1.566952467629e-01,1.553862427883e-01,1.540939242453e-01,1.528180827971e-01,1.515585081487e-01,1.503149886382e-01,1.490873116212e-01,1.478752639401e-01,1.466786323741e-01,1.454972041023e-01,1.443307666511e-01,1.431791084971e-01,1.420420192810e-01,1.409192900346e-01,1.398107130557e-01,1.387160824456e-01,1.376351942688e-01,1.365678462181e-01,1.355138384068e-01,1.344729725114e-01,1.334450525604e-01,1.324298848367e-01,1.314272778081e-01,1.304370416908e-01,1.294589890459e-01,1.284929347512e-01,1.275386953714e-01,1.265960894073e-01,1.256649374432e-01,1.247450622779e-01,1.238362879354e-01,1.229384406283e-01,1.220513485423e-01,1.211748417893e-01,1.203087522427e-01,1.194529140846e-01,1.186071637330e-01,1.177713399095e-01,1.169452838345e-01,1.161288395090e-01,1.153218537697e-01,1.145241763248e-01,1.137356598713e-01,1.129561605756e-01,1.121855376276e-01,1.114236531454e-01,1.106703727311e-01,1.099255651608e-01,1.091891020734e-01,1.084608576093e-01,1.077407094743e-01,1.070285376700e-01,1.063242245916e-01,1.056276549614e-01,1.049387162308e-01,1.042572977032e-01,1.035832905515e-01,1.029165882794e-01,1.022570858089e-01,1.016046803590e-01,1.009592706054e-01,1.003207568299e-01,9.968904094948e-02,9.906402666295e-02,9.844561906084e-02,9.783372465896e-02,9.722825160525e-02,9.662910950337e-02,9.603620933741e-02,9.544946341957e-02,9.486878564879e-02,9.429409120272e-02,9.372529659436e-02,9.316231967086e-02,9.260507968146e-02,9.205349712324e-02,9.150749375374e-02,9.096699265861e-02,9.043191810582e-02,8.990219567018e-02,8.937775209997e-02,8.885851533044e-02,8.834441447617e-02,8.783537983837e-02,8.733134283732e-02,8.683223600298e-02,8.633799298927e-02,8.584854853505e-02,8.536383843828e-02,8.488379953234e-02,8.440836970995e-02,8.393748786264e-02,8.347109387359e-02,8.300912860235e-02,8.255153388283e-02,8.209825248343e-02,8.164922809416e-02,8.120440532655e-02
-8.039998252297e-02,-2.559868712882e-02,2.013592297204e-02,5.845865563501e-02,9.067619093600e-02,1.178303150030e-01,1.407589545124e-01,1.601415111218e-01,1.765329333261e-01,1.903896029777e-01,2.020892010632e-01,2.119460949780e-01,2.202233602863e-01,2.271422488675e-01,2.328897015038e-01,2.376243510580e-01,2.414813514152e-01,2.445762850433e-01,2.470083437068e-01,2.488629327345e-01,2.502138124173e-01,2.511248695478e-01,2.516515863856e-01,2.518422692341e-01,2.517390771071e-01,2.513788821872e-01,2.507940023516e-01,2.500128209246e-01,2.490603067557e-01,2.479584655244e-01,2.467267262521e-01,2.453822630322e-01,2.439402802993e-01,2.424142624367e-01,2.408161754182e-01,2.391566482932e-01,2.374451404934e-01,2.356900675016e-01,2.338989110379e-01,2.320783355097e-01,2.302342577866e-01,2.283719308855e-01,2.264959759121e-01,2.246104637278e-01,2.227189587837e-01,2.208245276395e-01,2.189298140784e-01,2.170370768889e-01,2.151482283704e-01,2.132649064803e-01,2.113885211574e-01,2.095203235435e-01,2.076614577674e-01,2.058129816632e-01,2.039759144644e-01,2.021512424375e-01,2.003398937377e-01,1.985427503906e-01,1.967606360780e-01,1.949942829613e-01,1.932443425552e-01,1.915113719290e-01,1.897958495796e-01,1.880981621272e-01,1.864186162283e-01,1.847574560308e-01,1.831148601917e-01,1.814909518052e-01,1.798858097986e-01,1.782994709760e-01,1.767319358509e-01,1.751831753745e-01,1.736531335428e-01,1.721417307112e-01,1.706488675507e-01,1.691744272352e-01,1.677182774484e-01,1.662802728133e-01,1.648602565687e-01,1.634580619029e-01,1.620735135482e-01,1.607064289067e-01,1.593566192334e-01,1.580238904907e-01,1.567080443106e-01,1.554088787457e-01,1.541261889669e-01,1.528597679690e-01,1.516094070129e-01,1.503748962036e-01,1.491560250410e-01,1.479525826468e-01,1.467643582040e-01,1.455911414357e-01,1.444327226821e-01,1.432888931726e-01,1.421594455003e-01,1.410441736020e-01,1.399428728163e-01,1.388553404141e-01,1.377813754103e-01,1.367207789629e-01,1.356733538142e-01,1.346389050289e-01,1.336172401546e-01,1.326081682459e-01,1.316115007376e-01,1.306270515899e-01,1.296546362898e-01,1.286940725274e-01,1.277451804195e-01,1.268077815940e-01,1.258816996220e-01,1.249667603440e-01,1.240627911503e-01,1.231696211919e-01,1.222870818003e-01,1.214150060369e-01,1.205532288008e-01,1.197015872569e-01,1.188599206329e-01,1.180280704448e-01,1.172058806575e-01,1.163931978997e-01,1.155898712987e-01,1.147957531434e-01,1.140106986345e-01,1.132345656688e-01,1.124672157023e-01,1.117085132276e-01,1.109583254027e-01,1.102165228840e-01,1.094829793048e-01,1.087575707120e-01,1.080401762472e-01,1.073306778297e-01,1.066289594385e-01,1.059349076153e-01,1.052484114302e-01,1.045693616853e-01,1.038976513976e-01,1.032331752969e-01,1.025758304496e-01,1.019255153678e-01,1.012821300252e-01,1.006455765449e-01,1.000157584197e-01,9.939258050200e-02,9.877594947929e-02,9.816577341887e-02,9.756196168934e-02,9.696442527751e-02,9.637307655220e-02,9.578782914680e-02,9.520859816132e-02,9.463530006477e-02,9.406785256030e-02,9.350617470734e-02,9.295018690526e-02,9.239981075600e-02,9.185496915404e-02,9.131558620059e-02,9.078158729594e-02,9.025289899487e-02,8.972944900667e-02,8.921116628456e-02,8.869798090127e-02,8.818982403759e-02,8.768662803672e-02,8.718832632674e-02,8.669485339557e-02,8.620614482190e-02,8.572213722766e-02,8.524276824571e-02,8.476797653507e-02,8.429770175277e-02,8.383188451803e-02,8.337046641686e-02,8.291338998679e-02,8.246059867956e-02,8.201203686295e-02
-8.493263056363e-02,-2.942728354500e-02,1.691479801554e-02,5.576466727706e-02,8.844197088089e-02,1.159989488179e-01,1.392820335249e-01,1.589776058950e-01,1.756463856037e-01,1.897495610831e-01,2.016688429681e-01,2.117219978991e-01,2.201749853964e-01,2.272515167847e-01,2.331406411772e-01,2.380028070130e-01,2.419747380313e-01,2.451733804484e-01,2.476991145217e-01,2.496383851504e-01,2.510658655173e-01,2.520462458294e-01,2.526357179115e-01,2.528832168579e-01,2.528314588932e-01,2.525178124394e-01,2.519750396839e-01,2.512319172472e-01,2.503137678866e-01,2.492429190160e-01,2.480390791184e-01,2.467196800358e-01,2.453001622257e-01,2.437942105954e-01,2.422139835358e-01,2.405702844000e-01,2.388727202099e-01,2.371298576504e-01,2.353493094046e-01,2.335378610838e-01,2.317015546510e-01,2.298457569912e-01,2.279752040034e-01,2.260940873336e-01,2.242060824164e-01,2.223143724845e-01,2.204217216270e-01,2.185304849900e-01,2.166426700323e-01,2.147599836630e-01,2.128838873029e-01,2.110156551583e-01,2.091564168640e-01,2.073072318829e-01,2.054690812230e-01,2.036429171151e-01,2.018296628811e-01,2.000301744058e-01,1.982452837202e-01,1.964757401588e-01,1.947222130268e-01,1.929852906979e-01,1.912654851588e-01,1.895632134708e-01,1.878788158891e-01,1.862125660120e-01,1.845646667319e-01,1.829352678501e-01,1.813244688153e-01,1.797323233412e-01,1.781588507729e-01,1.766040358826e-01,1.750678351869e-01,1.735501816774e-01,1.720509860530e-01,1.705701409966e-01,1.691075231322e-01,1.676629947201e-01,1.662364063550e-01,1.648275978913e-01,1.634364001242e-01,1.620626361159e-01,1.607061223518e-01,1.593666696019e-01,1.580440839557e-01,1.567381675978e-01,1.554487195509e-01,1.541755363122e-01,1.529184124210e-01,1.516771411253e-01,1.504515146035e-01,1.492413246177e-01,1.480463628843e-01,1.468664211650e-01,1.457012919548e-01,1.445507684611e-01,1.434146448502e-01,1.422927168586e-01,1.411847812966e-01,1.400906367553e-01,1.390100836756e-01,1.379429243790e-01,1.368889627682e-01,1.358480051473e-01,1.348198599697e-01,1.338043373488e-01,1.328012501080e-01,1.318104128267e-01,1.308316421174e-01,1.298647573584e-01,1.289095790663e-01,1.279659303023e-01,1.270336362665e-01,1.261125234214e-01,1.252024207721e-01,1.243031588229e-01,1.234145697908e-01,1.225364882416e-01,1.216687499867e-01,1.208111930847e-01,1.199636576113e-01,1.191259856456e-01,1.182980214299e-01,1.174796116790e-01,1.166706054795e-01,1.158708547288e-01,1.150802138334e-01,1.142985402395e-01,1.135256944716e-01,1.127615394673e-01,1.120059419945e-01,1.112587713753e-01,1.105198996806e-01,1.097892026042e-01,1.090665579145e-01,1.083518464707e-01,1.076449519197e-01,1.069457596421e-01,1.062541582678e-01,1.055700382137e-01,1.048932918876e-01,1.042238137616e-01,1.035615006882e-01,1.029062508444e-01,1.022579641725e-01,1.016165426899e-01,1.009818895673e-01,1.003539098554e-01,9.973251014130e-02,9.911759816544e-02,9.850908358588e-02,9.790687721516e-02,9.731089122483e-02,9.672103939865e-02,9.613723664009e-02,9.555939930895e-02,9.498744511419e-02,9.442129290475e-02,9.386086300260e-02,9.330607689685e-02,9.275685730605e-02,9.221312819262e-02,9.167481480757e-02,9.114184351531e-02,9.061414186566e-02,9.009163863047e-02,8.957426365721e-02,8.906194796812e-02,8.855462369786e-02,8.805222402748e-02,8.755468328170e-02,8.706193680643e-02,8.657392098433e-02,8.609057325848e-02,8.561183204622e-02,8.513763677468e-02,8.466792785176e-02,8.420264661874e-02,8.374173538970e-02,8.328513738935e-02,8.283279674861e-02
-8.984274885344e-02,-3.359272533205e-02,1.339189392900e-02,5.279936639898e-02,8.596306661029e-02,1.139462988800e-01,1.376044954983e-01,1.576314198556e-01,1.745938945913e-01,1.889581895448e-01,2.011102744436e-01,2.113715077314e-01,2.200108952487e-01,2.272547462406e-01,2.332943356575e-01,2.382920286769e-01,2.423862062713e-01,2.456952532179e-01,2.483208042258e-01,2.503504007684e-01,2.518596789111e-01,2.529141762519e-01,2.535708329464e-01,2.538792472521e-01,2.538827226812e-01,2.536191520271e-01,2.531217642614e-01,2.524197516350e-01,2.515388145067e-01,2.505016093458e-01,2.493281501612e-01,2.480361391313e-01,2.466412552816e-01,2.451574131041e-01,2.435969597756e-01,2.419708862494e-01,2.402889631696e-01,2.385598999150e-01,2.367914587473e-01,2.349905471310e-01,2.331633347723e-01,2.313153044089e-01,2.294513073637e-01,2.275756575311e-01,2.256921361193e-01,2.238040515257e-01,2.219142813874e-01,2.200252854190e-01,2.181391788932e-01,2.162577467155e-01,2.143825143127e-01,2.125147910073e-01,2.106557332297e-01,2.088063701914e-01,2.069676867541e-01,2.051405897862e-01,2.033259812032e-01,2.015247115189e-01,1.997375902214e-01,1.979653850631e-01,1.962087761262e-01,1.944683796935e-01,1.927447395020e-01,1.910383013638e-01,1.893494426557e-01,1.876784647271e-01,1.860255995924e-01,1.843910249794e-01,1.827748598251e-01,1.811771824976e-01,1.795980279320e-01,1.780373976821e-01,1.764952633716e-01,1.749715695502e-01,1.734662395633e-01,1.719791758369e-01,1.705102646420e-01,1.690593769645e-01,1.676263710216e-01,1.662110940443e-01,1.648133833740e-01,1.634330682202e-01,1.620699707416e-01,1.607239069061e-01,1.593946876662e-01,1.580821196895e-01,1.567860061598e-01,1.555061474152e-01,1.542423416502e-01,1.529943853150e-01,1.517620737705e-01,1.505452016304e-01,1.493435631381e-01,1.481569527268e-01,1.469851649377e-01,1.458279952404e-01,1.446852397396e-01,1.435566958142e-01,1.424421621746e-01,1.413414388114e-01,1.402543277077e-01,1.391806324801e-01,1.381201583006e-01,1.370727128223e-01,1.360381053869e-01,1.350161474621e-01,1.340066529251e-01,1.330094371634e-01,1.320243185475e-01,1.310511166514e-01,1.300896537937e-01,1.291397540813e-01,1.282012434547e-01,1.272739504040e-01,1.263577044218e-01,1.254523378010e-01,1.245576838942e-01,1.236735782946e-01,1.227998583467e-01,1.219363629579e-01,1.210829333284e-01,1.202394123265e-01,1.194056447549e-01,1.185814777885e-01,1.177667607316e-01,1.169613453541e-01,1.161650858148e-01,1.153778392127e-01,1.145994649209e-01,1.138298257441e-01,1.130687869293e-01,1.123162168382e-01,1.115719869552e-01,1.108359710446e-01,1.101080466813e-01,1.093880931666e-01,1.086759933591e-01,1.079716321740e-01,1.072748970064e-01,1.065856780204e-01,1.059038668833e-01,1.052293577242e-01,1.045620471009e-01,1.039018327187e-01,1.032486145817e-01,1.026022943275e-01,1.019627750217e-01,1.013299618265e-01,1.007037608313e-01,1.000840802403e-01,9.947082930412e-02,9.886391886715e-02,9.826326122959e-02,9.766876982844e-02,9.708035979628e-02,9.649794724917e-02,9.592144987787e-02,9.535078651447e-02,9.478587728042e-02,9.422664363909e-02,9.367300814624e-02,9.312489465537e-02,9.258222829494e-02,9.204493524855e-02,9.151294295532e-02,9.098617999080e-02,9.046457603321e-02,8.994806195751e-02,8.943656965025e-02,8.893003217750e-02,8.842838361559e-02,8.793155912044e-02,8.743949489511e-02,8.695212813030e-02,8.646939707367e-02,8.599124091119e-02,8.551759984196e-02,8.504841499972e-02,8.458362846135e-02,8.412318324309e-02,8.366702324613e-02
-9.513659574344e-02,-3.810067144780e-02,9.562075592503e-03,4.955807859453e-02,8.323521123991e-02,1.116684606775e-01,1.357227597077e-01,1.560996628561e-01,1.733724319397e-01,1.880126968854e-01,2.004109189477e-01,2.108922435385e-01,2.197288878637e-01,2.271498986944e-01,2.333488968414e-01,2.384902661888e-01,2.427141336611e-01,2.461403989576e-01,2.488720176159e-01,2.509976857311e-01,2.525940528372e-01,2.537275486745e-01,2.544559010172e-01,2.548294060109e-01,2.548919854439e-01,2.546820845917e-01,2.542334215433e-01,2.535756307562e-01,2.527348022544e-01,2.517339484957e-01,2.505933987404e-01,2.493311399726e-01,2.479631114908e-01,2.465034527348e-01,2.449647304376e-01,2.433581137672e-01,2.416935584160e-01,2.399799204785e-01,2.382251167462e-01,2.364361833364e-01,2.346194180803e-01,2.327804249291e-01,2.309241708353e-01,2.290550920380e-01,2.271770748025e-01,2.252935583341e-01,2.234075188818e-01,2.215215453017e-01,2.196378460777e-01,2.177583073041e-01,2.158845274918e-01,2.140178719508e-01,2.121595194326e-01,2.103105218530e-01,2.084718285567e-01,2.066443515001e-01,2.048289381010e-01,2.030264403433e-01,2.012376365232e-01,1.994633052587e-01,1.977041326630e-01,1.959607548765e-01,1.942337453655e-01,1.925235761647e-01,1.908306633264e-01,1.891553338685e-01,1.874978565965e-01,1.858584314035e-01,1.842372070534e-01,1.826342812964e-01,1.810497104620e-01,1.794835137137e-01,1.779356778661e-01,1.764061626040e-01,1.748949027136e-01,1.734018129922e-01,1.719267891838e-01,1.704697121726e-01,1.690304483358e-01,1.676088529440e-01,1.662047704287e-01,1.648180366201e-01,1.634484798286e-01,1.620959216231e-01,1.607601782461e-01,1.594410611910e-01,1.581383781610e-01,1.568519336998e-01,1.555815298451e-01,1.543269667119e-01,1.530880429876e-01,1.518645563944e-01,1.506563041412e-01,1.494630831991e-01,1.482846908130e-01,1.471209245201e-01,1.459715828231e-01,1.448364648721e-01,1.437153714060e-01,1.426081040233e-01,1.415144663240e-01,1.404342634162e-01,1.393673018452e-01,1.383133906948e-01,1.372723403196e-01,1.362439637382e-01,1.352280754733e-01,1.342244926300e-01,1.332330340439e-01,1.322535209282e-01,1.312857764515e-01,1.303296258493e-01,1.293848965353e-01,1.284514176062e-01,1.275290205523e-01,1.266175381457e-01,1.257168057467e-01,1.248266596573e-01,1.239469389211e-01,1.230774833607e-01,1.222181354330e-01,1.213687390420e-01,1.205291397639e-01,1.196991855900e-01,1.188787262188e-01,1.180676136974e-01,1.172657023325e-01,1.164728487978e-01,1.156889124152e-01,1.149137550530e-01,1.141472413838e-01,1.133892389077e-01,1.126396178292e-01,1.118982514942e-01,1.111650156251e-01,1.104397893730e-01,1.097224537807e-01,1.090128935402e-01,1.083109946822e-01,1.076166469860e-01,1.069297413627e-01,1.062501713841e-01,1.055778332529e-01,1.049126240817e-01,1.042544439117e-01,1.036031937350e-01,1.029587769332e-01,1.023210980303e-01,1.016900634954e-01,1.010655811012e-01,1.004475602176e-01,9.983591164275e-02,9.923054751153e-02,9.863138147375e-02,9.803832832889e-02,9.745130444275e-02,9.687022720100e-02,9.629501557696e-02,9.572558947673e-02,9.516187038277e-02,9.460378072222e-02,9.405124424690e-02,9.350418599883e-02,9.296253199350e-02,9.242620959861e-02,9.189514717833e-02,9.136927433979e-02,9.084852172099e-02,9.033282111517e-02,8.982210536194e-02,8.931630838443e-02,8.881536515347e-02,8.831921166358e-02,8.782778494798e-02,8.734102301248e-02,8.685886488527e-02,8.638125052240e-02,8.590812088102e-02,8.543941780607e-02,8.497508411770e-02,8.451506349869e-02
-1.008211905390e-01,-4.295746518824e-02,5.419589633250e-03,4.603556860094e-02,8.025362716772e-02,1.091610630605e-01,1.336328176787e-01,1.543786515215e-01,1.719786068947e-01,1.869099566922e-01,1.995678897404e-01,2.102815366563e-01,2.193264933208e-01,2.269346864244e-01,2.333022036961e-01,2.385955522860e-01,2.429566942965e-01,2.465071225590e-01,2.493511803790e-01,2.515787778218e-01,2.532676292225e-01,2.544851018843e-01,2.552897512759e-01,2.557326063374e-01,2.558582393776e-01,2.557056746646e-01,2.553091464878e-01,2.546987511039e-01,2.539009914762e-01,2.529392514801e-01,2.518341928360e-01,2.506041035481e-01,2.492651918461e-01,2.478318430413e-01,2.463168421638e-01,2.447315611906e-01,2.430861337383e-01,2.413895858443e-01,2.396499807545e-01,2.378745000878e-01,2.360695683363e-01,2.342409156858e-01,2.323936277510e-01,2.305322575674e-01,2.286608059919e-01,2.267828295855e-01,2.249014181558e-01,2.230192773827e-01,2.211387233777e-01,2.192617452360e-01,2.173900277162e-01,2.155250035341e-01,2.136678989359e-01,2.118197834641e-01,2.099816126259e-01,2.081542759187e-01,2.063386050373e-01,2.045354190015e-01,2.027454858082e-01,2.009695684413e-01,1.992083602856e-01,1.974625078233e-01,1.957326095201e-01,1.940191637240e-01,1.923226199655e-01,1.906433359805e-01,1.889816135814e-01,1.873376811260e-01,1.857117155149e-01,1.841038382286e-01,1.825141281104e-01,1.809426233101e-01,1.793893283559e-01,1.778542180493e-01,1.763372412271e-01,1.748383248784e-01,1.733573760984e-01,1.718942857878e-01,1.704489296739e-01,1.690211714155e-01,1.676108632447e-01,1.662178480989e-01,1.648419609362e-01,1.634830293865e-01,1.621408753791e-01,1.608153156267e-01,1.595061627203e-01,1.582132257180e-01,1.569363108691e-01,1.556752222042e-01,1.544297620398e-01,1.531997315021e-01,1.519849309208e-01,1.507851602325e-01,1.496002193546e-01,1.484299084152e-01,1.472740281917e-01,1.461323801087e-01,1.450047668254e-01,1.438909919356e-01,1.427908607069e-01,1.417041799202e-01,1.406307576560e-01,1.395704044115e-01,1.385229318919e-01,1.374881544044e-01,1.364658876620e-01,1.354559499919e-01,1.344581613076e-01,1.334723440371e-01,1.324983223656e-01,1.315359227874e-01,1.305849737209e-01,1.296453056018e-01,1.287167509523e-01,1.277991439694e-01,1.268923210921e-01,1.259961200957e-01,1.251103811373e-01,1.242349454493e-01,1.233696566338e-01,1.225143598450e-01,1.216689016139e-01,1.208331309554e-01,1.200068982245e-01,1.191900561191e-01,1.183824592289e-01,1.175839644014e-01,1.167944308506e-01,1.160137201165e-01,1.152416964215e-01,1.144782264976e-01,1.137231798616e-01,1.129764287824e-01,1.122378481908e-01,1.115073160134e-01,1.107847125243e-01,1.100699211955e-01,1.093628274073e-01,1.086633198731e-01,1.079712889185e-01,1.072866273472e-01,1.066092308651e-01,1.059389960547e-01,1.052758226371e-01,1.046196112159e-01,1.039702650094e-01,1.033276882702e-01,1.026917874124e-01,1.020624700228e-01,1.014396454808e-01,1.008232244539e-01,1.002131191155e-01,9.960924301506e-02,9.901151099392e-02,9.841983932889e-02,9.783414543427e-02,9.725434819261e-02,9.668036751592e-02,9.611212479409e-02,9.554954241518e-02,9.499254403080e-02,9.444105462301e-02,9.389500008776e-02,9.335430770648e-02,9.281890570640e-02,9.228872358542e-02,9.176369182875e-02,9.124374210012e-02,9.072880707237e-02,9.021882052182e-02,8.971371724060e-02,8.921343306197e-02,8.871790483058e-02,8.822707037924e-02,8.774086853952e-02,8.725923908519e-02,8.678212277041e-02,8.630946125065e-02,8.584119713958e-02,8.537727392202e-02
-1.069043267686e-01,-4.817014635274e-02,9.580532429563e-04,4.222602997030e-02,7.701301652444e-02,1.064192593416e-01,1.313302249349e-01,1.524643015627e-01,1.704086590467e-01,1.856465009061e-01,1.985779836158e-01,2.095364245495e-01,2.188009685642e-01,2.266065669185e-01,2.331518976571e-01,2.386056973082e-01,2.431118542434e-01,2.467935336376e-01,2.497565351295e-01,2.520920427521e-01,2.538788881207e-01,2.551854222161e-01,2.560710690304e-01,2.565876258344e-01,2.567803482735e-01,2.566888666016e-01,2.563479588752e-01,2.557882027994e-01,2.550365388652e-01,2.541167363386e-01,2.530498097511e-01,2.518543604039e-01,2.505468802736e-01,2.491420137232e-01,2.476527719223e-01,2.460907459595e-01,2.444662494478e-01,2.427884919461e-01,2.410656865660e-01,2.393051681750e-01,2.375134922437e-01,2.356965184293e-01,2.338594557163e-01,2.320069678491e-01,2.301431823338e-01,2.282717556029e-01,2.263959116741e-01,2.245184499372e-01,2.226418203780e-01,2.207681016770e-01,2.188990827971e-01,2.170362742305e-01,2.151809634407e-01,2.133342533545e-01,2.114971247452e-01,2.096704426473e-01,2.078550449310e-01,2.060517050052e-01,2.042611865625e-01,2.024842248620e-01,2.007215152872e-01,1.989737066875e-01,1.972414147626e-01,1.955251654379e-01,1.938254313924e-01,1.921426097716e-01,1.904770258661e-01,1.888289476883e-01,1.871985728667e-01,1.855860557805e-01,1.839914955806e-01,1.824149531304e-01,1.808564518502e-01,1.793159826680e-01,1.777935107540e-01,1.762889752375e-01,1.748022966398e-01,1.733333760926e-01,1.718820998123e-01,1.704483403638e-01,1.690319584708e-01,1.676328047197e-01,1.662507212203e-01,1.648855421918e-01,1.635370956023e-01,1.622052038718e-01,1.608896847795e-01,1.595903523007e-01,1.583070172061e-01,1.570394877429e-01,1.557875701816e-01,1.545510692906e-01,1.533297888055e-01,1.521235318824e-01,1.509321012975e-01,1.497553000920e-01,1.485929314148e-01,1.474447992521e-01,1.463107083192e-01,1.451904644040e-01,1.440838746077e-01,1.429907475293e-01,1.419108929695e-01,1.408441228410e-01,1.397902505414e-01,1.387490914263e-01,1.377204629556e-01,1.367041841451e-01,1.357000767816e-01,1.347079638218e-01,1.337276710409e-01,1.327590258427e-01,1.318018577786e-01,1.308559987065e-01,1.299212818249e-01,1.289975432615e-01,1.280846199365e-01,1.271823515022e-01,1.262905789464e-01,1.254091450945e-01,1.245378946683e-01,1.236766741765e-01,1.228253312872e-01,1.219837160620e-01,1.211516799311e-01,1.203290762845e-01,1.195157604614e-01,1.187115896918e-01,1.179164233702e-01,1.171301231507e-01,1.163525528999e-01,1.155835790438e-01,1.148230705278e-01,1.140708986852e-01,1.133269380158e-01,1.125910648633e-01,1.118631592633e-01,1.111431030729e-01,1.104307812335e-01,1.097260811751e-01,1.090288926005e-01,1.083391074348e-01,1.076566206847e-01,1.069813285430e-01,1.063131298983e-01,1.056519254045e-01,1.049976173663e-01,1.043501104406e-01,1.037093101051e-01,1.030751244358e-01,1.024474623006e-01,1.018262344739e-01,1.012113530749e-01,1.006027314569e-01,1.000002847144e-01,9.940392874309e-02,9.881358129257e-02,9.822916096617e-02,9.765058782569e-02,9.707778312279e-02,9.651066925743e-02,9.594916979603e-02,9.539320967285e-02,9.484271473935e-02,9.429761213470e-02,9.375783007731e-02,9.322329785644e-02,9.269394596220e-02,9.216970580912e-02,9.165051004696e-02,9.113629224599e-02,9.062698708066e-02,9.012253022952e-02,8.962285835144e-02,8.912790915535e-02,8.863762124537e-02,8.815193427248e-02,8.767078877019e-02,8.719412623611e-02,8.672188907929e-02,8.625402060190e-02
-1.133945885803e-01,-5.374646622370e-02,-3.829559555091e-03,3.812307242651e-02,7.350754951071e-02,1.034377164864e-01,1.288100909767e-01,1.503521184268e-01,1.686584496309e-01,1.842185117062e-01,1.974376732471e-01,2.086536437539e-01,2.181492905725e-01,2.261627367022e-01,2.328953766743e-01,2.385182838091e-01,2.431773662745e-01,2.469975418668e-01,2.500861366830e-01,2.525356697441e-01,2.544261434709e-01,2.558269395298e-01,2.567983918847e-01,2.573931028777e-01,2.576570439469e-01,2.576304809604e-01,2.573487599197e-01,2.568429669388e-01,2.561404938762e-01,2.552655229933e-01,2.542394310928e-01,2.530811517579e-01,2.518074763691e-01,2.504333130418e-01,2.489719246264e-01,2.474351129740e-01,2.458333971962e-01,2.441761706639e-01,2.424718068624e-01,2.407277986706e-01,2.389508382538e-01,2.371469185156e-01,2.353213746138e-01,2.334789828701e-01,2.316239976842e-01,2.297601800259e-01,2.278908731906e-01,2.260189959476e-01,2.241470938365e-01,2.222773791708e-01,2.204117260513e-01,2.185517416645e-01,2.166987845301e-01,2.148540151833e-01,2.130184309849e-01,2.111929243314e-01,2.093783124441e-01,2.075753451930e-01,2.057847757826e-01,2.040073087303e-01,2.022436350213e-01,2.004943977739e-01,1.987602224491e-01,1.970416581997e-01,1.953391951689e-01,1.936532678723e-01,1.919842296564e-01,1.903323789763e-01,1.886979505157e-01,1.870811177050e-01,1.854820123282e-01,1.839007158278e-01,1.823372719510e-01,1.807916920801e-01,1.792639556581e-01,1.777540184773e-01,1.762618134859e-01,1.747872536681e-01,1.733302366191e-01,1.718906444915e-01,1.704683472299e-01,1.690632036444e-01,1.676750635495e-01,1.663037682772e-01,1.649491522500e-01,1.636110440484e-01,1.622892670440e-01,1.609836404648e-01,1.596939799757e-01,1.584200983584e-01,1.571618061129e-01,1.559189119641e-01,1.546912233526e-01,1.534785467892e-01,1.522806883830e-01,1.510974539976e-01,1.499286496593e-01,1.487740819686e-01,1.476335579628e-01,1.465068857695e-01,1.453938745140e-01,1.442943347684e-01,1.432080781990e-01,1.421349182951e-01,1.410746702376e-01,1.400271506964e-01,1.389921786094e-01,1.379695744943e-01,1.369591608556e-01,1.359607626881e-01,1.349742062615e-01,1.339993204386e-01,1.330359360767e-01,1.320838856509e-01,1.311430043015e-01,1.302131285362e-01,1.292940969238e-01,1.283857504597e-01,1.274879310423e-01,1.266004830678e-01,1.257232523626e-01,1.248560868385e-01,1.239988354024e-01,1.231513492098e-01,1.223134810345e-01,1.214850850667e-01,1.206660176472e-01,1.198561366674e-01,1.190553020413e-01,1.182633757032e-01,1.174802216943e-01,1.167057062724e-01,1.159396979610e-01,1.151820679388e-01,1.144326894799e-01,1.136914388112e-01,1.129581947014e-01,1.122328379932e-01,1.115152530123e-01,1.108053259453e-01,1.101029458063e-01,1.094080035625e-01,1.087203934027e-01,1.080400110468e-01,1.073667543963e-01,1.067005239407e-01,1.060412213742e-01,1.053887508365e-01,1.047430181430e-01,1.041039302457e-01,1.034713965722e-01,1.028453274767e-01,1.022256348915e-01,1.016122324772e-01,1.010050348081e-01,1.004039582039e-01,9.980892017618e-02,9.921983925516e-02,9.863663566345e-02,9.805923051251e-02,9.748754625374e-02,9.692150637851e-02,9.636103579686e-02,9.580606035298e-02,9.525650704381e-02,9.471230410137e-02,9.417338069304e-02,9.363966719635e-02,9.311109503512e-02,9.258759659094e-02,9.206910544267e-02,9.155555608642e-02,9.104688404987e-02,9.054302590789e-02,9.004391914406e-02,8.954950227676e-02,8.905971476165e-02,8.857449695602e-02,8.809379021364e-02,8.761753674904e-02,8.714567969703e-02
-1.203013703124e-01,-5.969490540510e-02,-8.950934247432e-03,3.371970686964e-02,6.973085055575e-02,1.002106023639e-01,1.260670674280e-01,1.480371863280e-01,1.667234513105e-01,1.826218119109e-01,1.961430982912e-01,2.076296215375e-01,2.173681483791e-01,2.256001241322e-01,2.325297878495e-01,2.383306600725e-01,2.431507637481e-01,2.471168511062e-01,2.503378465486e-01,2.529076662798e-01,2.549075381599e-01,2.564079225283e-01,2.574701056353e-01,2.581475324530e-01,2.584869231894e-01,2.585292097083e-01,2.583103308489e-01,2.578619057274e-01,2.572118016698e-01,2.563846252604e-01,2.554021418542e-01,2.542836284653e-01,2.530461865711e-01,2.517050117923e-01,2.502736163397e-01,2.487640339732e-01,2.471869991023e-01,2.455520866931e-01,2.438678493355e-01,2.421419404516e-01,2.403811950579e-01,2.385917435969e-01,2.367790507230e-01,2.349480087353e-01,2.331029969165e-01,2.312478897550e-01,2.293861320324e-01,2.275207750001e-01,2.256544697991e-01,2.237895286972e-01,2.219279511142e-01,2.200714311561e-01,2.182214137545e-01,2.163791236366e-01,2.145456074770e-01,2.127217808136e-01,2.109084520469e-01,2.091063787280e-01,2.073162820393e-01,2.055388422927e-01,2.037747408650e-01,2.020246077748e-01,2.002890701296e-01,1.985686941071e-01,1.968639823327e-01,1.951753995191e-01,1.935033351897e-01,1.918481093975e-01,1.902099926911e-01,1.885891923898e-01,1.869858603706e-01,1.854001073973e-01,1.838320003335e-01,1.822815680475e-01,1.807488103927e-01,1.792336988002e-01,1.777361799197e-01,1.762561808968e-01,1.747936106325e-01,1.733483619459e-01,1.719203148082e-01,1.705093368683e-01,1.691152862396e-01,1.677380119218e-01,1.663773552551e-01,1.650331514082e-01,1.637052298569e-01,1.623934153590e-01,1.610975288773e-01,1.598173880731e-01,1.585528079862e-01,1.573036015953e-01,1.560695802741e-01,1.548505542979e-01,1.536463331537e-01,1.524567259398e-01,1.512815417740e-01,1.501205899198e-01,1.489736801192e-01,1.478406229570e-01,1.467212297803e-01,1.456153132982e-01,1.445226871971e-01,1.434431667266e-01,1.423765689131e-01,1.413227120489e-01,1.402814163428e-01,1.392525041154e-01,1.382357991312e-01,1.372311272574e-01,1.362383166755e-01,1.352571970801e-01,1.342876003118e-01,1.333293606066e-01,1.323823136968e-01,1.314462973784e-01,1.305211518101e-01,1.296067185781e-01,1.287028411551e-01,1.278093652575e-01,1.269261377881e-01,1.260530080655e-01,1.251898262885e-01,1.243364447371e-01,1.234927176490e-01,1.226585002523e-01,1.218336497788e-01,1.210180253413e-01,1.202114874447e-01,1.194138986308e-01,1.186251233711e-01,1.178450280858e-01,1.170734814037e-01,1.163103540085e-01,1.155555190760e-01,1.148088522017e-01,1.140702311241e-01,1.133395364168e-01,1.126166512000e-01,1.119014606939e-01,1.111938531871e-01,1.104937186602e-01,1.098009503928e-01,1.091154435231e-01,1.084370949317e-01,1.077658045544e-01,1.071014739368e-01,1.064440061253e-01,1.057933067908e-01,1.051492830423e-01,1.045118432832e-01,1.038808981229e-01,1.032563594903e-01,1.026381404651e-01,1.020261559846e-01,1.014203222352e-01,1.008205564672e-01,1.002267775251e-01,9.963890546030e-02,9.905686134233e-02,9.848056771204e-02,9.790994798923e-02,9.734492707955e-02,9.678543085017e-02,9.623138617330e-02,9.568272127450e-02,9.513936534546e-02,9.460124856257e-02,9.406830233189e-02,9.354045903086e-02,9.301765199953e-02,9.249981571022e-02,9.198688559750e-02,9.147879803282e-02,9.097549044037e-02,9.047690118623e-02,8.998296954401e-02,8.949363577262e-02,8.900884104466e-02,8.852852740790e-02,8.805263784726e-02
-1.276348993100e-01,-6.602469458442e-02,-1.441443479314e-02,2.900832796769e-02,6.567598231926e-02,9.673157097916e-02,1.230953343509e-01,1.455141555316e-01,1.645987363473e-01,1.808518540344e-01,1.946900550770e-01,2.064604661656e-01,2.164539343328e-01,2.249153806130e-01,2.320520199020e-01,2.380399326211e-01,2.430293532310e-01,2.471489526877e-01,2.505093266185e-01,2.532058521308e-01,2.553210383683e-01,2.569264733984e-01,2.580844390177e-01,2.588492614955e-01,2.592684427027e-01,2.593836117676e-01,2.592313283033e-01,2.588437653092e-01,2.582492898256e-01,2.574729549376e-01,2.565369252594e-01,2.554608412725e-01,2.542621337984e-01,2.529562884813e-01,2.515570859135e-01,2.500768052662e-01,2.485263966749e-01,2.469156342506e-01,2.452532544770e-01,2.435470781700e-01,2.418040897544e-01,2.400305619977e-01,2.382320928830e-01,2.364136991527e-01,2.345798701394e-01,2.327346106869e-01,2.308814727433e-01,2.290236081524e-01,2.271638004183e-01,2.253044674467e-01,2.234477079153e-01,2.215953278595e-01,2.197488660739e-01,2.179096212673e-01,2.160787023129e-01,2.142570571515e-01,2.124455172113e-01,2.106448398766e-01,2.088557280406e-01,2.070788391149e-01,2.053148415688e-01,2.035643466376e-01,2.018279750518e-01,2.001062982316e-01,1.983998395465e-01,1.967090733579e-01,1.950344233058e-01,1.933762452317e-01,1.917348309352e-01,1.901104221741e-01,1.885032037962e-01,1.869133100418e-01,1.853408305974e-01,1.837858201145e-01,1.822482968252e-01,1.807282489563e-01,1.792256400081e-01,1.777404113609e-01,1.762724845153e-01,1.748217638430e-01,1.733881402422e-01,1.719714908601e-01,1.705716827537e-01,1.691885731170e-01,1.678220109247e-01,1.664718381837e-01,1.651378909645e-01,1.638200001035e-01,1.625179920790e-01,1.612316898367e-01,1.599609133054e-01,1.587054800016e-01,1.574652055769e-01,1.562399042448e-01,1.550293892121e-01,1.538334730906e-01,1.526519681877e-01,1.514846867907e-01,1.503314415003e-01,1.491920455530e-01,1.480663127220e-01,1.469540580258e-01,1.458550973347e-01,1.447692479129e-01,1.436963285169e-01,1.426361594397e-01,1.415885624534e-01,1.405533611688e-01,1.395303811973e-01,1.385194497253e-01,1.375203959032e-01,1.365330509321e-01,1.355572481763e-01,1.345928225000e-01,1.336396109959e-01,1.326974529200e-01,1.317661892808e-01,1.308456628380e-01,1.299357184014e-01,1.290362029744e-01,1.281469645067e-01,1.272678536968e-01,1.263987220494e-01,1.255394231171e-01,1.246898122110e-01,1.238497461745e-01,1.230190832070e-01,1.221976833441e-01,1.213854083962e-01,1.205821215843e-01,1.197876880021e-01,1.190019746290e-01,1.182248503066e-01,1.174561859144e-01,1.166958544867e-01,1.159437311453e-01,1.151996933519e-01,1.144636210629e-01,1.137353965516e-01,1.130149041805e-01,1.123020315176e-01,1.115966675931e-01,1.108987047321e-01,1.102080372267e-01,1.095245614712e-01,1.088481761178e-01,1.081787822996e-01,1.075162828978e-01,1.068605824154e-01,1.062115877285e-01,1.055692073278e-01,1.049333512231e-01,1.043039308425e-01,1.036808596666e-01,1.030640523248e-01,1.024534247088e-01,1.018488942439e-01,1.012503797529e-01,1.006578011941e-01,1.000710795857e-01,9.949013759193e-02,9.891489855554e-02,9.834528739178e-02,9.778122996291e-02,9.722265319868e-02,9.666948515837e-02,9.612165507800e-02,9.557909317548e-02,9.504173065397e-02,9.450949987629e-02,9.398233418987e-02,9.346016791963e-02,9.294293635594e-02,9.243057586921e-02,9.192302373859e-02,9.142021817536e-02,9.092209836456e-02,9.042860443399e-02,8.993967740426e-02,8.945525917014e-02,8.897529258663e-02
-1.354062620790e-01,-7.274583830279e-02,-2.022912531785e-02,2.398069433012e-02,6.133542740805e-02,9.299374559576e-02,1.198885847187e-01,1.427772279020e-01,1.622789631834e-01,1.789037077061e-01,1.930739849483e-01,2.051419561533e-01,2.154027335510e-01,2.241048711841e-01,2.314586940685e-01,2.376429575158e-01,2.428102068632e-01,2.470911178546e-01,2.505980320917e-01,2.534278526021e-01,2.556644271733e-01,2.573805217491e-01,2.586394579556e-01,2.594964825469e-01,2.599999141873e-01,2.601921092793e-01,2.601102767144e-01,2.597871693696e-01,2.592516729281e-01,2.585293079037e-01,2.576426603276e-01,2.566117476322e-01,2.554543398642e-01,2.541862331566e-01,2.528214896406e-01,2.513726385250e-01,2.498508584515e-01,2.482661343509e-01,2.466273946627e-01,2.449426298850e-01,2.432189856826e-01,2.414628807630e-01,2.396800507617e-01,2.378756402638e-01,2.360542552972e-01,2.342200194809e-01,2.323766045844e-01,2.305272704592e-01,2.286749035144e-01,2.268220414812e-01,2.249709002511e-01,2.231233822270e-01,2.212811238741e-01,2.194455170375e-01,2.176177400456e-01,2.157987936493e-01,2.139895443346e-01,2.121907579706e-01,2.104031288791e-01,2.086273069747e-01,2.068639367175e-01,2.051136109252e-01,2.033769369172e-01,2.016544837438e-01,1.999467861178e-01,1.982543306486e-01,1.965775605630e-01,1.949168637783e-01,1.932725663350e-01,1.916449363629e-01,1.900341861269e-01,1.884404825936e-01,1.868639429126e-01,1.853046432320e-01,1.837626225576e-01,1.822378901428e-01,1.807304268371e-01,1.792401890564e-01,1.777671122001e-01,1.763111136635e-01,1.748720957891e-01,1.734499460974e-01,1.720445412942e-01,1.706557473963e-01,1.692834215642e-01,1.679274132472e-01,1.665875654433e-01,1.652637155183e-01,1.639556959988e-01,1.626633353811e-01,1.613864588073e-01,1.601248887148e-01,1.588784452947e-01,1.576469470204e-01,1.564302111057e-01,1.552280538638e-01,1.540402910696e-01,1.528667382943e-01,1.517072112098e-01,1.505615258444e-01,1.494294986719e-01,1.483109471793e-01,1.472056895933e-01,1.461135453588e-01,1.450343352020e-01,1.439678813459e-01,1.429140074509e-01,1.418725387487e-01,1.408433022373e-01,1.398261267254e-01,1.388208429835e-01,1.378272833494e-01,1.368452822363e-01,1.358746759947e-01,1.349153031229e-01,1.339670037599e-01,1.330296200170e-01,1.321029959918e-01,1.311869777691e-01,1.302814133148e-01,1.293861518930e-01,1.285010454404e-01,1.276259467561e-01,1.267607106604e-01,1.259051936144e-01,1.250592538412e-01,1.242227509176e-01,1.233955459381e-01,1.225775016955e-01,1.217684826024e-01,1.209683547376e-01,1.201769856502e-01,1.193942447951e-01,1.186200034590e-01,1.178541347937e-01,1.170965139701e-01,1.163470183052e-01,1.156055272856e-01,1.148719225722e-01,1.141460880720e-01,1.134279104675e-01,1.127172780246e-01,1.120140821296e-01,1.113182162109e-01,1.106295759853e-01,1.099480591971e-01,1.092735660153e-01,1.086059987963e-01,1.079452617495e-01,1.072912609474e-01,1.066439041267e-01,1.060031012738e-01,1.053687637474e-01,1.047408044900e-01,1.041191377676e-01,1.035036796331e-01,1.028943474559e-01,1.022910598712e-01,1.016937367461e-01,1.011022992057e-01,1.005166698824e-01,9.993677208563e-02,9.936253074571e-02,9.879387173250e-02,9.823072202670e-02,9.767300963730e-02,9.712066374029e-02,9.657361458481e-02,9.603179341092e-02,9.549513247315e-02,9.496356500542e-02,9.443702535230e-02,9.391544877426e-02,9.339877150396e-02,9.288693069866e-02,9.237986452586e-02,9.187751207038e-02,9.137981332426e-02,9.088670917760e-02,9.039814141731e-02,8.991405276087e-02
-1.436274338936e-01,-7.986914183880e-02,-2.640479462842e-02,1.862790601510e-02,5.670106778633e-02,8.898969973729e-02,1.164400068030e-01,1.398201406724e-01,1.597583613233e-01,1.767720456566e-01,1.912899611142e-01,2.036695277712e-01,2.142103126444e-01,2.231646638077e-01,2.307461537985e-01,2.371363309268e-01,2.424901532283e-01,2.469403892830e-01,2.506012032747e-01,2.535710909579e-01,2.559352973799e-01,2.577678178176e-01,2.591330591188e-01,2.600872286893e-01,2.606794979589e-01,2.609529818534e-01,2.609455665191e-01,2.606906109570e-01,2.602175431031e-01,2.595523705225e-01,2.587181163738e-01,2.577351941610e-01,2.566217315430e-01,2.553938469990e-01,2.540658918243e-01,2.526506605806e-01,2.511595727852e-01,2.496028317216e-01,2.479895666518e-01,2.463279443461e-01,2.446252799100e-01,2.428881433655e-01,2.411224127923e-01,2.393333645309e-01,2.375257286604e-01,2.357037413802e-01,2.338711922344e-01,2.320314603804e-01,2.301875378692e-01,2.283420711602e-01,2.264973809169e-01,2.246554854142e-01,2.228181264468e-01,2.209867866316e-01,2.191627253224e-01,2.173470117428e-01,2.155405581626e-01,2.137441559043e-01,2.119585023519e-01,2.101842499442e-01,2.084220199246e-01,2.066723874125e-01,2.049359412293e-01,2.032132411165e-01,2.015048217522e-01,1.998111838301e-01,1.981327834786e-01,1.964700281003e-01,1.948232769633e-01,1.931928292106e-01,1.915789295720e-01,1.899817711144e-01,1.884014979636e-01,1.868382132427e-01,1.852919810811e-01,1.837628307390e-01,1.822507616879e-01,1.807557474261e-01,1.792777383852e-01,1.778166665014e-01,1.763724462646e-01,1.749449764834e-01,1.735341442868e-01,1.721398252040e-01,1.707618851438e-01,1.694001816947e-01,1.680545652403e-01,1.667248800186e-01,1.654109650751e-01,1.641126549092e-01,1.628297802636e-01,1.615621687607e-01,1.603096454706e-01,1.590720334468e-01,1.578491541564e-01,1.566408279027e-01,1.554468742047e-01,1.542671121342e-01,1.531013606608e-01,1.519494388185e-01,1.508111659977e-01,1.496863623437e-01,1.485748486199e-01,1.474764466261e-01,1.463909792930e-01,1.453182708223e-01,1.442581468463e-01,1.432104345201e-01,1.421749624727e-01,1.411515610823e-01,1.401400624736e-01,1.391403005732e-01,1.381521112649e-01,1.371753321713e-01,1.362098027803e-01,1.352553645517e-01,1.343118608562e-01,1.333791369664e-01,1.324570402610e-01,1.315454195588e-01,1.306441255095e-01,1.297530112112e-01,1.288719307316e-01,1.280007401347e-01,1.271392971401e-01,1.262874610821e-01,1.254450929417e-01,1.246120552425e-01,1.237882118210e-01,1.229734282014e-01,1.221675714523e-01,1.213705102135e-01,1.205821147793e-01,1.198022570053e-01,1.190308105183e-01,1.182676508016e-01,1.175126552436e-01,1.167657032225e-01,1.160266760571e-01,1.152954574059e-01,1.145719332133e-01,1.138559911580e-01,1.131475217752e-01,1.124464176736e-01,1.117525737307e-01,1.110658870626e-01,1.103862568916e-01,1.097135845568e-01,1.090477737570e-01,1.083887299914e-01,1.077363606624e-01,1.070905749923e-01,1.064512837865e-01,1.058183997407e-01,1.051918371471e-01,1.045715117114e-01,1.039573405811e-01,1.033492422862e-01,1.027471365222e-01,1.021509446041e-01,1.015605890245e-01,1.009759930698e-01,1.003970816793e-01,9.982378073423e-02,9.925601722775e-02,9.869371924228e-02,9.813681590042e-02,9.758523737939e-02,9.703891497924e-02,9.649778094968e-02,9.596176854291e-02,9.543081199964e-02,9.490484650256e-02,9.438380825028e-02,9.386763439009e-02,9.335626298480e-02,9.284963302168e-02,9.234768440021e-02,9.185035789115e-02,9.135759521339e-02,9.086933894859e-02
-1.523113119960e-01,-8.740624133313e-02,-3.295198366423e-02,1.294037943480e-02,5.176416172732e-02,8.471143598074e-02,1.127422645502e-01,1.366361482257e-01,1.570307144729e-01,1.744511279761e-01,1.893326740177e-01,2.020382615782e-01,2.128721068420e-01,2.220905170879e-01,2.299104535375e-01,2.365163785841e-01,2.420657673521e-01,2.466935717324e-01,2.505158568197e-01,2.536327799926e-01,2.561310435414e-01,2.580859249100e-01,2.595629627530e-01,2.606193663522e-01,2.613051964893e-01,2.616643596196e-01,2.617354478887e-01,2.615524514525e-01,2.611453646084e-01,2.605407038229e-01,2.597619491090e-01,2.588299262131e-01,2.577631339612e-01,2.565780274234e-01,2.552892631274e-01,2.539099119263e-01,2.524516443604e-01,2.509248937437e-01,2.493389919912e-01,2.477022979155e-01,2.460223003618e-01,2.443057270580e-01,2.425586037625e-01,2.407863429724e-01,2.389938022208e-01,2.371853382899e-01,2.353648538233e-01,2.335358371520e-01,2.317013964108e-01,2.298642928993e-01,2.280269508584e-01,2.261914961532e-01,2.243597729714e-01,2.225333666282e-01,2.207136286233e-01,2.189017048689e-01,2.170985670120e-01,2.153050433032e-01,2.135218601347e-01,2.117496692495e-01,2.099890813127e-01,2.082406565389e-01,2.065049629914e-01,2.047825457607e-01,2.030739323747e-01,2.013796255490e-01,1.997000944491e-01,1.980357665192e-01,1.963870211011e-01,1.947541833742e-01,1.931375322820e-01,1.915372911195e-01,1.899536343116e-01,1.883866912118e-01,1.868365504134e-01,1.853032641786e-01,1.837868526674e-01,1.822873075891e-01,1.808045973083e-01,1.793386681435e-01,1.778894482301e-01,1.764568486265e-01,1.750407677426e-01,1.736410913800e-01,1.722576948725e-01,1.708904444869e-01,1.695391986521e-01,1.682038090409e-01,1.668841215246e-01,1.655799769915e-01,1.642912122257e-01,1.630176604304e-01,1.617591518938e-01,1.605155145300e-01,1.592865743657e-01,1.580721559783e-01,1.568720828909e-01,1.556861779433e-01,1.545142635696e-01,1.533561621205e-01,1.522116960801e-01,1.510806884579e-01,1.499629627434e-01,1.488583432735e-01,1.477666553560e-01,1.466877254197e-01,1.456213811487e-01,1.445674516002e-01,1.435257673125e-01,1.424961604740e-01,1.414784647565e-01,1.404725156178e-01,1.394781502790e-01,1.384952077678e-01,1.375235289494e-01,1.365629565488e-01,1.356133351731e-01,1.346745114219e-01,1.337463334987e-01,1.328286515846e-01,1.319213175166e-01,1.310241855221e-01,1.301371109084e-01,1.292599509511e-01,1.283925646008e-01,1.275348124390e-01,1.266865566365e-01,1.258476609165e-01,1.250179905296e-01,1.241974123415e-01,1.233857944311e-01,1.225830065222e-01,1.217889198524e-01,1.210034072063e-01,1.202263429633e-01,1.194576031581e-01,1.186970655506e-01,1.179446096669e-01,1.172001169500e-01,1.164634708167e-01,1.157345568305e-01,1.150132622878e-01,1.142994770357e-01,1.135930929762e-01,1.128940042161e-01,1.122021070644e-01,1.115173000143e-01,1.108394837068e-01,1.101685608739e-01,1.095044361127e-01,1.088470163603e-01,1.081962102580e-01,1.075519282584e-01,1.069140825453e-01,1.062825869545e-01,1.056573568980e-01,1.050383092800e-01,1.044253623324e-01,1.038184359373e-01,1.032174511454e-01,1.026223303982e-01,1.020329969359e-01,1.014493756863e-01,1.008713925333e-01,1.002989744814e-01,9.973204962823e-02,9.917054714067e-02,9.861439723312e-02,9.806353114570e-02,9.751788107867e-02,9.697738034532e-02,9.644196317207e-02,9.591156475093e-02,9.538612122617e-02,9.486556968144e-02,9.434984812737e-02,9.383889548684e-02,9.333265156486e-02,9.283105711086e-02,9.233405372233e-02,9.184158388555e-02
-1.614717525541e-01,-9.536963730334e-02,-3.988201602181e-02,6.907819445039e-03,4.651531817109e-02,8.015036238505e-02,1.087874758817e-01,1.332180019559e-01,1.540893417907e-01,1.719347847207e-01,1.871964150895e-01,2.002428670662e-01,2.113832057019e-01,2.208778671696e-01,2.289473463143e-01,2.357791440059e-01,2.415333596968e-01,2.463472213159e-01,2.503387758521e-01,2.536099127007e-01,2.562488531300e-01,2.583322110356e-01,2.599267047470e-01,2.610905877819e-01,2.618748478689e-01,2.623242164566e-01,2.624780217652e-01,2.623709122264e-01,2.620334721109e-01,2.614927471303e-01,2.607726945842e-01,2.598945700422e-01,2.588772604591e-01,2.577375719326e-01,2.564904795248e-01,2.551493422786e-01,2.537260923131e-01,2.522313992051e-01,2.506748132715e-01,2.490648911135e-01,2.474093025790e-01,2.457149398576e-01,2.439879820380e-01,2.422339826378e-01,2.404579305571e-01,2.386643060788e-01,2.368571292578e-01,2.350400014675e-01,2.332161408625e-01,2.313884125893e-01,2.295593547104e-01,2.277312010048e-01,2.259059020054e-01,2.240851457807e-01,2.222703807575e-01,2.204628367121e-01,2.186635563748e-01,2.168734255102e-01,2.150932049103e-01,2.133235625649e-01,2.115651088167e-01,2.098183952508e-01,2.080839703826e-01,2.063623617989e-01,2.046540841196e-01,2.029596348526e-01,2.012794869615e-01,1.996140804140e-01,1.979638145438e-01,1.963290423931e-01,1.947100675268e-01,1.931071432666e-01,1.915204739468e-01,1.899502176473e-01,1.883964892811e-01,1.868593664552e-01,1.853388920344e-01,1.838350783969e-01,1.823479114376e-01,1.808773539532e-01,1.794233490018e-01,1.779858209624e-01,1.765646804773e-01,1.751598244651e-01,1.737711384321e-01,1.723984979898e-01,1.710417701809e-01,1.697008146438e-01,1.683754846378e-01,1.670656279501e-01,1.657710877009e-01,1.644917030603e-01,1.632273098888e-01,1.619777413106e-01,1.607428282257e-01,1.595223997858e-01,1.583162837923e-01,1.571243070774e-01,1.559462958432e-01,1.547820759670e-01,1.536314732466e-01,1.524943137700e-01,1.513704239502e-01,1.502596308521e-01,1.491617623414e-01,1.480766472455e-01,1.470041154977e-01,1.459439982649e-01,1.448961280614e-01,1.438603388476e-01,1.428364661176e-01,1.418243469728e-01,1.408238201857e-01,1.398347262513e-01,1.388569074826e-01,1.378902079088e-01,1.369344733840e-01,1.359895516101e-01,1.350552921213e-01,1.341315462789e-01,1.332181670936e-01,1.323150099049e-01,1.314219312352e-01,1.305387895424e-01,1.296654449750e-01,1.288017593312e-01,1.279475960155e-01,1.271028199977e-01,1.262672977736e-01,1.254408973326e-01,1.246234881316e-01,1.238149410806e-01,1.230151285391e-01,1.222239243265e-01,1.214412037761e-01,1.206668436717e-01,1.199007223967e-01,1.191427199857e-01,1.183927181811e-01,1.176506005094e-01,1.169162524307e-01,1.161895611101e-01,1.154704159355e-01,1.147587082834e-01,1.140543316276e-01,1.133571815645e-01,1.126671558219e-01,1.119841542507e-01,1.113080788005e-01,1.106388334797e-01,1.099763243043e-01,1.093204592356e-01,1.086711481108e-01,1.080283025689e-01,1.073918358934e-01,1.067616631556e-01,1.061377009744e-01,1.055198674399e-01,1.049080820766e-01,1.043022657804e-01,1.037023408976e-01,1.031082305823e-01,1.025198597118e-01,1.019371541496e-01,1.013600408967e-01,1.007884480591e-01,1.002223048192e-01,9.966154141010e-02,9.910608909315e-02,9.855588013748e-02,9.801084780187e-02,9.747092631812e-02,9.693605087570e-02,9.640615760761e-02,9.588118355745e-02,9.536106672188e-02,9.484574599348e-02,9.433516115029e-02,9.382925285182e-02,9.332796262763e-02,9.283123289142e-02
-1.711236115656e-01,-1.037727317217e-01,-4.720703171046e-02,5.191884926498e-04,4.094446843782e-02,7.529726641098e-02,1.045671885952e-01,1.295579280462e-01,1.509270773020e-01,1.692163967025e-01,1.848750588478e-01,1.982776660664e-01,2.097383376196e-01,2.195218130717e-01,2.278522699111e-01,2.349203754147e-01,2.408889636806e-01,2.458976342685e-01,2.500664990709e-01,2.534992519979e-01,2.562856968076e-01,2.585038396894e-01,2.602216278916e-01,2.614984027450e-01,2.623861176013e-01,2.629303633292e-01,2.631712349531e-01,2.631440666852e-01,2.628800574754e-01,2.624068051360e-01,2.617487638319e-01,2.609276371094e-01,2.599627165136e-01,2.588711741303e-01,2.576683159832e-01,2.563678020716e-01,2.549818378883e-01,2.535213414775e-01,2.519960894423e-01,2.504148447705e-01,2.487854660874e-01,2.471150171440e-01,2.454098364051e-01,2.436756237070e-01,2.419175037151e-01,2.401400836597e-01,2.383475034648e-01,2.365434790129e-01,2.347313392477e-01,2.329140578329e-01,2.310942801767e-01,2.292743467782e-01,2.274563140429e-01,2.256419738911e-01,2.238328735855e-01,2.220303371327e-01,2.202354892939e-01,2.184492826360e-01,2.166725272113e-01,2.149059215279e-01,2.131500879024e-01,2.114055787263e-01,2.096729279264e-01,2.079526459300e-01,2.062452309736e-01,2.045511692681e-01,2.028709302775e-01,2.012049592679e-01,1.995536692079e-01,1.979174336531e-01,1.962965816107e-01,1.946913947645e-01,1.931021069586e-01,1.915289055413e-01,1.899719340509e-01,1.884312957289e-01,1.869070574268e-01,1.853992535784e-01,1.839078900204e-01,1.824329475298e-01,1.809743854575e-01,1.795321426922e-01,1.781061431667e-01,1.766962958585e-01,1.753024972787e-01,1.739246331206e-01,1.725625796986e-01,1.712162052066e-01,1.698853708226e-01,1.685699316830e-01,1.672697377438e-01,1.659846345462e-01,1.647144638982e-01,1.634590644832e-01,1.622182724063e-01,1.609919216836e-01,1.597798446825e-01,1.585818725185e-01,1.573978354123e-01,1.562275630121e-01,1.550708846609e-01,1.539276297485e-01,1.527976278180e-01,1.516807088613e-01,1.505767034911e-01,1.494854431132e-01,1.484067600806e-01,1.473404878314e-01,1.462864610114e-01,1.452445155831e-01,1.442144889211e-01,1.431962198958e-01,1.421895489450e-01,1.411943181353e-01,1.402103712129e-01,1.392375536440e-01,1.382757126464e-01,1.373246972111e-01,1.363843581159e-01,1.354545479296e-01,1.345351208528e-01,1.336259333378e-01,1.327268431090e-01,1.318377097855e-01,1.309583946856e-01,1.300887607913e-01,1.292286727084e-01,1.283779966249e-01,1.275366002704e-01,1.267043528760e-01,1.258811251398e-01,1.250667891979e-01,1.242612186044e-01,1.234642883225e-01,1.226758747261e-01,1.218958556164e-01,1.211241102508e-01,1.203605193848e-01,1.196049653258e-01,1.188573319960e-01,1.181175050386e-01,1.173853717617e-01,1.166608213716e-01,1.159437449569e-01,1.152340355613e-01,1.145315882313e-01,1.138363000495e-01,1.131480701534e-01,1.124667997370e-01,1.117923920373e-01,1.111247523055e-01,1.104637877650e-01,1.098094075585e-01,1.091615226857e-01,1.085200459359e-01,1.078848918159e-01,1.072559764763e-01,1.066332176395e-01,1.060165345278e-01,1.054058477965e-01,1.048010796215e-01,1.042021530130e-01,1.036089927393e-01,1.030215246018e-01,1.024396755668e-01,1.018633737272e-01,1.012925482676e-01,1.007271294342e-01,1.001670485074e-01,9.961223777799e-02,9.906263052601e-02,9.851816100133e-02,9.797876440648e-02,9.744437688089e-02,9.691493548632e-02,9.639037819332e-02,9.587064386840e-02,9.535567226189e-02,9.484540399614e-02,9.433978055411e-02,9.383874429876e-02
-1.812827899286e-01,-1.126298688580e-01,-5.494002432779e-02,-6.237327357079e-03,3.504083506958e-02,7.014228626563e-02,1.000723539087e-01,1.256476029320e-01,1.475362471224e-01,1.662888743636e-01,1.823620432102e-01,1.961365742845e-01,2.079318524632e-01,2.180171003589e-01,2.266203315821e-01,2.339355115437e-01,2.401283225701e-01,2.453408342163e-01,2.496953088096e-01,2.532973194340e-01,2.562383177445e-01,2.585977597627e-01,2.604448723542e-01,2.618401295460e-01,2.628364901502e-01,2.634804399156e-01,2.638128723257e-01,2.638698357056e-01,2.636831691112e-01,2.632810453323e-01,2.626884360328e-01,2.619275113910e-01,2.610179844473e-01,2.599774086290e-01,2.588214354924e-01,2.575640385625e-01,2.562177081913e-01,2.547936215645e-01,2.533017913289e-01,2.517511957640e-01,2.501498903594e-01,2.485051184484e-01,2.468233838430e-01,2.451105384144e-01,2.433718474518e-01,2.416120490787e-01,2.398354060658e-01,2.380457507807e-01,2.362465239424e-01,2.344408078292e-01,2.326313546259e-01,2.308206107016e-01,2.290107377599e-01,2.272036319816e-01,2.254009424327e-01,2.236040900669e-01,2.218142885279e-01,2.200325675949e-01,2.182597994879e-01,2.164967274375e-01,2.147439994184e-01,2.130021794308e-01,2.112717961313e-01,2.095533468998e-01,2.078473133580e-01,2.061541665718e-01,2.044743662538e-01,2.028083556788e-01,2.011565543421e-01,1.995193502611e-01,1.978970933652e-01,1.962900908281e-01,1.946986046361e-01,1.931228512569e-01,1.915630030225e-01,1.900191907365e-01,1.884915070306e-01,1.869800100703e-01,1.854847273123e-01,1.840056591122e-01,1.825427826071e-01,1.810960524194e-01,1.796654070670e-01,1.782507686295e-01,1.768520455454e-01,1.754691344076e-01,1.741019215284e-01,1.727502843057e-01,1.714140924190e-01,1.700932088807e-01,1.687874909626e-01,1.674967910161e-01,1.662209572008e-01,1.649598341344e-01,1.637132634726e-01,1.624810844297e-01,1.612631342455e-01,1.600592486054e-01,1.588692620189e-01,1.576930081606e-01,1.565303201617e-01,1.553810309502e-01,1.542449734135e-01,1.531219806781e-01,1.520118863018e-01,1.509145244569e-01,1.498297300951e-01,1.487573390953e-01,1.476971883963e-01,1.466491161146e-01,1.456129616489e-01,1.445885657725e-01,1.435757707138e-01,1.425744202261e-01,1.415843596472e-01,1.406054359487e-01,1.396374977767e-01,1.386803954825e-01,1.377339811454e-01,1.367981085870e-01,1.358726332310e-01,1.349574126930e-01,1.340523058730e-01,1.331571735437e-01,1.322718781750e-01,1.313962839058e-01,1.305302565098e-01,1.296736633589e-01,1.288263733831e-01,1.279882570303e-01,1.271591862268e-01,1.263390343413e-01,1.255276761533e-01,1.247249878291e-01,1.239308469066e-01,1.231451322914e-01,1.223677242638e-01,1.215985044997e-01,1.208373561025e-01,1.200841636485e-01,1.193388132389e-01,1.186011925922e-01,1.178711910290e-01,1.171486996242e-01,1.164336112450e-01,1.157258206119e-01,1.150252243507e-01,1.143317210331e-01,1.136452112033e-01,1.129655973898e-01,1.122927841026e-01,1.116266778144e-01,1.109671869296e-01,1.103142217408e-01,1.096676943746e-01,1.090275187319e-01,1.083936104208e-01,1.077658866879e-01,1.071442663485e-01,1.065286697167e-01,1.059190187051e-01,1.053152360732e-01,1.047172464361e-01,1.041249754722e-01,1.035383500632e-01,1.029572982492e-01,1.023817491876e-01,1.018116331170e-01,1.012468813247e-01,1.006874261179e-01,1.001332007986e-01,9.958413964082e-02,9.904017787035e-02,9.850125164669e-02,9.796729804662e-02,9.743825504916e-02,9.691406152176e-02,9.639465720727e-02,9.587998271175e-02,9.536997949280e-02,9.486458988479e-02
-1.919662829236e-01,-1.219563800962e-01,-6.309488182638e-02,-1.337435565052e-02,2.879289770627e-02,6.467487952003e-02,9.529329751524e-02,1.214781265311e-01,1.439086446206e-01,1.631446346485e-01,1.796503479369e-01,1.938130812052e-01,2.059577028412e-01,2.163581036846e-01,2.252462916669e-01,2.328196661211e-01,2.392468746888e-01,2.446725583237e-01,2.492212179633e-01,2.530003828347e-01,2.561032199228e-01,2.586106943959e-01,2.605933650127e-01,2.621128847728e-01,2.632232590207e-01,2.639719049469e-01,2.644005471291e-01,2.645459772169e-01,2.644407005859e-01,2.641134885872e-01,2.635898516542e-01,2.628924458262e-01,2.620414230644e-01,2.610547339620e-01,2.599483904848e-01,2.587366926866e-01,2.574324276611e-01,2.560470427438e-01,2.545907967002e-01,2.530728923172e-01,2.515015903465e-01,2.498843219182e-01,2.482277626273e-01,2.465379224881e-01,2.448202127130e-01,2.430795067621e-01,2.413201937831e-01,2.395462251942e-01,2.377611550673e-01,2.359681749183e-01,2.341701435081e-01,2.323696123159e-01,2.305688474530e-01,2.287698489379e-01,2.269743702302e-01,2.251839298577e-01,2.233998345118e-01,2.216231991444e-01,2.198549690399e-01,2.180959452873e-01,2.163468154791e-01,2.146081679857e-01,2.128805377092e-01,2.111644165925e-01,2.094602729754e-01,2.077685619355e-01,2.060897292000e-01,2.044242096396e-01,2.027724220059e-01,2.011347618020e-01,1.995115940099e-01,1.979032469547e-01,1.963100080434e-01,1.947321216058e-01,1.931697876803e-01,1.916231664767e-01,1.900923780544e-01,1.885775058261e-01,1.870786005133e-01,1.855956836967e-01,1.841287518936e-01,1.826777767410e-01,1.812427128398e-01,1.798234965295e-01,1.784200492052e-01,1.770322792713e-01,1.756600838471e-01,1.743033502545e-01,1.729619573185e-01,1.716357765063e-01,1.703246729286e-01,1.690285062238e-01,1.677471313399e-01,1.664803992306e-01,1.652281574604e-01,1.639902508068e-01,1.627665217104e-01,1.615568107285e-01,1.603609569436e-01,1.591787983256e-01,1.580101720475e-01,1.568549148194e-01,1.557128631006e-01,1.545838533699e-01,1.534677223368e-01,1.523643071367e-01,1.512734455074e-01,1.501949759472e-01,1.491287378571e-01,1.480745716684e-01,1.470323189560e-01,1.460018225397e-01,1.449829265733e-01,1.439754766224e-01,1.429793197730e-01,1.419943045906e-01,1.410202812324e-01,1.400571014956e-01,1.391046188349e-01,1.381626883865e-01,1.372311668471e-01,1.363099130595e-01,1.353987870961e-01,1.344976508931e-01,1.336063680690e-01,1.327248039051e-01,1.318528253195e-01,1.309903008363e-01,1.301371005513e-01,1.292930960939e-01,1.284581605885e-01,1.276321686158e-01,1.268149961758e-01,1.260065206543e-01,1.252066208603e-01,1.244151768229e-01,1.236320699246e-01,1.228571829012e-01,1.220903998292e-01,1.213316061489e-01,1.205806886604e-01,1.198375357564e-01,1.191020371390e-01,1.183740841525e-01,1.176535697666e-01,1.169403886406e-01,1.162344371851e-01,1.155356136165e-01,1.148438180027e-01,1.141589522971e-01,1.134809203597e-01,1.128096279634e-01,1.121449827865e-01,1.114868943921e-01,1.108352741085e-01,1.101900352095e-01,1.095510927041e-01,1.089183632655e-01,1.082917651969e-01,1.076712183659e-01,1.070566443164e-01,1.064479654284e-01,1.058451061102e-01,1.052479918369e-01,1.046565493364e-01,1.040707065371e-01,1.034903925214e-01,1.029155374822e-01,1.023460726855e-01,1.017819304356e-01,1.012230440448e-01,1.006693478064e-01,1.001207769706e-01,9.957726772302e-02,9.903875713358e-02,9.850518322987e-02,9.797648490833e-02,9.745260192178e-02,9.693347487886e-02,9.641904523167e-02,9.590925530763e-02
-2.031922343890e-01,-1.317686329973e-01,-7.168643114355e-02,-2.090537830533e-02,2.218835572476e-02,5.888378874956e-02,9.021968788653e-02,1.170399929233e-01,1.400355032239e-01,1.597755757156e-01,1.767324710592e-01,1.913002280722e-01,2.038094234872e-01,2.145388074539e-01,2.237245454386e-01,2.315676108140e-01,2.382397373752e-01,2.438882421664e-01,2.486399557055e-01,2.526044427994e-01,2.558766553588e-01,2.585391288834e-01,2.606638080008e-01,2.623135724419e-01,2.635435164731e-01,2.644020264580e-01,2.649316917482e-01,2.651700774603e-01,2.651503823539e-01,2.649020011215e-01,2.644510046034e-01,2.638205545695e-01,2.630312599120e-01,2.621014847553e-01,2.610476154259e-01,2.598842923614e-01,2.586246121541e-01,2.572803049067e-01,2.558618848575e-01,2.543787888326e-01,2.528394915570e-01,2.512516198586e-01,2.496220283676e-01,2.479568917018e-01,2.462617726966e-01,2.445416850526e-01,2.428011483529e-01,2.410442362268e-01,2.392746185216e-01,2.374956021644e-01,2.357101481496e-01,2.339209123597e-01,2.321302640449e-01,2.303403057024e-01,2.285528907597e-01,2.267696400983e-01,2.249919587863e-01,2.232210544251e-01,2.214579502313e-01,2.197035164527e-01,2.179584934903e-01,2.162235085941e-01,2.144991153152e-01,2.127858105528e-01,2.110840560575e-01,2.093942933936e-01,2.077169527844e-01,2.060524560340e-01,2.044012143063e-01,2.027636181530e-01,2.011400474600e-01,1.995308461405e-01,1.979363228289e-01,1.963567470086e-01,1.947923471059e-01,1.932433103901e-01,1.917097841784e-01,1.901918773209e-01,1.886896674027e-01,1.872031988446e-01,1.857324891933e-01,1.842775285204e-01,1.828382890581e-01,1.814147226954e-01,1.800067649385e-01,1.786143370301e-01,1.772373478074e-01,1.758756953243e-01,1.745292682637e-01,1.731979470705e-01,1.718816054488e-01,1.705801108333e-01,1.692933254267e-01,1.680211069469e-01,1.667633092920e-01,1.655197831325e-01,1.642903764405e-01,1.630749349562e-01,1.618733026674e-01,1.606853221216e-01,1.595108348016e-01,1.583496814482e-01,1.572017023362e-01,1.560667375239e-01,1.549446270885e-01,1.538352113350e-01,1.527383309830e-01,1.516538273369e-01,1.505815424394e-01,1.495213192536e-01,1.484730016534e-01,1.474364346580e-01,1.464114644906e-01,1.453979386656e-01,1.443957060635e-01,1.434046169980e-01,1.424245232800e-01,1.414552783387e-01,1.404967370115e-01,1.395487558257e-01,1.386111928169e-01,1.376839081038e-01,1.367667629763e-01,1.358596205613e-01,1.349623456411e-01,1.340748046416e-01,1.331968656161e-01,1.323283982215e-01,1.314692736984e-01,1.306193649869e-01,1.297785462070e-01,1.289466931133e-01,1.281236828946e-01,1.273093941368e-01,1.265037067888e-01,1.257065021329e-01,1.249176627723e-01,1.241370726963e-01,1.233646169303e-01,1.226001819316e-01,1.218436553896e-01,1.210949265994e-01,1.203538858810e-01,1.196204251141e-01,1.188944376482e-01,1.181758183611e-01,1.174644637197e-01,1.167602718400e-01,1.160631425385e-01,1.153729772748e-01,1.146896795026e-01,1.140131544205e-01,1.133433090662e-01,1.126800523192e-01,1.120232948894e-01,1.113729492946e-01,1.107289298098e-01,1.100911522894e-01,1.094595346129e-01,1.088339961023e-01,1.082144578263e-01,1.076008416823e-01,1.069930717702e-01,1.063910732672e-01,1.057947726596e-01,1.052040976868e-01,1.046189772881e-01,1.040393415542e-01,1.034651216779e-01,1.028962498114e-01,1.023326593847e-01,1.017742846909e-01,1.012210609927e-01,1.006729244965e-01,1.001298123297e-01,9.959166252050e-02,9.905841397361e-02,9.853000641047e-02,9.800638053044e-02,9.748747779713e-02,9.697324055083e-02
-2.149799959008e-01,-1.420840848930e-01,-8.073048695370e-02,-2.884477613819e-02,1.521408742010e-02,5.275700399024e-02,8.484050162920e-02,1.123230582791e-01,1.359074666642e-01,1.561730493216e-01,1.736004031738e-01,1.885905838827e-01,2.014801087619e-01,2.125527846610e-01,2.220491032129e-01,2.301737565843e-01,2.371016895430e-01,2.429830032373e-01,2.479469519115e-01,2.521052179755e-01,2.555546101650e-01,2.583792975255e-01,2.606526663189e-01,2.624388723525e-01,2.637941426106e-01,2.647678716140e-01,2.654035484070e-01,2.657395429515e-01,2.658097751095e-01,2.656442871924e-01,2.652697337661e-01,2.647098027982e-01,2.639855792572e-01,2.631158576288e-01,2.621174141343e-01,2.610052434864e-01,2.597927642693e-01,2.584919984800e-01,2.571137307104e-01,2.556676402291e-01,2.541624246506e-01,2.526059147229e-01,2.510051516846e-01,2.493664815623e-01,2.476956248911e-01,2.459977409329e-01,2.442774860253e-01,2.425390625081e-01,2.407862547564e-01,2.390224769577e-01,2.372508023716e-01,2.354739915765e-01,2.336945215428e-01,2.319145944412e-01,2.301361615515e-01,2.283609436213e-01,2.265904435153e-01,2.248259619353e-01,2.230686164351e-01,2.213193504755e-01,2.195789686215e-01,2.178481509102e-01,2.161274827725e-01,2.144174785667e-01,2.127186032646e-01,2.110312909667e-01,2.093559553002e-01,2.076929994295e-01,2.060428297366e-01,2.044058362710e-01,2.027823936606e-01,2.011728545893e-01,1.995775394811e-01,1.979967420834e-01,1.964307183480e-01,1.948796824676e-01,1.933438095003e-01,1.918232366860e-01,1.903180636872e-01,1.888283621709e-01,1.873541724876e-01,1.858955045766e-01,1.844523499836e-01,1.830246775541e-01,1.816124381849e-01,1.802155671056e-01,1.788339857595e-01,1.774676037870e-01,1.761163208611e-01,1.747800273276e-01,1.734586057482e-01,1.721519319390e-01,1.708598758040e-01,1.695823023793e-01,1.683190723668e-01,1.670700427426e-01,1.658350673847e-01,1.646139975802e-01,1.634066824574e-01,1.622129694886e-01,1.610327047503e-01,1.598657332760e-01,1.587118994119e-01,1.575710470345e-01,1.564430198161e-01,1.553276614463e-01,1.542248158447e-01,1.531343273416e-01,1.520560407830e-01,1.509898017458e-01,1.499354566487e-01,1.488928528703e-01,1.478618389092e-01,1.468422643643e-01,1.458339800595e-01,1.448368381668e-01,1.438506922417e-01,1.428753972794e-01,1.419108098945e-01,1.409567879924e-01,1.400131910202e-01,1.390798804375e-01,1.381567188128e-01,1.372435705091e-01,1.363403015045e-01,1.354467793899e-01,1.345628734297e-01,1.336884545019e-01,1.328233948144e-01,1.319675682646e-01,1.311208502657e-01,1.302831177150e-01,1.294542491138e-01,1.286341241537e-01,1.278226238708e-01,1.270196307343e-01,1.262250285235e-01,1.254387023017e-01,1.246605385753e-01,1.238904247132e-01,1.231282494148e-01,1.223739030458e-01,1.216272767349e-01,1.208882631240e-01,1.201567561935e-01,1.194326513080e-01,1.187158452582e-01,1.180062362805e-01,1.173037242142e-01,1.166082105075e-01,1.159195982651e-01,1.152377922923e-01,1.145626990029e-01,1.138942267140e-01,1.132322855713e-01,1.125767874250e-01,1.119276458827e-01,1.112847762843e-01,1.106480954096e-01,1.100175221911e-01,1.093929771438e-01,1.087743815899e-01,1.081616592138e-01,1.075547347918e-01,1.069535344692e-01,1.063579857024e-01,1.057680171300e-01,1.051835585937e-01,1.046045413233e-01,1.040308974885e-01,1.034625603221e-01,1.028994640821e-01,1.023415439164e-01,1.017887360943e-01,1.012409778215e-01,1.006982071480e-01,1.001603630109e-01,9.962738521474e-02,9.909921431763e-02,9.857579191529e-02,9.805706038329e-02
-2.273501913086e-01,-1.529213413086e-01,-9.024390479000e-02,-3.720787736141e-02,7.856105568480e-03,4.628172186233e-02,7.914398579269e-02,1.073165060816e-01,1.315145567777e-01,1.523278308140e-01,1.702455994306e-01,1.856762192386e-01,1.989623882561e-01,2.103931741019e-01,2.202135689534e-01,2.286321334608e-01,2.358271524473e-01,2.419516230127e-01,2.471373201904e-01,2.514981290178e-01,2.551327893687e-01,2.581271692114e-01,2.605561541155e-01,2.624852269979e-01,2.639717928561e-01,2.650662949139e-01,2.658131577064e-01,2.662515876725e-01,2.664162551193e-01,2.663378765087e-01,2.660437138877e-01,2.655580021322e-01,2.649023203241e-01,2.640959107938e-01,2.631559572058e-01,2.620978226526e-01,2.609352607032e-01,2.596805986976e-01,2.583448983052e-01,2.569380957473e-01,2.554691195162e-01,2.539460128256e-01,2.523760114123e-01,2.507656398524e-01,2.491207828143e-01,2.474467544393e-01,2.457483493115e-01,2.440298946717e-01,2.422953000991e-01,2.405480958855e-01,2.387914712786e-01,2.370282849220e-01,2.352611110456e-01,2.334922545360e-01,2.317237768846e-01,2.299574931113e-01,2.281950013535e-01,2.264376981230e-01,2.246867921189e-01,2.229433164366e-01,2.212081451842e-01,2.194820235326e-01,2.177655817653e-01,2.160593652140e-01,2.143638541924e-01,2.126794784831e-01,2.110066465223e-01,2.093457568682e-01,2.076971954842e-01,2.060613392338e-01,2.044385498456e-01,2.028291927419e-01,2.012336017065e-01,1.996520832345e-01,1.980849066350e-01,1.965323158333e-01,1.949945144526e-01,1.934716667832e-01,1.919639001172e-01,1.904713085291e-01,1.889939591968e-01,1.875318832829e-01,1.860850934221e-01,1.846535769177e-01,1.832373014549e-01,1.818362170427e-01,1.804502595225e-01,1.790793515921e-01,1.777234041234e-01,1.763823180123e-01,1.750559854085e-01,1.737442915041e-01,1.724471146139e-01,1.711643274441e-01,1.698957977640e-01,1.686413894116e-01,1.674009626067e-01,1.661743745359e-01,1.649614798701e-01,1.637621312355e-01,1.625761796462e-01,1.614034747033e-01,1.602438650959e-01,1.590971987698e-01,1.579633232303e-01,1.568420857957e-01,1.557333337868e-01,1.546369147076e-01,1.535526764480e-01,1.524804674431e-01,1.514201368521e-01,1.503715345357e-01,1.493345113230e-01,1.483089190667e-01,1.472946108205e-01,1.462914407165e-01,1.452992641641e-01,1.443179379341e-01,1.433473202358e-01,1.423872707416e-01,1.414376503161e-01,1.404983218392e-01,1.395691492348e-01,1.386499981633e-01,1.377407358486e-01,1.368412312297e-01,1.359513546503e-01,1.350709779329e-01,1.341999745526e-01,1.333382195654e-01,1.324855897091e-01,1.316419627464e-01,1.308072181394e-01,1.299812367754e-01,1.291639011648e-01,1.283550947867e-01,1.275547025024e-01,1.267626105470e-01,1.259787065032e-01,1.252028791834e-01,1.244350181945e-01,1.236750150759e-01,1.229227619025e-01,1.221781522509e-01,1.214410809373e-01,1.207114440876e-01,1.199891390130e-01,1.192740643993e-01,1.185661203808e-01,1.178652085311e-01,1.171712318339e-01,1.164840949846e-01,1.158037042447e-01,1.151299675204e-01,1.144627941979e-01,1.138020956298e-01,1.131477848683e-01,1.124997766030e-01,1.118579871030e-01,1.112223342633e-01,1.105927381754e-01,1.099691195225e-01,1.093514014735e-01,1.087395083053e-01,1.081333657205e-01,1.075329005991e-01,1.069380413942e-01,1.063487178946e-01,1.057648609478e-01,1.051864025102e-01,1.046132755114e-01,1.040454143692e-01,1.034827542739e-01,1.029252314020e-01,1.023727827318e-01,1.018253464398e-01,1.012828615374e-01,1.007452678517e-01,1.002125060164e-01,9.968451750653e-02,9.916124484597e-02
-2.403247870175e-01,-1.643002195829e-01,-1.002446388911e-01,-4.601101039269e-02,9.950901951716e-05,3.944430112552e-02,7.311761692729e-02,1.020088091419e-01,1.268461381744e-01,1.482300863316e-01,1.666589490643e-01,1.825486779032e-01,1.962484001178e-01,2.080526553763e-01,2.182111168408e-01,2.269363685855e-01,2.344101691363e-01,2.407885272583e-01,2.462058394344e-01,2.507782811344e-01,2.546066003916e-01,2.577784317654e-01,2.603702198381e-01,2.624488274672e-01,2.640728846982e-01,2.652939249315e-01,2.661573453021e-01,2.667032225553e-01,2.669670076815e-01,2.669801178163e-01,2.667704453594e-01,2.663627951978e-01,2.657792619529e-01,2.650395530421e-01,2.641612735079e-01,2.631601715181e-01,2.620503502853e-01,2.608444542191e-01,2.595538340326e-01,2.581886921846e-01,2.567581987967e-01,2.552706181521e-01,2.537333886933e-01,2.521532210131e-01,2.505361731158e-01,2.488877154888e-01,2.472127845542e-01,2.455158446103e-01,2.438009379736e-01,2.420717077490e-01,2.403314456438e-01,2.385831253142e-01,2.368294326017e-01,2.350727630751e-01,2.333152697035e-01,2.315588769729e-01,2.298052819406e-01,2.280559713579e-01,2.263122460818e-01,2.245752343872e-01,2.228458874477e-01,2.211250250005e-01,2.194133339459e-01,2.177114039630e-01,2.160197406010e-01,2.143387878973e-01,2.126689605435e-01,2.110106449987e-01,2.093642025776e-01,2.077300059459e-01,2.061084182173e-01,2.044997876047e-01,2.029044417316e-01,2.013227092577e-01,1.997548803207e-01,1.982012099696e-01,1.966619264171e-01,1.951372244827e-01,1.936272590215e-01,1.921321469529e-01,1.906519831942e-01,1.891868217368e-01,1.877366980967e-01,1.863016195799e-01,1.848815715574e-01,1.834765212147e-01,1.820864201835e-01,1.807112044988e-01,1.793507970748e-01,1.780051109827e-01,1.766740492586e-01,1.753575063746e-01,1.740553694455e-01,1.727675198894e-01,1.714938333005e-01,1.702341805103e-01,1.689884284995e-01,1.677564408505e-01,1.665380781490e-01,1.653331984951e-01,1.641416581670e-01,1.629633116333e-01,1.617980122135e-01,1.606456121882e-01,1.595059631504e-01,1.583789162707e-01,1.572643224903e-01,1.561620327432e-01,1.550718981884e-01,1.539937702860e-01,1.529275009988e-01,1.518729429546e-01,1.508299496115e-01,1.497983751655e-01,1.487780748564e-01,1.477689050641e-01,1.467707232586e-01,1.457833880589e-01,1.448067594233e-01,1.438406988194e-01,1.428850687045e-01,1.419397334562e-01,1.410045584437e-01,1.400794107015e-01,1.391641588676e-01,1.382586730784e-01,1.373628247494e-01,1.364764869757e-01,1.355995346261e-01,1.347318436799e-01,1.338732916857e-01,1.330237577996e-01,1.321831228528e-01,1.313512685246e-01,1.305280781982e-01,1.297134368306e-01,1.289072304847e-01,1.281093463559e-01,1.273196730927e-01,1.265381009047e-01,1.257645204153e-01,1.249988243488e-01,1.242409058090e-01,1.234906594206e-01,1.227479810626e-01,1.220127677084e-01,1.212849173810e-01,1.205643294926e-01,1.198509047475e-01,1.191445450344e-01,1.184451536895e-01,1.177526354624e-01,1.170668964377e-01,1.163878444151e-01,1.157153886879e-01,1.150494399812e-01,1.143899107476e-01,1.137367152424e-01,1.130897692364e-01,1.124489897660e-01,1.118142963333e-01,1.111856090011e-01,1.105628503460e-01,1.099459440690e-01,1.093348151756e-01,1.087293901610e-01,1.081295972570e-01,1.075353657390e-01,1.069466258419e-01,1.063633095379e-01,1.057853498209e-01,1.052126806463e-01,1.046452368598e-01,1.040829548601e-01,1.035257717210e-01,1.029736253224e-01,1.024264546488e-01,1.018841996687e-01,1.013468010793e-01,1.008142002345e-01,1.002863397832e-01
-2.539271684516e-01,-1.762418180771e-01,-1.107518051233e-01,-5.527156129350e-02,-8.071569892056e-03,3.223021429490e-02,6.674805636662e-02,9.638768827535e-02,1.218908800649e-01,1.438693373668e-01,1.628307422508e-01,1.791989458397e-01,1.933297621489e-01,2.055234217327e-01,2.160344657688e-01,2.250796622518e-01,2.328443818473e-01,2.394877649323e-01,2.451469337368e-01,2.499404451079e-01,2.539711350850e-01,2.573284749238e-01,2.600905300855e-01,2.623255981127e-01,2.640935827888e-01,2.654471505842e-01,2.664327102294e-01,2.670912437739e-01,2.674590125147e-01,2.675681625535e-01,2.674472435356e-01,2.671216518803e-01,2.666140162212e-01,2.659445305404e-01,2.651312389348e-01,2.641902874229e-01,2.631361437645e-01,2.619817836039e-01,2.607388587666e-01,2.594178465150e-01,2.580281708183e-01,2.565783255903e-01,2.550759605080e-01,2.535279799737e-01,2.519406241412e-01,2.503195203303e-01,2.486697591550e-01,2.469959530959e-01,2.453022617131e-01,2.435924518179e-01,2.418699412846e-01,2.401378041270e-01,2.383988187531e-01,2.366555013995e-01,2.349100968570e-01,2.331646167295e-01,2.314208653595e-01,2.296804247084e-01,2.279446852209e-01,2.262148672223e-01,2.244920104193e-01,2.227770140727e-01,2.210706315641e-01,2.193735091191e-01,2.176861903318e-01,2.160091521048e-01,2.143428178445e-01,2.126875603280e-01,2.110437528990e-01,2.094117511311e-01,2.077918871213e-01,2.061845130838e-01,2.045899648275e-01,2.030085499987e-01,2.014405781774e-01,1.998863284053e-01,1.983460397783e-01,1.968199327214e-01,1.953081909929e-01,1.938109574740e-01,1.923283515652e-01,1.908604525941e-01,1.894073206440e-01,1.879689845252e-01,1.865454478774e-01,1.851366988178e-01,1.837427044462e-01,1.823634147294e-01,1.809987682311e-01,1.796486900182e-01,1.783130938167e-01,1.769918853783e-01,1.756849618203e-01,1.743922128269e-01,1.731135226517e-01,1.718487700476e-01,1.705978289723e-01,1.693605698059e-01,1.681368595093e-01,1.669265620755e-01,1.657295393189e-01,1.645456509216e-01,1.633747551420e-01,1.622167088762e-01,1.610713680554e-01,1.599385879720e-01,1.588182234329e-01,1.577101290506e-01,1.566141593862e-01,1.555301691541e-01,1.544580134529e-01,1.533975477708e-01,1.523486282103e-01,1.513111116946e-01,1.502848558642e-01,1.492697192999e-01,1.482655617325e-01,1.472722438510e-01,1.462896275027e-01,1.453175759319e-01,1.443559534324e-01,1.434046259487e-01,1.424634603977e-01,1.415323252784e-01,1.406110907895e-01,1.396996280918e-01,1.387978100092e-01,1.379055111593e-01,1.370226071111e-01,1.361489750932e-01,1.352844941698e-01,1.344290443204e-01,1.335825071158e-01,1.327447659532e-01,1.319157050960e-01,1.310952102746e-01,1.302831689880e-01,1.294794695556e-01,1.286840016046e-01,1.278966564337e-01,1.271173259781e-01,1.263459040431e-01,1.255822847986e-01,1.248263639741e-01,1.240780387404e-01,1.233372067367e-01,1.226037670673e-01,1.218776201727e-01,1.211586672543e-01,1.204468109185e-01,1.197419550532e-01,1.190440046780e-01,1.183528662417e-01,1.176684474604e-01,1.169906575523e-01,1.163194072478e-01,1.156546085362e-01,1.149961751858e-01,1.143440225705e-01,1.136980672811e-01,1.130582279795e-01,1.124244242294e-01,1.117965779807e-01,1.111746123210e-01,1.105584513485e-01,1.099480215357e-01,1.093432503642e-01,1.087440662035e-01,1.081503995699e-01,1.075621819126e-01,1.069793454485e-01,1.064018242535e-01,1.058295532824e-01,1.052624681607e-01,1.047005060860e-01,1.041436051019e-01,1.035917038568e-01,1.030447423211e-01,1.025026612928e-01,1.019654021381e-01,1.014329074442e-01
-2.681822231818e-01,-1.887685914097e-01,-1.217857493761e-01,-6.500803622290e-02,-1.667402254817e-02,2.462399502178e-02,6.002110173308e-02,9.044006759227e-02,1.166367146792e-01,1.392344219650e-01,1.587506341131e-01,1.756174176400e-01,1.901975403415e-01,2.027971506596e-01,2.136758516849e-01,2.230547618592e-01,2.311230075057e-01,2.380429850227e-01,2.439546505279e-01,2.489790366684e-01,2.532211502043e-01,2.567723718310e-01,2.597124520542e-01,2.621111800081e-01,2.640297831924e-01,2.655221064433e-01,2.666356103970e-01,2.674122170161e-01,2.678890310854e-01,2.680989574384e-01,2.680712265529e-01,2.678318513582e-01,2.674040177073e-01,2.668084216362e-01,2.660635662157e-01,2.651860126411e-01,2.641906045773e-01,2.630906649194e-01,2.618981581758e-01,2.606238478444e-01,2.592774218777e-01,2.578676135401e-01,2.564022926006e-01,2.548885676673e-01,2.533328610471e-01,2.517409715283e-01,2.501181537703e-01,2.484691553607e-01,2.467982738383e-01,2.451094139691e-01,2.434060911048e-01,2.416915014816e-01,2.399685355303e-01,2.382397913402e-01,2.365076303665e-01,2.347741569849e-01,2.330412579404e-01,2.313106291610e-01,2.295837435675e-01,2.278619132536e-01,2.261462710340e-01,2.244377998715e-01,2.227373272206e-01,2.210455656037e-01,2.193631141852e-01,2.176904880727e-01,2.160281265189e-01,2.143764269822e-01,2.127357576241e-01,2.111064454907e-01,2.094888419767e-01,2.078832684669e-01,2.062900441970e-01,2.047094975719e-01,2.031419187602e-01,2.015876029773e-01,2.000468153371e-01,1.985197803607e-01,1.970067153090e-01,1.955077880192e-01,1.940231412436e-01,1.925528806395e-01,1.910970922597e-01,1.896558263539e-01,1.882291097743e-01,1.868169502452e-01,1.854193311019e-01,1.840362214003e-01,1.826675738333e-01,1.813133258299e-01,1.799734057999e-01,1.786477298191e-01,1.773362053918e-01,1.760387327544e-01,1.747552043974e-01,1.734855076571e-01,1.722295244746e-01,1.709871320557e-01,1.697582043663e-01,1.685426116929e-01,1.673402217276e-01,1.661508997234e-01,1.649745092081e-01,1.638109119731e-01,1.626599686037e-01,1.615215387694e-01,1.603954813950e-01,1.592816549819e-01,1.581799177645e-01,1.570901279719e-01,1.560121438994e-01,1.549458241764e-01,1.538910278748e-01,1.528476145520e-01,1.518154445747e-01,1.507943789777e-01,1.497842796923e-01,1.487850097815e-01,1.477964330826e-01,1.468184147582e-01,1.458508210425e-01,1.448935195766e-01,1.439463789384e-01,1.430092692904e-01,1.420820621607e-01,1.411646301684e-01,1.402568477358e-01,1.393585903674e-01,1.384697350031e-01,1.375901604741e-01,1.367197463185e-01,1.358583740222e-01,1.350059264495e-01,1.341622874785e-01,1.333273430057e-01,1.325009797262e-01,1.316830857968e-01,1.308735512281e-01,1.300722663993e-01,1.292791236462e-01,1.284940162088e-01,1.277168389371e-01,1.269474870692e-01,1.261858576140e-01,1.254318486478e-01,1.246853589150e-01,1.239462888360e-01,1.232145394535e-01,1.224900130073e-01,1.217726131471e-01,1.210622441570e-01,1.203588118255e-01,1.196622230268e-01,1.189723858536e-01,1.182892096817e-01,1.176126052291e-01,1.169424846418e-01,1.162787612018e-01,1.156213500783e-01,1.149701675715e-01,1.143251316650e-01,1.136861614949e-01,1.130531784068e-01,1.124261047026e-01,1.118048641585e-01,1.111893825663e-01,1.105795863948e-01,1.099754041343e-01,1.093767655706e-01,1.087836011059e-01,1.081958435086e-01,1.076134259739e-01,1.070362829706e-01,1.064643505356e-01,1.058975650633e-01,1.053358646060e-01,1.047791880342e-01,1.042274747155e-01,1.036806657154e-01,1.031387023860e-01,1.026015271908e-01
-2.831164312547e-01,-2.019044322036e-01,-1.333681218740e-01,-7.524012919939e-02,-2.572582621800e-02,1.660918096853e-02,5.292163438834e-02,8.415202569476e-02,1.110707920066e-01,1.343134529025e-01,1.544076055973e-01,1.717938599588e-01,1.868422147360e-01,1.998649718374e-01,2.111269975742e-01,2.208539336500e-01,2.292388111372e-01,2.364474114485e-01,2.426226369501e-01,2.478880940818e-01,2.523510461928e-01,2.561048589326e-01,2.592310344624e-01,2.618009124504e-01,2.638770963991e-01,2.655146562978e-01,2.667621457194e-01,2.676624641513e-01,2.682535940162e-01,2.685692264651e-01,2.686393027469e-01,2.684904753500e-01,2.681465083010e-01,2.676286232869e-01,2.669557963883e-01,2.661450234638e-01,2.652115399717e-01,2.641690262161e-01,2.630297756029e-01,2.618048486461e-01,2.605042078339e-01,2.591368358491e-01,2.577108317498e-01,2.562335167790e-01,2.547115026736e-01,2.531507704330e-01,2.515567366543e-01,2.499342967527e-01,2.482879018836e-01,2.466215661379e-01,2.449389445566e-01,2.432433396267e-01,2.415377444665e-01,2.398248760955e-01,2.381071713002e-01,2.363868552253e-01,2.346658957670e-01,2.329460792898e-01,2.312289820975e-01,2.295159995919e-01,2.278083600622e-01,2.261071323929e-01,2.244132233719e-01,2.227274221655e-01,2.210503903171e-01,2.193826924697e-01,2.177248066099e-01,2.160771570788e-01,2.144401025495e-01,2.128139999992e-01,2.111991636742e-01,2.095959152078e-01,2.080045682533e-01,2.064254209493e-01,2.048587897200e-01,2.033049436920e-01,2.017641742028e-01,2.002367214495e-01,1.987228148153e-01,1.972226516912e-01,1.957363957489e-01,1.942641792408e-01,1.928061150723e-01,1.913622749852e-01,1.899327121150e-01,1.885174530688e-01,1.871165017129e-01,1.857298462107e-01,1.843574527031e-01,1.829992774541e-01,1.816552598155e-01,1.803253294954e-01,1.790094056190e-01,1.777073981272e-01,1.764192103264e-01,1.751447375493e-01,1.738838706570e-01,1.726364945623e-01,1.714024902981e-01,1.701817350670e-01,1.689741028034e-01,1.677794647203e-01,1.665976899748e-01,1.654286455462e-01,1.642721970245e-01,1.631282087033e-01,1.619965439081e-01,1.608770652980e-01,1.597696350226e-01,1.586741149841e-01,1.575903670119e-01,1.565182530199e-01,1.554576351687e-01,1.544083760556e-01,1.533703386963e-01,1.523433869115e-01,1.513273850517e-01,1.503221984794e-01,1.493276933721e-01,1.483437369033e-01,1.473701973627e-01,1.464069442258e-01,1.454538478551e-01,1.445107801823e-01,1.435776141599e-01,1.426542240996e-01,1.417404857703e-01,1.408362759270e-01,1.399414732819e-01,1.390559572037e-01,1.381796090471e-01,1.373123112002e-01,1.364539475050e-01,1.356044034262e-01,1.347635652326e-01,1.339313214076e-01,1.331075607812e-01,1.322921742939e-01,1.314850537400e-01,1.306860922271e-01,1.298951842678e-01,1.291122257141e-01,1.283371128534e-01,1.275697440075e-01,1.268100180324e-01,1.260578350577e-01,1.253130964790e-01,1.245757042229e-01,1.238455620512e-01,1.231225739033e-01,1.224066454351e-01,1.216976830201e-01,1.209955942267e-01,1.203002877957e-01,1.196116734925e-01,1.189296623741e-01,1.182541667015e-01,1.175850999746e-01,1.169223770618e-01,1.162659142245e-01,1.156156290205e-01,1.149714402861e-01,1.143332688497e-01,1.137010363243e-01,1.130746662430e-01,1.124540834580e-01,1.118392140025e-01,1.112299859892e-01,1.106263278402e-01,1.100281705914e-01,1.094354455513e-01,1.088480858793e-01,1.082660258149e-01,1.076892004605e-01,1.071175467502e-01,1.065510016669e-01,1.059895043586e-01,1.054329940874e-01,1.048814115295e-01,1.043346981998e-01,1.037927963548e-01
-2.987579633187e-01,-2.156747598847e-01,-1.455219578945e-01,-8.598879583130e-02,-3.524611153247e-02,8.168251820637e-03,4.543356211985e-02,7.750874273049e-02,1.051794309238e-01,1.290937719491e-01,1.497899210122e-01,1.677173719041e-01,1.832536423014e-01,1.967174323763e-01,2.083790807985e-01,2.184689320606e-01,2.271840768776e-01,2.346938157963e-01,2.411441140776e-01,2.466612538033e-01,2.513548441322e-01,2.553203141295e-01,2.586409868230e-01,2.613898136388e-01,2.636308284713e-01,2.654203749452e-01,2.668081423594e-01,2.678380473619e-01,2.685489827597e-01,2.689754596986e-01,2.691481562212e-01,2.690943907292e-01,2.688385290456e-01,2.684023370611e-01,2.678052868145e-01,2.670648210823e-01,2.661965870129e-01,2.652146351592e-01,2.641316012895e-01,2.629588552146e-01,2.617066449464e-01,2.603842130206e-01,2.589998973346e-01,2.575612401939e-01,2.560750514498e-01,2.545475032963e-01,2.529841748182e-01,2.513901304818e-01,2.497699526046e-01,2.481278047359e-01,2.464674574241e-01,2.447923359868e-01,2.431055449035e-01,2.414098981663e-01,2.397079475478e-01,2.380019931842e-01,2.362941204323e-01,2.345861892025e-01,2.328798825594e-01,2.311766763165e-01,2.294778948863e-01,2.277846937452e-01,2.260980621512e-01,2.244188737923e-01,2.227478567508e-01,2.210856392595e-01,2.194327505202e-01,2.177896411143e-01,2.161567080689e-01,2.145342981936e-01,2.129227390715e-01,2.113223357524e-01,2.097333891665e-01,2.081561964276e-01,2.065910462822e-01,2.050382305701e-01,2.034980172971e-01,2.019706759714e-01,2.004564362689e-01,1.989555248330e-01,1.974681223557e-01,1.959943869330e-01,1.945344584107e-01,1.930884294253e-01,1.916563819410e-01,1.902383602463e-01,1.888343945902e-01,1.874444877800e-01,1.860686285282e-01,1.847067859139e-01,1.833589163819e-01,1.820249624184e-01,1.807048558214e-01,1.793985184530e-01,1.781058634251e-01,1.768267967473e-01,1.755612174170e-01,1.743090193408e-01,1.730700909045e-01,1.718443168543e-01,1.706315777550e-01,1.694317512098e-01,1.682447123975e-01,1.670703337991e-01,1.659084863883e-01,1.647590393225e-01,1.636218607025e-01,1.624968175377e-01,1.613837761919e-01,1.602826024924e-01,1.591931619921e-01,1.581153201309e-01,1.570489424099e-01,1.559938945362e-01,1.549500425831e-01,1.539172530623e-01,1.528953931334e-01,1.518843305514e-01,1.508839339854e-01,1.498940727888e-01,1.489146174322e-01,1.479454393720e-01,1.469864108872e-01,1.460374057795e-01,1.450982985794e-01,1.441689654402e-01,1.432492833565e-01,1.423391309568e-01,1.414383878327e-01,1.405469351667e-01,1.396646552417e-01,1.387914318329e-01,1.379271499720e-01,1.370716960277e-01,1.362249578035e-01,1.353868242282e-01,1.345571858654e-01,1.337359341405e-01,1.329229623317e-01,1.321181642735e-01,1.313214357090e-01,1.305326734538e-01,1.297517748183e-01,1.289786394111e-01,1.282131668178e-01,1.274552587342e-01,1.267048170513e-01,1.259617454415e-01,1.252259480147e-01,1.244973303511e-01,1.237757987154e-01,1.230612605874e-01,1.223536243570e-01,1.216527994661e-01,1.209586964420e-01,1.202712268219e-01,1.195903033238e-01,1.189158397706e-01,1.182477511561e-01,1.175859538091e-01,1.169303651813e-01,1.162809039854e-01,1.156374906810e-01,1.150000464170e-01,1.143684944904e-01,1.137427588207e-01,1.131227654749e-01,1.125084412156e-01,1.118997148035e-01,1.112965158356e-01,1.106987756449e-01,1.101064265799e-01,1.095194023925e-01,1.089376380433e-01,1.083610695346e-01,1.077896342639e-01,1.072232703155e-01,1.066619173336e-01,1.061055153280e-01,1.055540060012e-01,1.050073313002e-01
-3.151367872060e-01,-2.301066171296e-01,-1.582717654459e-01,-9.727633331816e-02,-4.525523580337e-02,-7.174380998294e-04,3.753975700595e-02,7.049444311410e-02,9.894806573265e-02,1.235619004650e-01,1.448850818791e-01,1.633763419360e-01,1.794210166686e-01,1.933444590608e-01,2.054226976172e-01,2.158909663613e-01,2.249505766558e-01,2.327744877087e-01,2.395118489459e-01,2.452917240263e-01,2.502261606991e-01,2.544127330402e-01,2.579366569539e-01,2.608725591932e-01,2.632859608039e-01,2.652345289757e-01,2.667691342186e-01,2.679347497110e-01,2.687712157876e-01,2.693138948827e-01,2.695942319676e-01,2.696402371707e-01,2.694769021618e-01,2.691265591822e-01,2.686091948119e-01,2.679427186671e-01,2.671432038242e-01,2.662250879287e-01,2.652013615462e-01,2.640837172699e-01,2.628826998940e-01,2.616078226296e-01,2.602676727924e-01,2.588700205900e-01,2.574218866157e-01,2.559296354147e-01,2.543990251680e-01,2.528352832412e-01,2.512431452551e-01,2.496269133701e-01,2.479904908420e-01,2.463374219323e-01,2.446709281375e-01,2.429939271272e-01,2.413090768510e-01,2.396187701956e-01,2.379251925957e-01,2.362302898727e-01,2.345358430956e-01,2.328434112937e-01,2.311544131433e-01,2.294700903090e-01,2.277915175651e-01,2.261196533487e-01,2.244553011587e-01,2.227991607636e-01,2.211518188232e-01,2.195137754044e-01,2.178854593795e-01,2.162672409974e-01,2.146594532573e-01,2.130624036940e-01,2.114763803861e-01,2.099016745940e-01,2.083385571979e-01,2.067873191100e-01,2.052482167943e-01,2.037215310562e-01,2.022074912468e-01,2.007063463574e-01,1.992182901349e-01,1.977435044957e-01,1.962821539329e-01,1.948343541746e-01,1.934002125819e-01,1.919797966944e-01,1.905731594084e-01,1.891803247348e-01,1.878013005759e-01,1.864360743725e-01,1.850846184887e-01,1.837468909517e-01,1.824228367426e-01,1.811123908082e-01,1.798154772783e-01,1.785320132295e-01,1.772619069964e-01,1.760050619291e-01,1.747613744403e-01,1.735307373884e-01,1.723130384274e-01,1.711081620304e-01,1.699159897992e-01,1.687364001457e-01,1.675692697122e-01,1.664144729314e-01,1.652718829115e-01,1.641413713659e-01,1.630228091069e-01,1.619160661625e-01,1.608210120542e-01,1.597375159763e-01,1.586654469812e-01,1.576046741321e-01,1.565550666875e-01,1.555164941576e-01,1.544888265644e-01,1.534719343390e-01,1.524656887275e-01,1.514699614756e-01,1.504846253616e-01,1.495095539770e-01,1.485446216848e-01,1.475897041905e-01,1.466446779010e-01,1.457094206670e-01,1.447838111804e-01,1.438677295816e-01,1.429610570071e-01,1.420636759863e-01,1.411754702220e-01,1.402963246916e-01,1.394261257503e-01,1.385647608453e-01,1.377121190367e-01,1.368680902292e-01,1.360325662074e-01,1.352054392905e-01,1.343866039742e-01,1.335759549568e-01,1.327733891323e-01,1.319788042553e-01,1.311920987125e-01,1.304131731215e-01,1.296419281516e-01,1.288782665132e-01,1.281220912141e-01,1.273733069356e-01,1.266318189260e-01,1.258975337423e-01,1.251703587803e-01,1.244502024241e-01,1.237369741410e-01,1.230305841552e-01,1.223309439580e-01,1.216379656976e-01,1.209515628777e-01,1.202716497226e-01,1.195981417744e-01,1.189309555338e-01,1.182700086918e-01,1.176152200427e-01,1.169665098383e-01,1.163237991771e-01,1.156870109360e-01,1.150560687740e-01,1.144308981940e-01,1.138114255645e-01,1.131975789885e-01,1.125892876187e-01,1.119864820858e-01,1.113890943198e-01,1.107970573692e-01,1.102103058601e-01,1.096287751226e-01,1.090524023396e-01,1.084811249746e-01,1.079148825910e-01,1.073536146385e-01,1.067972628334e-01,1.062457687444e-01
-3.322847837055e-01,-2.452287746267e-01,-1.716436204699e-01,-1.091264673539e-01,-5.577486259205e-02,-1.006773305171e-02,2.922198800826e-02,6.309233296069e-02,9.236118842578e-02,1.177034855486e-01,1.396797768492e-01,1.587584010922e-01,1.753328243575e-01,1.897353173205e-01,2.022478247164e-01,2.131106644259e-01,2.225295360603e-01,2.306812027086e-01,2.377181241616e-01,2.437722559481e-01,2.489581809531e-01,2.533757032066e-01,2.571120064179e-01,2.602434588824e-01,2.628371277788e-01,2.649520559831e-01,2.666403423299e-01,2.679480578682e-01,2.689160285511e-01,2.695805013730e-01,2.699737188173e-01,2.701244104616e-01,2.700582178971e-01,2.697980638126e-01,2.693644677377e-01,2.687758274228e-01,2.680486561048e-01,2.671977969931e-01,2.662366069601e-01,2.651771167833e-01,2.640301789001e-01,2.628055888771e-01,2.615121939980e-01,2.601580004241e-01,2.587502509261e-01,2.572955062764e-01,2.557997173124e-01,2.542682736622e-01,2.527060789505e-01,2.511175729143e-01,2.495067989746e-01,2.478774278980e-01,2.462327923104e-01,2.445759341708e-01,2.429095968619e-01,2.412362939898e-01,2.395582848563e-01,2.378776259845e-01,2.361961739834e-01,2.345155863071e-01,2.328373670997e-01,2.311628458348e-01,2.294931842303e-01,2.278294217406e-01,2.261724483637e-01,2.245230331771e-01,2.228818360041e-01,2.212494124482e-01,2.196262354422e-01,2.180127128600e-01,2.164091946675e-01,2.148159958376e-01,2.132334129766e-01,2.116617092510e-01,2.101011722399e-01,2.085520513633e-01,2.070146236254e-01,2.054891436835e-01,2.039758590483e-01,2.024750179961e-01,2.009868293857e-01,1.995114930030e-01,1.980491947490e-01,1.966000756992e-01,1.951642624513e-01,1.937418529877e-01,1.923329161181e-01,1.909375056038e-01,1.895556437863e-01,1.881873422058e-01,1.868325890606e-01,1.854913589320e-01,1.841636129694e-01,1.828492978681e-01,1.815483525846e-01,1.802607038340e-01,1.789862720766e-01,1.777249695136e-01,1.764767021954e-01,1.752413711647e-01,1.740188719296e-01,1.728090962945e-01,1.716119327410e-01,1.704272661270e-01,1.692549790069e-01,1.680949516243e-01,1.669470622425e-01,1.658111877674e-01,1.646872036129e-01,1.635749843787e-01,1.624744037781e-01,1.613853350123e-01,1.603076509201e-01,1.592412241547e-01,1.581859273364e-01,1.571416332428e-01,1.561082148604e-01,1.550855455847e-01,1.540734993034e-01,1.530719504171e-01,1.520807741188e-01,1.510998463148e-01,1.501290436067e-01,1.491682436932e-01,1.482173250846e-01,1.472761673122e-01,1.463446510874e-01,1.454226579340e-01,1.445100709012e-01,1.436067737605e-01,1.427126517914e-01,1.418275913501e-01,1.409514799124e-01,1.400842065526e-01,1.392256610172e-01,1.383757349361e-01,1.375343206355e-01,1.367013120123e-01,1.358766042013e-01,1.350600932181e-01,1.342516768750e-01,1.334512539321e-01,1.326587238717e-01,1.318739880966e-01,1.310969486473e-01,1.303275087629e-01,1.295655731160e-01,1.288110467219e-01,1.280638365917e-01,1.273238497629e-01,1.265909949580e-01,1.258651815964e-01,1.251463199189e-01,1.244343215963e-01,1.237290985203e-01,1.230305642212e-01,1.223386326324e-01,1.216532189307e-01,1.209742392189e-01,1.203016104895e-01,1.196352509227e-01,1.189750796174e-01,1.183210168577e-01,1.176729839800e-01,1.170309035631e-01,1.163946993951e-01,1.157642962932e-01,1.151396207606e-01,1.145205999125e-01,1.139071628896e-01,1.132992395499e-01,1.126967612585e-01,1.120996608264e-01,1.115078716902e-01,1.109213294825e-01,1.103399699888e-01,1.097637310453e-01,1.091925511096e-01,1.086263697566e-01,1.080651280647e-01,1.075087673872e-01
-3.502358723375e-01,-2.610718448860e-01,-1.856652702939e-01,-1.215644465378e-01,-6.682804820700e-02,-1.990375537861e-02,2.046084765302e-02,5.528453231554e-02,8.540228581221e-02,1.115032416337e-01,1.341598272425e-01,1.538503721917e-01,1.709767971982e-01,1.858785666832e-01,1.988437773402e-01,2.101180333778e-01,2.199115972659e-01,2.284051871974e-01,2.357547048755e-01,2.420951125222e-01,2.475436287592e-01,2.522023760541e-01,2.561605839467e-01,2.594964313454e-01,2.622785928209e-01,2.645675416570e-01,2.664166532546e-01,2.678731409437e-01,2.689788540326e-01,2.697709607841e-01,2.702825317963e-01,2.705430447570e-01,2.705788184429e-01,2.704133867938e-01,2.700678270542e-01,2.695610412132e-01,2.689100029750e-01,2.681299762852e-01,2.672346995506e-01,2.662365553420e-01,2.651467158842e-01,2.639752712052e-01,2.627313389564e-01,2.614231714177e-01,2.600582421419e-01,2.586433193688e-01,2.571845472037e-01,2.556874977394e-01,2.541572293826e-01,2.525983477852e-01,2.510150270604e-01,2.494110703773e-01,2.477899418728e-01,2.461547802972e-01,2.445084545789e-01,2.428535667660e-01,2.411924756329e-01,2.395273401624e-01,2.378600932532e-01,2.361924909825e-01,2.345261185341e-01,2.328623953520e-01,2.312025690983e-01,2.295477588261e-01,2.278989457097e-01,2.262569702298e-01,2.246225691589e-01,2.229963638334e-01,2.213788848338e-01,2.197705810474e-01,2.181718398447e-01,2.165829971514e-01,2.150043455232e-01,2.134361715994e-01,2.118787294226e-01,2.103322767084e-01,2.087970756994e-01,2.072733601660e-01,2.057613917453e-01,2.042614086906e-01,2.027736329846e-01,2.012982734056e-01,1.998355338965e-01,1.983855793854e-01,1.969485518400e-01,1.955245789421e-01,1.941137511477e-01,1.927161426714e-01,1.913318047586e-01,1.899607613518e-01,1.886030258834e-01,1.872585895528e-01,1.859274278812e-01,1.846095060088e-01,1.833047738956e-01,1.820131724442e-01,1.807346335088e-01,1.794690792731e-01,1.782164265692e-01,1.769765850955e-01,1.757494590082e-01,1.745349478899e-01,1.733329476578e-01,1.721433501309e-01,1.709660441228e-01,1.698009161135e-01,1.686478499997e-01,1.675067279987e-01,1.663774307370e-01,1.652598374014e-01,1.641538263453e-01,1.630592750030e-01,1.619760602264e-01,1.609040585120e-01,1.598431460956e-01,1.587931991619e-01,1.577540939523e-01,1.567257069606e-01,1.557079149428e-01,1.547005951117e-01,1.537036252365e-01,1.527168837181e-01,1.517402495402e-01,1.507736025635e-01,1.498168235103e-01,1.488697938400e-01,1.479323961577e-01,1.470045139245e-01,1.460860315922e-01,1.451768349632e-01,1.442768105513e-01,1.433858462207e-01,1.425038310945e-01,1.416306551121e-01,1.407662097703e-01,1.399103875703e-01,1.390630820836e-01,1.382241885601e-01,1.373936028699e-01,1.365712223590e-01,1.357569456923e-01,1.349506727237e-01,1.341523039936e-01,1.333617416839e-01,1.325788891640e-01,1.318036503861e-01,1.310359310545e-01,1.302756375028e-01,1.295226770340e-01,1.287769586533e-01,1.280383914219e-01,1.273068859166e-01,1.265823538171e-01,1.258647071166e-01,1.251538593460e-01,1.244497246232e-01,1.237522178576e-01,1.230612553211e-01,1.223767536403e-01,1.216986306433e-01,1.210268051291e-01,1.203611967720e-01,1.197017261534e-01,1.190483149964e-01,1.184008859943e-01,1.177593630108e-01,1.171236708831e-01,1.164937357059e-01,1.158694848434e-01,1.152508464225e-01,1.146377503931e-01,1.140301275853e-01,1.134279098622e-01,1.128310309262e-01,1.122394250527e-01,1.116530280510e-01,1.110717771141e-01,1.104956098409e-01,1.099244658700e-01,1.093582854867e-01,1.087970098687e-01
-3.690261480332e-01,-2.776684059158e-01,-2.003662460567e-01,-1.346171449755e-01,-7.843933571608e-02,-3.024799184062e-02,1.123567231587e-02,4.705200162703e-02,7.805377110762e-02,1.049448870242e-01,1.283101279200e-01,1.486382145273e-01,1.663398607292e-01,1.817620123068e-01,1.951991638122e-01,2.069024168332e-01,2.170867787454e-01,2.259370804988e-01,2.336128028770e-01,2.402520344974e-01,2.459747346280e-01,2.508854364028e-01,2.550754965494e-01,2.586249766197e-01,2.616042223880e-01,2.640751945916e-01,2.660925957267e-01,2.677048268544e-01,2.689548020952e-01,2.698806460484e-01,2.705162919929e-01,2.708919952696e-01,2.710347773673e-01,2.709688105578e-01,2.707157498327e-01,2.702950225756e-01,2.697240823937e-01,2.690186286062e-01,2.681927987779e-01,2.672593406702e-01,2.662297595483e-01,2.651144518844e-01,2.639228167496e-01,2.626633634476e-01,2.613438042643e-01,2.599711266407e-01,2.585516723268e-01,2.570912040857e-01,2.555949521986e-01,2.540676725579e-01,2.525136971138e-01,2.509369622796e-01,2.493410507648e-01,2.477292324219e-01,2.461044799046e-01,2.444694958921e-01,2.428267492377e-01,2.411784820302e-01,2.395267219555e-01,2.378733173571e-01,2.362199338515e-01,2.345680796538e-01,2.329190878745e-01,2.312741567688e-01,2.296343569001e-01,2.280006075820e-01,2.263737168997e-01,2.247543866985e-01,2.231432072527e-01,2.215406852373e-01,2.199472498587e-01,2.183632682813e-01,2.167890635863e-01,2.152249158370e-01,2.136710880136e-01,2.121278364320e-01,2.105953974262e-01,2.090740096168e-01,2.075639211622e-01,2.060653613492e-01,2.045785600547e-01,2.031037281998e-01,2.016410820640e-01,2.001908065154e-01,1.987530569288e-01,1.973279845784e-01,1.959157083573e-01,1.945163177581e-01,1.931298892213e-01,1.917564738311e-01,1.903960986652e-01,1.890487769913e-01,1.877145044207e-01,1.863932591295e-01,1.850850079629e-01,1.837897061665e-01,1.825072970287e-01,1.812377154293e-01,1.799808887730e-01,1.787367364529e-01,1.775051721160e-01,1.762861037031e-01,1.750794351671e-01,1.738850658431e-01,1.727028912795e-01,1.715328045406e-01,1.703746957712e-01,1.692284527096e-01,1.680939614659e-01,1.669711064482e-01,1.658597706543e-01,1.647598361386e-01,1.636711840904e-01,1.625936950230e-01,1.615272490527e-01,1.604717260168e-01,1.594270056278e-01,1.583929676366e-01,1.573694919279e-01,1.563564586778e-01,1.553537484282e-01,1.543612422390e-01,1.533788216364e-01,1.524063688311e-01,1.514437668442e-01,1.504908993094e-01,1.495476507501e-01,1.486139067047e-01,1.476895534663e-01,1.467744783369e-01,1.458685697889e-01,1.449717171676e-01,1.440838108758e-01,1.432047426045e-01,1.423344050200e-01,1.414726918301e-01,1.406194981148e-01,1.397747200263e-01,1.389382546775e-01,1.381100006077e-01,1.372898573901e-01,1.364777259776e-01,1.356735079785e-01,1.348771064176e-01,1.340884258161e-01,1.333073711331e-01,1.325338486770e-01,1.317677662214e-01,1.310090320039e-01,1.302575554313e-01,1.295132473156e-01,1.287760189868e-01,1.280457827393e-01,1.273224521925e-01,1.266059415667e-01,1.258961658571e-01,1.251930412994e-01,1.244964848340e-01,1.238064140559e-01,1.231227477282e-01,1.224454053456e-01,1.217743073897e-01,1.211093749752e-01,1.204505303417e-01,1.197976966883e-01,1.191507980616e-01,1.185097596073e-01,1.178745073998e-01,1.172449686804e-01,1.166210718097e-01,1.160027460522e-01,1.153899220348e-01,1.147825315943e-01,1.141805074285e-01,1.135837836376e-01,1.129922956549e-01,1.124059797000e-01,1.118247732895e-01,1.112486153924e-01,1.106774456611e-01,1.101112050314e-01
-3.886940297211e-01,-2.950531356708e-01,-2.157779849068e-01,-1.483131738102e-01,-9.063485710027e-02,-4.112438754643e-02,1.524455641624e-03,3.837446149058e-02,7.029690987826e-02,9.801107477445e-02,1.221145829303e-01,1.431069639301e-01,1.614080779102e-01,1.773726523311e-01,1.913018360860e-01,2.034524483706e-01,2.140444314255e-01,2.232668934968e-01,2.312830375422e-01,2.382342034931e-01,2.442432007325e-01,2.494170692985e-01,2.538493780000e-01,2.576221462256e-01,2.608074574348e-01,2.634688193342e-01,2.656623146597e-01,2.674375790283e-01,2.688386341857e-01,2.699045999828e-01,2.706703055810e-01,2.711668154029e-01,2.714218832519e-01,2.714603433651e-01,2.713044522650e-01,2.709741848725e-01,2.704874928739e-01,2.698605289598e-01,2.691078462908e-01,2.682425723723e-01,2.672765592956e-01,2.662205224768e-01,2.650841539325e-01,2.638762319715e-01,2.626047139980e-01,2.612768190371e-01,2.598990976151e-01,2.584775023253e-01,2.570174474809e-01,2.555238552235e-01,2.540012044701e-01,2.524535752526e-01,2.508846911339e-01,2.492979345218e-01,2.476963927042e-01,2.460828824964e-01,2.444599740376e-01,2.428299974139e-01,2.411950788694e-01,2.395571573837e-01,2.379179791362e-01,2.362791400628e-01,2.346420580475e-01,2.330080138784e-01,2.313781529615e-01,2.297534891641e-01,2.281349022431e-01,2.265231649891e-01,2.249189468079e-01,2.233228140689e-01,2.217352503954e-01,2.201566692139e-01,2.185874182817e-01,2.170278064387e-01,2.154781081197e-01,2.139385716440e-01,2.124094275573e-01,2.108909163858e-01,2.093832670590e-01,2.078866980275e-01,2.064014420638e-01,2.049277055874e-01,2.034657105513e-01,2.020156529967e-01,2.005777093593e-01,1.991520377127e-01,1.977387842294e-01,1.963380655266e-01,1.949499724862e-01,1.935745800944e-01,1.922119418402e-01,1.908620894212e-01,1.895250340742e-01,1.882007764266e-01,1.868892992398e-01,1.855905716267e-01,1.843045510499e-01,1.830311863733e-01,1.817704160801e-01,1.805221702778e-01,1.792863731058e-01,1.780629415023e-01,1.768517881421e-01,1.756528203878e-01,1.744659414341e-01,1.732910509817e-01,1.721280459482e-01,1.709768203567e-01,1.698372658699e-01,1.687092724000e-01,1.675927282129e-01,1.664875201609e-01,1.653935339387e-01,1.643106545115e-01,1.632387660878e-01,1.621777523827e-01,1.611274968046e-01,1.600878826110e-01,1.590587930124e-01,1.580401113364e-01,1.570317211053e-01,1.560335062113e-01,1.550453508950e-01,1.540671399258e-01,1.530987586801e-01,1.521400932042e-01,1.511910301753e-01,1.502514570940e-01,1.493212623639e-01,1.484003351765e-01,1.474885656157e-01,1.465858447606e-01,1.456920648342e-01,1.448071187972e-01,1.439309007679e-01,1.430633059888e-01,1.422042308434e-01,1.413535725542e-01,1.405112295901e-01,1.396771016807e-01,1.388510893820e-01,1.380330947685e-01,1.372230205409e-01,1.364207707403e-01,1.356262506151e-01,1.348393665404e-01,1.340600256170e-01,1.332881362283e-01,1.325236080390e-01,1.317663514254e-01,1.310162777202e-01,1.302732993775e-01,1.295373301754e-01,1.288082841307e-01,1.280860764960e-01,1.273706235371e-01,1.266618424628e-01,1.259596509051e-01,1.252639676182e-01,1.245747123565e-01,1.238918053482e-01,1.232151680458e-01,1.225447222853e-01,1.218803909926e-01,1.212220979857e-01,1.205697679140e-01,1.199233262356e-01,1.192826994342e-01,1.186478149047e-01,1.180186010173e-01,1.173949872144e-01,1.167769039686e-01,1.161642825971e-01,1.155570558630e-01,1.149551575089e-01,1.143585222956e-01,1.137670860010e-01,1.131807859473e-01,1.125995603468e-01,1.120233482818e-01,1.114520903894e-01
-4.092804219318e-01,-3.132629582820e-01,-2.319339629150e-01,-1.626830024880e-01,-1.034424443991e-01,-5.255844813704e-02,-8.696245558989e-03,2.923030559963e-02,6.211173903956e-02,9.068331775070e-02,1.155560355837e-01,1.372406672666e-01,1.561665880778e-01,1.726966205880e-01,1.871388359230e-01,1.997560009123e-01,2.107731910332e-01,2.203839636519e-01,2.287553933361e-01,2.360322017911e-01,2.423401628343e-01,2.477889239113e-01,2.524743545681e-01,2.564805104804e-01,2.598812825053e-01,2.627417870570e-01,2.651195426231e-01,2.670654690775e-01,2.686247396593e-01,2.698375093369e-01,2.707395400191e-01,2.713627374127e-01,2.717356157669e-01,2.718836992136e-01,2.718298704062e-01,2.715946732712e-01,2.711965768852e-01,2.706522072349e-01,2.699765492963e-01,2.691831257506e-01,2.682841498721e-01,2.672906690669e-01,2.662126803267e-01,2.650592421068e-01,2.638385687256e-01,2.625581163636e-01,2.612246567704e-01,2.598443435642e-01,2.584227749429e-01,2.569650461641e-01,2.554758015434e-01,2.539592662609e-01,2.524192947516e-01,2.508594023814e-01,2.492827988152e-01,2.476924117322e-01,2.460909076047e-01,2.444807217577e-01,2.428640744740e-01,2.412429962954e-01,2.396193148602e-01,2.379947131580e-01,2.363706932937e-01,2.347486177814e-01,2.331297095227e-01,2.315150638650e-01,2.299056469452e-01,2.283023033017e-01,2.267057730701e-01,2.251166955426e-01,2.235356196802e-01,2.219630070955e-01,2.203992544542e-01,2.188447013179e-01,2.172996392731e-01,2.157643267016e-01,2.142390067718e-01,2.127239063172e-01,2.112192452519e-01,2.097252295585e-01,2.082420909801e-01,2.067700261875e-01,2.053092560136e-01,2.038599814835e-01,2.024223919693e-01,2.009966580523e-01,1.995829373976e-01,1.981813715475e-01,1.967920764147e-01,1.954151466042e-01,1.940506520476e-01,1.926986508193e-01,1.913591773851e-01,1.900322484766e-01,1.887178640004e-01,1.874160104102e-01,1.861266621973e-01,1.848497810652e-01,1.835853185288e-01,1.823332163870e-01,1.810934104679e-01,1.798658274071e-01,1.786503893887e-01,1.774470124985e-01,1.762556081429e-01,1.750760835082e-01,1.739083424020e-01,1.727522856415e-01,1.716078112031e-01,1.704748147661e-01,1.693531899405e-01,1.682428289248e-01,1.671436223870e-01,1.660554598472e-01,1.649782298869e-01,1.639118203994e-01,1.628561187611e-01,1.618110119472e-01,1.607763867155e-01,1.597521297516e-01,1.587381277784e-01,1.577342677042e-01,1.567404366661e-01,1.557565221695e-01,1.547824121647e-01,1.538179951530e-01,1.528631602166e-01,1.519177970573e-01,1.509817961205e-01,1.500550486219e-01,1.491374466888e-01,1.482288831419e-01,1.473292517695e-01,1.464384472958e-01,1.455563654652e-01,1.446829029826e-01,1.438179574586e-01,1.429614276038e-01,1.421132131721e-01,1.412732151454e-01,1.404413351521e-01,1.396174764278e-01,1.388015428057e-01,1.379934393800e-01,1.371930723167e-01,1.364003489723e-01,1.356151776662e-01,1.348374676106e-01,1.340671291841e-01,1.333040737882e-01,1.325482141169e-01,1.317994633020e-01,1.310577356893e-01,1.303229465850e-01,1.295950123547e-01,1.288738501722e-01,1.281593778730e-01,1.274515143308e-01,1.267501792632e-01,1.260552934590e-01,1.253667778876e-01,1.246845550620e-01,1.240085476700e-01,1.233386794555e-01,1.226748749613e-01,1.220170595967e-01,1.213651594907e-01,1.207191015619e-01,1.200788136670e-01,1.194442245433e-01,1.188152637908e-01,1.181918619633e-01,1.175739506018e-01,1.169614622353e-01,1.163543303272e-01,1.157524893885e-01,1.151558751384e-01,1.145644242744e-01,1.139780745654e-01,1.133967645804e-01,1.128204346251e-01
-4.308288906608e-01,-3.323372031880e-01,-2.488698397156e-01,-1.777590908202e-01,-1.168917505964e-01,-6.457735095848e-02,-1.945141393523e-02,1.959650602532e-02,5.347697909670e-02,8.294190668528e-02,1.086161922560e-01,1.310223115369e-01,1.505995403782e-01,1.677191241770e-01,1.826963363162e-01,1.958001316388e-01,2.072609261790e-01,2.172769060239e-01,2.260191735451e-01,2.336359685597e-01,2.402561488198e-01,2.459920742164e-01,2.509420076930e-01,2.551921232056e-01,2.588181918302e-01,2.618870034147e-01,2.644575698376e-01,2.665821471817e-01,2.683071066838e-01,2.696736801343e-01,2.707185990534e-01,2.714746448098e-01,2.719711234893e-01,2.722342767909e-01,2.722876381173e-01,2.721523433315e-01,2.718474010868e-01,2.713899293120e-01,2.707953627255e-01,2.700776343675e-01,2.692493346013e-01,2.683218561384e-01,2.673055135085e-01,2.662096569431e-01,2.650427693346e-01,2.638125531840e-01,2.625260082466e-01,2.611895015244e-01,2.598088244603e-01,2.583892524023e-01,2.569355923466e-01,2.554522270082e-01,2.539431554154e-01,2.524120281566e-01,2.508621738975e-01,2.492966345408e-01,2.477181883257e-01,2.461293725871e-01,2.445325067810e-01,2.429297062542e-01,2.413228899921e-01,2.397138251556e-01,2.381040978580e-01,2.364951517234e-01,2.348882896549e-01,2.332846820479e-01,2.316853751861e-01,2.300913001724e-01,2.285032662282e-01,2.269219845470e-01,2.253480700635e-01,2.237820501933e-01,2.222243744246e-01,2.206754231049e-01,2.191355226452e-01,2.176049565115e-01,2.160839758598e-01,2.145728097971e-01,2.130716702001e-01,2.115807639784e-01,2.101003084918e-01,2.086304918197e-01,2.071715278635e-01,2.057236164966e-01,2.042869508464e-01,2.028617139369e-01,2.014480744926e-01,2.000461823311e-01,1.986561786777e-01,1.972781790484e-01,1.959122787446e-01,1.945585529701e-01,1.932170566979e-01,1.918878266821e-01,1.905708851377e-01,1.892662363820e-01,1.879738704913e-01,1.866937647399e-01,1.854258845618e-01,1.841701857477e-01,1.829266160120e-01,1.816951128506e-01,1.804756088615e-01,1.792680296549e-01,1.780722954691e-01,1.768883218351e-01,1.757160201316e-01,1.745552980542e-01,1.734060605123e-01,1.722682094738e-01,1.711416445703e-01,1.700262634299e-01,1.689219619534e-01,1.678286346160e-01,1.667461747795e-01,1.656744747687e-01,1.646134261394e-01,1.635629198590e-01,1.625228464660e-01,1.614930962410e-01,1.604735593271e-01,1.594641258483e-01,1.584646860329e-01,1.574751303095e-01,1.564953494066e-01,1.555252344382e-01,1.545646769881e-01,1.536135692041e-01,1.526718037697e-01,1.517392740558e-01,1.508158741448e-01,1.499014988781e-01,1.489960439221e-01,1.480994058015e-01,1.472114818261e-01,1.463321702617e-01,1.454613703061e-01,1.445989821130e-01,1.437449068653e-01,1.428990467102e-01,1.420613046123e-01,1.412315849702e-01,1.404097928049e-01,1.395958343153e-01,1.387896167330e-01,1.379910483213e-01,1.372000384016e-01,1.364164974354e-01,1.356403366003e-01,1.348714682372e-01,1.341098056816e-01,1.333552632500e-01,1.326077562924e-01,1.318672011383e-01,1.311335147821e-01,1.304066152867e-01,1.296864216034e-01,1.289728535506e-01,1.282658318970e-01,1.275652781548e-01,1.268711143325e-01,1.261832639266e-01,1.255016505486e-01,1.248261988363e-01,1.241568341910e-01,1.234934827752e-01,1.228360715327e-01,1.221845282212e-01,1.215387811875e-01,1.208987596980e-01,1.202643938332e-01,1.196356145104e-01,1.190123534982e-01,1.183945434143e-01,1.177821178367e-01,1.171750112795e-01,1.165731592191e-01,1.159764981148e-01,1.153849653485e-01,1.147984993467e-01,1.142170398510e-01
-4.533858548646e-01,-3.523177784139e-01,-2.666236160093e-01,-1.935760327143e-01,-1.310143813281e-01,-7.721006605730e-02,-3.076768324050e-02,9.448509822313e-03,4.436993836484e-02,7.476582144303e-02,1.012755394972e-01,1.244337462130e-01,1.446900212405e-01,1.624243755807e-01,1.779595777112e-01,1.915710219560e-01,2.034946817999e-01,2.139335599104e-01,2.230629498385e-01,2.310347521535e-01,2.379810335161e-01,2.440169761440e-01,2.492433333024e-01,2.537484829929e-01,2.576101526260e-01,2.608968732972e-01,2.636692107414e-01,2.659808110592e-01,2.678792921779e-01,2.694070064183e-01,2.706016945142e-01,2.714970487597e-01,2.721231990274e-01,2.725071333661e-01,2.726730630411e-01,2.726427401444e-01,2.724357346161e-01,2.720696766051e-01,2.715604685016e-01,2.709224710036e-01,2.701686670762e-01,2.693108089621e-01,2.683595418605e-01,2.673245199286e-01,2.662145058645e-01,2.650374600400e-01,2.638006198200e-01,2.625105702639e-01,2.611733072391e-01,2.597942950720e-01,2.583785142059e-01,2.569305080616e-01,2.554544241024e-01,2.539540498156e-01,2.524328454270e-01,2.508939732714e-01,2.493403241449e-01,2.477745425088e-01,2.461990454767e-01,2.446160390527e-01,2.430275352842e-01,2.414353856613e-01,2.398412605741e-01,2.382466845364e-01,2.366530398221e-01,2.350615751503e-01,2.334734133609e-01,2.318895583506e-01,2.303109015835e-01,2.287382310719e-01,2.271722301460e-01,2.256134912647e-01,2.240625242670e-01,2.225197642631e-01,2.209855816862e-01,2.194602930472e-01,2.179441719796e-01,2.164374581246e-01,2.149403689884e-01,2.134531127758e-01,2.119758946673e-01,2.105088951948e-01,2.090523177103e-01,2.076063559414e-01,2.061712008333e-01,2.047470378855e-01,2.033340439916e-01,2.019323842651e-01,2.005422092255e-01,1.991636500131e-01,1.977968243565e-01,1.964418297241e-01,1.950987431972e-01,1.937676231263e-01,1.924485099906e-01,1.911414275344e-01,1.898463840661e-01,1.885633734100e-01,1.872923771677e-01,1.860333661314e-01,1.847863008767e-01,1.835511309235e-01,1.823278003148e-01,1.811162451078e-01,1.799163952029e-01,1.787281750886e-01,1.775515045043e-01,1.763862990285e-01,1.752324706019e-01,1.740899279016e-01,1.729585770259e-01,1.718383216352e-01,1.707290632935e-01,1.696307018111e-01,1.685431355126e-01,1.674662614799e-01,1.663999757709e-01,1.653441736080e-01,1.642987495848e-01,1.632635978273e-01,1.622386121182e-01,1.612236860180e-01,1.602187130540e-01,1.592235867782e-01,1.582382008879e-01,1.572624493201e-01,1.562962263369e-01,1.553394266043e-01,1.543919452626e-01,1.534536780157e-01,1.525245211352e-01,1.516043715435e-01,1.506931268715e-01,1.497906854942e-01,1.488969465697e-01,1.480118100744e-01,1.471351768342e-01,1.462669485818e-01,1.454070279413e-01,1.445553184025e-01,1.437117243472e-01,1.428761514074e-01,1.420485058607e-01,1.412286950779e-01,1.404166274146e-01,1.396122122156e-01,1.388153598169e-01,1.380259815450e-01,1.372439897146e-01,1.364692977222e-01,1.357018197913e-01,1.349414711204e-01,1.341881679019e-01,1.334418272687e-01,1.327023672796e-01,1.319697069023e-01,1.312437659960e-01,1.305244653626e-01,1.298117266141e-01,1.291054720664e-01,1.284056247805e-01,1.277121091808e-01,1.270248498268e-01,1.263437722772e-01,1.256688028393e-01,1.249998685580e-01,1.243368972097e-01,1.236798172982e-01,1.230285580561e-01,1.223830495037e-01,1.217432222898e-01,1.211090078489e-01,1.204803384153e-01,1.198571470159e-01,1.192393674925e-01,1.186269345259e-01,1.180197836600e-01,1.174178512973e-01,1.168210747446e-01,1.162293923092e-01,1.156427433379e-01
-4.770007951259e-01,-3.732493593883e-01,-2.852358051915e-01,-2.101707128192e-01,-1.458440384142e-01,-9.048748812610e-02,-4.267345983684e-02,-1.239873391567e-03,3.476640852364e-02,6.613263372375e-02,9.351325358014e-02,1.174555989899e-01,1.384199755119e-01,1.567955185849e-01,1.729127984134e-01,1.870539120522e-01,1.994606174961e-01,2.103409306623e-01,2.198745073129e-01,2.282170580974e-01,2.355039894164e-01,2.418534208466e-01,2.473686974413e-01,2.521404910316e-01,2.562485650432e-01,2.597632627348e-01,2.627467670013e-01,2.652541706975e-01,2.673343891458e-01,2.690309406837e-01,2.703826164538e-01,2.714240568980e-01,2.721862493960e-01,2.726969590293e-01,2.729811024551e-01,2.730610733647e-01,2.729570259574e-01,2.726871232854e-01,2.722677547087e-01,2.717137268500e-01,2.710384311485e-01,2.702539943455e-01,2.693714060445e-01,2.684006370307e-01,2.673507415507e-01,2.662299487173e-01,2.650457438634e-01,2.638049410677e-01,2.625137479108e-01,2.611778233782e-01,2.598023297063e-01,2.583919788622e-01,2.569510742572e-01,2.554835482164e-01,2.539929956547e-01,2.524827057068e-01,2.509556855434e-01,2.494146872392e-01,2.478622296544e-01,2.463006177257e-01,2.447319555506e-01,2.431581805507e-01,2.415810482204e-01,2.400021642658e-01,2.384229900940e-01,2.368448521053e-01,2.352689498283e-01,2.336963631130e-01,2.321280586322e-01,2.305648959783e-01,2.290076336697e-01,2.274569353900e-01,2.259133767612e-01,2.243774528880e-01,2.228495868086e-01,2.213301382690e-01,2.198194141654e-01,2.183176799627e-01,2.168251691863e-01,2.153420929465e-01,2.138686539830e-01,2.124050286905e-01,2.109514094732e-01,2.095079812073e-01,2.080749280798e-01,2.066524323685e-01,2.052406721154e-01,2.038398182003e-01,2.024500312859e-01,2.010714590128e-01,1.997042337079e-01,1.983484707446e-01,1.970042675920e-01,1.956717035068e-01,1.943508397736e-01,1.930417195502e-01,1.917443713744e-01,1.904588079424e-01,1.891850278071e-01,1.879230169366e-01,1.866727507474e-01,1.854341919756e-01,1.842072972673e-01,1.829920141807e-01,1.817882832329e-01,1.805960387318e-01,1.794152095185e-01,1.782457196290e-01,1.770874888829e-01,1.759404334060e-01,1.748044660963e-01,1.736794970391e-01,1.725654338780e-01,1.714621821470e-01,1.703696455688e-01,1.692877262956e-01,1.682163252366e-01,1.671553421950e-01,1.661046760816e-01,1.650642251041e-01,1.640338869473e-01,1.630135588448e-01,1.620031378465e-01,1.610025208414e-01,1.600116046996e-01,1.590302863757e-01,1.580584630022e-01,1.570960319761e-01,1.561428910365e-01,1.551989383367e-01,1.542640725089e-01,1.533381927238e-01,1.524211987443e-01,1.515129909742e-01,1.506134705029e-01,1.497225391686e-01,1.488400995347e-01,1.479660549650e-01,1.471003096511e-01,1.462427686323e-01,1.453933377410e-01,1.445519239417e-01,1.437184348494e-01,1.428927790867e-01,1.420748662063e-01,1.412646066998e-01,1.404619120039e-01,1.396666945047e-01,1.388788675387e-01,1.380983453925e-01,1.373250432998e-01,1.365588774368e-01,1.357997649146e-01,1.350476237706e-01,1.343023729576e-01,1.335639324040e-01,1.328322228041e-01,1.321071657536e-01,1.313886837230e-01,1.306767000203e-01,1.299711386032e-01,1.292719247789e-01,1.285789840462e-01,1.278922428769e-01,1.272116284895e-01,1.265370688342e-01,1.258684925793e-01,1.252058291010e-01,1.245490084756e-01,1.238979614753e-01,1.232526195681e-01,1.226129149210e-01,1.219787804073e-01,1.213501496178e-01,1.207269568752e-01,1.201091372577e-01,1.194966265847e-01,1.188893614866e-01,1.182872794134e-01,1.176903186536e-01,1.170984184370e-01
-5.017264811970e-01,-3.951795948467e-01,-3.047496205148e-01,-2.275824773523e-01,-1.614166763457e-01,-1.044425804077e-01,-5.519905551836e-02,-1.249659412862e-02,2.464055102592e-02,5.701840150856e-02,8.530710195546e-02,1.100671835819e-01,1.317701201228e-01,1.508145474269e-01,1.675391586793e-01,1.822330294976e-01,1.951439402657e-01,2.064851262045e-01,2.164407844970e-01,2.251705923241e-01,2.328134329032e-01,2.394904836918e-01,2.453077878392e-01,2.503584050718e-01,2.547242183108e-01,2.584774572746e-01,2.616819883193e-01,2.643944103739e-01,2.666649893625e-01,2.685384575666e-01,2.700546996228e-01,2.712493430237e-01,2.721542678935e-01,2.727980483033e-01,2.732063353414e-01,2.734021904788e-01,2.734063763948e-01,2.732376112937e-01,2.729127918012e-01,2.724471887528e-01,2.718546190438e-01,2.711475995737e-01,2.703374787294e-01,2.694345572157e-01,2.684481931135e-01,2.673868956492e-01,2.662584086653e-01,2.650697850430e-01,2.638274531647e-01,2.625372763536e-01,2.612046061097e-01,2.598343298516e-01,2.584309137802e-01,2.569984414039e-01,2.555406481915e-01,2.540609527594e-01,2.525624849455e-01,2.510481110768e-01,2.495204566917e-01,2.479819269474e-01,2.464347207777e-01,2.448808637722e-01,2.433221979441e-01,2.417604110824e-01,2.401970440141e-01,2.386335005729e-01,2.370710563234e-01,2.355108662066e-01,2.339539713028e-01,2.324013049389e-01,2.308536984030e-01,2.293118865542e-01,2.277765136250e-01,2.262481394974e-01,2.247272466806e-01,2.232142481280e-01,2.217094958980e-01,2.202132905143e-01,2.187258907160e-01,2.172475231594e-01,2.157783965685e-01,2.143186899466e-01,2.128685881227e-01,2.114282676185e-01,2.099979037823e-01,2.085776715762e-01,2.071677447877e-01,2.057682940784e-01,2.043794843345e-01,2.030014717691e-01,2.016344011578e-01,2.002784034848e-01,1.989335941667e-01,1.976000719158e-01,1.962779182274e-01,1.949671974149e-01,1.936679570894e-01,1.923802289706e-01,1.911040299195e-01,1.898393630987e-01,1.885862201676e-01,1.873445783461e-01,1.861144081450e-01,1.848956698060e-01,1.836883155503e-01,1.824922904949e-01,1.813075334792e-01,1.801339778059e-01,1.789715519026e-01,1.778201799110e-01,1.766797822114e-01,1.755502758897e-01,1.744315751541e-01,1.733235917071e-01,1.722262350782e-01,1.711394129228e-01,1.700630312909e-01,1.689969948694e-01,1.679412072009e-01,1.668955708822e-01,1.658599877730e-01,1.648343590352e-01,1.638185854820e-01,1.628125675696e-01,1.618162055597e-01,1.608293996326e-01,1.598520499903e-01,1.588840569506e-01,1.579253210336e-01,1.569757430395e-01,1.560352241216e-01,1.551036658506e-01,1.541809702753e-01,1.532670399767e-01,1.523617781172e-01,1.514650884863e-01,1.505768755403e-01,1.496970444397e-01,1.488255010824e-01,1.479621521324e-01,1.471069049816e-01,1.462596680348e-01,1.454203503377e-01,1.445888618554e-01,1.437651134226e-01,1.429490167564e-01,1.421404844664e-01,1.413394300625e-01,1.405457679609e-01,1.397594134872e-01,1.389802828780e-01,1.382082932805e-01,1.374433627491e-01,1.366854102413e-01,1.359343556109e-01,1.351901195993e-01,1.344526238259e-01,1.337217907753e-01,1.329975437848e-01,1.322798070290e-01,1.315685053372e-01,1.308635648546e-01,1.301649119934e-01,1.294724741114e-01,1.287861793179e-01,1.281059564569e-01,1.274317350903e-01,1.267634454835e-01,1.261010185915e-01,1.254443860488e-01,1.247934801608e-01,1.241482338988e-01,1.235085808983e-01,1.228744554611e-01,1.222457925605e-01,1.216225278504e-01,1.210045976782e-01,1.203919390995e-01,1.197844898973e-01,1.191821886011e-01,1.185849745444e-01
-5.276192203328e-01,-4.181593315525e-01,-3.252111793660e-01,-2.458533205578e-01,-1.777706731201e-01,-1.191105317371e-01,-6.837683232999e-02,-2.435149710494e-02,1.396477262280e-02,4.739755335464e-02,7.663333554660e-02,1.022463992472e-01,1.247198501251e-01,1.444622186806e-01,1.618206579452e-01,1.770915113224e-01,1.905288310451e-01,2.023512877095e-01,2.127478078325e-01,2.218821991749e-01,2.298969655081e-01,2.369164685485e-01,2.430495610106e-01,2.483917891492e-01,2.530272429139e-01,2.570301163842e-01,2.604660288959e-01,2.633931476500e-01,2.658631449578e-01,2.679220171988e-01,2.696107876982e-01,2.709661118120e-01,2.720207993444e-01,2.728042668504e-01,2.733429302819e-01,2.736605467220e-01,2.737785125435e-01,2.737161241636e-01,2.734908066097e-01,2.731183143086e-01,2.726129074049e-01,2.719875094828e-01,2.712538426838e-01,2.704225515585e-01,2.695033108938e-01,2.685049219454e-01,2.674353981104e-01,2.663020413255e-01,2.651115103024e-01,2.638698815650e-01,2.625827041277e-01,2.612550485423e-01,2.598915509501e-01,2.584964526923e-01,2.570736359604e-01,2.556266559088e-01,2.541587695931e-01,2.526729620550e-01,2.511719698273e-01,2.496583020997e-01,2.481342559304e-01,2.466019489347e-01,2.450633107471e-01,2.435201127216e-01,2.419739759535e-01,2.404263819478e-01,2.388786819957e-01,2.373321053931e-01,2.357877666519e-01,2.342466718802e-01,2.327097245376e-01,2.311777308026e-01,2.296514048134e-01,2.281313740554e-01,2.266181851545e-01,2.251123102962e-01,2.236141544097e-01,2.221240631459e-01,2.206423315410e-01,2.191692131129e-01,2.177049329574e-01,2.162496808185e-01,2.148036418269e-01,2.133669883998e-01,2.119398884519e-01,2.105225083883e-01,2.091150143240e-01,2.077175717514e-01,2.063303440003e-01,2.049534899116e-01,2.035871611453e-01,2.022314994998e-01,2.008866345305e-01,1.995526816589e-01,1.982297408632e-01,1.969178959604e-01,1.956172144309e-01,1.943277476984e-01,1.930495317625e-01,1.917825880822e-01,1.905269258781e-01,1.892825378434e-01,1.880494100140e-01,1.868275165783e-01,1.856168226555e-01,1.844172852810e-01,1.832288543104e-01,1.820514732405e-01,1.808850799473e-01,1.797296073484e-01,1.785849839934e-01,1.774511345910e-01,1.763279804781e-01,1.752154400388e-01,1.741134290789e-01,1.730218611598e-01,1.719406478994e-01,1.708696992418e-01,1.698089237004e-01,1.687582285777e-01,1.677175202072e-01,1.666867039478e-01,1.656656846501e-01,1.646543665859e-01,1.636526536437e-01,1.626604494537e-01,1.616776575003e-01,1.607041812259e-01,1.597399241252e-01,1.587847898320e-01,1.578386821981e-01,1.569015053656e-01,1.559731638330e-01,1.550535625153e-01,1.541426067997e-01,1.532402025949e-01,1.523462563775e-01,1.514606752329e-01,1.505833668933e-01,1.497142397714e-01,1.488532029351e-01,1.480001663627e-01,1.471550406203e-01,1.463177371175e-01,1.454881680671e-01,1.446662465017e-01,1.438518862878e-01,1.430450021371e-01,1.422455096165e-01,1.414533251550e-01,1.406683660494e-01,1.398905504671e-01,1.391197974477e-01,1.383560269026e-01,1.375991596120e-01,1.368491172209e-01,1.361058222330e-01,1.353691980028e-01,1.346391687261e-01,1.339156594292e-01,1.331985957959e-01,1.324879048169e-01,1.317835137492e-01,1.310853508039e-01,1.303933449489e-01,1.297074258924e-01,1.290275240664e-01,1.283535706094e-01,1.276854973513e-01,1.270232367988e-01,1.263667221216e-01,1.257158871421e-01,1.250706663260e-01,1.244309947771e-01,1.237968082333e-01,1.231680430679e-01,1.225446362924e-01,1.219265255642e-01,1.213136491963e-01,1.207059461710e-01,1.201033561448e-01
-5.547391285452e-01,-4.422428597573e-01,-3.466697263827e-01,-2.650280883429e-01,-1.949470167923e-01,-1.345289280268e-01,-8.224136069705e-02,-3.683646745094e-02,2.709589811666e-03,3.724276233333e-02,6.746657120585e-02,9.396962094720e-02,1.172471358503e-01,1.377179547988e-01,1.557380441996e-01,1.716113187792e-01,1.855983644094e-01,1.979235138172e-01,2.087806200560e-01,2.183377936266e-01,2.267413096951e-01,2.341188468572e-01,2.405821843713e-01,2.462294585253e-01,2.511470581523e-01,2.554112234401e-01,2.590893996528e-01,2.622413875289e-01,2.649203243032e-01,2.671735230792e-01,2.690431932901e-01,2.705670609780e-01,2.717789043794e-01,2.727090177338e-01,2.733846137962e-01,2.738301742899e-01,2.740677557915e-01,2.741172571524e-01,2.739966539695e-01,2.737222045836e-01,2.733086310470e-01,2.727692808730e-01,2.721162657149e-01,2.713605885629e-01,2.705122543969e-01,2.695803689837e-01,2.685732268438e-01,2.674983897062e-01,2.663627565895e-01,2.651726265008e-01,2.639337546122e-01,2.626514026624e-01,2.613303842384e-01,2.599751061910e-01,2.585896040015e-01,2.571775749578e-01,2.557424089528e-01,2.542872149117e-01,2.528148450737e-01,2.513279169022e-01,2.498288293286e-01,2.483197958397e-01,2.468028358580e-01,2.452798064005e-01,2.437524103212e-01,2.422222076702e-01,2.406906257421e-01,2.391589679258e-01,2.376284214748e-01,2.361000643345e-01,2.345748711844e-01,2.330537188784e-01,2.315373914952e-01,2.300265867139e-01,2.285219167964e-01,2.270239158868e-01,2.255330477687e-01,2.240497111374e-01,2.225742469148e-01,2.211069462281e-01,2.196480615360e-01,2.181978039798e-01,2.167563684061e-01,2.153239306209e-01,2.139006560674e-01,2.124867047978e-01,2.110822347957e-01,2.096874036342e-01,2.083023686208e-01,2.069272857106e-01,2.055623075518e-01,2.042075810523e-01,2.028632448293e-01,2.015294251940e-01,2.002062383417e-01,1.988937868663e-01,1.975921568742e-01,1.963014190307e-01,1.950216286404e-01,1.937528260963e-01,1.924950392173e-01,1.912482768931e-01,1.900125424264e-01,1.887878252419e-01,1.875741046271e-01,1.863713507525e-01,1.851795256323e-01,1.839985840133e-01,1.828284741884e-01,1.816691387317e-01,1.805205151608e-01,1.793825365299e-01,1.782551319594e-01,1.771382270361e-01,1.760317444280e-01,1.749356041531e-01,1.738497238408e-01,1.727740191015e-01,1.717084037976e-01,1.706527902890e-01,1.696070897137e-01,1.685712119159e-01,1.675450660907e-01,1.665285605956e-01,1.655216032019e-01,1.645241012315e-01,1.635359616812e-01,1.625570913365e-01,1.615873968760e-01,1.606267849656e-01,1.596751623465e-01,1.587324359143e-01,1.577985127920e-01,1.568733004037e-01,1.559567065245e-01,1.550486393333e-01,1.541490074753e-01,1.532577201037e-01,1.523746869226e-01,1.514998182250e-01,1.506330248811e-01,1.497742185726e-01,1.489233114960e-01,1.480802166162e-01,1.472448476302e-01,1.464171189865e-01,1.455969459035e-01,1.447842443842e-01,1.439789312296e-01,1.431809240493e-01,1.423901412709e-01,1.416065021467e-01,1.408299267584e-01,1.400603360638e-01,1.392976518085e-01,1.385417965439e-01,1.377926936843e-01,1.370502674718e-01,1.363144429708e-01,1.355851460605e-01,1.348623032763e-01,1.341458424602e-01,1.334356916737e-01,1.327317799554e-01,1.320340371025e-01,1.313423936559e-01,1.306567808847e-01,1.299771307710e-01,1.293033759934e-01,1.286354499119e-01,1.279732865521e-01,1.273168205917e-01,1.266659873465e-01,1.260207228143e-01,1.253809635350e-01,1.247466466338e-01,1.241177098874e-01,1.234940916782e-01,1.228757309960e-01,1.222625674432e-01,1.216545411881e-01
-5.831504271687e-01,-4.674881815808e-01,-3.691778774279e-01,-2.851547009815e-01,-2.129895095284e-01,-1.507379398780e-01,-9.682959246569e-02,-4.998559078089e-02,-9.156519644669e-03,2.652480795101e-02,5.777966301344e-02,8.521157912574e-02,1.093284103827e-01,1.305597386210e-01,1.492707149292e-01,1.657731441476e-01,1.803344207383e-01,1.931847777306e-01,2.045232018429e-01,2.145222871337e-01,2.233322385904e-01,2.310841909726e-01,2.378929729421e-01,2.438594195257e-01,2.490723149091e-01,2.536100312403e-01,2.575419163224e-01,2.609294729717e-01,2.638273648440e-01,2.662842770722e-01,2.683436549587e-01,2.700443402040e-01,2.714211201748e-01,2.725052035785e-01,2.733246334794e-01,2.739046468344e-01,2.742679884135e-01,2.744351848847e-01,2.744247856191e-01,2.742535742029e-01,2.739367541785e-01,2.734881149895e-01,2.729201744043e-01,2.722443091595e-01,2.714708685700e-01,2.706092759994e-01,2.696681192175e-01,2.686552309967e-01,2.675777614751e-01,2.664422423590e-01,2.652546434743e-01,2.640204262328e-01,2.627445895883e-01,2.614317119251e-01,2.600859887918e-01,2.587112669261e-01,2.573110766551e-01,2.558886557535e-01,2.544469765726e-01,2.529887694870e-01,2.515165394736e-01,2.500325994726e-01,2.485390620120e-01,2.470378724358e-01,2.455308174559e-01,2.440195371791e-01,2.425055358188e-01,2.409901911920e-01,2.394747650594e-01,2.379604084320e-01,2.364481624485e-01,2.349389733607e-01,2.334336941037e-01,2.319330890707e-01,2.304378387063e-01,2.289485441414e-01,2.274657340786e-01,2.259898633668e-01,2.245213250351e-01,2.230604569068e-01,2.216075490729e-01,2.201628458973e-01,2.187265619572e-01,2.172988862088e-01,2.158799896210e-01,2.144700315485e-01,2.130691648438e-01,2.116775394992e-01,2.102953023015e-01,2.089226003162e-01,2.075595870353e-01,2.062064090392e-01,2.048632084255e-01,2.035301204460e-01,2.022072712069e-01,2.008947756529e-01,1.995927332396e-01,1.983012346861e-01,1.970203551767e-01,1.957501539132e-01,1.944906778015e-01,1.932419523322e-01,1.920039994983e-01,1.907768251622e-01,1.895604240499e-01,1.883547807450e-01,1.871598706622e-01,1.859756609785e-01,1.848021112886e-01,1.836391747766e-01,1.824867992890e-01,1.813449270314e-01,1.802134956430e-01,1.790924387291e-01,1.779816863373e-01,1.768811653833e-01,1.757907999124e-01,1.747105117891e-01,1.736402207144e-01,1.725798444993e-01,1.715292994570e-01,1.704885002366e-01,1.694573607151e-01,1.684357936333e-01,1.674237109252e-01,1.664210238686e-01,1.654276432227e-01,1.644434793533e-01,1.634684423428e-01,1.625024421080e-01,1.615453884960e-01,1.605971913506e-01,1.596577606058e-01,1.587270063596e-01,1.578048389414e-01,1.568911689737e-01,1.559859074459e-01,1.550889657296e-01,1.542002556408e-01,1.533196894937e-01,1.524471800956e-01,1.515826409591e-01,1.507259860393e-01,1.498771299767e-01,1.490359880672e-01,1.482024762853e-01,1.473765113061e-01,1.465580105233e-01,1.457468920940e-01,1.449430749301e-01,1.441464786242e-01,1.433570235906e-01,1.425746310247e-01,1.417992229095e-01,1.410307220204e-01,1.402690519287e-01,1.395141370913e-01,1.387659026352e-01,1.380242744832e-01,1.372891793875e-01,1.365605447485e-01,1.358382992541e-01,1.351223717737e-01,1.344126921626e-01,1.337091910292e-01,1.330117997233e-01,1.323204503239e-01,1.316350756254e-01,1.309556091868e-01,1.302819852476e-01,1.296141385397e-01,1.289520045702e-01,1.282955194884e-01,1.276446200718e-01,1.269992437132e-01,1.263593284093e-01,1.257248128564e-01,1.250956361558e-01,1.244717380122e-01,1.238530587582e-01,1.232395392122e-01
-6.129217674112e-01,-4.939573047223e-01,-3.927918865980e-01,-3.062843968483e-01,-2.319449909324e-01,-1.677805279167e-01,-1.121810503147e-01,-6.383532844915e-02,-2.166727927843e-02,1.521242506925e-02,4.754356154735e-02,7.594522833678e-02,1.009384466406e-01,1.229639980701e-01,1.423966087185e-01,1.595563086669e-01,1.747175900180e-01,1.881168364270e-01,1.999583859910e-01,2.104195064067e-01,2.196544990127e-01,2.277981011404e-01,2.349683199954e-01,2.412688036060e-01,2.467908329088e-01,2.516150022505e-01,2.558126425244e-01,2.594470306890e-01,2.625744213604e-01,2.652449297064e-01,2.675032893087e-01,2.693895047812e-01,2.709394155447e-01,2.721851835065e-01,2.731557172766e-01,2.738770410802e-01,2.743726167988e-01,2.746636258516e-01,2.747692160720e-01,2.747067185251e-01,2.744918388138e-01,2.741388272206e-01,2.736606250638e-01,2.730689988991e-01,2.723746572245e-01,2.715873547373e-01,2.707159856710e-01,2.697686659024e-01,2.687528065053e-01,2.676751811586e-01,2.665419850221e-01,2.653588880124e-01,2.641310845957e-01,2.628633317273e-01,2.615599922230e-01,2.602250685878e-01,2.588622345432e-01,2.574748650191e-01,2.560660602628e-01,2.546386667937e-01,2.531953001982e-01,2.517383768909e-01,2.502701062778e-01,2.487925252027e-01,2.473075068845e-01,2.458167735829e-01,2.443219112277e-01,2.428243739237e-01,2.413254907547e-01,2.398264816637e-01,2.383284610249e-01,2.368324438344e-01,2.353393585380e-01,2.338500297044e-01,2.323652039477e-01,2.308855480976e-01,2.294116530752e-01,2.279440401888e-01,2.264831612462e-01,2.250294043815e-01,2.235831058495e-01,2.221445538792e-01,2.207139928626e-01,2.192916357022e-01,2.178776689786e-01,2.164722599459e-01,2.150755588777e-01,2.136877104965e-01,2.123088619321e-01,2.109391551486e-01,2.095787318564e-01,2.082277333953e-01,2.068862910317e-01,2.055545506584e-01,2.042326444625e-01,2.029206964100e-01,2.016188207754e-01,2.003271180420e-01,1.990456785683e-01,1.977745830154e-01,1.965138970002e-01,1.952636622679e-01,1.940239205423e-01,1.927946950258e-01,1.915759969906e-01,1.903678266540e-01,1.891701733590e-01,1.879830182368e-01,1.868063346815e-01,1.856400876571e-01,1.844842354588e-01,1.833387304358e-01,1.822035190936e-01,1.810785445045e-01,1.799637448824e-01,1.788590547387e-01,1.777644053508e-01,1.766797250345e-01,1.756049397257e-01,1.745399733198e-01,1.734847477233e-01,1.724391827441e-01,1.714031973237e-01,1.703767089168e-01,1.693596339295e-01,1.683518878864e-01,1.673533855551e-01,1.663640411550e-01,1.653837684615e-01,1.644124808642e-01,1.634500915113e-01,1.624965134057e-01,1.615516594906e-01,1.606154427548e-01,1.596877762686e-01,1.587685732699e-01,1.578577472270e-01,1.569552119080e-01,1.560608814234e-01,1.551746702459e-01,1.542964932644e-01,1.534262659577e-01,1.525639041774e-01,1.517093243684e-01,1.508624435493e-01,1.500231793395e-01,1.491914500233e-01,1.483671745094e-01,1.475502723200e-01,1.467406637034e-01,1.459382696092e-01,1.451430117021e-01,1.443548124924e-01,1.435735950125e-01,1.427992831295e-01,1.420318014681e-01,1.412710754091e-01,1.405170311616e-01,1.397695956671e-01,1.390286964956e-01,1.382942619438e-01,1.375662215581e-01,1.368445050375e-01,1.361290430596e-01,1.354197670425e-01,1.347166091361e-01,1.340195023248e-01,1.333283802152e-01,1.326431769692e-01,1.319638275580e-01,1.312902676279e-01,1.306224334869e-01,1.299602623307e-01,1.293036915194e-01,1.286526592430e-01,1.280071043120e-01,1.273669661303e-01,1.267321847796e-01,1.261027008404e-01,1.254784552905e-01,1.248593896796e-01
-6.441265858907e-01,-5.217165642173e-01,-4.175719387249e-01,-3.284719994202e-01,-2.518635826878e-01,-1.857026677453e-01,-1.283380352017e-01,-7.842470931469e-02,-3.485879173153e-02,3.272138433732e-03,3.672715949496e-02,6.614160287373e-02,9.205022224967e-02,1.149054795176e-01,1.350920863715e-01,1.529386507376e-01,1.687270664276e-01,1.827001311251e-01,1.950677633421e-01,2.060121043643e-01,2.156917270814e-01,2.242451254194e-01,2.317936209834e-01,2.384437950054e-01,2.442895318414e-01,2.494137429987e-01,2.538898271166e-01,2.577829110185e-01,2.611509083143e-01,2.640454253827e-01,2.665125391641e-01,2.685934668353e-01,2.703251445318e-01,2.717407283581e-01,2.728700297878e-01,2.737398938478e-01,2.743745304520e-01,2.747958035425e-01,2.750234851306e-01,2.750754775830e-01,2.749680100692e-01,2.747158135896e-01,2.743322713367e-01,2.738295565774e-01,2.732187525959e-01,2.725099605744e-01,2.717123934690e-01,2.708344619010e-01,2.698838506902e-01,2.688675872393e-01,2.677921022120e-01,2.666632824319e-01,2.654865228145e-01,2.642667697955e-01,2.630085639674e-01,2.617160684622e-01,2.603931087352e-01,2.590431997651e-01,2.576695757112e-01,2.562752071425e-01,2.548628240037e-01,2.534349506128e-01,2.519938974420e-01,2.505417964725e-01,2.490806105872e-01,2.476121520984e-01,2.461380824223e-01,2.446599291881e-01,2.431790987897e-01,2.416968859343e-01,2.402144778897e-01,2.387329514516e-01,2.372532945051e-01,2.357764054862e-01,2.343031068583e-01,2.328341205851e-01,2.313701018618e-01,2.299116332293e-01,2.284592328205e-01,2.270133454893e-01,2.255743576849e-01,2.241426099437e-01,2.227183854484e-01,2.213019314574e-01,2.198934609343e-01,2.184931546096e-01,2.171011767507e-01,2.157176798981e-01,2.143428057051e-01,2.129766865549e-01,2.116194525004e-01,2.102712455832e-01,2.089322002882e-01,2.076024499201e-01,2.062821149849e-01,2.049713353409e-01,2.036702324314e-01,2.023789194592e-01,2.010974941639e-01,1.998260532188e-01,1.985646821210e-01,1.973134374684e-01,1.960723810432e-01,1.948415537160e-01,1.936209840171e-01,1.924106867356e-01,1.912106695850e-01,1.900209293028e-01,1.888414522338e-01,1.876722157775e-01,1.865131901733e-01,1.853643401364e-01,1.842256230745e-01,1.830969909679e-01,1.819783903166e-01,1.808697649516e-01,1.797710539359e-01,1.786821929869e-01,1.776031145945e-01,1.765337491648e-01,1.754740248172e-01,1.744238669113e-01,1.733831998943e-01,1.723519463063e-01,1.713300273712e-01,1.703173630971e-01,1.693138727001e-01,1.683194745515e-01,1.673340863090e-01,1.663576250734e-01,1.653900075479e-01,1.644311501685e-01,1.634809691090e-01,1.625393804193e-01,1.616063001043e-01,1.606816442301e-01,1.597653289419e-01,1.588572705522e-01,1.579573856191e-01,1.570655909631e-01,1.561818037025e-01,1.553059414270e-01,1.544379220322e-01,1.535776639049e-01,1.527250859189e-01,1.518801075200e-01,1.510426486331e-01,1.502126297468e-01,1.493899719690e-01,1.485745970638e-01,1.477664274386e-01,1.469653860408e-01,1.461713965523e-01,1.453843833390e-01,1.446042716070e-01,1.438309869777e-01,1.430644559168e-01,1.423046056051e-01,1.415513640816e-01,1.408046599127e-01,1.400644222804e-01,1.393305816219e-01,1.386030685039e-01,1.378818144507e-01,1.371667517061e-01,1.364578134119e-01,1.357549331578e-01,1.350580452256e-01,1.343670846755e-01,1.336819873576e-01,1.330026897918e-01,1.323291288597e-01,1.316612422876e-01,1.309989684461e-01,1.303422466347e-01,1.296910161340e-01,1.290452171371e-01,1.284047904225e-01,1.277696775573e-01,1.271398203181e-01,1.265151609219e-01
-6.768434945308e-01,-5.508369752986e-01,-4.435824701674e-01,-3.517762101148e-01,-2.727989569018e-01,-2.045535965962e-01,-1.453458538612e-01,-9.379554036791e-02,-4.876973428393e-02,-9.331919075981e-03,2.529712247099e-02,5.576965894010e-02,8.263477167111e-02,1.063571089273e-01,1.273318004471e-01,1.458964031110e-01,1.623405326427e-01,1.769136780764e-01,1.898315795328e-01,2.012814623987e-01,2.114263555861e-01,2.204086717848e-01,2.283531900388e-01,2.353695513404e-01,2.415543557884e-01,2.469929319487e-01,2.517608353901e-01,2.559251226268e-01,2.595454378859e-01,2.626749429507e-01,2.653611159301e-01,2.676464390797e-01,2.695689928610e-01,2.711629702959e-01,2.724591242081e-01,2.734851565632e-01,2.742660575600e-01,2.748244033110e-01,2.751806166685e-01,2.753531964298e-01,2.753589179949e-01,2.752130140001e-01,2.749293287881e-01,2.745204601063e-01,2.739978829019e-01,2.733720588986e-01,2.726525341365e-01,2.718480278465e-01,2.709665116979e-01,2.700152760161e-01,2.690009957862e-01,2.679297871750e-01,2.668072576380e-01,2.656385488512e-01,2.644283815816e-01,2.631810942394e-01,2.619006696332e-01,2.605907700769e-01,2.592547659324e-01,2.578957608198e-01,2.565166034266e-01,2.551199307864e-01,2.537081590078e-01,2.522835192731e-01,2.508480713707e-01,2.494037121850e-01,2.479521840091e-01,2.464950958833e-01,2.450339391604e-01,2.435700704067e-01,2.421047422055e-01,2.406391095416e-01,2.391742312363e-01,2.377110630748e-01,2.362504828123e-01,2.347932963747e-01,2.333402153468e-01,2.318918824961e-01,2.304488758268e-01,2.290117084736e-01,2.275808173543e-01,2.261566010699e-01,2.247393886644e-01,2.233294705931e-01,2.219270948865e-01,2.205324719396e-01,2.191457881615e-01,2.177672077315e-01,2.163968682294e-01,2.150349129003e-01,2.136814744426e-01,2.123366761328e-01,2.110006397392e-01,2.096735024661e-01,2.083553915577e-01,2.070464215428e-01,2.057467247991e-01,2.044564229580e-01,2.031756249902e-01,2.019044293290e-01,2.006429426837e-01,1.993912338281e-01,1.981493838493e-01,1.969174507179e-01,1.956954777781e-01,1.944834994981e-01,1.932815416284e-01,1.920896156219e-01,1.909077202259e-01,1.897358508498e-01,1.885739913824e-01,1.874221170447e-01,1.862801965765e-01,1.851481940523e-01,1.840260665366e-01,1.829137653620e-01,1.818112390852e-01,1.807184316751e-01,1.796352832342e-01,1.785617307175e-01,1.774977093031e-01,1.764431503428e-01,1.753979843055e-01,1.743621392387e-01,1.733355414629e-01,1.723181160371e-01,1.713097869243e-01,1.703104768830e-01,1.693201076715e-01,1.683386005705e-01,1.673658761109e-01,1.664018542906e-01,1.654464547484e-01,1.644995968959e-01,1.635611998921e-01,1.626311827738e-01,1.617094645913e-01,1.607959644062e-01,1.598906013802e-01,1.589932948549e-01,1.581039643528e-01,1.572225297288e-01,1.563489110796e-01,1.554830288813e-01,1.546248040351e-01,1.537741578633e-01,1.529310120978e-01,1.520952889948e-01,1.512669114237e-01,1.504458026408e-01,1.496318865219e-01,1.488250875839e-01,1.480253309597e-01,1.472325422641e-01,1.464466478270e-01,1.456675747631e-01,1.448952506266e-01,1.441296036829e-01,1.433705629553e-01,1.426180582283e-01,1.418720195922e-01,1.411323784233e-01,1.403990662104e-01,1.396720153657e-01,1.389511591213e-01,1.382364313215e-01,1.375277662949e-01,1.368250992047e-01,1.361283661929e-01,1.354375035304e-01,1.347524483577e-01,1.340731386311e-01,1.333995129595e-01,1.327315102184e-01,1.320690701454e-01,1.314121334017e-01,1.307606407226e-01,1.301145335647e-01,1.294737541378e-01,1.288382453317e-01,1.282079499160e-01
-7.111567086050e-01,-5.813946207946e-01,-4.708925210108e-01,-3.762599298090e-01,-2.948086306775e-01,-2.243860842622e-01,-1.632530687889e-01,-1.099926379583e-01,-6.344157310898e-02,-2.263820564904e-02,1.321770302539e-02,4.479610067645e-02,7.266102360628e-02,9.728983956451e-02,1.190885520030e-01,1.384040580762e-01,1.555340327163e-01,1.707349485816e-01,1.842286215545e-01,1.962075829906e-01,2.068395122026e-01,2.162709115379e-01,2.246301682100e-01,2.320301163313e-01,2.385701900861e-01,2.443382403900e-01,2.494120737392e-01,2.538607604797e-01,2.577457506087e-01,2.611218292129e-01,2.640379368703e-01,2.665378757683e-01,2.686609203725e-01,2.704423463081e-01,2.719138889343e-01,2.731041438253e-01,2.740389161589e-01,2.747415252389e-01,2.752330733103e-01,2.755326814859e-01,2.756576955529e-01,2.756238717640e-01,2.754455359086e-01,2.751357289233e-01,2.747063348651e-01,2.741681912840e-01,2.735311929209e-01,2.728043825572e-01,2.719960274267e-01,2.711136950342e-01,2.701643188563e-01,2.691542507090e-01,2.680893179534e-01,2.669748719889e-01,2.658158228947e-01,2.646166843763e-01,2.633816104417e-01,2.621144162824e-01,2.608186154549e-01,2.594974484901e-01,2.581538902574e-01,2.567906952289e-01,2.554103900768e-01,2.540153096424e-01,2.526076160559e-01,2.511892889943e-01,2.497621611427e-01,2.483279339270e-01,2.468881581198e-01,2.454442711799e-01,2.439976103402e-01,2.425493845115e-01,2.411007140651e-01,2.396526412952e-01,2.382060958982e-01,2.367619365398e-01,2.353209582317e-01,2.338838559909e-01,2.324512659955e-01,2.310237692755e-01,2.296018575380e-01,2.281859894085e-01,2.267765446421e-01,2.253738634448e-01,2.239782401028e-01,2.225899212648e-01,2.212091242788e-01,2.198360293446e-01,2.184708030291e-01,2.171135928242e-01,2.157645193944e-01,2.144237194676e-01,2.130913168404e-01,2.117674157156e-01,2.104521514707e-01,2.091456460882e-01,2.078480035484e-01,2.065593579001e-01,2.052798253907e-01,2.040095025890e-01,2.027485105516e-01,2.014969276771e-01,2.002548522155e-01,1.990223574751e-01,1.977994975083e-01,1.965863329974e-01,1.953829030228e-01,1.941892303170e-01,1.930053388274e-01,1.918312358807e-01,1.906669161727e-01,1.895123732723e-01,1.883675888300e-01,1.872325353054e-01,1.861071833468e-01,1.849914953814e-01,1.838854273637e-01,1.827889334715e-01,1.817019623105e-01,1.806244580002e-01,1.795563634245e-01,1.784976165102e-01,1.774481543614e-01,1.764079110173e-01,1.753768181766e-01,1.743548067252e-01,1.733418055237e-01,1.723377418799e-01,1.713425425359e-01,1.703561329434e-01,1.693784375777e-01,1.684093805676e-01,1.674488852787e-01,1.664968745309e-01,1.655532709846e-01,1.646179969237e-01,1.636909744149e-01,1.627721255198e-01,1.618613722129e-01,1.609586365064e-01,1.600638405262e-01,1.591769065573e-01,1.582977570672e-01,1.574263147781e-01,1.565625027666e-01,1.557062443555e-01,1.548574632738e-01,1.540160837442e-01,1.531820302800e-01,1.523552279194e-01,1.515356023082e-01,1.507230794064e-01,1.499175857906e-01,1.491190487417e-01,1.483273958571e-01,1.475425554237e-01,1.467644565133e-01,1.459930285000e-01,1.452282015028e-01,1.444699064951e-01,1.437180746367e-01,1.429726382869e-01,1.422335299245e-01,1.415006829064e-01,1.407740315441e-01,1.400535102495e-01,1.393390543493e-01,1.386306001688e-01,1.379280840579e-01,1.372314433025e-01,1.365406162186e-01,1.358555410675e-01,1.351761570532e-01,1.345024044279e-01,1.338342233107e-01,1.331715547571e-01,1.325143408707e-01,1.318625235547e-01,1.312160456273e-01,1.305748509350e-01,1.299388829149e-01
-7.471565172053e-01,-6.134710769340e-01,-4.995761221940e-01,-4.019906122673e-01,-3.179542899927e-01,-2.452567309098e-01,-1.821117729480e-01,-1.270640817417e-01,-7.891879910194e-02,-3.668799008981e-02,4.505363510625e-04,3.318518947327e-02,6.209562212210e-02,8.767248415565e-02,1.103331331437e-01,1.304342191533e-01,1.482818323018e-01,1.641397370004e-01,1.782360929791e-01,1.907689715834e-01,2.019109075212e-01,2.118126730417e-01,2.206064224989e-01,2.284083237799e-01,2.353207699349e-01,2.414342453262e-01,2.468289065174e-01,2.515759261659e-01,2.557386397302e-01,2.593735271374e-01,2.625310554281e-01,2.652564052126e-01,2.675900977223e-01,2.695685381977e-01,2.712244884637e-01,2.725874772496e-01,2.736841598950e-01,2.745386324083e-01,2.751727063768e-01,2.756061524302e-01,2.758569122985e-01,2.759412889871e-01,2.758741111211e-01,2.756688829345e-01,2.753379145030e-01,2.748924374117e-01,2.743427113238e-01,2.736981135450e-01,2.729672239424e-01,2.721579003545e-01,2.712773407255e-01,2.703321484468e-01,2.693283824538e-01,2.682716053050e-01,2.671669323943e-01,2.660190619366e-01,2.648323189148e-01,2.636106857295e-01,2.623578249130e-01,2.610771172117e-01,2.597716724016e-01,2.584443671383e-01,2.570978439251e-01,2.557345492800e-01,2.543567416263e-01,2.529664986137e-01,2.515657512897e-01,2.501562713627e-01,2.487396981627e-01,2.473175556834e-01,2.458912316378e-01,2.444620230019e-01,2.430311184616e-01,2.415996051492e-01,2.401685034817e-01,2.387387228688e-01,2.373111100042e-01,2.358864406889e-01,2.344654007559e-01,2.330486309362e-01,2.316366866657e-01,2.302300845589e-01,2.288292578386e-01,2.274346034185e-01,2.260464633607e-01,2.246651294411e-01,2.232908581124e-01,2.219238657677e-01,2.205643423525e-01,2.192124454635e-01,2.178683266269e-01,2.165321113012e-01,2.152039208376e-01,2.138838805622e-01,2.125720877079e-01,2.112686716914e-01,2.099737430195e-01,2.086874073902e-01,2.074097930612e-01,2.061409984179e-01,2.048811437590e-01,2.036303158868e-01,2.023886265753e-01,2.011561564007e-01,1.999329803616e-01,1.987191730407e-01,1.975147824277e-01,1.963198596167e-01,1.951344392762e-01,1.939585406383e-01,1.927921834830e-01,1.916353692538e-01,1.904880945389e-01,1.893503490299e-01,1.882221103205e-01,1.871033551996e-01,1.859940510150e-01,1.848941597302e-01,1.838036406588e-01,1.827224463174e-01,1.816505274832e-01,1.805878295311e-01,1.795342969360e-01,1.784898700155e-01,1.774544870169e-01,1.764280846226e-01,1.754105968294e-01,1.744019567567e-01,1.734020958091e-01,1.724109439160e-01,1.714284304627e-01,1.704544834736e-01,1.694890303850e-01,1.685319980289e-01,1.675833124717e-01,1.666428996165e-01,1.657106848628e-01,1.647865933656e-01,1.638705501892e-01,1.629624802100e-01,1.620623083389e-01,1.611699594790e-01,1.602853586521e-01,1.594084310051e-01,1.585391018940e-01,1.576772968783e-01,1.568229418521e-01,1.559759629673e-01,1.551362867375e-01,1.543038401338e-01,1.534785504017e-01,1.526603453510e-01,1.518491532042e-01,1.510449026041e-01,1.502475228938e-01,1.494569436928e-01,1.486730953036e-01,1.478959086397e-01,1.471253149662e-01,1.463612463995e-01,1.456036353702e-01,1.448524152667e-01,1.441075196379e-01,1.433688829654e-01,1.426364403313e-01,1.419101271793e-01,1.411898800025e-01,1.404756355167e-01,1.397673311872e-01,1.390649054128e-01,1.383682966299e-01,1.376774444207e-01,1.369922887690e-01,1.363127700753e-01,1.356388299666e-01,1.349704098939e-01,1.343074523558e-01,1.336499005633e-01,1.329976977355e-01,1.323507883565e-01,1.317091167909e-01
-7.849398009549e-01,-6.471538819231e-01,-5.297127215376e-01,-4.290406530382e-01,-3.423021461320e-01,-2.672262948321e-01,-2.019778919606e-01,-1.450614945733e-01,-9.524918745275e-02,-5.152559283925e-02,-1.304558481503e-02,2.089853356948e-02,5.090273009082e-02,7.747153030922e-02,1.010341534589e-01,1.219574379211e-01,1.405562647179e-01,1.571020154294e-01,1.718294765638e-01,1.849425064894e-01,1.966187117224e-01,2.070133246734e-01,2.162624346448e-01,2.244856917579e-01,2.317885796793e-01,2.382643334635e-01,2.439955642797e-01,2.490556407467e-01,2.535098677474e-01,2.574164952027e-01,2.608275849992e-01,2.637897572026e-01,2.663448353002e-01,2.685304049800e-01,2.703802994392e-01,2.719250228084e-01,2.731921184686e-01,2.742064934192e-01,2.749907005936e-01,2.755651891176e-01,2.759485232684e-01,2.761575773302e-01,2.762077053257e-01,2.761128955214e-01,2.758859032901e-01,2.755383724878e-01,2.750809424797e-01,2.745233421391e-01,2.738744787476e-01,2.731425091751e-01,2.723349145496e-01,2.714585564379e-01,2.705197359946e-01,2.695242426681e-01,2.684773971550e-01,2.673840980963e-01,2.662488487959e-01,2.650758029143e-01,2.638687822347e-01,2.626313138037e-01,2.613666481429e-01,2.600777902481e-01,2.587675040556e-01,2.574383524359e-01,2.560926955757e-01,2.547327172369e-01,2.533604382907e-01,2.519777180625e-01,2.505862916850e-01,2.491877422077e-01,2.477835533121e-01,2.463750803951e-01,2.449635838210e-01,2.435502271093e-01,2.421360726488e-01,2.407221193288e-01,2.393092561230e-01,2.378983272753e-01,2.364900789497e-01,2.350852059239e-01,2.336843280964e-01,2.322880191222e-01,2.308967667903e-01,2.295110292212e-01,2.281311952443e-01,2.267576114916e-01,2.253905791407e-01,2.240303549992e-01,2.226771627384e-01,2.213311947080e-01,2.199926136996e-01,2.186615680848e-01,2.173381867466e-01,2.160225859327e-01,2.147148868153e-01,2.134151827701e-01,2.121236004147e-01,2.108402296353e-01,2.095651926149e-01,2.082985909218e-01,2.070405373246e-01,2.057911225849e-01,2.045504671228e-01,2.033186524989e-01,2.020957744350e-01,2.008819116041e-01,1.996771314481e-01,1.984815022072e-01,1.972950642020e-01,1.961178680359e-01,1.949499366222e-01,1.937912946505e-01,1.926419515971e-01,1.915019091808e-01,1.903711638161e-01,1.892496989286e-01,1.881374980528e-01,1.870345322355e-01,1.859407716652e-01,1.848561787810e-01,1.837807129060e-01,1.827143277351e-01,1.816569760028e-01,1.806086047590e-01,1.795691597368e-01,1.785385835533e-01,1.775168165196e-01,1.765037975741e-01,1.754994629511e-01,1.745037484738e-01,1.735165876919e-01,1.725379136010e-01,1.715676578780e-01,1.706057513841e-01,1.696521243813e-01,1.687067062314e-01,1.677694261245e-01,1.668402125243e-01,1.659189937936e-01,1.650056979218e-01,1.641002527903e-01,1.632025861271e-01,1.623126257082e-01,1.614302992643e-01,1.605555346413e-01,1.596882598010e-01,1.588284028949e-01,1.579758922625e-01,1.571306565673e-01,1.562926246690e-01,1.554617258597e-01,1.546378896997e-01,1.538210461856e-01,1.530111257316e-01,1.522080591061e-01,1.514117777030e-01,1.506222131491e-01,1.498392978278e-01,1.490629643963e-01,1.482931461903e-01,1.475297769780e-01,1.467727912815e-01,1.460221238100e-01,1.452777102252e-01,1.445394864957e-01,1.438073892775e-01,1.430813558847e-01,1.423613239466e-01,1.416472321822e-01,1.409390192611e-01,1.402366250636e-01,1.395399895981e-01,1.388490537224e-01,1.381637588873e-01,1.374840468539e-01,1.368098605492e-01,1.361411426797e-01,1.354778373667e-01,1.348198885811e-01,1.341672413207e-01,1.335198408492e-01
-8.246106024146e-01,-6.825370522311e-01,-5.613876531606e-01,-4.574878180641e-01,-3.679233284191e-01,-2.903600535510e-01,-2.229115174325e-01,-1.640403507693e-01,-1.124840834407e-01,-6.719865228723e-02,-2.731495806473e-02,7.894856473610e-03,3.904381201931e-02,6.665093719502e-02,9.115784880178e-02,1.129420339282e-01,1.323275612718e-01,1.495937734701e-01,1.649823827250e-01,1.787032954366e-01,1.909394185797e-01,2.018506457416e-01,2.115771784653e-01,2.202423059549e-01,2.279547416869e-01,2.348105952555e-01,2.408950429310e-01,2.462837482246e-01,2.510440738964e-01,2.552361198451e-01,2.589136142707e-01,2.621246817585e-01,2.649125066143e-01,2.673159079730e-01,2.693698391752e-01,2.711058229965e-01,2.725523315955e-01,2.737351190621e-01,2.746775134330e-01,2.754006729401e-01,2.759238125116e-01,2.762644036034e-01,2.764383494575e-01,2.764601442618e-01,2.763430090635e-01,2.760990188420e-01,2.757392093467e-01,2.752736790146e-01,2.747116735050e-01,2.740616679632e-01,2.733314343966e-01,2.725281083192e-01,2.716582430214e-01,2.707278634973e-01,2.697425109047e-01,2.687072857775e-01,2.676268854741e-01,2.665056379257e-01,2.653475345782e-01,2.641562552706e-01,2.629351975263e-01,2.616875011588e-01,2.604160574716e-01,2.591235506499e-01,2.578124487239e-01,2.564850472086e-01,2.551434561735e-01,2.537896408544e-01,2.524254072393e-01,2.510524386653e-01,2.496722819291e-01,2.482863783902e-01,2.468960529055e-01,2.455025375399e-01,2.441069658478e-01,2.427103870565e-01,2.413137682376e-01,2.399179969455e-01,2.385238934708e-01,2.371322005794e-01,2.357436022380e-01,2.343587277469e-01,2.329781194773e-01,2.316022987230e-01,2.302316994844e-01,2.288667325866e-01,2.275077383519e-01,2.261550296456e-01,2.248088667567e-01,2.234694807010e-01,2.221370674990e-01,2.208117961627e-01,2.194938158311e-01,2.181832553384e-01,2.168802340924e-01,2.155848612093e-01,2.142972406357e-01,2.130174771662e-01,2.117456684189e-01,2.104819227977e-01,2.092263409055e-01,2.079790133680e-01,2.067400638502e-01,2.055095683507e-01,2.042876413341e-01,2.030743547131e-01,2.018698048401e-01,2.006740538630e-01,1.994871763237e-01,1.983092203684e-01,1.971402375848e-01,1.959802599569e-01,1.948293170798e-01,1.936874245001e-01,1.925545921075e-01,1.914308200526e-01,1.903161013894e-01,1.892104226280e-01,1.881137629037e-01,1.870260970899e-01,1.859473936715e-01,1.848776157039e-01,1.838167252498e-01,1.827646765530e-01,1.817214240194e-01,1.806869162659e-01,1.796611014483e-01,1.786439236281e-01,1.776353260992e-01,1.766352492742e-01,1.756436326868e-01,1.746604138618e-01,1.736855294519e-01,1.727189147329e-01,1.717605041838e-01,1.708102313682e-01,1.698680291672e-01,1.689338298847e-01,1.680075652761e-01,1.670891667688e-01,1.661785654117e-01,1.652756919854e-01,1.643804772404e-01,1.634928516588e-01,1.626127458114e-01,1.617400901996e-01,1.608748154407e-01,1.600168522470e-01,1.591661314872e-01,1.583225842481e-01,1.574861418232e-01,1.566567358131e-01,1.558342980836e-01,1.550187608666e-01,1.542100567256e-01,1.534081186224e-01,1.526128799248e-01,1.518242744065e-01,1.510422363303e-01,1.502667003480e-01,1.494976016440e-01,1.487348759871e-01,1.479784593463e-01,1.472282886272e-01,1.464843008204e-01,1.457464338818e-01,1.450146258902e-01,1.442888158733e-01,1.435689430331e-01,1.428549474813e-01,1.421467695706e-01,1.414443504996e-01,1.407476317923e-01,1.400565557285e-01,1.393710650171e-01,1.386911030059e-01,1.380166135956e-01,1.373475411812e-01,1.366838308548e-01,1.360254280319e-01,1.353722788467e-01
-8.662807553528e-01,-7.197216521695e-01,-5.946926553708e-01,-4.874157165004e-01,-3.948943175559e-01,-3.147282023467e-01,-2.449772745650e-01,-1.840603160949e-01,-1.306787182582e-01,-8.375841805102e-02,-4.240524509892e-02,-5.870258773612e-03,2.647739479508e-02,5.517191077874e-02,8.066787035694e-02,1.033538960427e-01,1.235636639474e-01,1.415848413392e-01,1.576663822743e-01,1.720245171838e-01,1.848476952973e-01,1.963006839483e-01,2.065279843979e-01,2.156566908044e-01,2.237988936321e-01,2.310537079650e-01,2.375089920653e-01,2.432428087845e-01,2.483246726254e-01,2.528166175482e-01,2.567741141586e-01,2.602468599000e-01,2.632794620692e-01,2.659120293214e-01,2.681806862677e-01,2.701180207998e-01,2.717534761635e-01,2.731136922908e-01,2.742228076211e-01,2.751027219678e-01,2.757733306221e-01,2.762527295749e-01,2.765573965746e-01,2.767023545338e-01,2.767013123150e-01,2.765667946753e-01,2.763102536990e-01,2.759421721353e-01,2.754721527114e-01,2.749090002276e-01,2.742607943869e-01,2.735349544070e-01,2.727382999830e-01,2.718771008974e-01,2.709571300845e-01,2.699836996450e-01,2.689617096369e-01,2.678956714323e-01,2.667897533141e-01,2.656477959456e-01,2.644733505380e-01,2.632696985338e-01,2.620398658214e-01,2.607866604384e-01,2.595126696848e-01,2.582202968578e-01,2.569117586848e-01,2.555891138717e-01,2.542542648776e-01,2.529089756796e-01,2.515548816883e-01,2.501934933741e-01,2.488262186424e-01,2.474543483605e-01,2.460790958294e-01,2.447015600050e-01,2.433227865729e-01,2.419437073873e-01,2.405652151418e-01,2.391881005130e-01,2.378131106065e-01,2.364409290339e-01,2.350721550116e-01,2.337073648408e-01,2.323470491161e-01,2.309916706467e-01,2.296416249282e-01,2.282972724607e-01,2.269589236642e-01,2.256268509865e-01,2.243012906684e-01,2.229824453639e-01,2.216704896590e-01,2.203655779768e-01,2.190678372131e-01,2.177773958629e-01,2.164943472682e-01,2.152188106563e-01,2.139508659531e-01,2.126906268012e-01,2.114381808458e-01,2.101936159758e-01,2.089570508211e-01,2.077285608110e-01,2.065082590690e-01,2.052962247120e-01,2.040925561408e-01,2.028973301002e-01,2.017106259985e-01,2.005325119257e-01,1.993630461187e-01,1.982022832768e-01,1.970502604085e-01,1.959070162665e-01,1.947725681675e-01,1.936469383521e-01,1.925301268819e-01,1.914221397202e-01,1.903229642650e-01,1.892325902347e-01,1.881509957433e-01,1.870781544211e-01,1.860140385738e-01,1.849586111026e-01,1.839118350605e-01,1.828736670292e-01,1.818440624062e-01,1.808229724989e-01,1.798103467739e-01,1.788061321996e-01,1.778102736626e-01,1.768227146072e-01,1.758433963999e-01,1.748722596602e-01,1.739092430738e-01,1.729542850311e-01,1.720073222077e-01,1.710682912377e-01,1.701371274319e-01,1.692137660099e-01,1.682981413972e-01,1.673901876798e-01,1.664898388114e-01,1.655970282531e-01,1.647116894938e-01,1.638337557822e-01,1.629631603971e-01,1.620998365765e-01,1.612437176300e-01,1.603947369595e-01,1.595528281083e-01,1.587179247910e-01,1.578899609580e-01,1.570688707629e-01,1.562545887111e-01,1.554470495016e-01,1.546461883218e-01,1.538519405194e-01,1.530642420284e-01,1.522830289719e-01,1.515082380401e-01,1.507398063691e-01,1.499776713240e-01,1.492217710465e-01,1.484720438381e-01,1.477284287608e-01,1.469908651366e-01,1.462592929706e-01,1.455336526579e-01,1.448138851593e-01,1.440999319880e-01,1.433917350630e-01,1.426892370549e-01,1.419923808347e-01,1.413011102631e-01,1.406153691483e-01,1.399351025679e-01,1.392602553014e-01,1.385907734961e-01,1.379266030619e-01,1.372676909843e-01
-9.100705798711e-01,-7.588164231003e-01,-6.297264427843e-01,-5.189143230813e-01,-4.232974243238e-01,-3.404062945420e-01,-2.682447282607e-01,-2.051856237879e-01,-1.498925575320e-01,-1.012600755130e-01,-5.836777402512e-02,-2.044465222556e-02,1.315880309227e-02,4.299265565781e-02,6.952505126590e-02,9.315626281014e-02,1.142300183001e-01,1.330426943158e-01,1.498508215044e-01,1.648772464180e-01,1.783162164878e-01,1.903375977869e-01,2.010903897257e-01,2.107056669826e-01,2.192990527725e-01,2.269728062897e-01,2.338175914578e-01,2.399139810918e-01,2.453337406452e-01,2.501409273188e-01,2.543928343929e-01,2.581408048238e-01,2.614309342719e-01,2.643046807765e-01,2.667993937558e-01,2.689487759342e-01,2.707832858435e-01,2.723304907583e-01,2.736153765285e-01,2.746606191187e-01,2.754868255505e-01,2.761127452934e-01,2.765554572637e-01,2.768305374925e-01,2.769522055757e-01,2.769334565528e-01,2.767861788332e-01,2.765212568010e-01,2.761486673671e-01,2.756775605214e-01,2.751163371208e-01,2.744727155149e-01,2.737537909616e-01,2.729660946359e-01,2.721156362512e-01,2.712079559643e-01,2.702481594786e-01,2.692409565074e-01,2.681906963374e-01,2.671013909648e-01,2.659767517083e-01,2.648202088024e-01,2.636349296060e-01,2.624238510158e-01,2.611896875848e-01,2.599349524855e-01,2.586619789644e-01,2.573729192026e-01,2.560697799424e-01,2.547544102351e-01,2.534285313815e-01,2.520937399372e-01,2.507515080169e-01,2.494032190288e-01,2.480501320715e-01,2.466934341687e-01,2.453342142337e-01,2.439734805543e-01,2.426121775695e-01,2.412511556699e-01,2.398912205135e-01,2.385331091121e-01,2.371774787529e-01,2.358249544255e-01,2.344760912540e-01,2.331313923010e-01,2.317913231347e-01,2.304562795950e-01,2.291266355420e-01,2.278027031597e-01,2.264847653940e-01,2.251730667877e-01,2.238678167134e-01,2.225691974605e-01,2.212773676628e-01,2.199924615968e-01,2.187146012206e-01,2.174438976487e-01,2.161804421201e-01,2.149243426658e-01,2.136756815003e-01,2.124345436920e-01,2.112010378403e-01,2.099752424554e-01,2.087572542402e-01,2.075471689482e-01,2.063450640573e-01,2.051510432471e-01,2.039651738651e-01,2.027875451437e-01,2.016182242956e-01,2.004572726790e-01,1.993047537692e-01,1.981607031078e-01,1.970251707783e-01,1.958981805837e-01,1.947797565362e-01,1.936699134092e-01,1.925686537106e-01,1.914759808972e-01,1.903918841966e-01,1.893163491699e-01,1.882493593196e-01,1.871908879633e-01,1.861409065853e-01,1.850993822254e-01,1.840662765916e-01,1.830415506834e-01,1.820251597236e-01,1.810170584211e-01,1.800171978762e-01,1.790255271858e-01,1.780419941862e-01,1.770665437824e-01,1.760991208134e-01,1.751396677019e-01,1.741881262203e-01,1.732444370424e-01,1.723085396772e-01,1.713803733308e-01,1.704598761022e-01,1.695469856688e-01,1.686416394328e-01,1.677437741170e-01,1.668533262866e-01,1.659702322450e-01,1.650944280406e-01,1.642258497286e-01,1.633644331817e-01,1.625101143462e-01,1.616628291605e-01,1.608225136534e-01,1.599891039693e-01,1.591625364293e-01,1.583427475054e-01,1.575296739373e-01,1.567232526857e-01,1.559234209860e-01,1.551301164373e-01,1.543432768498e-01,1.535628405020e-01,1.527887460254e-01,1.520209323000e-01,1.512593387863e-01,1.505039052524e-01,1.497545718898e-01,1.490112794723e-01,1.482739689687e-01,1.475425821250e-01,1.468170608632e-01,1.460973477615e-01,1.453833858839e-01,1.446751185827e-01,1.439724901365e-01,1.432754447631e-01,1.425839276560e-01,1.418978842564e-01,1.412172605221e-01,1.405420031884e-01,1.398720589948e-01,1.392073756942e-01
-9.561096513354e-01,-7.999384794703e-01,-6.665953392378e-01,-5.520805560019e-01,-4.532213192397e-01,-3.674757285975e-01,-2.927888325663e-01,-2.274854903400e-01,-1.701896872425e-01,-1.197631046189e-01,-7.525787411771e-02,-3.587989959695e-02,-9.601335759034e-04,3.006810048401e-02,5.768714844073e-02,8.230947951997e-02,1.042893442782e-01,1.239322363281e-01,1.415026174894e-01,1.572302599050e-01,1.713154803640e-01,1.839334820443e-01,1.952379727303e-01,2.053641936106e-01,2.144314656686e-01,2.225453390629e-01,2.297994143747e-01,2.362768916120e-01,2.420518921937e-01,2.471905910989e-01,2.517521893391e-01,2.557897521143e-01,2.593509332325e-01,2.624786026394e-01,2.652113922936e-01,2.675841714245e-01,2.696284615855e-01,2.713728006503e-01,2.728430614393e-01,2.740627325012e-01,2.750531658667e-01,2.758337951294e-01,2.764223285375e-01,2.768349212733e-01,2.770863275534e-01,2.771900353245e-01,2.771583886473e-01,2.770026944250e-01,2.767333189798e-01,2.763597761552e-01,2.758908022359e-01,2.753344276156e-01,2.746980403707e-01,2.739884390901e-01,2.732118881398e-01,2.723741619434e-01,2.714805848577e-01,2.705360734797e-01,2.695451661499e-01,2.685120556254e-01,2.674406207045e-01,2.663344479532e-01,2.651968529315e-01,2.640309084036e-01,2.628394615611e-01,2.616251449105e-01,2.603904045384e-01,2.591375054517e-01,2.578685457249e-01,2.565854805242e-01,2.552901142051e-01,2.539841247848e-01,2.526690784251e-01,2.513464137627e-01,2.500174777743e-01,2.486835207356e-01,2.473456925480e-01,2.460050749600e-01,2.446626598064e-01,2.433193638431e-01,2.419760490069e-01,2.406335054354e-01,2.392924482127e-01,2.379535495924e-01,2.366174292558e-01,2.352846349584e-01,2.339556840012e-01,2.326310348352e-01,2.313110952677e-01,2.299962456307e-01,2.286868060139e-01,2.273830658505e-01,2.260852833761e-01,2.247936728904e-01,2.235084268011e-01,2.222297084628e-01,2.209576622534e-01,2.196924091035e-01,2.184340608012e-01,2.171827223320e-01,2.159384786771e-01,2.147014150183e-01,2.134716304588e-01,2.122492066982e-01,2.110342211929e-01,2.098267751449e-01,2.086269448454e-01,2.074348189151e-01,2.062504906408e-01,2.050740275260e-01,2.039055191861e-01,2.027450392586e-01,2.015926432134e-01,2.004484034269e-01,1.993123671375e-01,1.981845763012e-01,1.970650732543e-01,1.959538805585e-01,1.948510210947e-01,1.937565096027e-01,1.926703479147e-01,1.915925349233e-01,1.905230663562e-01,1.894619275384e-01,1.884090985316e-01,1.873645580693e-01,1.863282768715e-01,1.853002234864e-01,1.842803633404e-01,1.832686565407e-01,1.822650626371e-01,1.812695375905e-01,1.802820342283e-01,1.793025050245e-01,1.783308993618e-01,1.773671651918e-01,1.764112495490e-01,1.754630974378e-01,1.745226532419e-01,1.735898603073e-01,1.726646607587e-01,1.717469961953e-01,1.708368077478e-01,1.699340357083e-01,1.690386199015e-01,1.681504999665e-01,1.672696150118e-01,1.663959040006e-01,1.655293057280e-01,1.646697587541e-01,1.638172016751e-01,1.629715730058e-01,1.621328112613e-01,1.613008550601e-01,1.604756430883e-01,1.596571141799e-01,1.588452073186e-01,1.580398617152e-01,1.572410167813e-01,1.564486121655e-01,1.556625878510e-01,1.548828841016e-01,1.541094414233e-01,1.533422007385e-01,1.525811033555e-01,1.518260908221e-01,1.510771052192e-01,1.503340889512e-01,1.495969847730e-01,1.488657360625e-01,1.481402863928e-01,1.474205798603e-01,1.467065611923e-01,1.459981752274e-01,1.452953675234e-01,1.445980840937e-01,1.439062712015e-01,1.432198759063e-01,1.425388455041e-01,1.418631277345e-01,1.411926711095e-01
-1.004537652150e+00,-8.432140798594e-01,-7.054139789277e-01,-5.870189171212e-01,-4.847616193307e-01,-3.960242877211e-01,-3.186904286144e-01,-2.510345761556e-01,-1.916392412952e-01,-1.393316776073e-01,-9.313524651814e-02,-5.223165900924e-02,-1.593140507615e-02,1.634959335708e-02,4.510855647789e-02,7.077072867610e-02,9.370138216146e-02,1.142155600079e-01,1.325860311639e-01,1.490498215811e-01,1.638136049528e-01,1.770581743264e-01,1.889421687908e-01,1.996051932677e-01,2.091704415071e-01,2.177469103329e-01,2.254312759179e-01,2.323094897065e-01,2.384581405638e-01,2.439456213023e-01,2.488331309601e-01,2.531755384882e-01,2.570221292707e-01,2.604172523027e-01,2.634008825494e-01,2.660091108923e-01,2.682745724319e-01,2.702268213696e-01,2.718926596899e-01,2.732964269685e-01,2.744602555350e-01,2.754042956249e-01,2.761469146609e-01,2.767048746286e-01,2.770934894842e-01,2.773267639857e-01,2.774175192675e-01,2.773775046116e-01,2.772174959533e-01,2.769473857350e-01,2.765762637868e-01,2.761124882238e-01,2.755637501630e-01,2.749371335184e-01,2.742391668532e-01,2.734758696934e-01,2.726527980154e-01,2.717750830303e-01,2.708474631818e-01,2.698743202297e-01,2.688597084201e-01,2.678073789399e-01,2.667208025981e-01,2.656031959249e-01,2.644575429099e-01,2.632866048835e-01,2.620929441885e-01,2.608789420965e-01,2.596468042641e-01,2.583985780432e-01,2.571361695228e-01,2.558613464678e-01,2.545757480120e-01,2.532809030062e-01,2.519782324172e-01,2.506690491181e-01,2.493545798328e-01,2.480359690680e-01,2.467142659547e-01,2.453904521446e-01,2.440654447969e-01,2.427400893528e-01,2.414151580262e-01,2.400913720690e-01,2.387694082478e-01,2.374498687602e-01,2.361333118851e-01,2.348202585302e-01,2.335111683825e-01,2.322064577525e-01,2.309065104085e-01,2.296116620596e-01,2.283222069721e-01,2.270384113112e-01,2.257605053486e-01,2.244886860201e-01,2.232231277354e-01,2.219639783858e-01,2.207113696344e-01,2.194654170308e-01,2.182262178111e-01,2.169938616677e-01,2.157684433960e-01,2.145500474861e-01,2.133387425035e-01,2.121346202693e-01,2.109377654874e-01,2.097482487477e-01,2.085661587880e-01,2.073915826475e-01,2.062245920264e-01,2.050652657015e-01,2.039136843252e-01,2.027699114841e-01,2.016340074203e-01,2.005060360993e-01,1.993860442124e-01,1.982740687430e-01,1.971701510725e-01,1.960743169650e-01,1.949865821774e-01,1.939069592934e-01,1.928354573079e-01,1.917720747766e-01,1.907168017046e-01,1.896696283117e-01,1.886305373920e-01,1.875995051926e-01,1.865765064785e-01,1.855615117464e-01,1.845544866371e-01,1.835553947919e-01,1.825641974818e-01,1.815808524447e-01,1.806053154493e-01,1.796375410063e-01,1.786774810884e-01,1.777250859529e-01,1.767803052435e-01,1.758430868048e-01,1.749133772113e-01,1.739911223167e-01,1.730762673166e-01,1.721687563987e-01,1.712685329390e-01,1.703755401156e-01,1.694897204821e-01,1.686110160766e-01,1.677393687791e-01,1.668747201766e-01,1.660170115744e-01,1.651661841975e-01,1.643221791937e-01,1.634849376134e-01,1.626544005242e-01,1.618305090514e-01,1.610132043710e-01,1.602024277823e-01,1.593981207192e-01,1.586002247849e-01,1.578086818043e-01,1.570234338248e-01,1.562444230986e-01,1.554715921719e-01,1.547048839454e-01,1.539442415270e-01,1.531896083768e-01,1.524409283780e-01,1.516981456743e-01,1.509612047723e-01,1.502300506583e-01,1.495046286478e-01,1.487848843922e-01,1.480707640708e-01,1.473622142779e-01,1.466591818798e-01,1.459616143109e-01,1.452694595290e-01,1.445826656599e-01,1.439011814319e-01,1.432249561459e-01
-1.055505316686e+00,-8.887794823801e-01,-7.463060842758e-01,-6.238422022427e-01,-5.180215391494e-01,-4.261467386745e-01,-3.460367970646e-01,-2.759134969495e-01,-2.143158757625e-01,-1.600351003749e-01,-1.120643758841e-01,-6.956005527971e-02,-3.181118106262e-02,1.784564004638e-03,3.173999007295e-02,5.849373100042e-02,8.242261056306e-02,1.038516803250e-01,1.230624153998e-01,1.402994439584e-01,1.557761018307e-01,1.696790402280e-01,1.821720661786e-01,1.933993576715e-01,2.034881669934e-01,2.125511028752e-01,2.206880645491e-01,2.279878867877e-01,2.345297441480e-01,2.403843536269e-01,2.456150079762e-01,2.502784663065e-01,2.544257239519e-01,2.581026796922e-01,2.613507158232e-01,2.642072036416e-01,2.667059451531e-01,2.688775594625e-01,2.707498225235e-01,2.723479657265e-01,2.736949391261e-01,2.748116441160e-01,2.757171389523e-01,2.764288217883e-01,2.769625928705e-01,2.773329990328e-01,2.775533618552e-01,2.776358934453e-01,2.775917993947e-01,2.774313705345e-01,2.771640655353e-01,2.767985859253e-01,2.763429434331e-01,2.758045187586e-01,2.751901170412e-01,2.745060172248e-01,2.737580176954e-01,2.729514729813e-01,2.720913337475e-01,2.711821794307e-01,2.702282479885e-01,2.692334641462e-01,2.682014614039e-01,2.671356086313e-01,2.660390302917e-01,2.649146258880e-01,2.637650825651e-01,2.625928968638e-01,2.614003893764e-01,2.601897146651e-01,2.589628725435e-01,2.577217238051e-01,2.564680029000e-01,2.552033169252e-01,2.539291612403e-01,2.526469282802e-01,2.513579211198e-01,2.500633383889e-01,2.487643010095e-01,2.474618536587e-01,2.461569670877e-01,2.448505461524e-01,2.435434195104e-01,2.422363620505e-01,2.409300940689e-01,2.396252847431e-01,2.383225368508e-01,2.370224124580e-01,2.357254322600e-01,2.344320661392e-01,2.331427350679e-01,2.318578248799e-01,2.305776884242e-01,2.293026293144e-01,2.280329191573e-01,2.267687993898e-01,2.255104834322e-01,2.242581497948e-01,2.230119579685e-01,2.217720456274e-01,2.205385317461e-01,2.193115177766e-01,2.180911026025e-01,2.168773738333e-01,2.156704105844e-01,2.144702842922e-01,2.132770811716e-01,2.120908785433e-01,2.109117467163e-01,2.097397631336e-01,2.085750130969e-01,2.074175737572e-01,2.062675111434e-01,2.051249053316e-01,2.039898292284e-01,2.028623475353e-01,2.017425102732e-01,2.006303812724e-01,1.995260072284e-01,1.984294261823e-01,1.973406702856e-01,1.962597637646e-01,1.951867299625e-01,1.941215806187e-01,1.930643202389e-01,1.920149469174e-01,1.909734574414e-01,1.899398403359e-01,1.889140783335e-01,1.878961511781e-01,1.868860354275e-01,1.858837028176e-01,1.848891209260e-01,1.839022560987e-01,1.829230715063e-01,1.819515275674e-01,1.809875818622e-01,1.800311915796e-01,1.790823113256e-01,1.781408940470e-01,1.772068914024e-01,1.762802537673e-01,1.753609308311e-01,1.744488709871e-01,1.735440217272e-01,1.726463297763e-01,1.717557414976e-01,1.708722024942e-01,1.699956578275e-01,1.691260522485e-01,1.682633302244e-01,1.674074358728e-01,1.665583130476e-01,1.657159055478e-01,1.648801570274e-01,1.640510110543e-01,1.632284111521e-01,1.624123009232e-01,1.616026239828e-01,1.607993240333e-01,1.600023449006e-01,1.592116305675e-01,1.584271251677e-01,1.576487730382e-01,1.568765187478e-01,1.561103071278e-01,1.553500832122e-01,1.545957923429e-01,1.538473801948e-01,1.531047927301e-01,1.523679761918e-01,1.516368771961e-01,1.509114427862e-01,1.501916202547e-01,1.494773572769e-01,1.487686019340e-01,1.480653028300e-01,1.473674087150e-01,1.466748688550e-01,1.459876329638e-01,1.453056511588e-01
-1.109175481143e+00,-9.367818950940e-01,-7.894053302284e-01,-6.626722903483e-01,-5.531126141855e-01,-4.579454971525e-01,-3.749222720144e-01,-3.022093918303e-01,-2.383002963196e-01,-1.819483028543e-01,-1.321149876400e-01,-8.793010768225e-02,-4.866021111875e-02,-1.368385174157e-02,1.752813089015e-02,4.542841294965e-02,7.040593294904e-02,9.279623846776e-02,1.128899349053e-01,1.309396228325e-01,1.471656245221e-01,1.617607344327e-01,1.748941789563e-01,1.867149315738e-01,1.973545004546e-01,2.069292818588e-01,2.155425547084e-01,2.232861772505e-01,2.302420353794e-01,2.364832831767e-01,2.420754088765e-01,2.470771536018e-01,2.515413056043e-01,2.555153888015e-01,2.590422612915e-01,2.621606370186e-01,2.649055413564e-01,2.673087104065e-01,2.693989413412e-01,2.712024007475e-01,2.727428962412e-01,2.740421169430e-01,2.751198455979e-01,2.759941475445e-01,2.766815381740e-01,2.771971322315e-01,2.775547767623e-01,2.777671696677e-01,2.778459665089e-01,2.778018756407e-01,2.776447441425e-01,2.773836337672e-01,2.770268907649e-01,2.765822083425e-01,2.760566829543e-01,2.754568657170e-01,2.747888065562e-01,2.740580979059e-01,2.732699119382e-01,2.724290355928e-01,2.715399000665e-01,2.706066122754e-01,2.696329765860e-01,2.686225219569e-01,2.675785224569e-01,2.665040178731e-01,2.654018309418e-01,2.642745817484e-01,2.631247063612e-01,2.619544694195e-01,2.607659795476e-01,2.595611945511e-01,2.583419365164e-01,2.571099021053e-01,2.558666713888e-01,2.546137192513e-01,2.533524112567e-01,2.520840229659e-01,2.508097423531e-01,2.495306791469e-01,2.482478604340e-01,2.469622514938e-01,2.456747384922e-01,2.443861507325e-01,2.430972585143e-01,2.418087798833e-01,2.405213793987e-01,2.392356632388e-01,2.379521955968e-01,2.366714952632e-01,2.353940444031e-01,2.341202717670e-01,2.328505686259e-01,2.315852905854e-01,2.303247577311e-01,2.290692588471e-01,2.278190395879e-01,2.265743219424e-01,2.253353001867e-01,2.241021434229e-01,2.228749973652e-01,2.216539867431e-01,2.204392236235e-01,2.192308067569e-01,2.180288249161e-01,2.168333562718e-01,2.156444739257e-01,2.144622571859e-01,2.132867790990e-01,2.121181124168e-01,2.109563214064e-01,2.098014852100e-01,2.086536805522e-01,2.075129805142e-01,2.063794554917e-01,2.052531673736e-01,2.041341918753e-01,2.030225908004e-01,2.019184209085e-01,2.008217298817e-01,1.997325666209e-01,1.986509650424e-01,1.975769625872e-01,1.965105843741e-01,1.954518489956e-01,1.944007674354e-01,1.933573455818e-01,1.923215862826e-01,1.912934845875e-01,1.902730305787e-01,1.892602084206e-01,1.882550006401e-01,1.872573851087e-01,1.862673356823e-01,1.852848229215e-01,1.843098139786e-01,1.833422750490e-01,1.823821689587e-01,1.814294564318e-01,1.804840960445e-01,1.795460452455e-01,1.786152593176e-01,1.776916929226e-01,1.767752990866e-01,1.758660297606e-01,1.749638358523e-01,1.740686674923e-01,1.731804742522e-01,1.722992048856e-01,1.714248075829e-01,1.705572299587e-01,1.696964193907e-01,1.688423228531e-01,1.679948869985e-01,1.671540582421e-01,1.663197827911e-01,1.654920068230e-01,1.646706763637e-01,1.638557373947e-01,1.630471358831e-01,1.622448178473e-01,1.614487293523e-01,1.606588165671e-01,1.598750257689e-01,1.590973033815e-01,1.583255960087e-01,1.575598504526e-01,1.568000137031e-01,1.560460329958e-01,1.552978558174e-01,1.545554299625e-01,1.538187034518e-01,1.530876246077e-01,1.523621420747e-01,1.516422048284e-01,1.509277622344e-01,1.502187638708e-01,1.495151597311e-01,1.488169001692e-01,1.481239359597e-01,1.474362181500e-01
-1.165724251804e+00,-9.873805336499e-01,-8.348563060913e-01,-7.036410219286e-01,-5.901555059473e-01,-4.915313683153e-01,-4.054489243843e-01,-3.300165556596e-01,-2.636798449215e-01,-2.051523851574e-01,-1.533625572478e-01,-1.074122054984e-01,-6.654427038998e-02,-3.011723024885e-02,2.415234474125e-03,3.152053672143e-02,5.760032848247e-02,8.100117209708e-02,1.020232543090e-01,1.209275418224e-01,1.379416882892e-01,1.532649346331e-01,1.670721940233e-01,1.795174720012e-01,1.907367425115e-01,2.008503761099e-01,2.099651980371e-01,2.181762390133e-01,2.255682299141e-01,2.322168820151e-01,2.381899871822e-01,2.435483662019e-01,2.483466886348e-01,2.526341836352e-01,2.564552577869e-01,2.598500337261e-01,2.628548207180e-01,2.655025268389e-01,2.678230208397e-01,2.698434506305e-01,2.715885237374e-01,2.730807558892e-01,2.743406900998e-01,2.753870918684e-01,2.762371222487e-01,2.769064920260e-01,2.774095992276e-01,2.777596522254e-01,2.779687789843e-01,2.780481262211e-01,2.780079476734e-01,2.778576836073e-01,2.776060324017e-01,2.772610155437e-01,2.768300346384e-01,2.763199251860e-01,2.757370039572e-01,2.750871121638e-01,2.743756546518e-01,2.736076363086e-01,2.727876916322e-01,2.719201189304e-01,2.710089021217e-01,2.700577384759e-01,2.690700601307e-01,2.680490545597e-01,2.669976833012e-01,2.659187009170e-01,2.648146656818e-01,2.636879586544e-01,2.625407955667e-01,2.613752389416e-01,2.601932092823e-01,2.589964982811e-01,2.577867701967e-01,2.565655778670e-01,2.553343687811e-01,2.540944922866e-01,2.528472063781e-01,2.515936883423e-01,2.503350249006e-01,2.490722433482e-01,2.478062889601e-01,2.465380468060e-01,2.452683409837e-01,2.439979382392e-01,2.427275512413e-01,2.414578484068e-01,2.401894363912e-01,2.389228818024e-01,2.376587074910e-01,2.363973942909e-01,2.351393828120e-01,2.338850813074e-01,2.326348482872e-01,2.313890127964e-01,2.301478706098e-01,2.289116855699e-01,2.276806914871e-01,2.264550960644e-01,2.252350752539e-01,2.240207872544e-01,2.228123665829e-01,2.216099319429e-01,2.204135872968e-01,2.192234247209e-01,2.180395271461e-01,2.168619642042e-01,2.156908129046e-01,2.145261432427e-01,2.133680239347e-01,2.122165235357e-01,2.110717109277e-01,2.099336470133e-01,2.088024093940e-01,2.076780679067e-01,2.065606906016e-01,2.054503434325e-01,2.043470893774e-01,2.032509816426e-01,2.021620850681e-01,2.010804398670e-01,2.000060960149e-01,1.989390911798e-01,1.978794568287e-01,1.968272181900e-01,1.957823943276e-01,1.947449956209e-01,1.937150326007e-01,1.926925071079e-01,1.916774157534e-01,1.906697503599e-01,1.896694983151e-01,1.886766417379e-01,1.876911615906e-01,1.867130340500e-01,1.857422321046e-01,1.847787259297e-01,1.838224831533e-01,1.828734685883e-01,1.819316463959e-01,1.809969771795e-01,1.800694211510e-01,1.791489364816e-01,1.782354799955e-01,1.773290073118e-01,1.764294729746e-01,1.755368303776e-01,1.746510324928e-01,1.737720313084e-01,1.728997781480e-01,1.720342237603e-01,1.711753183952e-01,1.703230117904e-01,1.694772535033e-01,1.686379926890e-01,1.678051782470e-01,1.669787588782e-01,1.661586831317e-01,1.653448994201e-01,1.645373561696e-01,1.637360016841e-01,1.629407843371e-01,1.621516525092e-01,1.613685546473e-01,1.605914392918e-01,1.598202551028e-01,1.590549508977e-01,1.582954756405e-01,1.575417784855e-01,1.567938087926e-01,1.560515161444e-01,1.553148503629e-01,1.545837615630e-01,1.538582000610e-01,1.531381164803e-01,1.524234617399e-01,1.517141870626e-01,1.510102439854e-01,1.503115844310e-01,1.496181604951e-01
-1.225342307173e+00,-1.040747800146e+00,-8.828155876418e-01,-7.468911780387e-01,-6.292808994384e-01,-5.270243722739e-01,-4.377273236779e-01,-3.594371441564e-01,-2.905491541547e-01,-2.297352260640e-01,-1.758888777506e-01,-1.280826388184e-01,-8.553465665250e-02,-4.758232626876e-02,-1.366130794463e-02,1.671128733388e-02,4.395046271524e-02,6.841434757403e-02,9.041319024072e-02,1.102167428194e-01,1.280603575576e-01,1.441500447008e-01,1.586666889130e-01,1.717695796693e-01,1.835993801646e-01,1.942806340808e-01,2.039238903693e-01,2.126275109077e-01,2.204792137866e-01,2.275573953286e-01,2.339322662174e-01,2.396668308719e-01,2.448177342045e-01,2.494359957907e-01,2.535676481479e-01,2.572542930998e-01,2.605335879544e-01,2.634396713763e-01,2.660035373342e-01,2.682533640535e-01,2.702148041431e-01,2.719112412872e-01,2.733640168492e-01,2.745926315811e-01,2.756149245786e-01,2.764472326949e-01,2.771045327367e-01,2.776005685160e-01,2.779479645564e-01,2.781583280858e-01,2.782423404895e-01,2.782098393565e-01,2.780698928717e-01,2.778308664861e-01,2.775004832162e-01,2.770858781583e-01,2.765936478360e-01,2.760298949252e-01,2.754002691846e-01,2.747100035247e-01,2.739639474284e-01,2.731666000412e-01,2.723221340687e-01,2.714344238251e-01,2.705070677485e-01,2.695434096158e-01,2.685465579589e-01,2.675194038515e-01,2.664646372186e-01,2.653847622792e-01,2.642821109158e-01,2.631588538340e-01,2.620170143803e-01,2.608584784141e-01,2.596850041555e-01,2.584982312567e-01,2.572996891616e-01,2.560908048086e-01,2.548729116993e-01,2.536472517305e-01,2.524149809066e-01,2.511771887170e-01,2.499348816630e-01,2.486890024867e-01,2.474404306355e-01,2.461899861588e-01,2.449384332554e-01,2.436864834920e-01,2.424347987144e-01,2.411839954033e-01,2.399346451877e-01,2.386872721838e-01,2.374423629691e-01,2.362003651589e-01,2.349616890207e-01,2.337267089964e-01,2.324957651795e-01,2.312691647948e-01,2.300471860255e-01,2.288300728139e-01,2.276180401625e-01,2.264112849204e-01,2.252099719747e-01,2.240142480063e-01,2.228242406988e-01,2.216400613514e-01,2.204618075509e-01,2.192895658252e-01,2.181234141924e-01,2.169634228457e-01,2.158096574427e-01,2.146621864577e-01,2.135210746202e-01,2.123863865580e-01,2.112581872755e-01,2.101365422501e-01,2.090215171973e-01,2.079131775734e-01,2.068115839556e-01,2.057168018374e-01,2.046288979599e-01,2.035479181980e-01,2.024739219279e-01,2.014069571741e-01,2.003470667267e-01,1.992942878035e-01,1.982486518496e-01,1.972101844609e-01,1.961789054192e-01,1.951548281183e-01,1.941379608559e-01,1.931283084099e-01,1.921258691429e-01,1.911306367935e-01,1.901426008029e-01,1.891617466420e-01,1.881880561321e-01,1.872215077536e-01,1.862620765036e-01,1.853097354168e-01,1.843644552737e-01,1.834262028526e-01,1.824949446127e-01,1.815706444904e-01,1.806532647544e-01,1.797427661730e-01,1.788391081673e-01,1.779422489504e-01,1.770521456550e-01,1.761687543966e-01,1.752920304629e-01,1.744219285082e-01,1.735584024041e-01,1.727014054322e-01,1.718508903594e-01,1.710068095057e-01,1.701691148083e-01,1.693377578798e-01,1.685126900308e-01,1.676938624104e-01,1.668812260075e-01,1.660747315632e-01,1.652743298428e-01,1.644799715103e-01,1.636916072080e-01,1.629091875884e-01,1.621326633433e-01,1.613619852315e-01,1.605971041037e-01,1.598379709289e-01,1.590845368176e-01,1.583367530294e-01,1.575945710032e-01,1.568579423724e-01,1.561268189812e-01,1.554011528998e-01,1.546808964382e-01,1.539660021591e-01,1.532564229140e-01,1.525521117978e-01,1.518530221519e-01
-1.288236351714e+00,-1.097070599302e+00,-9.334529341554e-01,-7.925775734648e-01,-6.706305052493e-01,-5.645546659089e-01,-4.718773885377e-01,-3.905819610979e-01,-3.190108779088e-01,-2.557921630843e-01,-1.997826939001e-01,-1.500241909640e-01,-1.057087450550e-01,-6.615159374323e-02,-3.076945924862e-02,9.368115651842e-04,2.939625264787e-02,5.497914907166e-02,7.800632268434e-02,9.875675777879e-02,1.174738966612e-01,1.343708630051e-01,1.496348164358e-01,1.634305988182e-01,1.759038007824e-01,1.871833510582e-01,1.973837113680e-01,2.066067438403e-01,2.149433054100e-01,2.224746137077e-01,2.292734209622e-01,2.354050260152e-01,2.409281493518e-01,2.458956918374e-01,2.503553944033e-01,2.543504131142e-01,2.579198217397e-01,2.610990519886e-01,2.639202800924e-01,2.664127670101e-01,2.686031584002e-01,2.705157499988e-01,2.721727220909e-01,2.735943480673e-01,2.747991795602e-01,2.758042113591e-01,2.766250285302e-01,2.772759378799e-01,2.777700856228e-01,2.781195628661e-01,2.783355003204e-01,2.784281534609e-01,2.784069792145e-01,2.782807051113e-01,2.780573917274e-01,2.777444891419e-01,2.773488881916e-01,2.768769664741e-01,2.763346305734e-01,2.757273543307e-01,2.750602130484e-01,2.743379171635e-01,2.735648379974e-01,2.727450361946e-01,2.718822852453e-01,2.709800934842e-01,2.700417242283e-01,2.690702142274e-01,2.680683905849e-01,2.670388862879e-01,2.659841544758e-01,2.649064815566e-01,2.638079992767e-01,2.626906958328e-01,2.615564261095e-01,2.604069211173e-01,2.592437975418e-01,2.580685637734e-01,2.568826284451e-01,2.556873076413e-01,2.544838281675e-01,2.532733444847e-01,2.520569269188e-01,2.508355783014e-01,2.496102355191e-01,2.483817736754e-01,2.471510099005e-01,2.459187068315e-01,2.446855757802e-01,2.434522796090e-01,2.422194353328e-01,2.409876164667e-01,2.397573551426e-01,2.385291440160e-01,2.373034379927e-01,2.360806558054e-01,2.348611833339e-01,2.336453700039e-01,2.324335335451e-01,2.312259619202e-01,2.300229109181e-01,2.288246185297e-01,2.276312856820e-01,2.264430931393e-01,2.252601994221e-01,2.240827429620e-01,2.229108444070e-01,2.217446090395e-01,2.205841292511e-01,2.194294870044e-01,2.182807562022e-01,2.171380048839e-01,2.160012971717e-01,2.148706949033e-01,2.137462589039e-01,2.126280498753e-01,2.115161264547e-01,2.104105516236e-01,2.093113885768e-01,2.082186993522e-01,2.071325505438e-01,2.060529903589e-01,2.049800830585e-01,2.039138834336e-01,2.028544426126e-01,2.018018074576e-01,2.007560200765e-01,1.997171174633e-01,1.986851312639e-01,1.976600876624e-01,1.966420073740e-01,1.956309057286e-01,1.946267928293e-01,1.936296737664e-01,1.926395488738e-01,1.916564140112e-01,1.906802604176e-01,1.897110762789e-01,1.887488460289e-01,1.877935505991e-01,1.868451685398e-01,1.859036736387e-01,1.849690394329e-01,1.840412363702e-01,1.831202328551e-01,1.822059954440e-01,1.812984890244e-01,1.803976769800e-01,1.795035213403e-01,1.786159829180e-01,1.777350214343e-01,1.768605956331e-01,1.759926633861e-01,1.751311817880e-01,1.742761072443e-01,1.734273955518e-01,1.725850019378e-01,1.717488812264e-01,1.709189878231e-01,1.700952757693e-01,1.692776988595e-01,1.684662104901e-01,1.676607640287e-01,1.668613126225e-01,1.660678093009e-01,1.652802070117e-01,1.644984586551e-01,1.637225171144e-01,1.629523352853e-01,1.621878661031e-01,1.614290625678e-01,1.606758777672e-01,1.599282648989e-01,1.591861772905e-01,1.584495684184e-01,1.577183919253e-01,1.569926016440e-01,1.562721515958e-01,1.555569960128e-01,1.548470893541e-01,1.541423862870e-01
-1.354630741691e+00,-1.156551810475e+00,-9.869526272095e-01,-8.408682794070e-01,-7.143581804089e-01,-6.042635739428e-01,-5.080293383437e-01,-4.235713390212e-01,-3.491765086106e-01,-2.834267527077e-01,-2.251404113102e-01,-1.733268015371e-01,-1.271506093462e-01,-8.590376867777e-02,-4.898308429865e-02,-1.587229806326e-02,1.387238001940e-02,4.063401883470e-02,6.474455993915e-02,8.649269661641e-02,1.061303789303e-01,1.238782111514e-01,1.399299516709e-01,1.544562811896e-01,1.676079719163e-01,1.795185637464e-01,1.903066328958e-01,2.000777221649e-01,2.089259890975e-01,2.169356180118e-01,2.241820336351e-01,2.307329474382e-01,2.366492624034e-01,2.419858575980e-01,2.467922703746e-01,2.511132911068e-01,2.549894829782e-01,2.584576373676e-01,2.615511737387e-01,2.643004915838e-01,2.667332807939e-01,2.688747961984e-01,2.707481002779e-01,2.723742789372e-01,2.737726331339e-01,2.749608495809e-01,2.759551530422e-01,2.767704424360e-01,2.774204126672e-01,2.779176638574e-01,2.782737994285e-01,2.784995143064e-01,2.786046743565e-01,2.785983880223e-01,2.784890710199e-01,2.782845048395e-01,2.779918897141e-01,2.776178926387e-01,2.771686909555e-01,2.766500119604e-01,2.760671685064e-01,2.754250935222e-01,2.747283674177e-01,2.739812470534e-01,2.731876902869e-01,2.723513787964e-01,2.714757389766e-01,2.705639610861e-01,2.696190168105e-01,2.686436753855e-01,2.676405184112e-01,2.666119534758e-01,2.655602266933e-01,2.644874342512e-01,2.633955330532e-01,2.622863505352e-01,2.611615937229e-01,2.600228575939e-01,2.588716328020e-01,2.577093128118e-01,2.565371981235e-01,2.553565117746e-01,2.541683909542e-01,2.529739014640e-01,2.517740402117e-01,2.505697396256e-01,2.493618717152e-01,2.481512518009e-01,2.469386419305e-01,2.457247540011e-01,2.445102526038e-01,2.432957576063e-01,2.420818464928e-01,2.408690564763e-01,2.396578864054e-01,2.384487984862e-01,2.372422198444e-01,2.360385439554e-01,2.348381319756e-01,2.336413140081e-01,2.324483865730e-01,2.312596294586e-01,2.300752828794e-01,2.288955654343e-01,2.277206713750e-01,2.265507722690e-01,2.253860188200e-01,2.242265428460e-01,2.230724593969e-01,2.219238689784e-01,2.207808598332e-01,2.196435102180e-01,2.185118906048e-01,2.173860657346e-01,2.162660964528e-01,2.151520412666e-01,2.140439575808e-01,2.129419025856e-01,2.118459337946e-01,2.107561092488e-01,2.096724930509e-01,2.085951321416e-01,2.075240906294e-01,2.064594256013e-01,2.054011923580e-01,2.043494436997e-01,2.033042292533e-01,2.022655948753e-01,2.012335821556e-01,2.002082280343e-01,1.991895645350e-01,1.981776186118e-01,1.971724120977e-01,1.961739617444e-01,1.951822793363e-01,1.941973718638e-01,1.932192417413e-01,1.922478870560e-01,1.912833018362e-01,1.903254763282e-01,1.893743981353e-01,1.884300489173e-01,1.874924102395e-01,1.865614599376e-01,1.856371733745e-01,1.847195236619e-01,1.838084818680e-01,1.829040172082e-01,1.820060972208e-01,1.811146879291e-01,1.802297539889e-01,1.793512588240e-01,1.784791647498e-01,1.776134330867e-01,1.767540242636e-01,1.759008979125e-01,1.750540129555e-01,1.742133276839e-01,1.733787998322e-01,1.725503866446e-01,1.717280450064e-01,1.709117312123e-01,1.701014014709e-01,1.692970116387e-01,1.684985173474e-01,1.677058740457e-01,1.669190370382e-01,1.661379615213e-01,1.653626026163e-01,1.645929154007e-01,1.638288549370e-01,1.630703762993e-01,1.623174345989e-01,1.615699850069e-01,1.608279827763e-01,1.600913832619e-01,1.593601419394e-01,1.586342144228e-01,1.579135564802e-01,1.571981240500e-01,1.564878732343e-01
-1.424769306697e+00,-1.219411936903e+00,-1.043514970716e+00,-8.919459934489e-01,-7.606311843037e-01,-6.463047442974e-01,-5.463247594392e-01,-4.585361261863e-01,-3.811672933600e-01,-3.127516229291e-01,-2.520668915189e-01,-1.980883094843e-01,-1.499517177466e-01,-1.069245222121e-01,-6.838256395679e-02,-3.379158154789e-02,-2.692254242623e-03,2.531194165997e-02,5.056465092474e-02,7.336478515848e-02,9.397324837905e-02,1.126185176708e-01,1.295012960956e-01,1.447984091771e-01,1.586660821815e-01,1.712427077083e-01,1.826511919439e-01,1.930009510803e-01,2.023896160604e-01,2.109044931753e-01,2.186238195181e-01,2.256178454436e-01,2.319497706333e-01,2.376765558639e-01,2.428496289026e-01,2.475154999448e-01,2.517162995350e-01,2.554902498733e-01,2.588720787179e-01,2.618933836919e-01,2.645829535894e-01,2.669670525805e-01,2.690696715405e-01,2.709127514661e-01,2.725163819226e-01,2.738989778352e-01,2.750774372327e-01,2.760672822323e-01,2.768827852549e-01,2.775370821963e-01,2.780422740597e-01,2.784095183612e-01,2.786491114580e-01,2.787705628026e-01,2.787826620086e-01,2.786935395021e-01,2.785107214440e-01,2.782411795260e-01,2.778913761734e-01,2.774673056275e-01,2.769745309496e-01,2.764182196339e-01,2.758031722375e-01,2.751338523783e-01,2.744144122133e-01,2.736487161312e-01,2.728403624446e-01,2.719927032715e-01,2.711088627739e-01,2.701917539031e-01,2.692440937892e-01,2.682684178957e-01,2.672670930482e-01,2.662423294385e-01,2.651961916897e-01,2.641306090665e-01,2.630473848998e-01,2.619482052931e-01,2.608346471692e-01,2.597081857100e-01,2.585701991650e-01,2.574219838766e-01,2.562647467035e-01,2.550996197232e-01,2.539276628968e-01,2.527498687250e-01,2.515671665482e-01,2.503804265118e-01,2.491904632186e-01,2.479980390847e-01,2.468038674182e-01,2.456086152337e-01,2.444129058201e-01,2.432173210745e-01,2.420224036185e-01,2.408286587126e-01,2.396365559864e-01,2.384465310043e-01,2.372589866886e-01,2.360742946262e-01,2.348927920218e-01,2.337148011081e-01,2.325406010500e-01,2.313704498162e-01,2.302045798954e-01,2.290431995728e-01,2.278864943161e-01,2.267346282917e-01,2.255877460226e-01,2.244459741902e-01,2.233094235634e-01,2.221781910297e-01,2.210523616840e-01,2.199320109244e-01,2.188172064918e-01,2.177080103887e-01,2.166044806151e-01,2.155066726649e-01,2.144146407397e-01,2.133284386546e-01,2.122481260364e-01,2.111737448561e-01,2.101053569395e-01,2.090430175668e-01,2.079867818241e-01,2.069367040428e-01,2.058928371624e-01,2.048552320710e-01,2.038239369663e-01,2.027989967728e-01,2.017804526419e-01,2.007683415496e-01,1.997626959989e-01,1.987635438268e-01,1.977709081088e-01,1.967848071519e-01,1.958052545623e-01,1.948322593745e-01,1.938658262287e-01,1.929059555832e-01,1.919526451438e-01,1.910058849466e-01,1.900656660302e-01,1.891319745738e-01,1.882047938221e-01,1.872841043247e-01,1.863698841652e-01,1.854621091753e-01,1.845607531361e-01,1.836657879644e-01,1.827771838850e-01,1.818949095901e-01,1.810189323845e-01,1.801492183199e-01,1.792857323175e-01,1.784284382802e-01,1.775772991953e-01,1.767322772293e-01,1.758933338133e-01,1.750604297232e-01,1.742335252527e-01,1.734125798435e-01,1.725975528586e-01,1.717884031222e-01,1.709850891131e-01,1.701875690141e-01,1.693958007558e-01,1.686097420590e-01,1.678293504727e-01,1.670545834101e-01,1.662853981818e-01,1.655217520266e-01,1.647636021404e-01,1.640109057029e-01,1.632636199026e-01,1.625217019599e-01,1.617851091488e-01,1.610537988174e-01,1.603277284061e-01,1.596068554659e-01,1.588911376640e-01
-1.498917394211e+00,-1.285890956960e+00,-1.103357974765e+00,-9.460095774500e-01,-8.096315885715e-01,-6.908454451198e-01,-5.869178021321e-01,-4.956187945016e-01,-4.151152621972e-01,-3.438894300290e-01,-2.806763444228e-01,-2.244152873685e-01,-1.742117144794e-01,-1.293071941560e-01,-8.905548483501e-02,-5.290336109531e-02,-2.037514288492e-02,8.939865939854e-03,3.539763739595e-02,5.930784613879e-02,8.094082734070e-02,1.005333503709e-01,1.182934328934e-01,1.344043724968e-01,1.490281378385e-01,1.623082325333e-01,1.743721231751e-01,1.853333054456e-01,1.952930684685e-01,2.043420065664e-01,2.125613187690e-01,2.200239293244e-01,2.267954567326e-01,2.329350541634e-01,2.384961403076e-01,2.435270366182e-01,2.480715243328e-01,2.521693325498e-01,2.558565668906e-01,2.591660868275e-01,2.621278385083e-01,2.647691491467e-01,2.671149874148e-01,2.691881949181e-01,2.710096918215e-01,2.725986600541e-01,2.739727067892e-01,2.751480105715e-01,2.761394521471e-01,2.769607317858e-01,2.776244746513e-01,2.781423255787e-01,2.785250344840e-01,2.787825333712e-01,2.789240057174e-01,2.789579496119e-01,2.788922346571e-01,2.787341536356e-01,2.784904694174e-01,2.781674575956e-01,2.777709449575e-01,2.773063463175e-01,2.767786942946e-01,2.761926705119e-01,2.755526320225e-01,2.748626359155e-01,2.741264618489e-01,2.733476327035e-01,2.725294335323e-01,2.716749289616e-01,2.707869791853e-01,2.698682546775e-01,2.689212499685e-01,2.679482960798e-01,2.669515709468e-01,2.659331114507e-01,2.648948227213e-01,2.638384871999e-01,2.627657730215e-01,2.616782417673e-01,2.605773538374e-01,2.594644833066e-01,2.583409104491e-01,2.572078373050e-01,2.560663903230e-01,2.549176252533e-01,2.537625316769e-01,2.526020371979e-01,2.514370113179e-01,2.502682690149e-01,2.490965740421e-01,2.479226419639e-01,2.467471438785e-01,2.455707085922e-01,2.443939207323e-01,2.432173286558e-01,2.420414442375e-01,2.408667446160e-01,2.396936737751e-01,2.385226439781e-01,2.373540325899e-01,2.361882038892e-01,2.350254751374e-01,2.338661437393e-01,2.327104811062e-01,2.315587337097e-01,2.304111241744e-01,2.292678524384e-01,2.281290970073e-01,2.269950163213e-01,2.258657502484e-01,2.247414217037e-01,2.236221382389e-01,2.225079931963e-01,2.213990693708e-01,2.202954401068e-01,2.191971711207e-01,2.181043222889e-01,2.170169492864e-01,2.159351050244e-01,2.148588459613e-01,2.137882096936e-01,2.127232546379e-01,2.116640320356e-01,2.106105935888e-01,2.095629913244e-01,2.085212772717e-01,2.074855030003e-01,2.064557190684e-01,2.054319744276e-01,2.044143158276e-01,2.034027872559e-01,2.023974285268e-01,2.013982757513e-01,2.004053643297e-01,1.994187230300e-01,1.984383762267e-01,1.974643438492e-01,1.964966414027e-01,1.955352800530e-01,1.945802684020e-01,1.936316050479e-01,1.926892919997e-01,1.917533247158e-01,1.908236952784e-01,1.899003926283e-01,1.889834027967e-01,1.880727091316e-01,1.871682925153e-01,1.862701315706e-01,1.853782028556e-01,1.844924810448e-01,1.836129390059e-01,1.827395480594e-01,1.818722784325e-01,1.810110988210e-01,1.801559767634e-01,1.793068787529e-01,1.784637703391e-01,1.776266162223e-01,1.767953804847e-01,1.759700259962e-01,1.751505156557e-01,1.743368115570e-01,1.735288753113e-01,1.727266681042e-01,1.719301507477e-01,1.711392837292e-01,1.703540272556e-01,1.695743412951e-01,1.688001856159e-01,1.680315198216e-01,1.672683033775e-01,1.665104956506e-01,1.657580559616e-01,1.650109435656e-01,1.642691176982e-01,1.635325375987e-01,1.628011625319e-01,1.620749518081e-01,1.613538648019e-01
-1.577364168861e+00,-1.356250406078e+00,-1.166719249308e+00,-1.003275787148e+00,-8.615578628217e-01,-7.380680236427e-01,-6.299765271395e-01,-5.349746858904e-01,-4.511643849992e-01,-3.769739351604e-01,-3.110933324975e-01,-2.524239801641e-01,-2.000392991998e-01,-1.531536183460e-01,-1.110974153000e-01,-7.329747197224e-02,-3.926086182064e-02,-8.561947824243e-03,1.916823749430e-02,4.425071511465e-02,6.696576233372e-02,8.755888996212e-02,1.062458263685e-01,1.232166915999e-01,1.386395085760e-01,1.526631685080e-01,1.654199451298e-01,1.770276342823e-01,1.875913811030e-01,1.972052457498e-01,2.059535493338e-01,2.139120345436e-01,2.211488694421e-01,2.277255180816e-01,2.336974976712e-01,2.391150388097e-01,2.440236626460e-01,2.484646866148e-01,2.524756686729e-01,2.560907983493e-01,2.593412417120e-01,2.622554464947e-01,2.648594120497e-01,2.671769293091e-01,2.692297939816e-01,2.710379965169e-01,2.726198916325e-01,2.739923498603e-01,2.751708933127e-01,2.761698172325e-01,2.770022993522e-01,2.776804982893e-01,2.782156420934e-01,2.786181081610e-01,2.788974954289e-01,2.790626897374e-01,2.791219230020e-01,2.790828264749e-01,2.789524798987e-01,2.787374556242e-01,2.784438586189e-01,2.780773645851e-01,2.776432509944e-01,2.771464294950e-01,2.765914733571e-01,2.759826430429e-01,2.753239096248e-01,2.746189762535e-01,2.738712983445e-01,2.730841006146e-01,2.722603941194e-01,2.714029919799e-01,2.705145232104e-01,2.695974457035e-01,2.686540582061e-01,2.676865117336e-01,2.666968198858e-01,2.656868660733e-01,2.646584149408e-01,2.636131195002e-01,2.625525270482e-01,2.614780938216e-01,2.603911778964e-01,2.592930553160e-01,2.581849228188e-01,2.570679029648e-01,2.559430488919e-01,2.548113487270e-01,2.536737319780e-01,2.525310681703e-01,2.513841725011e-01,2.502338110438e-01,2.490807024750e-01,2.479255208329e-01,2.467688980537e-01,2.456114276647e-01,2.444536669762e-01,2.432961309952e-01,2.421393045037e-01,2.409836399274e-01,2.398295543171e-01,2.386774528149e-01,2.375276902635e-01,2.363806028413e-01,2.352365004847e-01,2.340956678754e-01,2.329583654022e-01,2.318248301235e-01,2.306952793052e-01,2.295699042931e-01,2.284488763711e-01,2.273323495888e-01,2.262204604016e-01,2.251133291193e-01,2.240110614595e-01,2.229137498221e-01,2.218214738681e-01,2.207343060445e-01,2.196523107514e-01,2.185755463525e-01,2.175040708403e-01,2.164379228735e-01,2.153771584324e-01,2.143218256063e-01,2.132719722188e-01,2.122276462681e-01,2.111888961279e-01,2.101557705314e-01,2.091283138630e-01,2.081065770505e-01,2.070906110664e-01,2.060804629584e-01,2.050761780154e-01,2.040777992440e-01,2.030853668845e-01,2.020989167486e-01,2.011184805720e-01,2.001440919010e-01,1.991757764154e-01,1.982135556921e-01,1.972574493980e-01,1.963074643211e-01,1.953636146108e-01,1.944259057008e-01,1.934943393224e-01,1.925689136936e-01,1.916496237218e-01,1.907364612154e-01,1.898294143596e-01,1.889284699300e-01,1.880336121430e-01,1.871448224566e-01,1.862620802485e-01,1.853853629921e-01,1.845146464206e-01,1.836499045507e-01,1.827911099176e-01,1.819382343095e-01,1.810912479048e-01,1.802501198042e-01,1.794148183407e-01,1.785853101422e-01,1.777615621078e-01,1.769435399619e-01,1.761312087865e-01,1.753245330882e-01,1.745234768605e-01,1.737280036398e-01,1.729380764908e-01,1.721536582396e-01,1.713747113938e-01,1.706011981477e-01,1.698330804661e-01,1.690703201200e-01,1.683128787199e-01,1.675607177360e-01,1.668137985372e-01,1.660720824653e-01,1.653355307772e-01,1.646041047053e-01,1.638777654893e-01
-1.660425203245e+00,-1.430775722732e+00,-1.233858138111e+00,-1.063981221265e+00,-9.166266616478e-01,-7.881715502723e-01,-6.756844230186e-01,-5.767734169733e-01,-4.894718753316e-01,-4.121512176450e-01,-3.434539024729e-01,-2.822413631160e-01,-2.275532179449e-01,-1.785750528312e-01,-1.346127802369e-01,-9.507208654456e-02,-5.944184753961e-02,-2.728066158426e-02,1.794150666732e-03,2.811558184711e-02,5.197439918369e-02,7.362533646236e-02,9.329225740942e-02,1.111724801774e-01,1.274404152220e-01,1.422506378602e-01,1.557404934559e-01,1.680323145844e-01,1.792353145211e-01,1.894472098394e-01,1.987556153838e-01,2.072392472282e-01,2.149689631466e-01,2.220086651081e-01,2.284160841802e-01,2.342434650280e-01,2.395381643132e-01,2.443431751170e-01,2.486975875498e-01,2.526369943008e-01,2.561938484148e-01,2.593977797452e-01,2.622758749990e-01,2.648529266453e-01,2.671516541005e-01,2.691929008244e-01,2.709958102914e-01,2.725779831245e-01,2.739556179598e-01,2.751436378212e-01,2.761558035528e-01,2.770048159450e-01,2.777024077376e-01,2.782594262778e-01,2.786859088570e-01,2.789911504074e-01,2.791837649375e-01,2.792717415482e-01,2.792624942566e-01,2.791629086249e-01,2.789793832777e-01,2.787178693347e-01,2.783839028062e-01,2.779826382304e-01,2.775188772102e-01,2.769970950000e-01,2.764214653434e-01,2.757958817644e-01,2.751239784263e-01,2.744091494055e-01,2.736545657266e-01,2.728631915753e-01,2.720377991329e-01,2.711809800787e-01,2.702951604357e-01,2.693826112545e-01,2.684454592463e-01,2.674856983105e-01,2.665051941289e-01,2.655056962927e-01,2.644888440959e-01,2.634561807324e-01,2.624091467924e-01,2.613490967094e-01,2.602773016638e-01,2.591949549467e-01,2.581031793474e-01,2.570030265093e-01,2.558954832406e-01,2.547814777159e-01,2.536618818243e-01,2.525375159075e-01,2.514091525185e-01,2.502775105575e-01,2.491432687213e-01,2.480070642341e-01,2.468694951681e-01,2.457311288184e-01,2.445924864375e-01,2.434540597111e-01,2.423163052883e-01,2.411796682169e-01,2.400445405999e-01,2.389112966022e-01,2.377802838802e-01,2.366518246194e-01,2.355262213137e-01,2.344037455932e-01,2.332846454586e-01,2.321691500806e-01,2.310574676844e-01,2.299497877059e-01,2.288462807570e-01,2.277470933963e-01,2.266523598728e-01,2.255621990124e-01,2.244767155893e-01,2.233960004765e-01,2.223201334583e-01,2.212491862130e-01,2.201832252838e-01,2.191222989343e-01,2.180664646971e-01,2.170157718750e-01,2.159702674217e-01,2.149299968987e-01,2.138949992302e-01,2.128653210848e-01,2.118410114451e-01,2.108221161097e-01,2.098086810792e-01,2.088007499589e-01,2.077983637770e-01,2.068015751343e-01,2.058104277509e-01,2.048249635251e-01,2.038452220787e-01,2.028712343288e-01,2.019030403100e-01,2.009406715616e-01,1.999841579298e-01,1.990335129697e-01,1.980887635246e-01,1.971499251023e-01,1.962170094327e-01,1.952900245600e-01,1.943689731861e-01,1.934538576154e-01,1.925446768084e-01,1.916414254591e-01,1.907440954081e-01,1.898526754455e-01,1.889671516948e-01,1.880875098900e-01,1.872137322901e-01,1.863457992262e-01,1.854836892599e-01,1.846273786576e-01,1.837768436238e-01,1.829320583563e-01,1.820929960066e-01,1.812596273283e-01,1.804319238200e-01,1.796098552733e-01,1.787933906501e-01,1.779824981617e-01,1.771771451711e-01,1.763772987203e-01,1.755829252917e-01,1.747939907615e-01,1.740104605698e-01,1.732322997323e-01,1.724594729038e-01,1.716919446218e-01,1.709296790315e-01,1.701726400540e-01,1.694207914199e-01,1.686740966385e-01,1.679325192221e-01,1.671960225170e-01,1.664645698048e-01
-1.748445403249e+00,-1.509778897411e+00,-1.305058128372e+00,-1.128384522485e+00,-9.750748426229e-01,-8.413736752233e-01,-7.242421198344e-01,-6.212004654137e-01,-5.302096629651e-01,-4.495810453797e-01,-3.779068637946e-01,-3.140063370827e-01,-2.568833829530e-01,-2.056932308597e-01,-1.597158492261e-01,-1.183346450394e-01,-8.101927540482e-02,-4.731168965796e-02,-1.681472767671e-02,1.081724611986e-02,3.588607693297e-02,5.865623842727e-02,7.936018552915e-02,9.820283773131e-02,1.153653507724e-01,1.310083023239e-01,1.452743933690e-01,1.582907471347e-01,1.701708726560e-01,1.810163474952e-01,1.909182645037e-01,1.999584794777e-01,2.082106903334e-01,2.157413732548e-01,2.226105969590e-01,2.288727328026e-01,2.345770755939e-01,2.397683877127e-01,2.444873771065e-01,2.487711180751e-01,2.526534226018e-01,2.561651687636e-01,2.593345914393e-01,2.621875406588e-01,2.647477112281e-01,2.670368474297e-01,2.690749254928e-01,2.708803170015e-01,2.724699351536e-01,2.738593660133e-01,2.750629862148e-01,2.760940689804e-01,2.769648798200e-01,2.776867627529e-01,2.782702181986e-01,2.787249730963e-01,2.790600452098e-01,2.792838009093e-01,2.794040080967e-01,2.794278829976e-01,2.793621344873e-01,2.792130046822e-01,2.789863027989e-01,2.786874400537e-01,2.783214593656e-01,2.778930636264e-01,2.774066395389e-01,2.768662818782e-01,2.762758148540e-01,2.756388121282e-01,2.749586137312e-01,2.742383425966e-01,2.734809208543e-01,2.726890838943e-01,2.718653932429e-01,2.710122464083e-01,2.701318907518e-01,2.692264328684e-01,2.682978498815e-01,2.673479923726e-01,2.663785971038e-01,2.653912993981e-01,2.643876274055e-01,2.633690186830e-01,2.623368233512e-01,2.612923127691e-01,2.602366770558e-01,2.591710353046e-01,2.580964402103e-01,2.570138842075e-01,2.559242980144e-01,2.548285542906e-01,2.537274758162e-01,2.526218383473e-01,2.515123727931e-01,2.503997588737e-01,2.492846398170e-01,2.481676207435e-01,2.470492774702e-01,2.459301360560e-01,2.448106932173e-01,2.436914334857e-01,2.425727863815e-01,2.414551635861e-01,2.403389498077e-01,2.392245118854e-01,2.381121783514e-01,2.370022567860e-01,2.358950342545e-01,2.347907808302e-01,2.336897388022e-01,2.325921263424e-01,2.314981466338e-01,2.304079860628e-01,2.293218123410e-01,2.282397691377e-01,2.271619896439e-01,2.260885924019e-01,2.250196822005e-01,2.239553482553e-01,2.228956731974e-01,2.218407244770e-01,2.207905671894e-01,2.197452587747e-01,2.187048514097e-01,2.176693859938e-01,2.166389108879e-01,2.156134718932e-01,2.145931118124e-01,2.135778663702e-01,2.125677781124e-01,2.115628955952e-01,2.105632619775e-01,2.095689167203e-01,2.085798982129e-01,2.075962583385e-01,2.066180390460e-01,2.056452802149e-01,2.046780119769e-01,2.037162816800e-01,2.027601271190e-01,2.018095659221e-01,2.008646370260e-01,1.999253650960e-01,1.989917713325e-01,1.980638691541e-01,1.971416767243e-01,1.962252060540e-01,1.953144643081e-01,1.944094534331e-01,1.935101750462e-01,1.926166287034e-01,1.917288092278e-01,1.908467081151e-01,1.899703145054e-01,1.890996175724e-01,1.882346025328e-01,1.873752525558e-01,1.865215480184e-01,1.856734702056e-01,1.848309977775e-01,1.839941060077e-01,1.831627717757e-01,1.823369694736e-01,1.815166724431e-01,1.807018526300e-01,1.798924819691e-01,1.790885313101e-01,1.782899706378e-01,1.774967690976e-01,1.767088955324e-01,1.759263183504e-01,1.751490052972e-01,1.743769236285e-01,1.736100402360e-01,1.728483219119e-01,1.720917349725e-01,1.713402454691e-01,1.705938191329e-01,1.698524217616e-01,1.691160188796e-01
-1.841802318045e+00,-1.593601470014e+00,-1.380629577382e+00,-1.196768868079e+00,-1.037161749917e+00,-8.979127296941e-01,-7.758693285787e-01,-6.684589653621e-01,-5.735660606038e-01,-4.894384259417e-01,-4.146152354430e-01,-3.478710810749e-01,-2.881721399150e-01,-2.346415505751e-01,-1.865318553624e-01,-1.432029094975e-01,-1.041040539017e-01,-6.875963837622e-02,-3.675719536173e-02,-7.737724893817e-03,1.861232829973e-02,4.256773336421e-02,6.437002639352e-02,8.423216163991e-02,1.023424246210e-01,1.188677375327e-01,1.339564621075e-01,1.477407851410e-01,1.603387560846e-01,1.718560334555e-01,1.823873861347e-01,1.920179883357e-01,2.008245397955e-01,2.088762374691e-01,2.162356207558e-01,2.229593086935e-01,2.290986445441e-01,2.347002606755e-01,2.398065748947e-01,2.444562274394e-01,2.486844665563e-01,2.525234895786e-01,2.560027449048e-01,2.591492003238e-01,2.619875816034e-01,2.645405850130e-01,2.668290670540e-01,2.688722142321e-01,2.706876951417e-01,2.722917964024e-01,2.736995455169e-01,2.749248210965e-01,2.759804519919e-01,2.768783068930e-01,2.776293755418e-01,2.782438422254e-01,2.787311513170e-01,2.791000683301e-01,2.793587346184e-01,2.795147166839e-01,2.795750512871e-01,2.795462882694e-01,2.794345257950e-01,2.792454465579e-01,2.789843491192e-01,2.786561760255e-01,2.782655400497e-01,2.778167491748e-01,2.773138294853e-01,2.767605426084e-01,2.761604072889e-01,2.755167165093e-01,2.748325520586e-01,2.741107991016e-01,2.733541610842e-01,2.725651733347e-01,2.717462094812e-01,2.708994970691e-01,2.700271272185e-01,2.691310612272e-01,2.682131381609e-01,2.672750910380e-01,2.663185409655e-01,2.653450137149e-01,2.643559451883e-01,2.633526837287e-01,2.623364949847e-01,2.613085709777e-01,2.602700379672e-01,2.592219464290e-01,2.581652889647e-01,2.571010030839e-01,2.560299684075e-01,2.549530098035e-01,2.538709066985e-01,2.527844002880e-01,2.516941741624e-01,2.506008783208e-01,2.495051297604e-01,2.484075041102e-01,2.473085350777e-01,2.462087469313e-01,2.451086073610e-01,2.440085656562e-01,2.429090495227e-01,2.418104543188e-01,2.407131439479e-01,2.396174640932e-01,2.385237491439e-01,2.374322864724e-01,2.363433542168e-01,2.352572160515e-01,2.341741080296e-01,2.330942422656e-01,2.320178185665e-01,2.309450265969e-01,2.298760204490e-01,2.288109484609e-01,2.277499463854e-01,2.266931301613e-01,2.256406020161e-01,2.245924569170e-01,2.235487739675e-01,2.225096264112e-01,2.214750763306e-01,2.204451789774e-01,2.194199887476e-01,2.183995534961e-01,2.173839062346e-01,2.163730983423e-01,2.153671709524e-01,2.143661565432e-01,2.133700947394e-01,2.123790324197e-01,2.113930093823e-01,2.104120516528e-01,2.094362149970e-01,2.084655399613e-01,2.075000586870e-01,2.065398123981e-01,2.055848501829e-01,2.046351900578e-01,2.036908808611e-01,2.027519542072e-01,2.018184340194e-01,2.008903477628e-01,1.999677235177e-01,1.990505807970e-01,1.981389295219e-01,1.972327909072e-01,1.963321747751e-01,1.954370851973e-01,1.945475269689e-01,1.936635033645e-01,1.927850121251e-01,1.919120455921e-01,1.910446003778e-01,1.901826668741e-01,1.893262321047e-01,1.884752829719e-01,1.876298056310e-01,1.867897802499e-01,1.859551901091e-01,1.851260148427e-01,1.843022321961e-01,1.834838195229e-01,1.826707534428e-01,1.818630089262e-01,1.810605593525e-01,1.802633788404e-01,1.794714398443e-01,1.786847138601e-01,1.779031721557e-01,1.771267855744e-01,1.763555241610e-01,1.755893572132e-01,1.748282543169e-01,1.740721842837e-01,1.733211154695e-01,1.725750161360e-01,1.718338544048e-01
-1.940909893595e+00,-1.682617928972e+00,-1.460912804704e+00,-1.269444794514e+00,-1.103171804314e+00,-9.580501088907e-01,-8.308070408299e-01,-7.187717438476e-01,-6.197476542712e-01,-5.319153659371e-01,-4.537578873701e-01,-3.840025870242e-01,-3.215757056877e-01,-2.655664244976e-01,-2.151982644927e-01,-1.698061594217e-01,-1.288179529356e-01,-9.173937216951e-02,-5.814175244421e-02,-2.765195282942e-02,5.597233714838e-05,2.526768569219e-02,4.823433186171e-02,6.917736635403e-02,8.829261832898e-02,1.057537227407e-01,1.217150304949e-01,1.363140856655e-01,1.496737416189e-01,1.619039743579e-01,1.731034419020e-01,1.833608293582e-01,1.927560122545e-01,2.013610659390e-01,2.092411437087e-01,2.164552425452e-01,2.230568728034e-01,2.290946452010e-01,2.346127864690e-01,2.396515934890e-01,2.442478339881e-01,2.484351009889e-01,2.522441267240e-01,2.557030615144e-01,2.588377218291e-01,2.616718110923e-01,2.642271171603e-01,2.665236888115e-01,2.685799934675e-01,2.704130592814e-01,2.720386025892e-01,2.734711421115e-01,2.747241027353e-01,2.758099087944e-01,2.767400677490e-01,2.775252470898e-01,2.781753434355e-01,2.786995444702e-01,2.791063867554e-01,2.794038074592e-01,2.795991904162e-01,2.796994111796e-01,2.797108737810e-01,2.796395483219e-01,2.794910039517e-01,2.792704367719e-01,2.789826993694e-01,2.786323262096e-01,2.782235542189e-01,2.777603466496e-01,2.772464127478e-01,2.766852226596e-01,2.760800272878e-01,2.754338735653e-01,2.747496148623e-01,2.740299281044e-01,2.732773255914e-01,2.724941617523e-01,2.716826485269e-01,2.708448643750e-01,2.699827571435e-01,2.690981635318e-01,2.681928033799e-01,2.672682962507e-01,2.663261688548e-01,2.653678504806e-01,2.643946892478e-01,2.634079580529e-01,2.624088469468e-01,2.613984805950e-01,2.603779227544e-01,2.593481657042e-01,2.583101494915e-01,2.572647648762e-01,2.562128399395e-01,2.551551616225e-01,2.540924769421e-01,2.530254769953e-01,2.519548211769e-01,2.508811363533e-01,2.498049954050e-01,2.487269632866e-01,2.476475472109e-01,2.465672351939e-01,2.454864986456e-01,2.444057571581e-01,2.433254169223e-01,2.422458712358e-01,2.411674638959e-01,2.400905301044e-01,2.390153941497e-01,2.379423336056e-01,2.368716209233e-01,2.358035180245e-01,2.347382441482e-01,2.336760154297e-01,2.326170366660e-01,2.315614759714e-01,2.305094988794e-01,2.294612583116e-01,2.284168770179e-01,2.273764829875e-01,2.263401747807e-01,2.253080480182e-01,2.242801862456e-01,2.232566615592e-01,2.222375405254e-01,2.212228757316e-01,2.202127235120e-01,2.192071315346e-01,2.182061333483e-01,2.172097792574e-01,2.162181074018e-01,2.152311431890e-01,2.142489372851e-01,2.132715248677e-01,2.122989305856e-01,2.113312073478e-01,2.103683900456e-01,2.094105053272e-01,2.084576113052e-01,2.075097227913e-01,2.065668947691e-01,2.056291620395e-01,2.046965448267e-01,2.037690905858e-01,2.028468280463e-01,2.019297742331e-01,2.010179661892e-01,2.001114244525e-01,1.992101604966e-01,1.983141995492e-01,1.974235531358e-01,1.965382259855e-01,1.956582317726e-01,1.947835733192e-01,1.939142484879e-01,1.930502606994e-01,1.921916050721e-01,1.913382731818e-01,1.904902608244e-01,1.896475533117e-01,1.888101416200e-01,1.879780112959e-01,1.871511445348e-01,1.863295262635e-01,1.855131375042e-01,1.847019569301e-01,1.838959649108e-01,1.830951389728e-01,1.822994550001e-01,1.815088899194e-01,1.807234185898e-01,1.799430147258e-01,1.791676526760e-01,1.783973052875e-01,1.776319446149e-01,1.768715430955e-01,1.761160720797e-01,1.753655023779e-01,1.746198051292e-01
-2.046222738769e+00,-1.777239574699e+00,-1.546281606876e+00,-1.346753408068e+00,-1.173417447202e+00,-1.022072980931e+00,-8.893200292770e-01,-7.723836358518e-01,-6.689814525254e-01,-5.772228713478e-01,-4.955314065125e-01,-4.225844044420e-01,-3.572658031587e-01,-2.986288142491e-01,-2.458662183256e-01,-1.982865514686e-01,-1.552948867893e-01,-1.163772261335e-01,-8.108774874654e-02,-4.903833566391e-02,-1.988991757807e-02,6.654706209498e-03,3.085685727332e-02,5.294699515950e-02,7.312893883826e-02,9.158343280017e-02,1.084711711165e-01,1.239353719025e-01,1.381039761099e-01,1.510915323201e-01,1.630008175357e-01,1.739242349368e-01,1.839450234091e-01,1.931383067089e-01,2.015720062259e-01,2.093076372887e-01,2.164010052648e-01,2.229028159442e-01,2.288592117526e-01,2.343122439624e-01,2.393002894531e-01,2.438584192984e-01,2.480187253313e-01,2.518106102165e-01,2.552610454210e-01,2.583948010754e-01,2.612346514179e-01,2.638015581439e-01,2.661148350374e-01,2.681922955516e-01,2.700503851353e-01,2.717043009915e-01,2.731680992429e-01,2.744547921566e-01,2.755764362118e-01,2.765442107319e-01,2.773684907211e-01,2.780589116507e-01,2.786244286611e-01,2.790733713675e-01,2.794134914762e-01,2.796520095801e-01,2.797956537925e-01,2.798506990048e-01,2.798230001939e-01,2.797180231682e-01,2.795408749765e-01,2.792963278041e-01,2.789888449327e-01,2.786226028942e-01,2.782015098698e-01,2.777292276045e-01,2.772091858354e-01,2.766445993803e-01,2.760384848062e-01,2.753936691970e-01,2.747128081279e-01,2.739983941268e-01,2.732527668964e-01,2.724781280138e-01,2.716765418033e-01,2.708499548588e-01,2.700001919408e-01,2.691289735801e-01,2.682379183847e-01,2.673285468960e-01,2.664022963137e-01,2.654605141203e-01,2.645044723656e-01,2.635353721544e-01,2.625543386790e-01,2.615624402181e-01,2.605606784835e-01,2.595499977109e-01,2.585312965834e-01,2.575054098627e-01,2.564731353617e-01,2.554352225433e-01,2.543923731782e-01,2.533452632046e-01,2.522945106134e-01,2.512407217207e-01,2.501844451618e-01,2.491262138150e-01,2.480665281624e-01,2.470058494999e-01,2.459446319109e-01,2.448832823373e-01,2.438221934695e-01,2.427617418122e-01,2.417022610202e-01,2.406440862397e-01,2.395875157153e-01,2.385328286494e-01,2.374803038045e-01,2.364301715120e-01,2.353826681187e-01,2.343380043263e-01,2.332963665790e-01,2.322579460509e-01,2.312228904324e-01,2.301913617000e-01,2.291634815893e-01,2.281393751839e-01,2.271191504567e-01,2.261029003749e-01,2.250907130466e-01,2.240826616931e-01,2.230788143658e-01,2.220792276437e-01,2.210839582167e-01,2.200930488409e-01,2.191065447048e-01,2.181244898761e-01,2.171469093170e-01,2.161738528004e-01,2.152053475734e-01,2.142414274809e-01,2.132821374220e-01,2.123274938940e-01,2.113775542114e-01,2.104323301600e-01,2.094918783424e-01,2.085562258805e-01,2.076254051454e-01,2.066994623491e-01,2.057784157433e-01,2.048623102808e-01,2.039511749330e-01,2.030450308622e-01,2.021439160978e-01,2.012478452951e-01,2.003568447274e-01,1.994709357314e-01,1.985901253799e-01,1.977144363796e-01,1.968438740968e-01,1.959784463411e-01,1.951181614378e-01,1.942630155406e-01,1.934130149704e-01,1.925681507025e-01,1.917284229497e-01,1.908938224975e-01,1.900643398345e-01,1.892399660554e-01,1.884206859072e-01,1.876064872448e-01,1.867973540208e-01,1.859932681504e-01,1.851942129096e-01,1.844001676036e-01,1.836111123763e-01,1.828270260710e-01,1.820478852926e-01,1.812736680403e-01,1.805043498525e-01,1.797399062167e-01,1.789803123691e-01,1.782255419047e-01,1.774755693490e-01
-2.158240985550e+00,-1.877918921193e+00,-1.637147261797e+00,-1.429070043072e+00,-1.248242494981e+00,-1.090297373437e+00,-9.516996971171e-01,-8.295641223100e-01,-7.215173355281e-01,-6.255932269448e-01,-5.401522235294e-01,-4.638186289686e-01,-3.954315242111e-01,-3.340059796615e-01,-2.787021795918e-01,-2.288006691524e-01,-1.836823765865e-01,-1.428123881735e-01,-1.057266920092e-01,-7.202128753566e-02,-4.134319032257e-02,-1.338296584418e-02,1.213149798082e-02,3.544020747692e-02,5.675545293150e-02,7.626551670942e-02,9.413781828369e-02,1.105215914330e-01,1.255501710793e-01,1.393429538170e-01,1.520070833712e-01,1.636389049625e-01,1.743252231504e-01,1.841443934808e-01,1.931672720817e-01,2.014580440086e-01,2.090749477408e-01,2.160709101168e-01,2.224941044780e-01,2.283884419902e-01,2.337940054443e-01,2.387474328506e-01,2.432822574030e-01,2.474292094099e-01,2.512164848235e-01,2.546699846636e-01,2.578135287521e-01,2.606690468049e-01,2.632567498724e-01,2.655952837037e-01,2.677018672680e-01,2.695924166035e-01,2.712816572766e-01,2.727832252549e-01,2.741097583902e-01,2.752729793790e-01,2.762837702161e-01,2.771522411850e-01,2.778877914143e-01,2.784991664605e-01,2.789945083325e-01,2.793814035029e-01,2.796669238050e-01,2.798576673135e-01,2.799597923359e-01,2.799790510648e-01,2.799208191913e-01,2.797901227200e-01,2.795916648214e-01,2.793298462543e-01,2.790087901196e-01,2.786323578310e-01,2.782041703170e-01,2.777276226792e-01,2.772059000860e-01,2.766419932313e-01,2.760387082027e-01,2.753986841828e-01,2.747243972721e-01,2.740181785978e-01,2.732822172465e-01,2.725185763713e-01,2.717291922922e-01,2.709158924359e-01,2.700803939939e-01,2.692243159785e-01,2.683491839388e-01,2.674564328388e-01,2.665474205195e-01,2.656234196609e-01,2.646856389585e-01,2.637352103573e-01,2.627732078242e-01,2.618006418251e-01,2.608184653758e-01,2.598275828117e-01,2.588288386293e-01,2.578230444302e-01,2.568109497528e-01,2.557932773072e-01,2.547706970947e-01,2.537438578335e-01,2.527133519530e-01,2.516797580214e-01,2.506436090528e-01,2.496054150285e-01,2.485656582211e-01,2.475247847791e-01,2.464832335501e-01,2.454413933482e-01,2.443996582167e-01,2.433583734990e-01,2.423178827142e-01,2.412784995423e-01,2.402405171910e-01,2.392042217819e-01,2.381698588634e-01,2.371376892372e-01,2.361079193597e-01,2.350807708413e-01,2.340564254413e-01,2.330350758835e-01,2.320168691124e-01,2.310019651376e-01,2.299904928644e-01,2.289825768933e-01,2.279783283592e-01,2.269778429106e-01,2.259812125933e-01,2.249885123059e-01,2.239998129327e-01,2.230151760458e-01,2.220346557086e-01,2.210583007466e-01,2.200861573797e-01,2.191182600022e-01,2.181546560616e-01,2.171953646759e-01,2.162404361020e-01,2.152898903071e-01,2.143437725129e-01,2.134020957580e-01,2.124649144550e-01,2.115322452462e-01,2.106041315139e-01,2.096806036239e-01,2.087616918214e-01,2.078474394104e-01,2.069378632671e-01,2.060330140378e-01,2.051329049781e-01,2.042375795669e-01,2.033470574195e-01,2.024613667261e-01,2.015805331569e-01,2.007045712879e-01,1.998335094990e-01,1.989673512083e-01,1.981061215385e-01,1.972498234408e-01,1.963984711014e-01,1.955520623857e-01,1.947106083568e-01,1.938741042986e-01,1.930425517108e-01,1.922159458988e-01,1.913942805430e-01,1.905775500072e-01,1.897657418974e-01,1.889588485386e-01,1.881568543619e-01,1.873597476586e-01,1.865675118408e-01,1.857801307680e-01,1.849975870577e-01,1.842198611592e-01,1.834469346925e-01,1.826787855477e-01,1.819153938764e-01,1.811567366679e-01,1.804027919334e-01
-2.277515839644e+00,-1.985154723051e+00,-1.733963102230e+00,-1.516808439911e+00,-1.328025970460e+00,-1.163071699267e+00,-1.018267332653e+00,-8.906103435046e-01,-7.776308527665e-01,-6.772826003790e-01,-5.878590422776e-01,-5.079281741089e-01,-4.362814584973e-01,-3.718934770434e-01,-3.138898115930e-01,-2.615212937744e-01,-2.141432214437e-01,-1.711984784290e-01,-1.322037428042e-01,-9.673815563458e-02,-6.443396169988e-02,-3.496874050221e-02,-8.058926165851e-03,1.654562114168e-02,3.906618355497e-02,5.969904439047e-02,7.861876165622e-02,9.598095412908e-02,1.119246820760e-01,1.265744874779e-01,1.400421490473e-01,1.524281957599e-01,1.638232167567e-01,1.743089975957e-01,1.839595091369e-01,1.928417699650e-01,2.010166008185e-01,2.085392858411e-01,2.154601537671e-01,2.218250897103e-01,2.276759869503e-01,2.330511465020e-01,2.379856312853e-01,2.425115806356e-01,2.466584900830e-01,2.504534608584e-01,2.539214224793e-01,2.570853321287e-01,2.599663529302e-01,2.625840143544e-01,2.649563559065e-01,2.671000570004e-01,2.690305534594e-01,2.707621432943e-01,2.723080817000e-01,2.736806676778e-01,2.748913219291e-01,2.759506581374e-01,2.768685471961e-01,2.776541761116e-01,2.783161011760e-01,2.788622973308e-01,2.793002013372e-01,2.796367543344e-01,2.798784368320e-01,2.800313050587e-01,2.801010198074e-01,2.800928774966e-01,2.800118340001e-01,2.798625313226e-01,2.796493173288e-01,2.793762687327e-01,2.790472074973e-01,2.786657206716e-01,2.782351741261e-01,2.777587296297e-01,2.772393565121e-01,2.766798462490e-01,2.760828225961e-01,2.754507538354e-01,2.747859613794e-01,2.740906325584e-01,2.733668223922e-01,2.726164716850e-01,2.718414032400e-01,2.710433405463e-01,2.702239024629e-01,2.693846212578e-01,2.685269362597e-01,2.676522111533e-01,2.667617269893e-01,2.658566985449e-01,2.649382671414e-01,2.640075157751e-01,2.630654622693e-01,2.621130727642e-01,2.611512558225e-01,2.601808737424e-01,2.592027383423e-01,2.582176194258e-01,2.572262409711e-01,2.562292973692e-01,2.552274276176e-01,2.542212573125e-01,2.532113559848e-01,2.521982841411e-01,2.511825499295e-01,2.501646552744e-01,2.491450535152e-01,2.481241935665e-01,2.471024797227e-01,2.460803126195e-01,2.450580525272e-01,2.440360557843e-01,2.430146429686e-01,2.419941294532e-01,2.409747998122e-01,2.399569312515e-01,2.389407754332e-01,2.379265738009e-01,2.369145436255e-01,2.359049063096e-01,2.348978349011e-01,2.338935263802e-01,2.328921275404e-01,2.318938042815e-01,2.308986807762e-01,2.299068936490e-01,2.289185467939e-01,2.279337499256e-01,2.269525890370e-01,2.259751500147e-01,2.250015034153e-01,2.240317151260e-01,2.230658428152e-01,2.221039368161e-01,2.211460444715e-01,2.201922053241e-01,2.192424588368e-01,2.182968384201e-01,2.173553817682e-01,2.164181067875e-01,2.154850641360e-01,2.145562625953e-01,2.136317540227e-01,2.127115477895e-01,2.117956952041e-01,2.108842080417e-01,2.099771359378e-01,2.090744936892e-01,2.081763279052e-01,2.072826560483e-01,2.063935203700e-01,2.055089399918e-01,2.046289517002e-01,2.037535749578e-01,2.028828403277e-01,2.020167662741e-01,2.011553767674e-01,2.002986881150e-01,1.994467202228e-01,1.985994779128e-01,1.977569843819e-01,1.969192374633e-01,1.960862532078e-01,1.952580276194e-01,1.944345696438e-01,1.936158731585e-01,1.928019409206e-01,1.919927645612e-01,1.911883415420e-01,1.903886612581e-01,1.895937167010e-01,1.888034951301e-01,1.880179858000e-01,1.872371739882e-01,1.864610458486e-01,1.856895848587e-01,1.849227746117e-01,1.841605969770e-01,1.834030337688e-01
-2.404655935735e+00,-2.099497731386e+00,-1.837229752567e+00,-1.610425529315e+00,-1.413186490145e+00,-1.240780793819e+00,-1.089377836435e+00,-9.558505501581e-01,-8.376264270801e-01,-7.325740245411e-01,-6.389156224831e-01,-5.551593732236e-01,-4.800461315344e-01,-4.125074483814e-01,-3.516321311814e-01,-2.966394329905e-01,-2.468574127844e-01,-2.017053587134e-01,-1.606794272676e-01,-1.233408435678e-01,-8.930615513226e-02,-5.823914110745e-02,-2.984406366534e-02,-3.860014138101e-03,1.994384497830e-02,4.177229947023e-02,6.180749301102e-02,8.021182953854e-02,9.713045306210e-02,1.126933733790e-01,1.270172941829e-01,1.402071903055e-01,1.523576721815e-01,1.635541701776e-01,1.738739646610e-01,1.833870851131e-01,1.921570960099e-01,2.002417862781e-01,2.076937748369e-01,2.145610442065e-01,2.208874113661e-01,2.267129443300e-01,2.320743313993e-01,2.370052090328e-01,2.415364536286e-01,2.456964416271e-01,2.495112817309e-01,2.530050227057e-01,2.561998395068e-01,2.591162003461e-01,2.617730169132e-01,2.641877794363e-01,2.663766787822e-01,2.683547161366e-01,2.701358029926e-01,2.717328505359e-01,2.731578520418e-01,2.744219561934e-01,2.755355351337e-01,2.765082450972e-01,2.773490826161e-01,2.780664355325e-01,2.786681285584e-01,2.791614671722e-01,2.795532749155e-01,2.798499303579e-01,2.800573985513e-01,2.801812618081e-01,2.802267466968e-01,2.801987493519e-01,2.801018592094e-01,2.799403793080e-01,2.797183478662e-01,2.794395538031e-01,2.791075572139e-01,2.787257003308e-01,2.782971268953e-01,2.778247905833e-01,2.773114717029e-01,2.767597849271e-01,2.761721922314e-01,2.755510133080e-01,2.748984299884e-01,2.742165022755e-01,2.735071682446e-01,2.727722584642e-01,2.720134970630e-01,2.712325123085e-01,2.704308401768e-01,2.696099301145e-01,2.687711524797e-01,2.679157982357e-01,2.670450918827e-01,2.661601835229e-01,2.652621691957e-01,2.643520743202e-01,2.634308791139e-01,2.624995006867e-01,2.615588149028e-01,2.606096435942e-01,2.596527671656e-01,2.586889293011e-01,2.577188203427e-01,2.567431098269e-01,2.557624167663e-01,2.547773393510e-01,2.537884344579e-01,2.527962353559e-01,2.518012443869e-01,2.508039353441e-01,2.498047628424e-01,2.488041457914e-01,2.478024971310e-01,2.468001847600e-01,2.457975852408e-01,2.447950214019e-01,2.437928300303e-01,2.427913004001e-01,2.417907284643e-01,2.407913748973e-01,2.397934923558e-01,2.387973291559e-01,2.378030881490e-01,2.368109929670e-01,2.358212227576e-01,2.348339663867e-01,2.338493828855e-01,2.328676284193e-01,2.318888430232e-01,2.309131530191e-01,2.299406798662e-01,2.289715239242e-01,2.280057878992e-01,2.270435511938e-01,2.260848971697e-01,2.251298903777e-01,2.241785938845e-01,2.232310627253e-01,2.222873438388e-01,2.213474831069e-01,2.204115204405e-01,2.194794840935e-01,2.185514195538e-01,2.176273448731e-01,2.167073016149e-01,2.157913086167e-01,2.148794016098e-01,2.139716047437e-01,2.130679469853e-01,2.121684604967e-01,2.112731668118e-01,2.103821069166e-01,2.094952946146e-01,2.086127788759e-01,2.077345658789e-01,2.068607073955e-01,2.059912118779e-01,2.051261219354e-01,2.042654517105e-01,2.034092330810e-01,2.025574875969e-01,2.017102262899e-01,2.008674824542e-01,2.000292599088e-01,1.991955823006e-01,1.983664551025e-01,1.975418922144e-01,1.967218992217e-01,1.959064817684e-01,1.950956443929e-01,1.942893859133e-01,1.934877090286e-01,1.926906070197e-01,1.918980802698e-01,1.911101176350e-01,1.903267163655e-01,1.895478635872e-01,1.887735517561e-01,1.880037671589e-01,1.872384981777e-01,1.864777306400e-01
-2.540334633299e+00,-2.221557301820e+00,-1.947501141168e+00,-1.710426925166e+00,-1.504187301661e+00,-1.323850550598e+00,-1.165424000970e+00,-1.025648065955e+00,-9.018410339102e-01,-7.917808223000e-01,-6.936139751793e-01,-6.057849677134e-01,-5.269808047765e-01,-4.560872502984e-01,-3.921539816179e-01,-3.343666507883e-01,-2.820243333599e-01,-2.345212109445e-01,-1.913316044801e-01,-1.519976762063e-01,-1.161192716099e-01,-8.334548627260e-02,-5.336763154909e-02,-2.591334095082e-02,-7.416103975065e-04,2.236139218641e-02,4.358588115903e-02,6.310147944890e-02,8.105980370038e-02,9.759668092542e-02,1.128340546176e-01,1.268816293403e-01,1.398382939018e-01,1.517933560397e-01,1.628276171973e-01,1.730143098161e-01,1.824199173989e-01,1.911048934796e-01,1.991242933580e-01,2.065283308276e-01,2.133628693271e-01,2.196698566316e-01,2.254877101355e-01,2.308516589579e-01,2.357940484653e-01,2.403446116879e-01,2.445307117489e-01,2.483775586723e-01,2.519084037845e-01,2.551447140303e-01,2.581063288167e-01,2.608116011829e-01,2.632775249196e-01,2.655198497446e-01,2.675531848380e-01,2.693910932224e-01,2.710461768844e-01,2.725301540550e-01,2.738539300160e-01,2.750276603283e-01,2.760608099014e-01,2.769622059484e-01,2.777400859898e-01,2.784021431747e-01,2.789555661468e-01,2.794070764048e-01,2.797629629604e-01,2.800291123547e-01,2.802110390459e-01,2.803139103118e-01,2.803425715015e-01,2.803015684983e-01,2.801951671598e-01,2.800273745920e-01,2.798019539805e-01,2.795224432454e-01,2.791921689722e-01,2.788142596466e-01,2.783916613343e-01,2.779271450452e-01,2.774233222717e-01,2.768826538859e-01,2.763074568419e-01,2.756999180563e-01,2.750620987925e-01,2.743959432917e-01,2.737032886639e-01,2.729858653834e-01,2.722453114305e-01,2.714831708421e-01,2.707009035469e-01,2.698998906502e-01,2.690814337137e-01,2.682467691400e-01,2.673970600257e-01,2.665334106339e-01,2.656568651245e-01,2.647684081000e-01,2.638689795651e-01,2.629594586337e-01,2.620406849994e-01,2.611134555667e-01,2.601785154791e-01,2.592365805608e-01,2.582883238963e-01,2.573343817336e-01,2.563753657724e-01,2.554118414479e-01,2.544443594652e-01,2.534734302994e-01,2.524995420377e-01,2.515231621975e-01,2.505447201555e-01,2.495646424229e-01,2.485833123549e-01,2.476011064837e-01,2.466183791237e-01,2.456354550946e-01,2.446526653206e-01,2.436702915187e-01,2.426886207474e-01,2.417079272739e-01,2.407284453554e-01,2.397504200457e-01,2.387740692294e-01,2.377995945157e-01,2.368272018020e-01,2.358570561503e-01,2.348893377163e-01,2.339241944150e-01,2.329617702749e-01,2.320022036773e-01,2.310456059731e-01,2.300920989850e-01,2.291417746134e-01,2.281947274403e-01,2.272510402957e-01,2.263107840414e-01,2.253740282805e-01,2.244408293385e-01,2.235112410689e-01,2.225853077473e-01,2.216630753379e-01,2.207445782881e-01,2.198298520017e-01,2.189189318536e-01,2.180118375935e-01,2.171086101771e-01,2.162092647484e-01,2.153138357369e-01,2.144223495834e-01,2.135348240729e-01,2.126513010540e-01,2.117717885338e-01,2.108963300122e-01,2.100249461959e-01,2.091576620165e-01,2.082945167713e-01,2.074355169659e-01,2.065807098140e-01,2.057301134012e-01,2.048837432489e-01,2.040416389503e-01,2.032038125009e-01,2.023702869545e-01,2.015410850349e-01,2.007162138307e-01,1.998956995158e-01,1.990795461457e-01,1.982677696354e-01,1.974603784157e-01,1.966573754837e-01,1.958587716106e-01,1.950645628774e-01,1.942747556077e-01,1.934893468039e-01,1.927083332839e-01,1.919317136518e-01,1.911594775857e-01,1.903916223407e-01,1.896281377123e-01
-2.685298415293e+00,-2.352009001591e+00,-2.065391421742e+00,-1.817373248204e+00,-1.601542083107e+00,-1.412753258293e+00,-1.246841438064e+00,-1.100405850180e+00,-9.706484376684e-01,-8.552505500791e-01,-7.522780423798e-01,-6.601075480396e-01,-5.773687002752e-01,-5.028984816124e-01,-4.357048805314e-01,-3.749377509176e-01,-3.198652898792e-01,-2.698549311421e-01,-2.243577326405e-01,-1.828955478256e-01,-1.450504286034e-01,-1.104558275148e-01,-7.878925896956e-02,-4.976615019383e-02,-2.313466651514e-02,1.328661129414e-03,2.382264485515e-02,4.452459766366e-02,6.359303146530e-02,8.116996999042e-02,9.738293841736e-02,1.123466797207e-01,1.261646399076e-01,1.389302572084e-01,1.507280835434e-01,1.616347632106e-01,1.717198890279e-01,1.810467527710e-01,1.896730049658e-01,1.976512360291e-01,2.050294892186e-01,2.118517145470e-01,2.181581711475e-01,2.239857845660e-01,2.293684648183e-01,2.343373899233e-01,2.389212591050e-01,2.431465193537e-01,2.470375684257e-01,2.506169371202e-01,2.539054530368e-01,2.569223881014e-01,2.596855916582e-01,2.622116103535e-01,2.645157969197e-01,2.666124085043e-01,2.685146955754e-01,2.702349831613e-01,2.717847442347e-01,2.731746665261e-01,2.744147138159e-01,2.755141814197e-01,2.764817466217e-01,2.773255156570e-01,2.780530660642e-01,2.786714850649e-01,2.791874060652e-01,2.796070408662e-01,2.799362096102e-01,2.801803692774e-01,2.803446380488e-01,2.804338193041e-01,2.804524240022e-01,2.804046887225e-01,2.802945958504e-01,2.801258904496e-01,2.799020943850e-01,2.796265231000e-01,2.793022979448e-01,2.789323580648e-01,2.785194738586e-01,2.780662569044e-01,2.775751681450e-01,2.770485302172e-01,2.764885353399e-01,2.758972507443e-01,2.752766302944e-01,2.746285188124e-01,2.739546580168e-01,2.732566965128e-01,2.725361903687e-01,2.717946110019e-01,2.710333534771e-01,2.702537326459e-01,2.694569953340e-01,2.686443235965e-01,2.678168315577e-01,2.669755783865e-01,2.661215665661e-01,2.652557424573e-01,2.643790068569e-01,2.634922141058e-01,2.625961673757e-01,2.616916332487e-01,2.607793407252e-01,2.598599731403e-01,2.589341861661e-01,2.580025992768e-01,2.570657954653e-01,2.561243373720e-01,2.551787499308e-01,2.542295314908e-01,2.532771666955e-01,2.523220979621e-01,2.513647542357e-01,2.504055486477e-01,2.494448567686e-01,2.484830484433e-01,2.475204718917e-01,2.465574472275e-01,2.455942901926e-01,2.446313010143e-01,2.436687456246e-01,2.427068899881e-01,2.417459902139e-01,2.407862683363e-01,2.398279519144e-01,2.388712488544e-01,2.379163450634e-01,2.369634336288e-01,2.360126778979e-01,2.350642319631e-01,2.341182567885e-01,2.331748756271e-01,2.322342163341e-01,2.312964021981e-01,2.303615292597e-01,2.294296987465e-01,2.285009992772e-01,2.275755057618e-01,2.266532926608e-01,2.257344244649e-01,2.248189560735e-01,2.239069399713e-01,2.229984205279e-01,2.220934410597e-01,2.211920364941e-01,2.202942392805e-01,2.194000852484e-01,2.185095951031e-01,2.176228004081e-01,2.167397317293e-01,2.158603991033e-01,2.149848415889e-01,2.141130821497e-01,2.132451335667e-01,2.123810362949e-01,2.115208076695e-01,2.106644699568e-01,2.098120602337e-01,2.089635962864e-01,2.081190958236e-01,2.072785997054e-01,2.064421280030e-01,2.056096957411e-01,2.047813386695e-01,2.039570708870e-01,2.031369122990e-01,2.023208891140e-01,2.015090093198e-01,2.007012939405e-01,1.998977596473e-01,1.990984086054e-01,1.983032598841e-01,1.975123200530e-01,1.967255903683e-01,1.959430816396e-01,1.951647934299e-01,1.943907258376e-01,1.936208814625e-01,1.928552557036e-01
-2.840376584180e+00,-2.491603391989e+00,-2.191582964450e+00,-1.931887427159e+00,-1.705821639129e+00,-1.508013763464e+00,-1.334114268366e+00,-1.180571766346e+00,-1.044464083724e+00,-9.233695518290e-01,-8.152679464976e-01,-7.184635277232e-01,-6.315247247440e-01,-5.532364802279e-01,-4.825623092373e-01,-4.186138764751e-01,-3.606264384338e-01,-3.079388947024e-01,-2.599774868745e-01,-2.162424036667e-01,-1.762967155369e-01,-1.397571878206e-01,-1.062866171665e-01,-7.558740999699e-02,-4.739617837705e-02,-2.147917342566e-02,2.371588219005e-03,2.434162252315e-02,4.459679628662e-02,6.328574324959e-02,8.054194223683e-02,9.648551032539e-02,1.112247546195e-01,1.248575188253e-01,1.374723552096e-01,1.491495472751e-01,1.599620041078e-01,1.699760447464e-01,1.792520877349e-01,1.878452583204e-01,1.958059246756e-01,2.031801723176e-01,2.100102246866e-01,2.163348166541e-01,2.221895270038e-01,2.276070748923e-01,2.326175845676e-01,2.372488222667e-01,2.415264085191e-01,2.454740087037e-01,2.491135044067e-01,2.524651476921e-01,2.555477001776e-01,2.583785587270e-01,2.609738690754e-01,2.633486285585e-01,2.655167795338e-01,2.674912941255e-01,2.692842509012e-01,2.709069051880e-01,2.723697529031e-01,2.736825887062e-01,2.748545589645e-01,2.758942106729e-01,2.768095360136e-01,2.776080126107e-01,2.782966412610e-01,2.788819804085e-01,2.793701772221e-01,2.797669966689e-01,2.800778485829e-01,2.803078119545e-01,2.804616572062e-01,2.805438678312e-01,2.805586596987e-01,2.805099977641e-01,2.804016138328e-01,2.802370221239e-01,2.800195314900e-01,2.797522603481e-01,2.794381487787e-01,2.790799693861e-01,2.786803367590e-01,2.782417189886e-01,2.777664470623e-01,2.772567208179e-01,2.767146187237e-01,2.761421060165e-01,2.755410394523e-01,2.749131742013e-01,2.742601716199e-01,2.735836034795e-01,2.728849555024e-01,2.721656354850e-01,2.714269777382e-01,2.706702424568e-01,2.698966251236e-01,2.691072613031e-01,2.683032220397e-01,2.674855246965e-01,2.666551355945e-01,2.658129710221e-01,2.649598958183e-01,2.640967329377e-01,2.632242668951e-01,2.623432362375e-01,2.614543431259e-01,2.605582582213e-01,2.596556145541e-01,2.587470112929e-01,2.578330220088e-01,2.569141911446e-01,2.559910295632e-01,2.550640275731e-01,2.541336554316e-01,2.532003477717e-01,2.522645234500e-01,2.513265894409e-01,2.503869153772e-01,2.494458593437e-01,2.485037666588e-01,2.475609644359e-01,2.466177506413e-01,2.456744156856e-01,2.447312447374e-01,2.437884916238e-01,2.428464003685e-01,2.419052119234e-01,2.409651445746e-01,2.400264004123e-01,2.390891801079e-01,2.381536710656e-01,2.372200372118e-01,2.362884422928e-01,2.353590458845e-01,2.344319773697e-01,2.335073674641e-01,2.325853477061e-01,2.316660186984e-01,2.307494826537e-01,2.298358374928e-01,2.289251698590e-01,2.280175511113e-01,2.271130521101e-01,2.262117387508e-01,2.253136649749e-01,2.244188818617e-01,2.235274344954e-01,2.226393629591e-01,2.217547055947e-01,2.208734938899e-01,2.199957553883e-01,2.191215230256e-01,2.182508219515e-01,2.173836684821e-01,2.165200964198e-01,2.156601297786e-01,2.148037772414e-01,2.139510752572e-01,2.131020481146e-01,2.122567117031e-01,2.114150841259e-01,2.105772023099e-01,2.097430901668e-01,2.089127585703e-01,2.080862410729e-01,2.072635643270e-01,2.064447423383e-01,2.056298001214e-01,2.048187649436e-01,2.040116518880e-01,2.032084770896e-01,2.024092659993e-01,2.016140325890e-01,2.008227846696e-01,2.000355438657e-01,1.992523209258e-01,1.984731176473e-01,1.976979493853e-01,1.969268221963e-01,1.961597373962e-01
-3.006492489182e+00,-2.641176198049e+00,-2.326835609548e+00,-2.054663153782e+00,-1.817661655441e+00,-1.610216607204e+00,-1.427781710757e+00,-1.266644683892e+00,-1.123750764513e+00,-9.965682336730e-01,-8.829849123109e-01,-7.812277465063e-01,-6.897997835011e-01,-6.074303737879e-01,-5.330355232205e-01,-4.656861006687e-01,-4.045821737040e-01,-3.490321603098e-01,-2.984357922709e-01,-2.522701152239e-01,-2.100779230942e-01,-1.714581555942e-01,-1.360578876746e-01,-1.035656169087e-01,-7.370561418492e-02,-4.623314993393e-02,-2.093044433336e-02,2.396780761387e-03,2.392224829544e-02,4.380165230475e-02,6.217483100526e-02,7.916764171371e-02,9.489358353644e-02,1.094552057516e-01,1.229453334431e-01,1.354481369260e-01,1.470400673113e-01,1.577906770241e-01,1.677633409039e-01,1.770158915306e-01,1.856011801675e-01,1.935675731118e-01,2.009593917244e-01,2.078173032629e-01,2.141786687960e-01,2.200778534022e-01,2.255465032806e-01,2.306137936345e-01,2.353066509010e-01,2.396499522385e-01,2.436667048730e-01,2.473782076165e-01,2.508041965393e-01,2.539629764909e-01,2.568715400504e-01,2.595456752900e-01,2.620000634998e-01,2.642483677794e-01,2.663033137189e-01,2.681767628075e-01,2.698797793460e-01,2.714226913752e-01,2.728151462943e-01,2.740661619836e-01,2.751841733826e-01,2.761770752742e-01,2.770522610934e-01,2.778166592801e-01,2.784767662771e-01,2.790386768501e-01,2.795081117930e-01,2.798904441110e-01,2.801907228216e-01,2.804136945543e-01,2.805638237948e-01,2.806453119579e-01,2.806621148978e-01,2.806179581608e-01,2.805163523166e-01,2.803606068928e-01,2.801538433765e-01,2.798990066070e-01,2.795988753514e-01,2.792560736238e-01,2.788730799615e-01,2.784522366599e-01,2.779957562588e-01,2.775057312698e-01,2.769841411072e-01,2.764328584682e-01,2.758536544038e-01,2.752482060721e-01,2.746181023108e-01,2.739648472664e-01,2.732898651552e-01,2.725945062259e-01,2.718800516753e-01,2.711477142608e-01,2.703986439758e-01,2.696339321105e-01,2.688546153108e-01,2.680616766416e-01,2.672560466759e-01,2.664386103834e-01,2.656102085334e-01,2.647716413577e-01,2.639236639127e-01,2.630669959082e-01,2.622023225564e-01,2.613302951109e-01,2.604515282222e-01,2.595666085704e-01,2.586760965882e-01,2.577805225156e-01,2.568803877629e-01,2.559761713737e-01,2.550683334374e-01,2.541573048920e-01,2.532434954634e-01,2.523272965649e-01,2.514090845869e-01,2.504892152151e-01,2.495680191338e-01,2.486458157899e-01,2.477229103174e-01,2.467995975354e-01,2.458761433198e-01,2.449528072325e-01,2.440298391408e-01,2.431074758675e-01,2.421859312503e-01,2.412654140758e-01,2.403461275351e-01,2.394282573398e-01,2.385119732236e-01,2.375974399469e-01,2.366848198594e-01,2.357742531154e-01,2.348658713802e-01,2.339598005816e-01,2.330561627727e-01,2.321550667594e-01,2.312566054437e-01,2.303608706044e-01,2.294679474145e-01,2.285779155675e-01,2.276908389950e-01,2.268067808902e-01,2.259257988583e-01,2.250479432549e-01,2.241732587054e-01,2.233017868721e-01,2.224335632207e-01,2.215686200366e-01,2.207069895713e-01,2.198487001480e-01,2.189937717350e-01,2.181422307295e-01,2.172941030768e-01,2.164494113633e-01,2.156081709529e-01,2.147704003711e-01,2.139361299007e-01,2.131053813835e-01,2.122781742711e-01,2.114545212604e-01,2.106344562308e-01,2.098180014774e-01,2.090051744550e-01,2.081959933399e-01,2.073904889796e-01,2.065886825852e-01,2.057905885189e-01,2.049962276870e-01,2.042056247846e-01,2.034187974457e-01,2.026357554993e-01,2.018565185766e-01,2.010811033988e-01,2.003095221202e-01,1.995417815613e-01
-3.184676567141e+00,-2.801660121363e+00,-2.471997416465e+00,-2.186474704548e+00,-1.937771706920e+00,-1.720014316021e+00,-1.528445737561e+00,-1.359181567358e+00,-1.209025202172e+00,-1.075327192352e+00,-9.558769859200e-01,-8.488188188840e-01,-7.525857930790e-01,-6.658477866240e-01,-5.874699802242e-01,-5.164795996319e-01,-4.520390676077e-01,-3.934241933608e-01,-3.400063489528e-01,-2.912378221086e-01,-2.466397155331e-01,-2.057918997659e-01,-1.683246313982e-01,-1.339115290687e-01,-1.022636618883e-01,-7.312455384237e-02,-4.626594575744e-02,-2.148418653113e-02,1.402850528305e-03,2.255841182486e-02,4.212913793782e-02,6.024702630327e-02,7.703112979561e-02,9.258903096097e-02,1.070181251368e-01,1.204067400830e-01,1.328351155961e-01,1.443762624597e-01,1.550967175705e-01,1.650572092325e-01,1.743132445711e-01,1.829156293336e-01,1.909109287377e-01,1.983418768372e-01,2.052477409408e-01,2.116646465451e-01,2.176258676044e-01,2.231620862868e-01,2.283016257552e-01,2.330706591950e-01,2.374933977602e-01,2.415922598289e-01,2.453880236405e-01,2.488999651708e-01,2.521459828250e-01,2.551427103934e-01,2.579056194006e-01,2.604491121318e-01,2.627866061758e-01,2.649306113728e-01,2.668927999698e-01,2.686840705529e-01,2.703146064326e-01,2.717939291815e-01,2.731309474988e-01,2.743340020557e-01,2.754109066048e-01,2.763689855111e-01,2.772151086762e-01,2.779557233476e-01,2.785968835908e-01,2.791442771509e-01,2.796032503997e-01,2.799788315629e-01,2.802757519133e-01,2.804984656867e-01,2.806511676744e-01,2.807378105358e-01,2.807621204069e-01,2.807276113493e-01,2.806375989820e-01,2.804952126437e-01,2.803034067658e-01,2.800649722963e-01,2.797825464785e-01,2.794586223763e-01,2.790955576148e-01,2.786955815185e-01,2.782608039427e-01,2.777932219073e-01,2.772947266883e-01,2.767671090885e-01,2.762120652093e-01,2.756312027110e-01,2.750260454693e-01,2.743980393204e-01,2.737485539133e-01,2.730788888151e-01,2.723902773345e-01,2.716838900147e-01,2.709608388040e-01,2.702221789669e-01,2.694689112478e-01,2.687019872056e-01,2.679223108402e-01,2.671307417652e-01,2.663280976536e-01,2.655151527657e-01,2.646926447921e-01,2.638612751458e-01,2.630217125713e-01,2.621745915779e-01,2.613205141462e-01,2.604600543781e-01,2.595937584974e-01,2.587221496958e-01,2.578457204679e-01,2.569649406561e-01,2.560802582838e-01,2.551921000357e-01,2.543008746184e-01,2.534069693339e-01,2.525107484408e-01,2.516125619074e-01,2.507127427816e-01,2.498116098308e-01,2.489094682489e-01,2.480065997129e-01,2.471032768665e-01,2.461997588518e-01,2.452962962786e-01,2.443931228149e-01,2.434904563300e-01,2.425885071023e-01,2.416874743274e-01,2.407875537391e-01,2.398889183135e-01,2.389917341449e-01,2.380961595863e-01,2.372023440219e-01,2.363104316907e-01,2.354205539016e-01,2.345328271442e-01,2.336473652643e-01,2.327642740320e-01,2.318836532048e-01,2.310055957467e-01,2.301301792207e-01,2.292574797003e-01,2.283875666593e-01,2.275205048608e-01,2.266563501648e-01,2.257951525127e-01,2.249369585983e-01,2.240818105021e-01,2.232297443785e-01,2.223807939734e-01,2.215349905509e-01,2.206923623469e-01,2.198529349740e-01,2.190167288039e-01,2.181837642535e-01,2.173540671498e-01,2.165276583538e-01,2.157045582216e-01,2.148847840478e-01,2.140683503400e-01,2.132552848818e-01,2.124456080155e-01,2.116393402036e-01,2.108364960395e-01,2.100370968533e-01,2.092411688800e-01,2.084487327468e-01,2.076598087988e-01,2.068744089943e-01,2.060925591688e-01,2.053142803270e-01,2.045395903754e-01,2.037685058517e-01,2.030010387203e-01
-3.376081539281e+00,-2.974098606187e+00,-2.628017190649e+00,-2.328188386882e+00,-2.066945756586e+00,-1.838137064717e+00,-1.636779996679e+00,-1.458805739205e+00,-1.300865721800e+00,-1.160184358618e+00,-1.034445701003e+00,-9.217053690810e-01,-8.203215247703e-01,-7.289003271493e-01,-6.462525025856e-01,-5.713585173839e-01,-5.033404615751e-01,-4.414392073603e-01,-3.849957423271e-01,-3.334358288216e-01,-2.862573299012e-01,-2.430196858277e-01,-2.033351344873e-01,-1.668613537787e-01,-1.332952690377e-01,-1.023678197604e-01,-7.383951977237e-02,-4.749667656129e-02,-2.314816036508e-02,-6.226338907332e-04,2.023383087217e-02,3.955980917470e-02,5.748030342882e-02,7.410828812435e-02,8.954605453091e-02,1.038863841228e-01,1.172135751753e-01,1.296043431489e-01,1.411286121931e-01,1.518502125175e-01,1.618274962130e-01,1.711138821177e-01,1.797583390276e-01,1.878058148913e-01,1.952976189138e-01,2.022717622836e-01,2.087632625612e-01,2.148044160651e-01,2.204250420709e-01,2.256527020109e-01,2.305128966181e-01,2.350292434761e-01,2.392236371579e-01,2.431163938751e-01,2.467263823038e-01,2.500711420750e-01,2.531669912515e-01,2.560291239132e-01,2.586716988856e-01,2.611079205227e-01,2.633501122883e-01,2.654097839775e-01,2.672976929667e-01,2.690239004078e-01,2.705978225551e-01,2.720282778254e-01,2.733235299649e-01,2.744913277609e-01,2.755389412760e-01,2.764731954942e-01,2.773005011732e-01,2.780268832590e-01,2.786580071127e-01,2.791992028160e-01,2.796554873524e-01,2.800315853215e-01,2.803319482134e-01,2.805607720692e-01,2.807220139112e-01,2.808194070746e-01,2.808564751248e-01,2.808365453797e-01,2.807627604734e-01,2.806380903198e-01,2.804653424826e-01,2.802471720223e-01,2.799860906729e-01,2.796844757711e-01,2.793445772869e-01,2.789685259825e-01,2.785583403554e-01,2.781159330522e-01,2.776431169579e-01,2.771416112977e-01,2.766130461484e-01,2.760589675913e-01,2.754808429606e-01,2.748800649433e-01,2.742579557020e-01,2.736157711110e-01,2.729547034782e-01,2.722758864761e-01,2.715803958127e-01,2.708692546282e-01,2.701434355345e-01,2.694038632904e-01,2.686514173213e-01,2.678869354641e-01,2.671112126537e-01,2.663250056713e-01,2.655290350377e-01,2.647239865273e-01,2.639105129400e-01,2.630892371857e-01,2.622607509376e-01,2.614256167153e-01,2.605843712585e-01,2.597375258170e-01,2.588855674086e-01,2.580289612115e-01,2.571681486499e-01,2.563035534109e-01,2.554355742150e-01,2.545645935077e-01,2.536909757162e-01,2.528150680918e-01,2.519372015047e-01,2.510576951933e-01,2.501768469313e-01,2.492949416774e-01,2.484122518179e-01,2.475290366714e-01,2.466455430342e-01,2.457620092524e-01,2.448786580237e-01,2.439956987660e-01,2.431133329069e-01,2.422317515690e-01,2.413511359274e-01,2.404716599593e-01,2.395934844195e-01,2.387167668329e-01,2.378416463186e-01,2.369682587326e-01,2.360967316706e-01,2.352271847043e-01,2.343597296131e-01,2.334944752676e-01,2.326315145941e-01,2.317709358715e-01,2.309128219009e-01,2.300572489007e-01,2.292042867845e-01,2.283540010821e-01,2.275064486480e-01,2.266616807043e-01,2.258197450146e-01,2.249806847343e-01,2.241445388028e-01,2.233113417666e-01,2.224811251920e-01,2.216539154044e-01,2.208297400413e-01,2.200086232245e-01,2.191905873347e-01,2.183756533738e-01,2.175638412992e-01,2.167551647211e-01,2.159496456701e-01,2.151473042574e-01,2.143481590401e-01,2.135522286099e-01,2.127595316714e-01,2.119700821829e-01,2.111839002357e-01,2.104010088941e-01,2.096214274688e-01,2.088451752077e-01,2.080722711870e-01,2.073027314850e-01,2.065365763429e-01
-3.582000180553e+00,-3.159661936415e+00,-2.795959131888e+00,-2.480775924471e+00,-2.206074432847e+00,-1.965403977181e+00,-1.753540246121e+00,-1.566216543159e+00,-1.399921225389e+00,-1.251743352559e+00,-1.119253876264e+00,-1.000413323876e+00,-8.934994398534e-01,-7.970500067281e-01,-7.098173161575e-01,-6.307316571243e-01,-5.588718388783e-01,-4.934412430248e-01,-4.337482519387e-01,-3.791901640079e-01,-3.292399043192e-01,-2.834349899465e-01,-2.413683235003e-01,-2.026804775133e-01,-1.670532003142e-01,-1.342039277041e-01,-1.038811265662e-01,-7.586032960911e-02,-4.994074666651e-02,-2.594235888569e-02,-3.703418918275e-03,1.692170641223e-02,3.606440324913e-02,5.384343148709e-02,7.036633549724e-02,8.573067527461e-02,1.000251035989e-01,1.133303107740e-01,1.257198551785e-01,1.372608950680e-01,1.480148348831e-01,1.580378970097e-01,1.673816289879e-01,1.760933539872e-01,1.842165718867e-01,1.917913169462e-01,1.988544773507e-01,2.054400811853e-01,2.115795527948e-01,2.173019429689e-01,2.226341359439e-01,2.276010358662e-01,2.322257349490e-01,2.365296653942e-01,2.405327368095e-01,2.442534606799e-01,2.477090632603e-01,2.509155880997e-01,2.538879892629e-01,2.566402162158e-01,2.591852911155e-01,2.615353795034e-01,2.637018546645e-01,2.656953566705e-01,2.675258463437e-01,2.692026547303e-01,2.707345284833e-01,2.721296715373e-01,2.733957834121e-01,2.745400944528e-01,2.755693983504e-01,2.764900818556e-01,2.773081525444e-01,2.780292642416e-01,2.786587405538e-01,2.792015966355e-01,2.796625593343e-01,2.800460858488e-01,2.803563810236e-01,2.805974135335e-01,2.807729302643e-01,2.808864710218e-01,2.809413804699e-01,2.809408206660e-01,2.808877820466e-01,2.807850938001e-01,2.806354335361e-01,2.804413363023e-01,2.802052030002e-01,2.799293082433e-01,2.796158080212e-01,2.792667456563e-01,2.788840590635e-01,2.784695865209e-01,2.780250722831e-01,2.775521718547e-01,2.770524569328e-01,2.765274200434e-01,2.759784788926e-01,2.754069810047e-01,2.748142055323e-01,2.742013703156e-01,2.735696316451e-01,2.729200896968e-01,2.722537909368e-01,2.715717309477e-01,2.708748570903e-01,2.701640710124e-01,2.694402310134e-01,2.687041542745e-01,2.679566201135e-01,2.671983687092e-01,2.664301060057e-01,2.656525046171e-01,2.648662054483e-01,2.640718192764e-01,2.632699282454e-01,2.624610872793e-01,2.616458254185e-01,2.608246489186e-01,2.599980357109e-01,2.591664479708e-01,2.583303212258e-01,2.574900727670e-01,2.566461006347e-01,2.557987845253e-01,2.549484866472e-01,2.540955525313e-01,2.532403117955e-01,2.523830788671e-01,2.515241569585e-01,2.506638292475e-01,2.498023683714e-01,2.489400344221e-01,2.480770753296e-01,2.472137273629e-01,2.463502155999e-01,2.454867543657e-01,2.446235476433e-01,2.437607936390e-01,2.428986696189e-01,2.420373583218e-01,2.411770214094e-01,2.403178163211e-01,2.394598920773e-01,2.386033895305e-01,2.377484416006e-01,2.368951734978e-01,2.360437029371e-01,2.351941403445e-01,2.343465931636e-01,2.335011535527e-01,2.326579109878e-01,2.318169486796e-01,2.309783435918e-01,2.301421666746e-01,2.293084831117e-01,2.284773525840e-01,2.276488295504e-01,2.268229645446e-01,2.259998002915e-01,2.251793784127e-01,2.243617346487e-01,2.235469021611e-01,2.227349109473e-01,2.219257882165e-01,2.211195587641e-01,2.203162453396e-01,2.195158690008e-01,2.187184494510e-01,2.179240011324e-01,2.171325452917e-01,2.163440996242e-01,2.155586813543e-01,2.147763075895e-01,2.139969954507e-01,2.132207621621e-01,2.124476251030e-01,2.116776018225e-01,2.109107045924e-01,2.101469606600e-01
-3.803886171000e+00,-3.359666125067e+00,-2.977020024339e+00,-2.645330165544e+00,-2.356159438132e+00,-2.102736388659e+00,-1.879576601035e+00,-1.682200686581e+00,-1.506921724996e+00,-1.350683290184e+00,-1.210934767723e+00,-1.085534473325e+00,-9.726737134960e-01,-8.708167749962e-01,-7.786531397975e-01,-6.950591627793e-01,-6.190671319870e-01,-5.498401315706e-01,-4.866514976714e-01,-4.288679338110e-01,-3.759355603025e-01,-3.273683299864e-01,-2.827383629862e-01,-2.416678462701e-01,-2.038222153904e-01,-1.689043920080e-01,-1.366498947219e-01,-1.068226754229e-01,-7.921156090913e-02,-5.362720144880e-02,-2.989944556146e-02,-7.875074451629e-03,1.258415901338e-02,3.160323258138e-02,4.929533635333e-02,6.576316596352e-02,8.110005406644e-02,9.539096276578e-02,1.087133561445e-01,1.211379691110e-01,1.327294863631e-01,1.435471431950e-01,1.536452584261e-01,1.630737077664e-01,1.718783452942e-01,1.801013793400e-01,1.877817083219e-01,1.949552213166e-01,2.016550675211e-01,2.079118982156e-01,2.137540843757e-01,2.192079126841e-01,2.242977623458e-01,2.290462648180e-01,2.334744483053e-01,2.376018686510e-01,2.414467280628e-01,2.450259829417e-01,2.483554419337e-01,2.514498551952e-01,2.543229957599e-01,2.569877338439e-01,2.594561046144e-01,2.617393702842e-01,2.638480769085e-01,2.657921064486e-01,2.675807245388e-01,2.692226243509e-01,2.707259669168e-01,2.720984182277e-01,2.733471833999e-01,2.744790381675e-01,2.755003579362e-01,2.764171446091e-01,2.772350513777e-01,2.779594056498e-01,2.785952302714e-01,2.791472632107e-01,2.796199757487e-01,2.800175893458e-01,2.803440913153e-01,2.806032497981e-01,2.807986266716e-01,2.809335906024e-01,2.810113286776e-01,2.810348573436e-01,2.810070326037e-01,2.809305595293e-01,2.808080011376e-01,2.806417866820e-01,2.804342193998e-01,2.801874837559e-01,2.799036522194e-01,2.795846916070e-01,2.792324690246e-01,2.788487574341e-01,2.784352408736e-01,2.779935194551e-01,2.775251138200e-01,2.770314692986e-01,2.765139598891e-01,2.759738935894e-01,2.754125134431e-01,2.748310026345e-01,2.742304872240e-01,2.736120391353e-01,2.729766789712e-01,2.723253786662e-01,2.716590639883e-01,2.709786168984e-01,2.702848777769e-01,2.695786475260e-01,2.688606895549e-01,2.681317316546e-01,2.673924677711e-01,2.666435596803e-01,2.658856385733e-01,2.651193068970e-01,2.643451392902e-01,2.635636834185e-01,2.627754610231e-01,2.619809741089e-01,2.611806977346e-01,2.603750867762e-01,2.595645755029e-01,2.587495785452e-01,2.579304918136e-01,2.571076933680e-01,2.562815442409e-01,2.554523892175e-01,2.546205575738e-01,2.537863637747e-01,2.529501081347e-01,2.521120774419e-01,2.512725455471e-01,2.504317739200e-01,2.495900121734e-01,2.487474994466e-01,2.479044635439e-01,2.470611201383e-01,2.462176728541e-01,2.453743256395e-01,2.445312627311e-01,2.436886629598e-01,2.428466964788e-01,2.420055250531e-01,2.411653023287e-01,2.403261740840e-01,2.394882784642e-01,2.386517462012e-01,2.378167008207e-01,2.369832588384e-01,2.361515299484e-01,2.353216172054e-01,2.344936172038e-01,2.336676202563e-01,2.328437105750e-01,2.320219672761e-01,2.312024630307e-01,2.303852636103e-01,2.295704288450e-01,2.287580196473e-01,2.279480853472e-01,2.271406731878e-01,2.263358261332e-01,2.255335831642e-01,2.247339795870e-01,2.239370473549e-01,2.231428153984e-01,2.223513099609e-01,2.215625549356e-01,2.207765721986e-01,2.199933819336e-01,2.192130029433e-01,2.184354529414e-01,2.176607488223e-01,2.168889069026e-01,2.161199419509e-01,2.153538690691e-01,2.145907056081e-01,2.138304717214e-01
-4.043378654875e+00,-3.575595163329e+00,-3.172549484459e+00,-2.823083586005e+00,-2.518330521686e+00,-2.251173468879e+00,-2.015847960211e+00,-1.807645602108e+00,-1.622690752190e+00,-1.457770337884e+00,-1.310202852231e+00,-1.177736557127e+00,-1.058469688765e+00,-9.507873985678e-01,-8.533115390792e-01,-7.648603923267e-01,-6.844161552260e-01,-6.110985221603e-01,-5.441430937357e-01,-4.828836309757e-01,-4.267373926808e-01,-3.751929594666e-01,-3.278000745098e-01,-2.841611287524e-01,-2.439239936255e-01,-2.067759633774e-01,-1.724386152528e-01,-1.406634322247e-01,-1.112280618988e-01,-8.393310826892e-02,-5.859937148209e-02,-3.506546565766e-02,-1.318575683962e-02,7.171427052494e-03,2.612535442897e-02,4.378425000640e-02,6.024648479251e-02,7.560161987681e-02,8.993132414676e-02,1.033101829912e-01,1.158064125179e-01,1.274824915701e-01,1.383957223611e-01,1.485987284914e-01,1.581398983886e-01,1.670637808030e-01,1.754114381830e-01,1.832207629637e-01,1.905267611352e-01,1.973618068867e-01,2.037558716392e-01,2.097367303552e-01,2.153301476564e-01,2.205600459663e-01,2.254486576273e-01,2.300166627051e-01,2.342833139926e-01,2.382665505479e-01,2.419831009467e-01,2.454485772944e-01,2.486775609190e-01,2.516836806144e-01,2.544796840594e-01,2.570775032059e-01,2.594883141208e-01,2.617225918410e-01,2.637901607042e-01,2.657002405731e-01,2.674614893292e-01,2.690820419744e-01,2.705695466435e-01,2.719311978026e-01,2.731737668780e-01,2.743036305410e-01,2.753267968480e-01,2.762489294195e-01,2.770753698216e-01,2.778111583017e-01,2.784610530119e-01,2.790295478460e-01,2.795208889149e-01,2.799390902693e-01,2.802879477118e-01,2.805710524356e-01,2.807918033385e-01,2.809534185709e-01,2.810589463022e-01,2.811112747640e-01,2.811131416245e-01,2.810671427456e-01,2.809757403657e-01,2.808412707521e-01,2.806659513613e-01,2.804518875417e-01,2.802010788120e-01,2.799154247458e-01,2.795967304891e-01,2.792467119368e-01,2.788670005917e-01,2.784591481279e-01,2.780246303491e-01,2.775648525234e-01,2.770811512361e-01,2.765747992364e-01,2.760470084784e-01,2.754989332828e-01,2.749316733173e-01,2.743462764043e-01,2.737437411703e-01,2.731250195440e-01,2.724910191149e-01,2.718426053602e-01,2.711806037476e-01,2.705058017231e-01,2.698189505896e-01,2.691207672833e-01,2.684119360545e-01,2.676931100576e-01,2.669649128567e-01,2.662279398507e-01,2.654827585488e-01,2.647299141178e-01,2.639699242396e-01,2.632032844649e-01,2.624304682596e-01,2.616519280377e-01,2.608680961416e-01,2.600793857709e-01,2.592861918644e-01,2.584888919363e-01,2.576878468691e-01,2.568834016665e-01,2.560758861662e-01,2.552656157163e-01,2.544528918164e-01,2.536380027243e-01,2.528212240312e-01,2.520028192047e-01,2.511830401037e-01,2.503621274630e-01,2.495403085833e-01,2.487178088145e-01,2.478948354259e-01,2.470715889804e-01,2.462482609538e-01,2.454250340708e-01,2.446020826195e-01,2.437795727453e-01,2.429576627254e-01,2.421365032248e-01,2.413162375351e-01,2.404970017976e-01,2.396789252114e-01,2.388621302288e-01,2.380467327397e-01,2.372328422458e-01,2.364205620279e-01,2.356099893073e-01,2.348012154041e-01,2.339943258945e-01,2.331893978998e-01,2.323865119807e-01,2.315857343420e-01,2.307871292169e-01,2.299907559468e-01,2.291966691793e-01,2.284049190799e-01,2.276155515571e-01,2.268286085021e-01,2.260441280428e-01,2.252621448107e-01,2.244826902199e-01,2.237057927555e-01,2.229314782691e-01,2.221597702776e-01,2.213906902625e-01,2.206242579636e-01,2.198604916655e-01,2.190994084705e-01,2.183410245537e-01,2.175853587765e-01
-4.302331279757e+00,-3.809127328888e+00,-3.384073903782e+00,-3.015430169637e+00,-2.693865550646e+00,-2.411890697686e+00,-2.163439067672e+00,-1.943555249803e+00,-1.748160033923e+00,-1.573871377155e+00,-1.417866581334e+00,-1.277775194755e+00,-1.151595059390e+00,-1.037625963639e+00,-9.344168081803e-01,-8.407232317181e-01,-7.554733976769e-01,-6.777401957170e-01,-6.067185209866e-01,-5.417065993602e-01,-4.820905567256e-01,-4.273316047632e-01,-3.769553487938e-01,-3.305428260197e-01,-2.877229617569e-01,-2.481661933289e-01,-2.115790598607e-01,-1.776995945707e-01,-1.462933865759e-01,-1.171502034919e-01,-9.008108555112e-02,-6.491583762216e-02,-4.150085818088e-02,-1.969725457738e-02,6.207976590730e-04,1.956748685379e-02,3.724661827664e-02,5.375271333435e-02,6.917197604041e-02,8.358314472072e-02,9.705824424425e-02,1.096632517061e-01,1.214586869745e-01,1.325001372752e-01,1.428387243328e-01,1.525215210204e-01,1.615919236575e-01,1.700899852522e-01,1.780527142869e-01,1.855143430425e-01,1.925065689494e-01,1.990587720059e-01,2.051982109299e-01,2.109502003772e-01,2.163382712791e-01,2.213843161033e-01,2.261087206309e-01,2.305304836533e-01,2.346673258341e-01,2.385357888345e-01,2.421513256787e-01,2.455283832500e-01,2.486804776317e-01,2.516202630591e-01,2.543595950432e-01,2.569095882360e-01,2.592806695265e-01,2.614826268094e-01,2.635246538213e-01,2.654153914015e-01,2.671629654961e-01,2.687750221954e-01,2.702587600627e-01,2.716209599910e-01,2.728680127995e-01,2.740059447602e-01,2.750404412315e-01,2.759768685536e-01,2.768202943511e-01,2.775755063716e-01,2.782470299108e-01,2.788391443650e-01,2.793558978702e-01,2.798011217057e-01,2.801784433033e-01,2.804912984525e-01,2.807429426796e-01,2.809364618649e-01,2.810747821535e-01,2.811606792139e-01,2.811967868917e-01,2.811856053023e-01,2.811295084042e-01,2.810307510898e-01,2.808914758275e-01,2.807137188881e-01,2.804994161834e-01,2.802504087452e-01,2.799684478681e-01,2.796551999401e-01,2.793122507155e-01,2.789411107491e-01,2.785432175276e-01,2.781199405833e-01,2.776725846991e-01,2.772023932582e-01,2.767105514016e-01,2.761981890040e-01,2.756663834812e-01,2.751161624390e-01,2.745485061728e-01,2.739643500293e-01,2.733645866364e-01,2.727500680117e-01,2.721216075553e-01,2.714799819346e-01,2.708259328680e-01,2.701601688128e-01,2.694833665637e-01,2.687961727663e-01,2.680992044846e-01,2.673930543508e-01,2.666782857245e-01,2.659554382733e-01,2.652250279798e-01,2.644875482413e-01,2.637434709142e-01,2.629932473045e-01,2.622373091094e-01,2.614760693097e-01,2.607099230195e-01,2.599392482910e-01,2.591644068808e-01,2.583857449765e-01,2.576035938876e-01,2.568182707009e-01,2.560300789034e-01,2.552393089733e-01,2.544462389410e-01,2.536511349208e-01,2.528542492864e-01,2.520558313573e-01,2.512561112784e-01,2.504553122839e-01,2.496536479577e-01,2.488513226147e-01,2.480485316613e-01,2.472454619332e-01,2.464422920145e-01,2.456391925365e-01,2.448363264585e-01,2.440338493301e-01,2.432319095373e-01,2.424306485322e-01,2.416302010476e-01,2.408306952978e-01,2.400322531666e-01,2.392349903833e-01,2.384390166888e-01,2.376444359928e-01,2.368513431794e-01,2.360598390505e-01,2.352700060780e-01,2.344819262723e-01,2.336956765229e-01,2.329113287403e-01,2.321289500006e-01,2.313486026964e-01,2.305703446957e-01,2.297942295093e-01,2.290203064686e-01,2.282486209155e-01,2.274792144038e-01,2.267121249125e-01,2.259473870719e-01,2.251850324000e-01,2.244250895487e-01,2.236675845588e-01,2.229125411190e-01,2.221599808292e-01,2.214099252661e-01
-4.582846673588e+00,-4.062166422015e+00,-3.613324877412e+00,-3.223951388535e+00,-2.884214343182e+00,-2.586221804401e+00,-2.323580773460e+00,-2.091068883268e+00,-1.884386921948e+00,-1.699970233841e+00,-1.534843528770e+00,-1.386508054770e+00,-1.252853151635e+00,-1.132086350338e+00,-1.022677707336e+00,-9.233151580682e-01,-8.328684678530e-01,-7.503599408594e-01,-6.749404786746e-01,-6.058699015861e-01,-5.425006877747e-01,-4.842644692904e-01,-4.306607639662e-01,-3.812475305879e-01,-3.356332182237e-01,-2.934700459558e-01,-2.544483004451e-01,-2.182914791606e-01,-1.847521391598e-01,-1.536083368629e-01,-1.246605647521e-01,-9.772910742452e-02,-7.265175279070e-02,-4.928180495406e-02,-2.748635440562e-02,-7.144768095095e-03,1.185263186644e-02,2.960572727872e-02,4.620562301718e-02,6.173554521669e-02,7.627163458788e-02,8.988364848699e-02,1.026355837974e-01,1.145862302242e-01,1.257896630535e-01,1.362956826661e-01,1.461502072870e-01,1.553956245517e-01,1.640711067377e-01,1.722128938754e-01,1.798545484112e-01,1.870271846335e-01,1.937596756576e-01,2.000788404848e-01,2.060096131918e-01,2.115751962608e-01,2.167971996761e-01,2.216957672784e-01,2.262896916871e-01,2.305965189538e-01,2.346326439748e-01,2.384133975843e-01,2.419531261368e-01,2.452652643053e-01,2.483624017536e-01,2.512563442540e-01,2.539581697724e-01,2.564782799857e-01,2.588264476499e-01,2.610118601932e-01,2.630431598730e-01,2.649284808000e-01,2.666754831318e-01,2.682913845534e-01,2.697829895113e-01,2.711567161820e-01,2.724186214544e-01,2.735744240804e-01,2.746295261416e-01,2.755890329717e-01,2.764577716022e-01,2.772403082245e-01,2.779409637108e-01,2.785638288470e-01,2.791127780942e-01,2.795914825028e-01,2.800034217546e-01,2.803518953993e-01,2.806400333451e-01,2.808708056599e-01,2.810470317324e-01,2.811713888416e-01,2.812464203190e-01,2.812745426590e-01,2.812580529186e-01,2.811991352127e-01,2.810998668930e-01,2.809622243523e-01,2.807880884750e-01,2.805792497572e-01,2.803374129017e-01,2.800642024087e-01,2.797611649586e-01,2.794297748335e-01,2.790714372976e-01,2.786874921501e-01,2.782792170742e-01,2.778478307949e-01,2.773944960573e-01,2.769203224374e-01,2.764263689956e-01,2.759136467829e-01,2.753831216959e-01,2.748357153450e-01,2.742723084279e-01,2.736937423848e-01,2.731008212659e-01,2.724943135247e-01,2.718749537162e-01,2.712434441061e-01,2.706004555005e-01,2.699466321208e-01,2.692825869345e-01,2.686089075319e-01,2.679261560886e-01,2.672348705367e-01,2.665355656762e-01,2.658287342309e-01,2.651148478516e-01,2.643943580691e-01,2.636676971997e-01,2.629352792064e-01,2.621975019636e-01,2.614547439417e-01,2.607073687253e-01,2.599557246675e-01,2.592001454785e-01,2.584409508627e-01,2.576784471242e-01,2.569129277426e-01,2.561446720060e-01,2.553739549871e-01,2.546010313310e-01,2.538261484362e-01,2.530495433549e-01,2.522714432161e-01,2.514920656271e-01,2.507116190535e-01,2.499303031797e-01,2.491483092494e-01,2.483658203874e-01,2.475830119038e-01,2.468000548567e-01,2.460171068700e-01,2.452343212546e-01,2.444518447364e-01,2.436698174918e-01,2.428883733573e-01,2.421076400248e-01,2.413277392257e-01,2.405487835176e-01,2.397708931916e-01,2.389941665004e-01,2.382187029063e-01,2.374445966717e-01,2.366719369899e-01,2.359008081119e-01,2.351312894705e-01,2.343634558024e-01,2.335973772712e-01,2.328331195917e-01,2.320707441583e-01,2.313103107231e-01,2.305518695143e-01,2.297954695427e-01,2.290411562390e-01,2.282889714574e-01,2.275389536506e-01,2.267911380569e-01,2.260455568951e-01,2.253022395589e-01
-4.887317554075e+00,-4.336879011273e+00,-3.862273102679e+00,-3.450447183342e+00,-3.091027088875e+00,-2.775684930586e+00,-2.497674195328e+00,-2.251483429448e+00,-2.032575179006e+00,-1.837187033479e+00,-1.662178456422e+00,-1.504911754759e+00,-1.363158766544e+00,-1.235027112451e+00,-1.118901464145e+00,-1.013396437130e+00,-9.173185537583e-01,-8.296353358661e-01,-7.494500414728e-01,-6.759808988700e-01,-6.085439468851e-01,-5.465387838431e-01,-4.894366757823e-01,-4.367705884730e-01,-3.881267960899e-01,-3.431377882262e-01,-3.014762509794e-01,-2.628499404519e-01,-2.269973008459e-01,-1.936837061822e-01,-1.626982265627e-01,-1.338508369603e-01,-1.069700008305e-01,-8.190057220726e-02,-5.850196929196e-02,-3.664658021256e-02,-1.621836779613e-02,2.888354305783e-03,2.076999785550e-02,3.751464855622e-02,5.320290386489e-02,6.790861447095e-02,8.169954219482e-02,9.463794437819e-02,1.067810943870e-01,1.181817458881e-01,1.288885477469e-01,1.389464154395e-01,1.483968640740e-01,1.572783075780e-01,1.656263277198e-01,1.734739165518e-01,1.808516951525e-01,1.877881112764e-01,1.943096181968e-01,2.004408367425e-01,2.062047023543e-01,2.116225986170e-01,2.167144787506e-01,2.214989762515e-01,2.259935057720e-01,2.302143551902e-01,2.341767697900e-01,2.378950292194e-01,2.413825180065e-01,2.446517901997e-01,2.477146286889e-01,2.505820997001e-01,2.532646029206e-01,2.557719175784e-01,2.581132449587e-01,2.602972475758e-01,2.623320853257e-01,2.642254488810e-01,2.659845905625e-01,2.676163529408e-01,2.691271951886e-01,2.705232176551e-01,2.718101845944e-01,2.729935452503e-01,2.740784534054e-01,2.750697858255e-01,2.759721587565e-01,2.767899440297e-01,2.775272836465e-01,2.781881034601e-01,2.787761259357e-01,2.792948820571e-01,2.797477225763e-01,2.801378280461e-01,2.804682188369e-01,2.807417641549e-01,2.809611905308e-01,2.811290897823e-01,2.812479264758e-01,2.813200451064e-01,2.813476761859e-01,2.813329427504e-01,2.812778661299e-01,2.811843713341e-01,2.810542919850e-01,2.808893760803e-01,2.806912887073e-01,2.804616177186e-01,2.802018773314e-01,2.799135119001e-01,2.795978994737e-01,2.792563551496e-01,2.788901347019e-01,2.785004362940e-01,2.780884044055e-01,2.776551322505e-01,2.772016642416e-01,2.767289983693e-01,2.762380884519e-01,2.757298468751e-01,2.752051450277e-01,2.746648163860e-01,2.741096582685e-01,2.735404333913e-01,2.729578709358e-01,2.723626711522e-01,2.717555010541e-01,2.711370003615e-01,2.705077815100e-01,2.698684308975e-01,2.692195100687e-01,2.685615568403e-01,2.678950877821e-01,2.672205953413e-01,2.665385522108e-01,2.658494114868e-01,2.651536073827e-01,2.644515560611e-01,2.637436564250e-01,2.630302926448e-01,2.623118302585e-01,2.615886203253e-01,2.608609999072e-01,2.601292922301e-01,2.593938057267e-01,2.586548431483e-01,2.579126859730e-01,2.571676077176e-01,2.564198707437e-01,2.556697267191e-01,2.549174170580e-01,2.541631733386e-01,2.534072213194e-01,2.526497712257e-01,2.518910270273e-01,2.511311847482e-01,2.503704323745e-01,2.496089501613e-01,2.488469109233e-01,2.480844843628e-01,2.473218265646e-01,2.465590885245e-01,2.457964158738e-01,2.450339480282e-01,2.442718152578e-01,2.435101561809e-01,2.427490850170e-01,2.419887182073e-01,2.412291668799e-01,2.404705370005e-01,2.397129295143e-01,2.389564404797e-01,2.382011666608e-01,2.374471897643e-01,2.366945911604e-01,2.359434484599e-01,2.351938349642e-01,2.344458197740e-01,2.336994678979e-01,2.329548442308e-01,2.322120025092e-01,2.314709948830e-01,2.307318709862e-01,2.299946769454e-01,2.292594539193e-01
-5.218475968243e+00,-4.635739046723e+00,-4.133168984568e+00,-3.696973074053e+00,-3.316188394177e+00,-2.982013972036e+00,-2.687319664278e+00,-2.426280300124e+00,-2.194099882326e+00,-1.986801391669e+00,-1.801064960712e+00,-1.634102111386e+00,-1.483557162785e+00,-1.347429307155e+00,-1.224010551035e+00,-1.111835938042e+00,-1.009643354485e+00,-9.163408681461e-01,-8.309800304646e-01,-7.527339307101e-01,-6.808790607347e-01,-6.147802532444e-01,-5.538781131568e-01,-4.976784818581e-01,-4.457435676464e-01,-3.976844482466e-01,-3.531547084441e-01,-3.118450208088e-01,-2.734785134111e-01,-2.378067967109e-01,-2.046065447378e-01,-1.736765440935e-01,-1.448351390772e-01,-1.179180134933e-01,-9.277625947354e-02,-6.927469165202e-02,-4.729037183902e-02,-2.671131470549e-02,-7.435349556933e-03,1.063088274730e-02,2.757281592842e-02,4.346874254024e-02,5.839050987035e-02,7.240413808231e-02,8.557037082932e-02,9.794516640678e-02,1.095801366599e-01,1.205229400134e-01,1.308176337834e-01,1.405049906824e-01,1.496227835588e-01,1.582060419206e-01,1.662872834579e-01,1.738967232116e-01,1.810624628320e-01,1.878106621129e-01,1.941656946105e-01,2.001502890357e-01,2.057856578896e-01,2.110916145541e-01,2.160866801199e-01,2.207881808593e-01,2.252123373972e-01,2.293743461799e-01,2.332884541651e-01,2.369680272834e-01,2.404256132771e-01,2.436729994181e-01,2.467212655893e-01,2.495808331488e-01,2.522615099458e-01,2.547725318455e-01,2.571226010193e-01,2.593199213263e-01,2.613722310606e-01,2.632868332153e-01,2.650706235338e-01,2.667301164926e-01,2.682714693148e-01,2.697005044382e-01,2.710227302227e-01,2.722433604628e-01,2.733673319544e-01,2.743993215310e-01,2.753437615468e-01,2.762048543923e-01,2.769865861383e-01,2.776927389070e-01,2.783269028525e-01,2.788924871924e-01,2.793927304861e-01,2.798307103830e-01,2.802093524542e-01,2.805314386405e-01,2.807996153609e-01,2.810164008547e-01,2.811841922309e-01,2.813052719927e-01,2.813818137963e-01,2.814158887280e-01,2.814094704088e-01,2.813644409547e-01,2.812825940852e-01,2.811656410204e-01,2.810152143388e-01,2.808328719890e-01,2.806201014635e-01,2.803783223734e-01,2.801088905162e-01,2.798131010649e-01,2.794921914543e-01,2.791473445747e-01,2.787796907630e-01,2.783903103336e-01,2.779802366069e-01,2.775504578710e-01,2.771019197891e-01,2.766355273620e-01,2.761521456094e-01,2.756526030472e-01,2.751376923718e-01,2.746081748082e-01,2.740647762962e-01,2.735081933449e-01,2.729390931535e-01,2.723581149409e-01,2.717658724015e-01,2.711629518645e-01,2.705499156042e-01,2.699273029525e-01,2.692956309807e-01,2.686553965469e-01,2.680070751725e-01,2.673511219586e-01,2.666879743011e-01,2.660180517906e-01,2.653417577328e-01,2.646594796584e-01,2.639715864724e-01,2.632784338830e-01,2.625803620528e-01,2.618777037833e-01,2.611707700272e-01,2.604598627645e-01,2.597452719125e-01,2.590272758243e-01,2.583061449540e-01,2.575821341005e-01,2.568554887704e-01,2.561264456226e-01,2.553952319201e-01,2.546620686149e-01,2.539271653680e-01,2.531907211148e-01,2.524529291212e-01,2.517139749597e-01,2.509740385962e-01,2.502332939955e-01,2.494919011185e-01,2.487500175476e-01,2.480077917627e-01,2.472653801238e-01,2.465229135482e-01,2.457805254136e-01,2.450383435530e-01,2.442964904346e-01,2.435550894710e-01,2.428142488996e-01,2.420740741344e-01,2.413346677066e-01,2.405961275301e-01,2.398585514421e-01,2.391220280351e-01,2.383866380270e-01,2.376524619365e-01,2.369195762288e-01,2.361880557188e-01,2.354579721198e-01,2.347293843965e-01,2.340023536179e-01,2.332769346334e-01
-5.579452551124e+00,-4.961581552507e+00,-4.428591506304e+00,-3.965884825965e+00,-3.561858260206e+00,-3.207196303450e+00,-2.894351566525e+00,-2.617157666972e+00,-2.370537401970e+00,-2.150280330048e+00,-1.952871530037e+00,-1.775358517450e+00,-1.615246909705e+00,-1.470417961052e+00,-1.339062885384e+00,-1.219630174788e+00,-1.110783058805e+00,-1.011364935564e+00,-9.203711137521e-01,-8.369255835812e-01,-7.602618203900e-01,-6.897068411787e-01,-6.246678997680e-01,-5.646213334933e-01,-5.091031734810e-01,-4.577012071989e-01,-4.100482424366e-01,-3.658163696752e-01,-3.247120574274e-01,-2.864719453994e-01,-2.508592243509e-01,-2.176605112720e-01,-1.866831439496e-01,-1.577528319434e-01,-1.307116113238e-01,-1.054160592940e-01,-8.173573167602e-02,-5.955179203836e-02,-3.875580611051e-02,-1.924867917338e-02,-9.397174855587e-04,1.625420252717e-02,3.240937150851e-02,4.759590203252e-02,6.187831197038e-02,7.531604483575e-02,8.796393499198e-02,9.987262392394e-02,1.110889336625e-01,1.216562021656e-01,1.316145851577e-01,1.410013279586e-01,1.498510108267e-01,1.581957706688e-01,1.660655017374e-01,1.734880374320e-01,1.804893152523e-01,1.870935266996e-01,1.933232536614e-01,1.991995926184e-01,2.047422678646e-01,2.099697348768e-01,2.148992749152e-01,2.195470813977e-01,2.239283391283e-01,2.280572969115e-01,2.319473342280e-01,2.356110224451e-01,2.390601811436e-01,2.423059299691e-01,2.453587363872e-01,2.482284597308e-01,2.509243918670e-01,2.534552947741e-01,2.558294352422e-01,2.580546170041e-01,2.601382105256e-01,2.620871806021e-01,2.639081119182e-01,2.656072327504e-01,2.671904370832e-01,2.686633052566e-01,2.700311227030e-01,2.712988979848e-01,2.724713792588e-01,2.735530698078e-01,2.745482421381e-01,2.754609516357e-01,2.762950490699e-01,2.770541924183e-01,2.777418575289e-01,2.783613485456e-01,2.789158075499e-01,2.794082236347e-01,2.798414410687e-01,2.802181672366e-01,2.805409802375e-01,2.808123358747e-01,2.810345740235e-01,2.812099245724e-01,2.813405134935e-01,2.814283688643e-01,2.814754244237e-01,2.814835256770e-01,2.814544340469e-01,2.813898315704e-01,2.812913237888e-01,2.811604444853e-01,2.809986591111e-01,2.808073685453e-01,2.805879112154e-01,2.803415667733e-01,2.800695590963e-01,2.797730592562e-01,2.794531871722e-01,2.791110141895e-01,2.787475659843e-01,2.783638248154e-01,2.779607310136e-01,2.775391843043e-01,2.771000466166e-01,2.766441456674e-01,2.761722717175e-01,2.756851832388e-01,2.751836071957e-01,2.746682417545e-01,2.741397541563e-01,2.735987848870e-01,2.730459484005e-01,2.724818353861e-01,2.719070106554e-01,2.713220161764e-01,2.707273724948e-01,2.701235804544e-01,2.695111194657e-01,2.688904488739e-01,2.682620105686e-01,2.676262299835e-01,2.669835152181e-01,2.663342560132e-01,2.656788271922e-01,2.650175943934e-01,2.643509009694e-01,2.636790800630e-01,2.630024517532e-01,2.623213270898e-01,2.616359991216e-01,2.609467513223e-01,2.602538566737e-01,2.595575810151e-01,2.588581749212e-01,2.581558794671e-01,2.574509276953e-01,2.567435468919e-01,2.560339521267e-01,2.553223480364e-01,2.546089336725e-01,2.538939032182e-01,2.531774421801e-01,2.524597236179e-01,2.517409152453e-01,2.510211913729e-01,2.503007008846e-01,2.495795946835e-01,2.488580177625e-01,2.481361169843e-01,2.474140203789e-01,2.466918551426e-01,2.459697445808e-01,2.452478139353e-01,2.445261730443e-01,2.438049279330e-01,2.430841828759e-01,2.423640435999e-01,2.416446046186e-01,2.409259528378e-01,2.402081756055e-01,2.394913607571e-01,2.387755896068e-01,2.380609317183e-01,2.373474560830e-01
-5.973848200827e+00,-5.317667571401e+00,-4.751507343118e+00,-4.259892479108e+00,-3.830521651969e+00,-3.453518415250e+00,-3.120880493012e+00,-2.826069505177e+00,-2.563701667597e+00,-2.329312050577e+00,-2.119173072862e+00,-1.930153437805e+00,-1.759607538901e+00,-1.605288043792e+00,-1.465276272016e+00,-1.337926347778e+00,-1.221820101446e+00,-1.115730420664e+00,-1.018591291325e+00,-9.294731696405e-01,-8.475626288100e-01,-7.721454542066e-01,-7.025925359019e-01,-6.383480420339e-01,-5.789194619565e-01,-5.238691890660e-01,-4.728073774607e-01,-4.253858571285e-01,-3.812929323510e-01,-3.402489199152e-01,-3.020023096469e-01,-2.663264500180e-01,-2.330166784174e-01,-2.018878294825e-01,-1.727720656178e-01,-1.455169830094e-01,-1.199839539087e-01,-9.604667237250e-02,-7.358987525542e-02,-5.250821468654e-02,-3.270526226578e-02,-1.409262752370e-02,3.410824391838e-03,1.987966761876e-02,3.538253462478e-02,4.998266855305e-02,6.373841679344e-02,7.670367285748e-02,8.892827271134e-02,1.004583509249e-01,1.113366608362e-01,1.216028631942e-01,1.312937867301e-01,1.404436634751e-01,1.490843417680e-01,1.572454793351e-01,1.649547185392e-01,1.722378454578e-01,1.791189346947e-01,1.856204813849e-01,1.917635213923e-01,1.975677410888e-01,2.030515778817e-01,2.082323119344e-01,2.131261503328e-01,2.177483042722e-01,2.221130598538e-01,2.262338431392e-01,2.301232800085e-01,2.337932512672e-01,2.372549433829e-01,2.405188953235e-01,2.435950417678e-01,2.464927530266e-01,2.492208719780e-01,2.517877482401e-01,2.542012697661e-01,2.564688922245e-01,2.585976662399e-01,2.605942625359e-01,2.624649954662e-01,2.642158449542e-01,2.658524765024e-01,2.673802603143e-01,2.688042888934e-01,2.701293933333e-01,2.713601586386e-01,2.725009381187e-01,2.735558667714e-01,2.745288734323e-01,2.754236927739e-01,2.762438762477e-01,2.769928019789e-01,2.776736845279e-01,2.782895839804e-01,2.788434143109e-01,2.793379509237e-01,2.797758385139e-01,2.801595981371e-01,2.804916330508e-01,2.807742353479e-01,2.810095923158e-01,2.811997904400e-01,2.813468217166e-01,2.814525883918e-01,2.815189069876e-01,2.815475126998e-01,2.815400638740e-01,2.814981459321e-01,2.814232737566e-01,2.813168964009e-01,2.811804003595e-01,2.810151114427e-01,2.808222983671e-01,2.806031758682e-01,2.803589070774e-01,2.800906047871e-01,2.797993352791e-01,2.794861208212e-01,2.791519394663e-01,2.787977286124e-01,2.784243886358e-01,2.780327801130e-01,2.776237292454e-01,2.771980291254e-01,2.767564396223e-01,2.762996891706e-01,2.758284774201e-01,2.753434768164e-01,2.748453301994e-01,2.743346558687e-01,2.738120488058e-01,2.732780783080e-01,2.727332911131e-01,2.721782134706e-01,2.716133514551e-01,2.710391884981e-01,2.704561905710e-01,2.698648078002e-01,2.692654688034e-01,2.686585859445e-01,2.680445608900e-01,2.674237726159e-01,2.667965884734e-01,2.661633638039e-01,2.655244380397e-01,2.648801362561e-01,2.642307731591e-01,2.635766542633e-01,2.629180666597e-01,2.622552899065e-01,2.615885966192e-01,2.609182438537e-01,2.602444791288e-01,2.595675436235e-01,2.588876708747e-01,2.582050786504e-01,2.575199804213e-01,2.568325875324e-01,2.561430934744e-01,2.554516856565e-01,2.547585573144e-01,2.540638769951e-01,2.533678143146e-01,2.526705374841e-01,2.519722029402e-01,2.512729582117e-01,2.505729500587e-01,2.498723257955e-01,2.491712120003e-01,2.484697381163e-01,2.477680363044e-01,2.470662223223e-01,2.463644081000e-01,2.456627073722e-01,2.449612318972e-01,2.442600753809e-01,2.435593356503e-01,2.428591171014e-01,2.421595014823e-01,2.414605699924e-01
-6.405821231834e+00,-5.707763136437e+00,-5.105342745808e+00,-4.582126051002e+00,-4.125048780288e+00,-3.723621412273e+00,-3.369344499520e+00,-3.055273079283e+00,-2.775688279633e+00,-2.525847014799e+00,-2.301789263876e+00,-2.100188285315e+00,-1.918233179590e+00,-1.753536063491e+00,-1.604058136713e+00,-1.468050373841e+00,-1.344005630322e+00,-1.230619720809e+00,-1.126759600672e+00,-1.031437208960e+00,-9.437878508337e-01,-8.630522418293e-01,-7.885615231459e-01,-7.197246990328e-01,-6.560180600485e-01,-5.969762415603e-01,-5.421846351347e-01,-4.912729242611e-01,-4.439095581042e-01,-3.997970112348e-01,-3.586677042284e-01,-3.202804819967e-01,-2.844175647188e-01,-2.508819001466e-01,-2.194948581536e-01,-1.900942181839e-01,-1.625324076048e-01,-1.366749560339e-01,-1.123991361278e-01,-8.959276527672e-02,-6.815314703624e-02,-4.798613422530e-02,-2.900529732514e-02,-1.113118580367e-02,5.709329950059e-03,2.158364592514e-02,3.655394904900e-02,5.067768708058e-02,6.400799016035e-02,7.659404917197e-02,8.848145640037e-02,9.971251257494e-02,1.103265036917e-01,1.203599514229e-01,1.298468397646e-01,1.388188202260e-01,1.473053982484e-01,1.553341025668e-01,1.629306391353e-01,1.701190315350e-01,1.769217489678e-01,1.833598229550e-01,1.894529543596e-01,1.952196109499e-01,2.006771169653e-01,2.058417353191e-01,2.107287428523e-01,2.153524996250e-01,2.197265126696e-01,2.238634945605e-01,2.277754174905e-01,2.314735631301e-01,2.349685686081e-01,2.382704690511e-01,2.413887368842e-01,2.443323182239e-01,2.471096665856e-01,2.497287740926e-01,2.521972005051e-01,2.545221001014e-01,2.567102466300e-01,2.587680567012e-01,2.607016111865e-01,2.625166755269e-01,2.642187185150e-01,2.658129295603e-01,2.673042352341e-01,2.686973144978e-01,2.699966126722e-01,2.712063550333e-01,2.723305592013e-01,2.733730465055e-01,2.743374532463e-01,2.752272407922e-01,2.760457048837e-01,2.767959850402e-01,2.774810727795e-01,2.781038192980e-01,2.786669433924e-01,2.791730381182e-01,2.796245771339e-01,2.800239218060e-01,2.803733256428e-01,2.806749408551e-01,2.809308235164e-01,2.811429373691e-01,2.813131595382e-01,2.814432847537e-01,2.815350283722e-01,2.815900314941e-01,2.816098643443e-01,2.815960286933e-01,2.815499625055e-01,2.814730425451e-01,2.813665863668e-01,2.812318565965e-01,2.810700627923e-01,2.808823631730e-01,2.806698686055e-01,2.804336437216e-01,2.801747083397e-01,2.798940424106e-01,2.795925835212e-01,2.792712321463e-01,2.789308532958e-01,2.785722749107e-01,2.781962928693e-01,2.778036720857e-01,2.773951447437e-01,2.769714153947e-01,2.765331613989e-01,2.760810311555e-01,2.756156493206e-01,2.751376164855e-01,2.746475075902e-01,2.741458772751e-01,2.736332586556e-01,2.731101621437e-01,2.725770809294e-01,2.720344886736e-01,2.714828384196e-01,2.709225714759e-01,2.703541060002e-01,2.697778472115e-01,2.691941877903e-01,2.686034997469e-01,2.680061444297e-01,2.674024720191e-01,2.667928136297e-01,2.661774919283e-01,2.655568193637e-01,2.649310908374e-01,2.643005948981e-01,2.636656103932e-01,2.630264001230e-01,2.623832225437e-01,2.617363264736e-01,2.610859462316e-01,2.604323137442e-01,2.597756508797e-01,2.591161652221e-01,2.584540705510e-01,2.577895570930e-01,2.571228154520e-01,2.564540359618e-01,2.557833879051e-01,2.551110425327e-01,2.544371703923e-01,2.537619218692e-01,2.530854511350e-01,2.524079107111e-01,2.517294341209e-01,2.510501604680e-01,2.503702257135e-01,2.496897483343e-01,2.490088541299e-01,2.483276637087e-01,2.476462821204e-01,2.469648233858e-01,2.462833937486e-01,2.456020835020e-01
-6.880193944263e+00,-6.136235838585e+00,-5.494071443591e+00,-4.936215883565e+00,-4.448768820291e+00,-4.020568887098e+00,-3.642571797988e+00,-3.307387020985e+00,-3.008928457952e+00,-2.742148186751e+00,-2.502831448813e+00,-2.287437304498e+00,-2.092973700822e+00,-1.916898715565e+00,-1.757041899239e+00,-1.611541176143e+00,-1.478791885688e+00,-1.357405370268e+00,-1.246175119308e+00,-1.144048936213e+00,-1.050105935436e+00,-9.635374349612e-01,-8.836310102190e-01,-8.097571248569e-01,-7.413578746752e-01,-6.779374714159e-01,-6.190541661854e-01,-5.643133692687e-01,-5.133617681433e-01,-4.658822818632e-01,-4.215897187044e-01,-3.802270275430e-01,-3.415620518701e-01,-3.053847112563e-01,-2.715045470539e-01,-2.397485795402e-01,-2.099594325476e-01,-1.819936876667e-01,-1.557204369638e-01,-1.310200071701e-01,-1.077828323284e-01,-8.590845618575e-02,-6.530464658070e-02,-4.588660880849e-02,-2.757628465367e-02,-1.030172705308e-02,6.003458661908e-03,2.140061549207e-02,3.594648341403e-02,4.969360271386e-02,6.269067691271e-02,7.498289955015e-02,8.661224952409e-02,9.761775764617e-02,1.080357480663e-01,1.179000572022e-01,1.272422320902e-01,1.360917110158e-01,1.444759875783e-01,1.524207601993e-01,1.599500686987e-01,1.670864185707e-01,1.738508951237e-01,1.802632674317e-01,1.863420839027e-01,1.921047598212e-01,1.975676576032e-01,2.027461607964e-01,2.076547418706e-01,2.123070248123e-01,2.167158427842e-01,2.208932912123e-01,2.248507769480e-01,2.285990635568e-01,2.321483132779e-01,2.355081258503e-01,2.386875744519e-01,2.416952390437e-01,2.445392372830e-01,2.472272532662e-01,2.497665641409e-01,2.521640650227e-01,2.544262919322e-01,2.565594434193e-01,2.585694005284e-01,2.604617454240e-01,2.622417789763e-01,2.639145367778e-01,2.654848045534e-01,2.669571323046e-01,2.683358474511e-01,2.696250675695e-01,2.708287116668e-01,2.719505113480e-01,2.729940210644e-01,2.739626273727e-01,2.748595584517e-01,2.756878920675e-01,2.764505637527e-01,2.771503744843e-01,2.777899969999e-01,2.783719834940e-01,2.788987705707e-01,2.793726861820e-01,2.797959546244e-01,2.801707015642e-01,2.804989597865e-01,2.807826725621e-01,2.810236991195e-01,2.812238184265e-01,2.813847325199e-01,2.815080714552e-01,2.815953952835e-01,2.816481984113e-01,2.816679127439e-01,2.816559094410e-01,2.816135035630e-01,2.815419549744e-01,2.814424717136e-01,2.813162130475e-01,2.811642894106e-01,2.809877681076e-01,2.807876712502e-01,2.805649811612e-01,2.803206405210e-01,2.800555535957e-01,2.797705904509e-01,2.794665846910e-01,2.791443382974e-01,2.788046219787e-01,2.784481748764e-01,2.780757095420e-01,2.776879087738e-01,2.772854298858e-01,2.768689058505e-01,2.764389429798e-01,2.759961271635e-01,2.755410199102e-01,2.750741617000e-01,2.745960746976e-01,2.741072572079e-01,2.736081942552e-01,2.730993471311e-01,2.725811636159e-01,2.720540740575e-01,2.715184906931e-01,2.709748151255e-01,2.704234286846e-01,2.698647019373e-01,2.692989923448e-01,2.687266404913e-01,2.681479802524e-01,2.675633277931e-01,2.669729901511e-01,2.663772656879e-01,2.657764358465e-01,2.651707789696e-01,2.645605580743e-01,2.639460274882e-01,2.633274377577e-01,2.627050199971e-01,2.620790106739e-01,2.614496239737e-01,2.608170757047e-01,2.601815720789e-01,2.595433068350e-01,2.589024780344e-01,2.582592635734e-01,2.576138429837e-01,2.569663905506e-01,2.563170655387e-01,2.556660349827e-01,2.550134471024e-01,2.543594504571e-01,2.537041938283e-01,2.530478069885e-01,2.523904309192e-01,2.517321897869e-01,2.510732052254e-01,2.504136058874e-01,2.497534936461e-01
-7.402583709987e+00,-6.608173613810e+00,-5.922322775765e+00,-5.326391483851e+00,-4.805560600633e+00,-4.347930419710e+00,-3.943857884927e+00,-3.585462780109e+00,-3.266255418570e+00,-2.980852853103e+00,-2.724760354561e+00,-2.494201567911e+00,-2.285985338111e+00,-2.097400441018e+00,-1.926131732394e+00,-1.770192881718e+00,-1.627872047417e+00,-1.497687726185e+00,-1.378352658827e+00,-1.268744154858e+00,-1.167879567054e+00,-1.074895918171e+00,-9.890328982245e-01,-9.096186087254e-01,-8.360575600508e-01,-7.678205234932e-01,-7.044359184498e-01,-6.454824750538e-01,-5.905829611928e-01,-5.393988012831e-01,-4.916254449955e-01,-4.469883689099e-01,-4.052396144451e-01,-3.661547813014e-01,-3.295304095121e-01,-2.951816936757e-01,-2.629404821602e-01,-2.326535216072e-01,-2.041809126451e-01,-1.773947489063e-01,-1.521779141555e-01,-1.284230178560e-01,-1.060314502375e-01,-8.491254292290e-02,-6.498282082360e-02,-4.616533500994e-02,-2.838906614884e-02,-1.158839037164e-02,4.297399683443e-03,1.932452548026e-02,3.354510958268e-02,4.700752502147e-02,5.975670998908e-02,7.183445281555e-02,8.327964954230e-02,9.412853756070e-02,1.044149076589e-01,1.141702965362e-01,1.234241623210e-01,1.322040439854e-01,1.405357073092e-01,1.484432775615e-01,1.559493614219e-01,1.630751579609e-01,1.698405608200e-01,1.762642515701e-01,1.823637856221e-01,1.881556711207e-01,1.936554414438e-01,1.988777221461e-01,2.038362923754e-01,2.085441418602e-01,2.130135231936e-01,2.172560004145e-01,2.212824937640e-01,2.251033212011e-01,2.287282368396e-01,2.321664665593e-01,2.354267410945e-01,2.385173267097e-01,2.414460537295e-01,2.442203430837e-01,2.468472309424e-01,2.493333917672e-01,2.516851596614e-01,2.539085483950e-01,2.560092700184e-01,2.579927522343e-01,2.598641547483e-01,2.616283842872e-01,2.632901090833e-01,2.648537718382e-01,2.663236025297e-01,2.677036298072e-01,2.689976921131e-01,2.702094479079e-01,2.713423851968e-01,2.723998308779e-01,2.733849587571e-01,2.743007981986e-01,2.751502408625e-01,2.759360486872e-01,2.766608595414e-01,2.773271944908e-01,2.779374628988e-01,2.784939685499e-01,2.789989146674e-01,2.794544087677e-01,2.798624678485e-01,2.802250218876e-01,2.805439193607e-01,2.808209295701e-01,2.810577479800e-01,2.812559984973e-01,2.814172375841e-01,2.815429572077e-01,2.816345874465e-01,2.816935004086e-01,2.817210111668e-01,2.817183826265e-01,2.816868252416e-01,2.816275023852e-01,2.815415291683e-01,2.814299777693e-01,2.812938767649e-01,2.811342147614e-01,2.809519413951e-01,2.807479687144e-01,2.805231742948e-01,2.802784000067e-01,2.800144574319e-01,2.797321244744e-01,2.794321513541e-01,2.791152582169e-01,2.787821385520e-01,2.784334596907e-01,2.780698628061e-01,2.776919669414e-01,2.773003651224e-01,2.768956316880e-01,2.764783157523e-01,2.760489504576e-01,2.756080446511e-01,2.751560924867e-01,2.746935670610e-01,2.742209258644e-01,2.737386093704e-01,2.732470408996e-01,2.727466311961e-01,2.722377717963e-01,2.717208459409e-01,2.711962166951e-01,2.706642396078e-01,2.701252537695e-01,2.695795880328e-01,2.690275597922e-01,2.684694726856e-01,2.679056245743e-01,2.673362956444e-01,2.667617648579e-01,2.661822916771e-01,2.655981373704e-01,2.650095426166e-01,2.644167496805e-01,2.638199851540e-01,2.632194719239e-01,2.626154242814e-01,2.620080463503e-01,2.613975418194e-01,2.607840968965e-01,2.601679051990e-01,2.595491384779e-01,2.589279755528e-01,2.583045802621e-01,2.576791151699e-01,2.570517377400e-01,2.564225943651e-01,2.557918376553e-01,2.551595988626e-01,2.545260240727e-01,2.538912328397e-01
-7.979565234275e+00,-7.129531784864e+00,-6.395515547491e+00,-5.757603880420e+00,-5.199964873858e+00,-4.709884952172e+00,-4.277061027197e+00,-3.893073088295e+00,-3.550986556059e+00,-3.245049162533e+00,-2.970457547912e+00,-2.723175835601e+00,-2.499793381222e+00,-2.297412318784e+00,-2.113557988897e+00,-1.946107077830e+00,-1.793229582360e+00,-1.653341640999e+00,-1.525066971752e+00,-1.407205166629e+00,-1.298705487304e+00,-1.198645096817e+00,-1.106210891931e+00,-1.020684270063e+00,-9.414283037119e-01,-8.678768959664e-01,-7.995255766851e-01,-7.359236609459e-01,-6.766675451772e-01,-6.213949558358e-01,-5.697799995938e-01,-5.215288898436e-01,-4.763762461302e-01,-4.340818805746e-01,-3.944279993263e-01,-3.572167592527e-01,-3.222681289955e-01,-2.894180122758e-01,-2.585165969653e-01,-2.294268999186e-01,-2.020234810380e-01,-1.761913050472e-01,-1.518247312051e-01,-1.288266157639e-01,-1.071075119194e-01,-8.658495657153e-02,-6.718283208383e-02,-4.883079541336e-02,-3.146376540213e-02,-1.502146277349e-02,5.520044329986e-04,1.530851388300e-02,2.929626622089e-02,4.256008936676e-02,5.514171450039e-02,6.708002569842e-02,7.841128700186e-02,8.916934830707e-02,9.938583315193e-02,1.090903093876e-01,1.183104452493e-01,1.270721514508e-01,1.353997116210e-01,1.433159010489e-01,1.508420961588e-01,1.579983742582e-01,1.648036057430e-01,1.712755382533e-01,1.774308746362e-01,1.832853442304e-01,1.888537690322e-01,1.941501243080e-01,1.991875949473e-01,2.039786271900e-01,2.085349767823e-01,2.128677532773e-01,2.169874613173e-01,2.209040387029e-01,2.246268918896e-01,2.281649288086e-01,2.315265894786e-01,2.347198743849e-01,2.377523709585e-01,2.406312781927e-01,2.433634295853e-01,2.459553145822e-01,2.484130984854e-01,2.507426411957e-01,2.529495145209e-01,2.550390186105e-01,2.570161970293e-01,2.588858512139e-01,2.606525536220e-01,2.623206604862e-01,2.638943233039e-01,2.653775001203e-01,2.667739655844e-01,2.680873209570e-01,2.693210029269e-01,2.704782925082e-01,2.715623227560e-01,2.725760868394e-01,2.735224445124e-01,2.744041296957e-01,2.752237558973e-01,2.759838231678e-01,2.766867227413e-01,2.773347434040e-01,2.779300754538e-01,2.784748165541e-01,2.789709750954e-01,2.794204755952e-01,2.798251615363e-01,2.801868003621e-01,2.805070858593e-01,2.807876427884e-01,2.810300288745e-01,2.812357391018e-01,2.814062073728e-01,2.815428104881e-01,2.816468694337e-01,2.817196535676e-01,2.817623806023e-01,2.817762217194e-01,2.817623005857e-01,2.817216985456e-01,2.816554532976e-01,2.815645640048e-01,2.814499896863e-01,2.813126542477e-01,2.811534446274e-01,2.809732157430e-01,2.807727884340e-01,2.805529543135e-01,2.803144735513e-01,2.800580796143e-01,2.797844769373e-01,2.794943455268e-01,2.791883385732e-01,2.788670868844e-01,2.785311962348e-01,2.781812529571e-01,2.778178184350e-01,2.774414377078e-01,2.770526319835e-01,2.766519078679e-01,2.762397495430e-01,2.758166281332e-01,2.753829936389e-01,2.749392844008e-01,2.744859188444e-01,2.740233049931e-01,2.735518320893e-01,2.730718800954e-01,2.725838112689e-01,2.720879795763e-01,2.715847223121e-01,2.710743693382e-01,2.705572348490e-01,2.700336263335e-01,2.695038359582e-01,2.689681525029e-01,2.684268459603e-01,2.678801869656e-01,2.673284268123e-01,2.667718184161e-01,2.662105958177e-01,2.656449954512e-01,2.650752353499e-01,2.645015366003e-01,2.639241023858e-01,2.633431394832e-01,2.627588373027e-01,2.621713892608e-01,2.615809719988e-01,2.609877664393e-01,2.603919373928e-01,2.597936540774e-01,2.591930703510e-01,2.585903444447e-01,2.579856186423e-01
-8.618872756119e+00,-7.707316300890e+00,-6.920024841820e+00,-6.235678110742e+00,-5.637324236332e+00,-5.111349623929e+00,-4.646721272268e+00,-4.234422219936e+00,-3.867025875605e+00,-3.538371533695e+00,-3.243314505858e+00,-2.977531899199e+00,-2.737370319724e+00,-2.519725480905e+00,-2.321946299706e+00,-2.141757959311e+00,-1.977199767390e+00,-1.826574652093e+00,-1.688407868958e+00,-1.561413051159e+00,-1.444464148116e+00,-1.336572114552e+00,-1.236865454467e+00,-1.144573907350e+00,-1.059014712219e+00,-9.795809931342e-01,-9.057319013336e-01,-8.369842164519e-01,-7.729051657528e-01,-7.131062637281e-01,-6.572380098310e-01,-6.049853106737e-01,-5.560635157690e-01,-5.102149747884e-01,-4.672060395154e-01,-4.268244459974e-01,-3.888770230723e-01,-3.531876813920e-01,-3.195956446887e-01,-2.879538903563e-01,-2.581277716459e-01,-2.299937978350e-01,-2.034385516564e-01,-1.783577273294e-01,-1.546552732622e-01,-1.322426274532e-01,-1.110380336543e-01,-9.096592920165e-02,-7.195639579392e-02,-5.394466599689e-02,-3.687067930366e-02,-2.067868172337e-02,-5.316864787850e-03,9.262961324404e-03,2.310566303825e-02,3.625305166412e-02,4.874412631467e-02,6.061529515853e-02,7.190057640672e-02,8.263178164035e-02,9.283868297898e-02,1.025491656063e-01,1.117893676048e-01,1.205838073775e-01,1.289555009917e-01,1.369260693177e-01,1.445158367604e-01,1.517439217749e-01,1.586283202409e-01,1.651859822585e-01,1.714328828007e-01,1.773840871303e-01,1.830538108744e-01,1.884554759519e-01,1.936017618579e-01,1.985046535703e-01,2.031754855653e-01,2.076249829125e-01,2.118632992177e-01,2.159000519661e-01,2.197443553346e-01,2.234048506669e-01,2.268897349509e-01,2.302067871841e-01,2.333633930883e-01,2.363665680640e-01,2.392229786587e-01,2.419389625994e-01,2.445205475124e-01,2.469734684187e-01,2.493031841367e-01,2.515148925525e-01,2.536135450813e-01,2.556038599712e-01,2.574903351143e-01,2.592772596742e-01,2.609687254090e-01,2.625686369283e-01,2.640807216427e-01,2.655085389087e-01,2.668554886895e-01,2.681248199132e-01,2.693196377578e-01,2.704429114252e-01,2.714974804532e-01,2.724860615911e-01,2.734112545441e-01,2.742755479114e-01,2.750813245451e-01,2.758308665469e-01,2.765263604185e-01,2.771699010882e-01,2.777634970324e-01,2.783090733235e-01,2.788084766891e-01,2.792634779788e-01,2.796757767294e-01,2.800470035663e-01,2.803787239593e-01,2.806724408379e-01,2.809295973425e-01,2.811515802152e-01,2.813397208142e-01,2.814952994586e-01,2.816195458593e-01,2.817136428105e-01,2.817787271279e-01,2.818158922911e-01,2.818261901275e-01,2.818106322185e-01,2.817701925742e-01,2.817058075836e-01,2.816183799534e-01,2.815087770733e-01,2.813778358977e-01,2.812263607891e-01,2.810551279221e-01,2.808648839596e-01,2.806563489935e-01,2.804302166836e-01,2.801871551578e-01,2.799278099824e-01,2.796528010250e-01,2.793627285928e-01,2.790581693524e-01,2.787396812092e-01,2.784078011361e-01,2.780630477251e-01,2.777059214396e-01,2.773369043586e-01,2.769564633777e-01,2.765650465997e-01,2.761630900784e-01,2.757510105495e-01,2.753292148123e-01,2.748980914998e-01,2.744580194602e-01,2.740093619330e-01,2.735524714706e-01,2.730876880126e-01,2.726153389609e-01,2.721357444127e-01,2.716492075600e-01,2.711560278075e-01,2.706564891009e-01,2.701508700743e-01,2.696394372235e-01,2.691224495306e-01,2.686001576297e-01,2.680728018322e-01,2.675406184301e-01,2.670038299147e-01,2.664626596984e-01,2.659173139117e-01,2.653680022997e-01,2.648149180007e-01,2.642582560533e-01,2.636981989871e-01,2.631349272835e-01,2.625686141119e-01,2.619994247161e-01
-9.329653820592e+00,-8.349813719654e+00,-7.503391391184e+00,-6.767504617372e+00,-6.123958757651e+00,-5.558141491814e+00,-5.058209840445e+00,-4.614484401090e+00,-4.218992584642e+00,-3.865120423912e+00,-3.547344439959e+00,-3.261023214642e+00,-3.002233955398e+00,-2.767643287633e+00,-2.554404332048e+00,-2.360074128285e+00,-2.182546940466e+00,-2.020000049758e+00,-1.870849431937e+00,-1.733713316884e+00,-1.607382066345e+00,-1.490793151131e+00,-1.383010265294e+00,-1.283205813027e+00,-1.190646162298e+00,-1.104679175981e+00,-1.024723627927e+00,-9.502601859998e-01,-8.808237018539e-01,-8.159965965789e-01,-7.554031673187e-01,-6.987046716310e-01,-6.455950706429e-01,-5.957973319768e-01,-5.490602101509e-01,-5.051554352400e-01,-4.638752518404e-01,-4.250302593026e-01,-3.884475120475e-01,-3.539688445631e-01,-3.214493915602e-01,-2.907562775992e-01,-2.617674542751e-01,-2.343706667350e-01,-2.084625328454e-01,-1.839477215713e-01,-1.607382185532e-01,-1.387526680891e-01,-1.179157832896e-01,-9.815781569450e-02,-7.941407819105e-02,-6.162451501390e-02,-4.473331334087e-02,-2.868855261167e-02,-1.344188661878e-02,1.051744339353e-03,1.483437484381e-02,2.794525208220e-02,4.042105180720e-02,5.229607557813e-02,6.360243028233e-02,7.437019223611e-02,8.462755744460e-02,9.440097867772e-02,1.037152915024e-01,1.125938296952e-01,1.210585311233e-01,1.291300354111e-01,1.368277733178e-01,1.441700494780e-01,1.511741184195e-01,1.578562547112e-01,1.642318179559e-01,1.703153124974e-01,1.761204430247e-01,1.816601657803e-01,1.869467360993e-01,1.919917525909e-01,1.968061978973e-01,2.014004768407e-01,2.057844516314e-01,2.099674747136e-01,2.139584194259e-01,2.177657083507e-01,2.213973399277e-01,2.248609131845e-01,2.281636508062e-01,2.313124207582e-01,2.343137563922e-01,2.371738753234e-01,2.398986970534e-01,2.424938594889e-01,2.449647343836e-01,2.473164418725e-01,2.495538640167e-01,2.516816575907e-01,2.537042660706e-01,2.556259308046e-01,2.574507017197e-01,2.591824471006e-01,2.608248630562e-01,2.623814823568e-01,2.638556825095e-01,2.652506938495e-01,2.665696067078e-01,2.678153783764e-01,2.689908398522e-01,2.700987016289e-01,2.711415599932e-01,2.721219021840e-01,2.730421117463e-01,2.739044736210e-01,2.747111783507e-01,2.754643271092e-01,2.761659353029e-01,2.768179368710e-01,2.774221880828e-01,2.779804706162e-01,2.784944957109e-01,2.789659064887e-01,2.793962815931e-01,2.797871381686e-01,2.801399336909e-01,2.804560697445e-01,2.807368936851e-01,2.809837010950e-01,2.811977387025e-01,2.813802051143e-01,2.815322544287e-01,2.816549969320e-01,2.817495014065e-01,2.818167973661e-01,2.818578752837e-01,2.818736900807e-01,2.818651608707e-01,2.818331734387e-01,2.817785817358e-01,2.817022078213e-01,2.816048453513e-01,2.814872582903e-01,2.813501837632e-01,2.811943333937e-01,2.810203918880e-01,2.808290212363e-01,2.806208594837e-01,2.803965219454e-01,2.801566038843e-01,2.799016777042e-01,2.796322979066e-01,2.793489986720e-01,2.790522958315e-01,2.787426888139e-01,2.784206576851e-01,2.780866686080e-01,2.777411700198e-01,2.773845958346e-01,2.770173663033e-01,2.766398851798e-01,2.762525457607e-01,2.758557252922e-01,2.754497896521e-01,2.750350943954e-01,2.746119792596e-01,2.741807763446e-01,2.737418052617e-01,2.732953742781e-01,2.728417850015e-01,2.723813240893e-01,2.719142734785e-01,2.714409031890e-01,2.709614745905e-01,2.704762436293e-01,2.699854526440e-01,2.694893418976e-01,2.689881395286e-01,2.684820678941e-01,2.679713444871e-01,2.674561744323e-01,2.669367633824e-01,2.664133038183e-01,2.658859848769e-01
-1.012279021006e+01,-9.066882061136e+00,-8.154586370844e+00,-7.361281316548e+00,-6.667388111849e+00,-6.057182076737e+00,-5.517918082102e+00,-5.039178885477e+00,-4.612383748818e+00,-4.230413838096e+00,-3.887323751096e+00,-3.578117271191e+00,-3.298571520524e+00,-3.045097941802e+00,-2.814631551625e+00,-2.604542087354e+00,-2.412562241601e+00,-2.236729328338e+00,-2.075337588242e+00,-1.926898972742e+00,-1.790110726939e+00,-1.663828459887e+00,-1.547043666182e+00,-1.438864877045e+00,-1.338501788380e+00,-1.245251840308e+00,-1.158488824608e+00,-1.077653178638e+00,-1.002243686034e+00,-9.318103560948e-01,-8.659482950223e-01,-8.042924139186e-01,-7.465128458390e-01,-6.923109655903e-01,-6.414159232259e-01,-5.935816171404e-01,-5.485840441835e-01,-5.062189741410e-01,-4.662999040913e-01,-4.286562547521e-01,-3.931317768496e-01,-3.595831399389e-01,-3.278786801664e-01,-2.978972871328e-01,-2.695274122418e-01,-2.426661836455e-01,-2.172186152068e-01,-1.930968978769e-01,-1.702197640161e-01,-1.485119163679e-01,-1.279035139135e-01,-1.083297085827e-01,-8.973022711310e-02,-7.204899277393e-02,-5.523378319838e-02,-3.923592015547e-02,-2.400998765174e-02,-9.513576151569e-03,4.292950452558e-03,1.744666727399e-02,2.998228190567e-02,4.193231133732e-02,5.332724384548e-02,6.419568682734e-02,7.456450251489e-02,8.445893255519e-02,9.390271208766e-02,1.029181748847e-01,1.115263500396e-01,1.197470508262e-01,1.275989568855e-01,1.350996898849e-01,1.422658833320e-01,1.491132473589e-01,1.556566283793e-01,1.619100643814e-01,1.678868363969e-01,1.735995158638e-01,1.790600088032e-01,1.842795969061e-01,1.892689754953e-01,1.940382889947e-01,1.985971640042e-01,2.029547398945e-01,2.071196974814e-01,2.111002857972e-01,2.149043469247e-01,2.185393393290e-01,2.220123596262e-01,2.253301628807e-01,2.284991816866e-01,2.315255439739e-01,2.344150896955e-01,2.371733864970e-01,2.398057443793e-01,2.423172294892e-01,2.447126770248e-01,2.469967034097e-01,2.491737177187e-01,2.512479323630e-01,2.532233732556e-01,2.551038893244e-01,2.568931613690e-01,2.585947106201e-01,2.602119066797e-01,2.617479749024e-01,2.632060036463e-01,2.645889508696e-01,2.658996503752e-01,2.671408179638e-01,2.683150568814e-01,2.694248631933e-01,2.704726310122e-01,2.714606569415e-01,2.723911448110e-01,2.732662101141e-01,2.740878835482e-01,2.748581153616e-01,2.755787789170e-01,2.762516737578e-01,2.768785293839e-01,2.774610082939e-01,2.780007084203e-01,2.784991665967e-01,2.789578610916e-01,2.793782136171e-01,2.797615924926e-01,2.801093145498e-01,2.804226470813e-01,2.807028106221e-01,2.809509802316e-01,2.811682875540e-01,2.813558232238e-01,2.815146374897e-01,2.816457425712e-01,2.817501146766e-01,2.818286939108e-01,2.818823872357e-01,2.819120695457e-01,2.819185838294e-01,2.819027438383e-01,2.818653350285e-01,2.818071142381e-01,2.817288125937e-01,2.816311361375e-01,2.815147653911e-01,2.813803583088e-01,2.812285501235e-01,2.810599535992e-01,2.808751616780e-01,2.806747464593e-01,2.804592604137e-01,2.802292386423e-01,2.799851968195e-01,2.797276336895e-01,2.794570328316e-01,2.791738593643e-01,2.788785643542e-01,2.785715846738e-01,2.782533407916e-01,2.779242407893e-01,2.775846802608e-01,2.772350393183e-01,2.768756874475e-01,2.765069829673e-01,2.761292700882e-01,2.757428840902e-01,2.753481492119e-01,2.749453776049e-01,2.745348739620e-01,2.741169316302e-01,2.736918340248e-01,2.732598584956e-01,2.728212702791e-01,2.723763270323e-01,2.719252816836e-01,2.714683737730e-01,2.710058384616e-01,2.705379051530e-01,2.700647915196e-01,2.695867116663e-01
-1.101130712520e+01,-9.870321650805e+00,-8.884349025759e+00,-8.026822257199e+00,-7.276614824511e+00,-6.616758197020e+00,-6.033498437484e+00,-5.515593217626e+00,-5.053781725843e+00,-4.640380546099e+00,-4.268972438796e+00,-3.934164408640e+00,-3.631397984511e+00,-3.356799224422e+00,-3.107059224787e+00,-2.879338249409e+00,-2.671188289365e+00,-2.480490118744e+00,-2.305401827710e+00,-2.144316502419e+00,-1.995827242531e+00,-1.858698098680e+00,-1.731839813143e+00,-1.614289477085e+00,-1.505193400004e+00,-1.403792624740e+00,-1.309410630986e+00,-1.221442858377e+00,-1.139347748141e+00,-1.062639056853e+00,-9.908792401967e-01,-9.236737402537e-01,-8.606660380384e-01,-8.015333562795e-01,-7.459829169847e-01,-6.937486734288e-01,-6.445884489884e-01,-5.982814262341e-01,-5.546259380766e-01,-5.134375202023e-01,-4.745471901537e-01,-4.377999234232e-01,-4.030533011782e-01,-3.701763080580e-01,-3.390482612212e-01,-3.095578544911e-01,-2.816023038739e-01,-2.550865822673e-01,-2.299227328282e-01,-2.060292520028e-01,-1.833305343261e-01,-1.617563718953e-01,-1.412415024357e-01,-1.217252009370e-01,-1.031509098604e-01,-8.546590371441e-02,-6.862098487831e-02,-5.257020697353e-02,-3.727062299378e-02,-2.268205597063e-02,-8.766889720575e-03,4.510122317303e-03,1.718203200072e-02,2.927985633247e-02,4.083272409964e-02,5.186801051466e-02,6.241146064652e-02,7.248730293374e-02,8.211835373722e-02,9.132611357344e-02,1.001308557362e-01,1.085517081713e-01,1.166067291715e-01,1.243129771135e-01,1.316865750899e-01,1.387427709199e-01,1.454959924473e-01,1.519598989809e-01,1.581474291254e-01,1.640708450515e-01,1.697417736817e-01,1.751712450330e-01,1.803697279891e-01,1.853471634210e-01,1.901129951838e-01,1.946761990975e-01,1.990453098591e-01,2.032284462220e-01,2.072333345858e-01,2.110673310161e-01,2.147374418106e-01,2.182503428096e-01,2.216123975070e-01,2.248296739433e-01,2.279079606074e-01,2.308527813855e-01,2.336694095259e-01,2.363628808093e-01,2.389380059190e-01,2.413993820635e-01,2.437514039257e-01,2.459982739737e-01,2.481440121289e-01,2.501924649435e-01,2.521473142347e-01,2.540120851586e-01,2.557901539174e-01,2.574847550323e-01,2.590989881394e-01,2.606358244363e-01,2.620981128638e-01,2.634885858777e-01,2.648098647906e-01,2.660644650926e-01,2.672548013913e-01,2.683831917988e-01,2.694518625655e-01,2.704629522663e-01,2.714185155518e-01,2.723205270158e-01,2.731708848264e-01,2.739714141084e-01,2.747238698492e-01,2.754299403069e-01,2.760912499208e-01,2.767093617171e-01,2.772857801703e-01,2.778219538211e-01,2.783192774153e-01,2.787790941083e-01,2.792026979192e-01,2.795913357196e-01,2.799462087180e-01,2.802684748796e-01,2.805592508058e-01,2.808196125554e-01,2.810505980763e-01,2.812532087662e-01,2.814284103008e-01,2.815771344166e-01,2.817002804581e-01,2.817987166462e-01,2.818732804299e-01,2.819247806987e-01,2.819539989100e-01,2.819616891867e-01,2.819485800182e-01,2.819153755657e-01,2.818627559658e-01,2.817913780950e-01,2.817018772266e-01,2.815948676807e-01,2.814709424171e-01,2.813306752289e-01,2.811746217090e-01,2.810033177659e-01,2.808172823420e-01,2.806170180816e-01,2.804030103667e-01,2.801757288420e-01,2.799356284748e-01,2.796831500512e-01,2.794187186136e-01,2.791427464606e-01,2.788556336254e-01,2.785577660417e-01,2.782495175945e-01,2.779312512975e-01,2.776033182210e-01,2.772660575847e-01,2.769197989850e-01,2.765648623461e-01,2.762015555303e-01,2.758301779818e-01,2.754510215796e-01,2.750643660041e-01,2.746704837075e-01,2.742696402491e-01,2.738620910248e-01,2.734480836546e-01,2.730278593452e-01
-1.201089945746e+01,-1.077435209730e+01,-9.705620937816e+00,-8.775954641369e+00,-7.962488615864e+00,-7.246857486361e+00,-6.614174404836e+00,-6.052270440688e+00,-5.551121020921e+00,-5.102408658862e+00,-4.699186198270e+00,-4.335615017953e+00,-4.006759730382e+00,-3.708425865334e+00,-3.437030558835e+00,-3.189498797344e+00,-2.963179609822e+00,-2.755777944216e+00,-2.565298963467e+00,-2.390002240513e+00,-2.228363894233e+00,-2.079045131727e+00,-1.940865988866e+00,-1.812783309817e+00,-1.693872203115e+00,-1.583310360654e+00,-1.480364746412e+00,-1.384380253696e+00,-1.294770006431e+00,-1.211007037467e+00,-1.132617125369e+00,-1.059172608750e+00,-9.902870292560e-01,-9.256104786367e-01,-8.648255462580e-01,-8.076437800845e-01,-7.538025883913e-01,-7.030625205535e-01,-6.552048748755e-01,-6.100295893290e-01,-5.673533776942e-01,-5.270080790176e-01,-4.888391929509e-01,-4.527045775206e-01,-4.184732890496e-01,-3.860245468238e-01,-3.552468073363e-01,-3.260369352580e-01,-2.982994596072e-01,-2.719459053497e-01,-2.468941917304e-01,-2.230680900544e-01,-2.003967340996e-01,-1.788141774957e-01,-1.582589929378e-01,-1.386739089696e-01,-1.200054801656e-01,-1.022037873164e-01,-8.522216454466e-02,-6.901695074558e-02,-5.354726273399e-02,-3.877478805256e-02,-2.466359541217e-02,-1.117996136545e-02,1.707788686784e-03,1.402942628745e-02,2.581295397412e-02,3.708472824329e-02,4.786957286777e-02,5.819088322033e-02,6.807072256051e-02,7.752991067052e-02,8.658810585658e-02,9.526388073272e-02,1.035747923886e-01,1.115374472039e-01,1.191675610186e-01,1.264800149492e-01,1.334889071980e-01,1.402076010773e-01,1.466487697341e-01,1.528244377400e-01,1.587460198809e-01,1.644243571196e-01,1.698697502506e-01,1.750919912391e-01,1.801003925905e-01,1.849038145893e-01,1.895106908870e-01,1.939290523983e-01,1.981665497270e-01,2.022304740363e-01,2.061277766919e-01,2.098650876650e-01,2.134487328154e-01,2.168847500394e-01,2.201789044905e-01,2.233367028780e-01,2.263634069044e-01,2.292640458749e-01,2.320434285935e-01,2.347061545588e-01,2.372566245063e-01,2.396990503334e-01,2.420374644714e-01,2.442757287296e-01,2.464175426080e-01,2.484664511906e-01,2.504258525802e-01,2.522990049345e-01,2.540890330599e-01,2.557989347460e-01,2.574315867059e-01,2.589897502008e-01,2.604760763101e-01,2.618931110549e-01,2.632433001788e-01,2.645289936545e-01,2.657524499367e-01,2.669158401316e-01,2.680212518588e-01,2.690706929396e-01,2.700660947326e-01,2.710093156456e-01,2.719021442329e-01,2.727463022689e-01,2.735434473251e-01,2.742951757712e-01,2.750030252910e-01,2.756684773804e-01,2.762929594204e-01,2.768778472207e-01,2.774244670900e-01,2.779340978410e-01,2.784079724898e-01,2.788472804229e-01,2.792531691220e-01,2.796267457298e-01,2.799690784930e-01,2.802811986069e-01,2.805641016218e-01,2.808187488643e-01,2.810460682864e-01,2.812469563495e-01,2.814222790564e-01,2.815728733274e-01,2.816995473234e-01,2.818030823475e-01,2.818842336626e-01,2.819437315693e-01,2.819822816188e-01,2.820005663607e-01,2.819992460383e-01,2.819789593523e-01,2.819403236554e-01,2.818839365449e-01,2.818103764898e-01,2.817202032428e-01,2.816139581194e-01,2.814921654205e-01,2.813553329036e-01,2.812039524267e-01,2.810384993547e-01,2.808594345706e-01,2.806672045412e-01,2.804622423087e-01,2.802449661133e-01,2.800157818205e-01,2.797750828787e-01,2.795232509746e-01,2.792606547805e-01,2.789876523117e-01,2.787045909220e-01,2.784118075291e-01,2.781096276245e-01,2.777983675080e-01,2.774783343803e-01,2.771498260191e-01,2.768131302193e-01,2.764685268314e-01,2.761162877134e-01
-1.314061504320e+01,-1.179623156538e+01,-1.063410986276e+01,-9.623034315302e+00,-8.738179477018e+00,-7.959604058215e+00,-7.271143037078e+00,-6.659582054732e+00,-6.114034818356e+00,-5.625468434892e+00,-5.186337843255e+00,-4.790301615477e+00,-4.431999078343e+00,-4.106874093918e+00,-3.811034669145e+00,-3.541140307946e+00,-3.294311017431e+00,-3.068053340940e+00,-2.860199873751e+00,-2.668859527003e+00,-2.492376411992e+00,-2.329295680205e+00,-2.178335007148e+00,-2.038360678957e+00,-1.908367453664e+00,-1.787461531170e+00,-1.674846095933e+00,-1.569808998294e+00,-1.471712219939e+00,-1.379982835298e+00,-1.294105230703e+00,-1.213614385552e+00,-1.138090053169e+00,-1.067151706164e+00,-1.000454134103e+00,-9.376835988954e-01,-8.785544688045e-01,-8.228062641666e-01,-7.702010583298e-01,-7.205211859635e-01,-6.735672178737e-01,-6.291561675542e-01,-5.871198996812e-01,-5.473037150136e-01,-5.095650897524e-01,-4.737725503975e-01,-4.398046677456e-01,-4.075491557970e-01,-3.769020633751e-01,-3.477670476353e-01,-3.200547201835e-01,-2.936820576189e-01,-2.685718693303e-01,-2.446523164055e-01,-2.218564759921e-01,-2.001219463632e-01,-1.793904883399e-01,-1.596076993435e-01,-1.407227167881e-01,-1.226879477261e-01,-1.054588222143e-01,-8.899356800958e-02,-7.325300448051e-02,-5.820035407341e-02,-4.380106941620e-02,-3.002267473163e-02,-1.683462020579e-02,-4.208147998076e-03,7.883830867015e-03,1.946685002673e-02,3.056499239921e-02,4.120098674430e-02,5.139629689639e-02,6.117120412145e-02,7.054488341995e-02,7.953547413411e-02,8.816014543224e-02,9.643515702839e-02,1.043759154749e-01,1.119970265266e-01,1.193123437831e-01,1.263350139610e-01,1.330775190868e-01,1.395517156706e-01,1.457688713356e-01,1.517396989531e-01,1.574743884985e-01,1.629826368968e-01,1.682736757616e-01,1.733562974516e-01,1.782388794183e-01,1.829294070201e-01,1.874354949281e-01,1.917644071059e-01,1.959230756258e-01,1.999181182979e-01,2.037558552547e-01,2.074423245214e-01,2.109832966194e-01,2.143842883431e-01,2.176505757066e-01,2.207872061443e-01,2.237990100127e-01,2.266906113892e-01,2.294664382916e-01,2.321307323079e-01,2.346875576859e-01,2.371408099187e-01,2.394942238421e-01,2.417513812998e-01,2.439157183898e-01,2.459905323160e-01,2.479789878557e-01,2.498841235128e-01,2.517088573249e-01,2.534559923796e-01,2.551282220192e-01,2.567281347728e-01,2.582582190811e-01,2.597208677370e-01,2.611183821265e-01,2.624529762401e-01,2.637267804171e-01,2.649418450573e-01,2.661001440325e-01,2.672035779708e-01,2.682539774026e-01,2.692531055826e-01,2.702026614638e-01,2.711042823320e-01,2.719595463907e-01,2.727699751887e-01,2.735370358236e-01,2.742621433200e-01,2.749466626803e-01,2.755919109530e-01,2.761991590713e-01,2.767696336325e-01,2.773045187997e-01,2.778049579110e-01,2.782720551270e-01,2.787068769417e-01,2.791104534058e-01,2.794837798443e-01,2.798278180711e-01,2.801434976947e-01,2.804317174308e-01,2.806933458380e-01,2.809292229130e-01,2.811401609980e-01,2.813269458800e-01,2.814903377431e-01,2.816310717829e-01,2.817498595648e-01,2.818473897185e-01,2.819243289045e-01,2.819813223909e-01,2.820189946792e-01,2.820379506251e-01,2.820387759739e-01,2.820220381587e-01,2.819882869016e-01,2.819380542652e-01,2.818718560398e-01,2.817901920223e-01,2.816935466370e-01,2.815823896780e-01,2.814571758024e-01,2.813183461441e-01,2.811663283977e-01,2.810015374392e-01,2.808243756888e-01,2.806352327864e-01,2.804344870379e-01,2.802225054129e-01,2.799996442226e-01,2.797662489887e-01,2.795226544888e-01,2.792691859574e-01,2.790061590316e-01,2.787338803338e-01
-1.442375074732e+01,-1.295706897185e+01,-1.168902924124e+01,-1.058562189032e+01,-9.619798181336e+00,-8.769829957688e+00,-8.018102903513e+00,-7.350217245241e+00,-6.754309567508e+00,-6.220535748288e+00,-5.740672727004e+00,-5.307808903345e+00,-4.916101329781e+00,-4.560583731081e+00,-4.237013551581e+00,-3.941749225128e+00,-3.671651032428e+00,-3.424000508953e+00,-3.196434541436e+00,-2.986891173385e+00,-2.793564802589e+00,-2.614868957018e+00,-2.449405219658e+00,-2.295937168677e+00,-2.153368430220e+00,-2.020724118575e+00,-1.897135079722e+00,-1.781824464926e+00,-1.674096249323e+00,-1.573325379965e+00,-1.478949294714e+00,-1.390460598526e+00,-1.307400720142e+00,-1.229354402183e+00,-1.155944901954e+00,-1.086829800291e+00,-1.021697331808e+00,-9.602631640855e-01,-9.022675640424e-01,-8.474728992680e-01,-7.956614298826e-01,-7.466333530110e-01,-7.002050673944e-01,-6.562076302896e-01,-6.144853827659e-01,-5.748947227130e-01,-5.373030077291e-01,-5.015875724386e-01,-4.676348468034e-01,-4.353395637691e-01,-4.046040460726e-01,-3.753375632942e-01,-3.474557513797e-01,-3.208800878051e-01,-2.955374163823e-01,-2.713595163635e-01,-2.482827113287e-01,-2.262475135844e-01,-2.051983005084e-01,-1.850830195967e-01,-1.658529193561e-01,-1.474623034570e-01,-1.298683058884e-01,-1.130306851800e-01,-9.691163573941e-02,-8.147561477573e-02,-6.668918334157e-02,-5.252086021492e-02,-3.894098737461e-02,-2.592160613977e-02,-1.343634298086e-02,-1.460304108627e-03,1.003002187682e-02,2.105685397749e-02,3.164120205514e-02,4.180294400831e-02,5.156089715676e-02,6.093288455241e-02,6.993579650602e-02,7.858564774254e-02,8.689763052213e-02,9.488616409071e-02,1.025649407285e-01,1.099469685721e-01,1.170446116110e-01,1.238696269800e-01,1.304331997733e-01,1.367459755505e-01,1.428180907751e-01,1.486592012337e-01,1.542785086291e-01,1.596847855134e-01,1.648863986410e-01,1.698913308583e-01,1.747072016355e-01,1.793412863937e-01,1.838005345528e-01,1.880915865656e-01,1.922207899124e-01,1.961942141462e-01,2.000176650457e-01,2.036966979583e-01,2.072366303729e-01,2.106425537288e-01,2.139193445916e-01,2.170716751847e-01,2.201040233289e-01,2.230206818238e-01,2.258257673281e-01,2.285232287318e-01,2.311168550759e-01,2.336102830517e-01,2.360070040935e-01,2.383103710939e-01,2.405236047667e-01,2.426497996658e-01,2.446919299004e-01,2.466528545508e-01,2.485353228052e-01,2.503419788351e-01,2.520753664286e-01,2.537379333813e-01,2.553320356496e-01,2.568599413476e-01,2.583238345078e-01,2.597258186679e-01,2.610679202821e-01,2.623520919886e-01,2.635802156576e-01,2.647541053447e-01,2.658755101193e-01,2.669461167219e-01,2.679675521102e-01,2.689413858951e-01,2.698691326784e-01,2.707522541463e-01,2.715921613031e-01,2.723902164398e-01,2.731477350551e-01,2.738659876897e-01,2.745462017127e-01,2.751895629600e-01,2.757972172517e-01,2.763702720653e-01,2.769097979436e-01,2.774168298953e-01,2.778923687354e-01,2.783373824363e-01,2.787528072077e-01,2.791395487163e-01,2.794984832960e-01,2.798304589792e-01,2.801362965314e-01,2.804167904674e-01,2.806727100646e-01,2.809047999481e-01,2.811137813300e-01,2.813003527215e-01,2.814651907383e-01,2.816089508732e-01,2.817322683237e-01,2.818357586070e-01,2.819200180379e-01,2.819856247472e-01,2.820331391697e-01,2.820631046513e-01,2.820760480316e-01,2.820724803682e-01,2.820528971203e-01,2.820177787781e-01,2.819675915572e-01,2.819027877658e-01,2.818238062667e-01,2.817310729795e-01,2.816250014475e-01,2.815059925144e-01,2.813744355484e-01,2.812307085375e-01,2.810751784580e-01,2.809082016296e-01,2.807301242463e-01
-1.588904060072e+01,-1.428290092529e+01,-1.289407878936e+01,-1.168537930492e+01,-1.062721912373e+01,-9.695832975528e+00,-8.871954248434e+00,-8.139831691026e+00,-7.486487859370e+00,-6.901153723242e+00,-6.374833199638e+00,-5.899964594158e+00,-5.470155075485e+00,-5.079970726240e+00,-4.724769270105e+00,-4.400565846304e+00,-4.103924579223e+00,-3.831870432693e+00,-3.581817127773e+00,-3.351507865571e+00,-3.138966321512e+00,-2.942455927736e+00,-2.760445880395e+00,-2.591582632592e+00,-2.434665885228e+00,-2.288628282915e+00,-2.152518176229e+00,-2.025484932672e+00,-1.906766374951e+00,-1.795678001931e+00,-1.691603709106e+00,-1.593987775185e+00,-1.502327921144e+00,-1.416169281006e+00,-1.335099150221e+00,-1.258742399148e+00,-1.186757457191e+00,-1.118832787969e+00,-1.054683788138e+00,-9.940500527304e-01,-9.366929583802e-01,-8.823935229636e-01,-8.309505061168e-01,-7.821787201772e-01,-7.359075253956e-01,-6.919794867949e-01,-6.502491731633e-01,-6.105820812728e-01,-5.728536706397e-01,-5.369484960523e-01,-5.027594267292e-01,-4.701869423644e-01,-4.391384975472e-01,-4.095279470910e-01,-3.812750256847e-01,-3.543048760945e-01,-3.285476208135e-01,-3.039379726542e-01,-2.804148802961e-01,-2.579212052542e-01,-2.364034271366e-01,-2.158113743764e-01,-1.960979779773e-01,-1.772190460806e-01,-1.591330573149e-01,-1.418009712004e-01,-1.251860540121e-01,-1.092537186818e-01,-9.397137746218e-02,-7.930830620701e-02,-6.523551924444e-02,-5.172565386823e-02,-3.875286366703e-02,-2.629271992520e-02,-1.432212036154e-02,-2.819204625364e-03,8.236724023235e-03,1.886527135936e-02,2.908501962942e-02,3.891359019778e-02,4.836770178205e-02,5.746322465786e-02,6.621523111673e-02,7.463804244376e-02,8.274527275577e-02,9.054986988903e-02,9.806415357200e-02,1.052998510863e-01,1.122681306024e-01,1.189796323619e-01,1.254444978514e-01,1.316723971580e-01,1.376725545778e-01,1.434537726131e-01,1.490244545120e-01,1.543926254165e-01,1.595659522250e-01,1.645517622578e-01,1.693570608052e-01,1.739885476356e-01,1.784526325268e-01,1.827554499094e-01,1.869028726534e-01,1.909005250416e-01,1.947537950310e-01,1.984678458119e-01,2.020476267191e-01,2.054978835352e-01,2.088231682254e-01,2.120278481381e-01,2.151161147008e-01,2.180919916602e-01,2.209593428683e-01,2.237218796496e-01,2.263831677904e-01,2.289466341564e-01,2.314155729673e-01,2.337931517450e-01,2.360824169577e-01,2.382862993758e-01,2.404076191572e-01,2.424490906764e-01,2.444133271076e-01,2.463028447889e-01,2.481200673663e-01,2.498673297359e-01,2.515468817940e-01,2.531608920065e-01,2.547114508069e-01,2.562005738314e-01,2.576302050111e-01,2.590022194922e-01,2.603184264350e-01,2.615805716994e-01,2.627903403840e-01,2.639493592553e-01,2.650591990663e-01,2.661213767700e-01,2.671373576324e-01,2.681085572536e-01,2.690363435089e-01,2.699220383696e-01,2.707669196457e-01,2.715722227199e-01,2.723391421384e-01,2.730688331534e-01,2.737624131986e-01,2.744209633019e-01,2.750455294381e-01,2.756371238242e-01,2.761967261938e-01,2.767252849205e-01,2.772237181588e-01,2.776929149969e-01,2.781337364741e-01,2.785470165863e-01,2.789335632489e-01,2.792941592219e-01,2.796295629975e-01,2.799405096564e-01,2.802277117211e-01,2.804918598742e-01,2.807336236665e-01,2.809536523733e-01,2.811525756334e-01,2.813310041193e-01,2.814895301805e-01,2.816287284628e-01,2.817491565034e-01,2.818513553038e-01,2.819358499608e-01,2.820031500374e-01,2.820537500809e-01,2.820881302563e-01,2.821067567484e-01,2.821100822175e-01,2.820985462382e-01,2.820725757219e-01,2.820325853241e-01,2.819789778476e-01,2.819121446975e-01
-1.757224998870e+01,-1.580613675555e+01,-1.427876028520e+01,-1.294927289348e+01,-1.178518449811e+01,-1.076039358744e+01,-9.853738596070e+00,-9.047918285974e+00,-8.328677529998e+00,-7.684186498242e+00,-7.104562493690e+00,-6.581498186258e+00,-6.107970035507e+00,-5.678007736134e+00,-5.286510522358e+00,-4.929099760169e+00,-4.601999864573e+00,-4.301941491500e+00,-4.026082369516e+00,-3.771942193407e+00,-3.537348798189e+00,-3.320393434079e+00,-3.119393428351e+00,-2.932860871131e+00,-2.759476241371e+00,-2.598066102185e+00,-2.447584164080e+00,-2.307095147637e+00,-2.175760982838e+00,-2.052828966540e+00,-1.937621567130e+00,-1.829527619887e+00,-1.727994700562e+00,-1.632522500551e+00,-1.542657056241e+00,-1.457985709053e+00,-1.378132692430e+00,-1.302755258291e+00,-1.231540268954e+00,-1.164201191731e+00,-1.100475442879e+00,-1.040122035085e+00,-9.829194898395e-01,-9.286639808902e-01,-8.771676802272e-01,-8.282572816895e-01,-7.817726807658e-01,-7.375657920102e-01,-6.954994879387e-01,-6.554466453718e-01,-6.172892869824e-01,-5.809178073539e-01,-5.462302741877e-01,-5.131317964442e-01,-4.815339522022e-01,-4.513542698807e-01,-4.225157572186e-01,-3.949464730617e-01,-3.685791375739e-01,-3.433507769950e-01,-3.192023994611e-01,-2.960786989144e-01,-2.739277842253e-01,-2.527009312425e-01,-2.323523554954e-01,-2.128390036433e-01,-1.941203619222e-01,-1.761582800277e-01,-1.589168090310e-01,-1.423620520667e-01,-1.264620266580e-01,-1.111865376562e-01,-9.650705987051e-02,-8.239662955563e-02,-6.882974400223e-02,-5.578226854781e-02,-4.323135038915e-02,-3.115533863514e-02,-1.953371008981e-02,-8.347000313034e-03,2.423260525542e-03,1.279460722072e-02,2.278369513697e-02,3.240635190902e-02,4.167762569783e-02,5.061183020381e-02,5.922258669300e-02,6.752286325971e-02,7.552501153112e-02,8.324080100178e-02,9.068145117090e-02,9.785766164118e-02,1.047796403252e-01,1.114571298937e-01,1.178994325894e-01,1.241154335209e-01,1.301136225407e-01,1.359021148061e-01,1.414886701109e-01,1.468807110632e-01,1.520853402377e-01,1.571093562368e-01,1.619592689369e-01,1.666413137701e-01,1.711614652343e-01,1.755254496328e-01,1.797387570988e-01,1.838066529520e-01,1.877341884284e-01,1.915262108221e-01,1.951873730765e-01,1.987221428572e-01,2.021348111394e-01,2.054295003390e-01,2.086101720143e-01,2.116806341639e-01,2.146445481454e-01,2.175054352365e-01,2.202666828594e-01,2.229315504860e-01,2.255031752568e-01,2.279845772909e-01,2.303786647633e-01,2.326882387059e-01,2.349159975836e-01,2.370645416446e-01,2.391363770592e-01,2.411339198585e-01,2.430594996851e-01,2.449153633643e-01,2.467036783073e-01,2.484265357534e-01,2.500859538616e-01,2.516838806579e-01,2.532221968476e-01,2.547027184973e-01,2.561271995964e-01,2.574973345009e-01,2.588147602685e-01,2.600810588983e-01,2.612977594253e-01,2.624663400209e-01,2.635882298730e-01,2.646648110891e-01,2.656974204668e-01,2.666873511985e-01,2.676358545027e-01,2.685441411853e-01,2.694133831354e-01,2.702447147572e-01,2.710392343422e-01,2.717980053844e-01,2.725220578400e-01,2.732123893362e-01,2.738699663300e-01,2.744957252189e-01,2.750905734079e-01,2.756553903324e-01,2.761910284403e-01,2.766983141669e-01,2.771780487185e-01,2.776310091534e-01,2.780579489976e-01,2.784595991799e-01,2.788366687690e-01,2.791898457152e-01,2.795197975631e-01,2.798271721375e-01,2.801125982028e-01,2.803766860972e-01,2.806200283438e-01,2.808432002376e-01,2.810467604110e-01,2.812312513791e-01,2.813972000630e-01,2.815451182955e-01,2.816755033076e-01,2.817888381966e-01,2.818855923787e-01,2.819662220963e-01,2.820311705607e-01
-1.951834247711e+01,-1.756752265890e+01,-1.588016609259e+01,-1.441120874159e+01,-1.312480527038e+01,-1.199215738310e+01,-1.098991607792e+01,-1.009899085822e+01,-9.303651649362e+00,-8.590844019814e+00,-7.949661734187e+00,-7.370936659050e+00,-6.846917115415e+00,-6.371013539945e+00,-5.937595833239e+00,-5.541830735940e+00,-5.179550449898e+00,-4.847145830892e+00,-4.541479040635e+00,-4.259811711539e+00,-3.999745555627e+00,-3.759173014492e+00,-3.536236058448e+00,-3.329291631899e+00,-3.136882549224e+00,-2.957712880551e+00,-2.790627053538e+00,-2.634592044041e+00,-2.488682145084e+00,-2.352065896533e+00,-2.223994832397e+00,-2.103793762762e+00,-1.990852355937e+00,-1.884617825912e+00,-1.784588562455e+00,-1.690308567626e+00,-1.601362584213e+00,-1.517371819555e+00,-1.437990183097e+00,-1.362900968413e+00,-1.291813920748e+00,-1.224462639707e+00,-1.160602274260e+00,-1.100007472842e+00,-1.042470557010e+00,-9.877998911804e-01,-9.358184247990e-01,-8.863623864194e-01,-8.392801119024e-01,-7.944309912331e-01,-7.516845204481e-01,-7.109194468689e-01,-6.720229973057e-01,-6.348901801650e-01,-5.994231534954e-01,-5.655306519545e-01,-5.331274665117e-01,-5.021339714191e-01,-4.724756936147e-01,-4.440829202671e-01,-4.168903406534e-01,-3.908367190071e-01,-3.658645952612e-01,-3.419200110787e-01,-3.189522587080e-01,-2.969136505407e-01,-2.757593074438e-01,-2.554469641410e-01,-2.359367900946e-01,-2.171912244964e-01,-1.991748241123e-01,-1.818541228526e-01,-1.651975020478e-01,-1.491750705091e-01,-1.337585535411e-01,-1.189211901520e-01,-1.046376377796e-01,-9.088388391020e-02,-7.763716403078e-02,-6.487588539917e-02,-5.257955615924e-02,-4.072871943181e-02,-2.930489185371e-02,-1.829050639981e-02,-7.668859024158e-03,2.575941118129e-03,1.245901814775e-02,2.199477288402e-02,3.119692344024e-02,4.007854319955e-02,4.865209636224e-02,5.692947123976e-02,6.492201145693e-02,7.264054521068e-02,8.009541272208e-02,8.729649200773e-02,9.425322308658e-02,1.009746307297e-01,1.074693458519e-01,1.137456256368e-01,1.198113724889e-01,1.256741518383e-01,1.313412090029e-01,1.368194849985e-01,1.421156314921e-01,1.472360249033e-01,1.521867797159e-01,1.569737610505e-01,1.616025965433e-01,1.660786875753e-01,1.704072198920e-01,1.745931736502e-01,1.786413329275e-01,1.825562947269e-01,1.863424775065e-01,1.900041292629e-01,1.935453351941e-01,1.969700249680e-01,2.002819796171e-01,2.034848380840e-01,2.065821034392e-01,2.095771487658e-01,2.124732227951e-01,2.152734552185e-01,2.179808617606e-01,2.205983490009e-01,2.231287189606e-01,2.255746734689e-01,2.279388183204e-01,2.302236672346e-01,2.324316456281e-01,2.345650942104e-01,2.366262724111e-01,2.386173616489e-01,2.405404684497e-01,2.423976274222e-01,2.441908040977e-01,2.459218976422e-01,2.475927434460e-01,2.492051155976e-01,2.507607292443e-01,2.522612428688e-01,2.537082604253e-01,2.551033334223e-01,2.564479628955e-01,2.577436013001e-01,2.589916543211e-01,2.601934826071e-01,2.613504034305e-01,2.624636922779e-01,2.635345843735e-01,2.645642761394e-01,2.655539265954e-01,2.665046587010e-01,2.674175606426e-01,2.682936870679e-01,2.691340602710e-01,2.699396713289e-01,2.707114811930e-01,2.714504217368e-01,2.721573967427e-01,2.728332829468e-01,2.734789308510e-01,2.740951656923e-01,2.746827882816e-01,2.752425758283e-01,2.757752827329e-01,2.762816413502e-01,2.767623627221e-01,2.772181372841e-01,2.776496355439e-01,2.780575087353e-01,2.784423894480e-01,2.788048922327e-01,2.791456141855e-01,2.794651355097e-01,2.797640200573e-01,2.800428158510e-01,2.803020555872e-01,2.805422571204e-01,2.807639238836e-01
-2.178446685053e+01,-1.961884941050e+01,-1.774544483698e+01,-1.611428726657e+01,-1.468563055180e+01,-1.342754105815e+01,-1.231412657393e+01,-1.132421629148e+01,-1.044036523119e+01,-9.648095103896e+00,-8.935309572736e+00,-8.291839601603e+00,-7.709086849941e+00,-7.179741683475e+00,-6.697558484752e+00,-6.257175339205e+00,-5.853968360876e+00,-5.483933259949e+00,-5.143588484746e+00,-4.829895563142e+00,-4.540193241471e+00,-4.272142756653e+00,-4.023682144588e+00,-3.792987917542e+00,-3.578442785792e+00,-3.378608357977e+00,-3.192201962184e+00,-3.018076892445e+00,-2.855205514505e+00,-2.702664767799e+00,-2.559623683240e+00,-2.425332602999e+00,-2.299113842321e+00,-2.180353577259e+00,-2.068494777927e+00,-1.963031036204e+00,-1.863501160907e+00,-1.769484433391e+00,-1.680596432996e+00,-1.596485355540e+00,-1.516828759474e+00,-1.441330683785e+00,-1.369719090299e+00,-1.301743588830e+00,-1.237173410448e+00,-1.175795598262e+00,-1.117413389511e+00,-1.061844766200e+00,-1.008921154550e+00,-9.584862560542e-01,-9.103949951727e-01,-8.645125705539e-01,-8.207135983275e-01,-7.788813374068e-01,-7.389069879612e-01,-7.006890552775e-01,-6.641327721440e-01,-6.291495736939e-01,-5.956566193391e-01,-5.635763570378e-01,-5.328361256685e-01,-5.033677917675e-01,-4.751074172485e-01,-4.479949551717e-01,-4.219739708582e-01,-3.969913859823e-01,-3.729972435046e-01,-3.499444915309e-01,-3.277887843800e-01,-3.064882993124e-01,-2.860035675316e-01,-2.662973182010e-01,-2.473343343483e-01,-2.290813196327e-01,-2.115067750523e-01,-1.945808847536e-01,-1.782754101849e-01,-1.625635919067e-01,-1.474200584310e-01,-1.328207415246e-01,-1.187427974477e-01,-1.051645337178e-01,-9.206534080081e-02,-7.942562858660e-02,-6.722676708477e-02,-5.545103110321e-02,-4.408154859332e-02,-3.310225238755e-02,-2.249783507751e-02,-1.225370680186e-02,-2.355955731986e-03,7.208688939299e-03,1.645289168519e-02,2.538874317326e-02,3.402779078660e-02,4.238106727774e-02,5.045911768431e-02,5.827202462570e-02,6.582943209068e-02,7.314056781776e-02,8.021426437121e-02,8.705897893782e-02,9.368281210172e-02,1.000935254075e-01,1.062985580011e-01,1.123050423161e-01,1.181198188818e-01,1.237494503110e-01,1.292002345152e-01,1.344782171992e-01,1.395892036770e-01,1.445387700511e-01,1.493322737955e-01,1.539748637759e-01,1.584714897430e-01,1.628269113290e-01,1.670457065773e-01,1.711322800326e-01,1.750908704164e-01,1.789255579134e-01,1.826402710956e-01,1.862387934637e-01,1.897247697457e-01,1.931017117900e-01,1.963730042226e-01,1.995419098153e-01,2.026115745954e-01,2.055850327084e-01,2.084652110487e-01,2.112549336703e-01,2.139569259895e-01,2.165738187902e-01,2.191081520431e-01,2.215623785475e-01,2.239388674065e-01,2.262399073423e-01,2.284677098617e-01,2.306244122782e-01,2.327120805991e-01,2.347327122831e-01,2.366882388758e-01,2.385805285306e-01,2.404113884170e-01,2.421825670245e-01,2.438957563676e-01,2.455525940960e-01,2.471546655136e-01,2.487035055125e-01,2.502006004247e-01,2.516473897964e-01,2.530452680875e-01,2.543955863009e-01,2.556996535445e-01,2.569587385288e-01,2.581740710030e-01,2.593468431335e-01,2.604782108258e-01,2.615692949938e-01,2.626211827783e-01,2.636349287164e-01,2.646115558544e-01,2.655520568822e-01,2.664573950732e-01,2.673285053545e-01,2.681662952444e-01,2.689716457739e-01,2.697454123723e-01,2.704884257193e-01,2.712014925646e-01,2.718853965165e-01,2.725408988014e-01,2.731687389939e-01,2.737696357206e-01,2.743442873376e-01,2.748933725827e-01,2.754175512043e-01,2.759174645668e-01,2.763937362342e-01,2.768469725329e-01,2.772777630935e-01,2.776866813439e-01
-2.444413914040e+01,-2.202674343063e+01,-1.993525369715e+01,-1.811396003787e+01,-1.651854518024e+01,-1.511340130318e+01,-1.386965584323e+01,-1.276370005767e+01,-1.177607921548e+01,-1.089064633147e+01,-1.009391029771e+01,-9.374529021168e+00,-8.722911856635e+00,-8.130905216637e+00,-7.591542057532e+00,-7.098840836231e+00,-6.647643083958e+00,-6.233481350710e+00,-5.852471202750e+00,-5.501222395921e+00,-5.176765432316e+00,-4.876490529985e+00,-4.598096668537e+00,-4.339548850523e+00,-4.099042103021e+00,-3.874971030689e+00,-3.665903963893e+00,-3.470560926597e+00,-3.287794792795e+00,-3.116575115176e+00,-2.955974201836e+00,-2.805155091060e+00,-2.663361134579e+00,-2.529906947892e+00,-2.404170526635e+00,-2.285586360727e+00,-2.173639404484e+00,-2.067859783374e+00,-1.967818136407e+00,-1.873121508488e+00,-1.783409719839e+00,-1.698352150064e+00,-1.617644884251e+00,-1.541008174386e+00,-1.468184177724e+00,-1.398934937786e+00,-1.333040578788e+00,-1.270297688119e+00,-1.210517864855e+00,-1.153526415103e+00,-1.099161177496e+00,-1.047271464195e+00,-9.977171046501e-01,-9.503675808548e-01,-9.051012442310e-01,-8.618046055153e-01,-8.203716899414e-01,-7.807034509664e-01,-7.427072365505e-01,-7.062963026820e-01,-6.713893694352e-01,-6.379102153637e-01,-6.057873065153e-01,-5.749534567038e-01,-5.453455161022e-01,-5.169040854754e-01,-4.895732536774e-01,-4.633003562748e-01,-4.380357533801e-01,-4.137326249686e-01,-3.903467821276e-01,-3.678364928437e-01,-3.461623210428e-01,-3.252869777703e-01,-3.051751834790e-01,-2.857935404651e-01,-2.671104146255e-01,-2.490958257639e-01,-2.317213457465e-01,-2.149600038751e-01,-1.987861988909e-01,-1.831756171419e-01,-1.681051562530e-01,-1.535528541505e-01,-1.394978227894e-01,-1.259201863310e-01,-1.128010234162e-01,-1.001223132280e-01,-8.786688506109e-02,-7.601837114223e-02,-6.456116246376e-02,-5.348036742359e-02,-4.276177302892e-02,-3.239180853637e-02,-2.235751134962e-02,-1.264649497585e-02,-3.246918933458e-03,5.852539531359e-03,1.466271204198e-02,2.319396411642e-02,3.145621873376e-02,3.945897846816e-02,4.721134650496e-02,5.472204626070e-02,6.199944000258e-02,6.905154639308e-02,7.588605705408e-02,8.251035221226e-02,8.893151548348e-02,9.515634784967e-02,1.011913808782e-01,1.070428892197e-01,1.127169024701e-01,1.182192163793e-01,1.235554034567e-01,1.287308230482e-01,1.337506308818e-01,1.386197881214e-01,1.433430699580e-01,1.479250737651e-01,1.523702268490e-01,1.566827937621e-01,1.608668833816e-01,1.649264554801e-01,1.688653270673e-01,1.726871784023e-01,1.763955587138e-01,1.799938916457e-01,1.834854804432e-01,1.868735128923e-01,1.901610660266e-01,1.933511106076e-01,1.964465154165e-01,1.994500513309e-01,2.023643952070e-01,2.051921336004e-01,2.079357663125e-01,2.105977097770e-01,2.131803002947e-01,2.156857971241e-01,2.181163854384e-01,2.204741791324e-01,2.227612235580e-01,2.249794980768e-01,2.271309185411e-01,2.292173396590e-01,2.312405572591e-01,2.332023104585e-01,2.351042837393e-01,2.369481089380e-01,2.387353671520e-01,2.404675905684e-01,2.421462642141e-01,2.437728276348e-01,2.453486765077e-01,2.468751641881e-01,2.483536031922e-01,2.497852666217e-01,2.511713895308e-01,2.525131702392e-01,2.538117715881e-01,2.550683221833e-01,2.562839174979e-01,2.574596210400e-01,2.585964654150e-01,2.596954533592e-01,2.607575587351e-01,2.617837274881e-01,2.627748785667e-01,2.637319048090e-01,2.646556737950e-01,2.655470286812e-01,2.664067889649e-01,2.672357512452e-01,2.680346899803e-01,2.688043581826e-01,2.695454880990e-01,2.702587918673e-01,2.709449621482e-01,2.716046727356e-01,2.722385791255e-01
-2.759319859478e+01,-2.487806610394e+01,-2.252867537128e+01,-2.048252604079e+01,-1.868989686493e+01,-1.711083631929e+01,-1.571294833331e+01,-1.446974186951e+01,-1.335938608281e+01,-1.236376106458e+01,-1.146772661587e+01,-1.065855366779e+01,-9.925478290482e+00,-9.259349001023e+00,-8.652345721456e+00,-8.097754229226e+00,-7.589783927674e+00,-7.123419683710e+00,-6.694300650503e+00,-6.298620601837e+00,-5.933045524569e+00,-5.594645137102e+00,-5.280835712872e+00,-4.989332120566e+00,-4.718107427388e+00,-4.465358730940e+00,-4.229478146928e+00,-4.009028082852e+00,-3.802720089453e+00,-3.609396711423e+00,-3.428015859444e+00,-3.257637313238e+00,-3.097411029156e+00,-2.946566982134e+00,-2.804406316266e+00,-2.670293615073e+00,-2.543650132692e+00,-2.423947851256e+00,-2.310704252187e+00,-2.203477704614e+00,-2.101863389276e+00,-2.005489687771e+00,-1.914014978419e+00,-1.827124785731e+00,-1.744529240995e+00,-1.665960815166e+00,-1.591172291359e+00,-1.519934948441e+00,-1.452036930993e+00,-1.387281784309e+00,-1.325487135178e+00,-1.266483502609e+00,-1.210113223830e+00,-1.156229483039e+00,-1.104695431829e+00,-1.055383391556e+00,-1.008174129076e+00,-9.629561981123e-01,-9.196253397378e-01,-8.780839358764e-01,-8.382405105768e-01,-8.000092743107e-01,-7.633097072275e-01,-7.280661774142e-01,-6.942075910253e-01,-6.616670711964e-01,-6.303816630854e-01,-6.002920626450e-01,-5.713423669741e-01,-5.434798442974e-01,-5.166547218539e-01,-4.908199901050e-01,-4.659312218493e-01,-4.419464049635e-01,-4.188257876138e-01,-3.965317348812e-01,-3.750285958330e-01,-3.542825802452e-01,-3.342616441106e-01,-3.149353832628e-01,-2.962749344556e-01,-2.782528833564e-01,-2.608431787388e-01,-2.440210526804e-01,-2.277629460486e-01,-2.120464389881e-01,-1.968501860104e-01,-1.821538553455e-01,-1.679380722438e-01,-1.541843658615e-01,-1.408751196538e-01,-1.279935248252e-01,-1.155235367194e-01,-1.034498339203e-01,-9.175777988163e-02,-8.043338689090e-02,-6.946328217845e-02,-5.883467615624e-02,-4.853533247497e-02,-3.855353987010e-02,-2.887808564919e-02,-1.949823078911e-02,-1.040368627704e-02,-1.584591048426e-03,6.968508970565e-03,1.526468060661e-02,2.331262208015e-02,3.112068060899e-02,3.869686903405e-02,4.604888161861e-02,5.318410885129e-02,6.010965155275e-02,6.683233420410e-02,7.335871756950e-02,7.969511064677e-02,8.584758200568e-02,9.182197057581e-02,9.762389578355e-02,1.032587672481e-01,1.087317939649e-01,1.140479930337e-01,1.192121978868e-01,1.242290662871e-01,1.291030877024e-01,1.338385904578e-01,1.384397485078e-01,1.429105878801e-01,1.472549928077e-01,1.514767115594e-01,1.555793620620e-01,1.595664371388e-01,1.634413095886e-01,1.672072370062e-01,1.708673663802e-01,1.744247384738e-01,1.778822920155e-01,1.812428677243e-01,1.845092120852e-01,1.876839810123e-01,1.907697433330e-01,1.937689841232e-01,1.966841078562e-01,1.995174415259e-01,2.022712374894e-01,2.049476762764e-01,2.075488692565e-01,2.100768611933e-01,2.125336326884e-01,2.149211025189e-01,2.172411299074e-01,2.194955166417e-01,2.216860091482e-01,2.238143004683e-01,2.258820321543e-01,2.278907960865e-01,2.298421362197e-01,2.317375502631e-01,2.335784912769e-01,2.353663692208e-01,2.371025524357e-01,2.387883690673e-01,2.404251084388e-01,2.420140223567e-01,2.435563263792e-01,2.450532010301e-01,2.465057929675e-01,2.479152161071e-01,2.492825527041e-01,2.506088544015e-01,2.518951432019e-01,2.531424124592e-01,2.543516277972e-01,2.555237280031e-01,2.566596258872e-01,2.577602091185e-01,2.588263410233e-01,2.598588613193e-01,2.608585869011e-01,2.618263125400e-01,2.627628115731e-01,2.636688365586e-01
-3.135845218056e+01,-2.828775058345e+01,-2.563035497842e+01,-2.331565812252e+01,-2.128748701905e+01,-1.950070413673e+01,-1.791870655486e+01,-1.651156188909e+01,-1.525460225074e+01,-1.412735204008e+01,-1.311270198994e+01,-1.219626690338e+01,-1.136588185743e+01,-1.061120378111e+01,-9.923393967853e+00,-9.294863268821e+00,-8.719066217918e+00,-8.190333644421e+00,-7.703735763332e+00,-7.254969568536e+00,-6.840265722734e+00,-6.456311179322e+00,-6.100184576823e+00,-5.769302044931e+00,-5.461371556114e+00,-5.174354314280e+00,-4.906431968316e+00,-4.655978670167e+00,-4.421537172836e+00,-4.201798318263e+00,-3.995583375408e+00,-3.801828784904e+00,-3.619572944313e+00,-3.447944725729e+00,-3.286153473104e+00,-3.133480264842e+00,-2.989270261882e+00,-2.852925990830e+00,-2.723901432545e+00,-2.601696808693e+00,-2.485853973656e+00,-2.375952332259e+00,-2.271605217355e+00,-2.172456666708e+00,-2.078178551813e+00,-1.988468014464e+00,-1.903045174050e+00,-1.821651073981e+00,-1.744045838106e+00,-1.670007013951e+00,-1.599328081068e+00,-1.531817105907e+00,-1.467295527406e+00,-1.405597058330e+00,-1.346566690497e+00,-1.290059792621e+00,-1.235941291027e+00,-1.184084924844e+00,-1.134372567738e+00,-1.086693609704e+00,-1.040944392923e+00,-9.970276962012e-01,-9.548522635927e-01,-9.143323724406e-01,-8.753874375697e-01,-8.379416480047e-01,-8.019236332258e-01,-7.672661563253e-01,-7.339058314703e-01,-7.017828636443e-01,-6.708408086194e-01,-6.410263513907e-01,-6.122891014793e-01,-5.845814036328e-01,-5.578581626423e-01,-5.320766810732e-01,-5.071965088443e-01,-4.831793036483e-01,-4.599887013733e-01,-4.375901956968e-01,-4.159510261079e-01,-3.950400737392e-01,-3.748277642556e-01,-3.552859774847e-01,-3.363879630636e-01,-3.181082617375e-01,-3.004226318907e-01,-2.833079808025e-01,-2.667423004946e-01,-2.507046076375e-01,-2.351748873003e-01,-2.201340402877e-01,-2.055638336811e-01,-1.914468545749e-01,-1.777664666055e-01,-1.645067691319e-01,-1.516525589202e-01,-1.391892940400e-01,-1.271030600105e-01,-1.153805379176e-01,-1.040089743693e-01,-9.297615327982e-02,-8.227036906586e-02,-7.188040165349e-02,-6.179549273120e-02,-5.200532337872e-02,-4.249999298139e-02,-3.326999917095e-02,-2.430621906660e-02,-1.559989142282e-02,-7.142599761806e-03,1.073743550817e-03,9.056912504203e-03,1.681438167557e-02,2.435333979355e-02,3.168070259575e-02,3.880312498354e-02,4.572701265394e-02,5.245853301850e-02,5.900362560574e-02,6.536801196986e-02,7.155720501584e-02,7.757651808798e-02,8.343107331194e-02,8.912580971336e-02,9.466549089778e-02,1.000547123242e-01,1.052979083674e-01,1.103993588483e-01,1.153631953716e-01,1.201934073465e-01,1.248938476916e-01,1.294682383877e-01,1.339201756257e-01,1.382531347919e-01,1.424704752273e-01,1.465754447390e-01,1.505711839958e-01,1.544607306237e-01,1.582470231538e-01,1.619329048189e-01,1.655211271142e-01,1.690143533801e-01,1.724151619934e-01,1.757260495682e-01,1.789494339848e-01,1.820876572646e-01,1.851429884205e-01,1.881176260471e-01,1.910137008877e-01,1.938332782794e-01,1.965783604766e-01,1.992508889488e-01,2.018527464890e-01,2.043857592853e-01,2.068516989080e-01,2.092522841998e-01,2.115891831360e-01,2.138640145538e-01,2.160783498332e-01,2.182337145241e-01,2.203315898794e-01,2.223734144006e-01,2.243605852249e-01,2.262944595225e-01,2.281763558245e-01,2.300075552960e-01,2.317893029813e-01,2.335228089678e-01,2.352092495301e-01,2.368497682264e-01,2.384454769554e-01,2.399974569702e-01,2.415067598546e-01,2.429744084682e-01,2.444013978545e-01,2.457886961242e-01,2.471372452830e-01,2.484479620515e-01,2.497217386544e-01,2.509594435705e-01
-3.591048877723e+01,-3.241041902188e+01,-2.938108005940e+01,-2.674207830756e+01,-2.442945229324e+01,-2.239180386706e+01,-2.058745144947e+01,-1.898230804445e+01,-1.754828063851e+01,-1.626204958110e+01,-1.510412828382e+01,-1.405813201300e+01,-1.311020430964e+01,-1.224856337087e+01,-1.146314056993e+01,-1.074529032676e+01,-1.008755569173e+01,-9.483477743209e+00,-8.927439692206e+00,-8.414538650322e+00,-7.940479598438e+00,-7.501487268313e+00,-7.094232568131e+00,-6.715770861872e+00,-6.363489980526e+00,-6.035066245513e+00,-5.728427128828e+00,-5.441719423246e+00,-5.173282019379e+00,-4.921622540082e+00,-4.685397223375e+00,-4.463393543322e+00,-4.254515155680e+00,-4.057768817671e+00,-3.872252993678e+00,-3.697147899878e+00,-3.531706786801e+00,-3.375248285832e+00,-3.227149675180e+00,-3.086840939055e+00,-2.953799516996e+00,-2.827545652267e+00,-2.707638264393e+00,-2.593671276024e+00,-2.485270341125e+00,-2.382089923465e+00,-2.283810684588e+00,-2.190137142314e+00,-2.100795570213e+00,-2.015532109079e+00,-1.934111067247e+00,-1.856313387036e+00,-1.781935260376e+00,-1.710786876598e+00,-1.642691288782e+00,-1.577483385028e+00,-1.515008954576e+00,-1.455123838538e+00,-1.397693156958e+00,-1.342590603832e+00,-1.289697803891e+00,-1.238903724779e+00,-1.190104139705e+00,-1.143201134791e+00,-1.098102657790e+00,-1.054722103782e+00,-1.012977934766e+00,-9.727933295281e-01,-9.340958615415e-01,-8.968172021132e-01,-8.608928467214e-01,-8.262618622266e-01,-7.928666534198e-01,-7.606527471110e-01,-7.295685923467e-01,-6.995653752705e-01,-6.705968475376e-01,-6.426191671099e-01,-6.155907504363e-01,-5.894721350714e-01,-5.642258519346e-01,-5.398163064420e-01,-5.162096677618e-01,-4.933737656546e-01,-4.712779942410e-01,-4.498932222160e-01,-4.291917089352e-01,-4.091470260905e-01,-3.897339844194e-01,-3.709285651645e-01,-3.527078558132e-01,-3.350499900192e-01,-3.179340912228e-01,-3.013402198067e-01,-2.852493234069e-01,-2.696431903864e-01,-2.545044060612e-01,-2.398163115826e-01,-2.255629651655e-01,-2.117291057346e-01,-1.983001186401e-01,-1.852620034217e-01,-1.726013432223e-01,-1.603052762369e-01,-1.483614686004e-01,-1.367580888857e-01,-1.254837838540e-01,-1.145276557903e-01,-1.038792409332e-01,-9.352848915446e-02,-8.346574457471e-02,-7.368172744731e-02,-6.416751687820e-02,-5.491453451833e-02,-4.591452896258e-02,-3.715956116763e-02,-2.864199051955e-02,-2.035446165946e-02,-1.228989184699e-02,-4.441459143505e-03,3.197408894824e-03,1.063304588578e-02,1.787155701431e-02,2.491882855611e-02,3.178053715954e-02,3.846215857375e-02,4.496897614803e-02,5.130608864617e-02,5.747841786164e-02,6.349071579215e-02,6.934757164856e-02,7.505341829265e-02,8.061253851700e-02,8.602907097451e-02,9.130701598621e-02,9.645024087558e-02,1.014624851699e-01,1.063473655265e-01,1.111083805665e-01,1.157489153201e-01,1.202722455586e-01,1.246815418697e-01,1.289798737851e-01,1.331702134015e-01,1.372554390524e-01,1.412383387315e-01,1.451216135350e-01,1.489078807177e-01,1.525996767721e-01,1.561994603110e-01,1.597096149699e-01,1.631324519884e-01,1.664702128022e-01,1.697250714826e-01,1.728991371897e-01,1.759944563651e-01,1.790130149209e-01,1.819567403124e-01,1.848275036180e-01,1.876271214104e-01,1.903573576163e-01,1.930199252588e-01,1.956164882837e-01,1.981486630957e-01,2.006180201755e-01,2.030260855767e-01,2.053743424636e-01,2.076642324442e-01,2.098971569481e-01,2.120744785136e-01,2.141975220982e-01,2.162675762347e-01,2.182858942080e-01,2.202536951677e-01,2.221721652460e-01,2.240424585633e-01,2.258656982386e-01,2.276429773539e-01,2.293753599077e-01,2.310638816946e-01,2.327095511757e-01
-4.148312927801e+01,-3.745801635771e+01,-3.397384040929e+01,-3.093824478858e+01,-2.827774699801e+01,-2.593329545010e+01,-2.385699989729e+01,-2.200969422948e+01,-2.035909804736e+01,-1.887841464577e+01,-1.754525092132e+01,-1.634077745565e+01,-1.524906964176e+01,-1.425658658422e+01,-1.335175583391e+01,-1.252464009131e+01,-1.176666789704e+01,-1.107041465111e+01,-1.042942350021e+01,-9.838058013130e+00,-9.291380348204e+00,-8.785050005524e+00,-8.315239287685e+00,-7.878562377187e+00,-7.472015595219e+00,-7.092926869284e+00,-6.738912819291e+00,-6.407842180420e+00,-6.097804517178e+00,-5.807083371969e+00,-5.534133140375e+00,-5.277559098561e+00,-5.036100101959e+00,-4.808613549040e+00,-4.594062283064e+00,-4.391503150741e+00,-4.200076981143e+00,-4.018999787178e+00,-3.847555023513e+00,-3.685086758976e+00,-3.530993638660e+00,-3.384723536384e+00,-3.245768809685e+00,-3.113662076280e+00,-2.987972452100e+00,-2.868302192998e+00,-2.754283690165e+00,-2.645576778217e+00,-2.541866319725e+00,-2.442860034138e+00,-2.348286541950e+00,-2.257893601650e+00,-2.171446518190e+00,-2.088726702284e+00,-2.009530366226e+00,-1.933667341334e+00,-1.860960003705e+00,-1.791242297189e+00,-1.724358844095e+00,-1.660164134859e+00,-1.598521787665e+00,-1.539303872303e+00,-1.482390292183e+00,-1.427668217398e+00,-1.375031565523e+00,-1.324380525198e+00,-1.275621118160e+00,-1.228664796506e+00,-1.183428072072e+00,-1.139832175012e+00,-1.097802738612e+00,-1.057269508523e+00,-1.018166074252e+00,-9.804296205377e-01,-9.440006974049e-01,-9.088230072056e-01,-8.748432071114e-01,-8.420107258296e-01,-8.102775934721e-01,-7.795982835007e-01,-7.499295656099e-01,-7.212303688926e-01,-6.934616544467e-01,-6.665862965356e-01,-6.405689718307e-01,-6.153760560322e-01,-5.909755273066e-01,-5.673368760640e-01,-5.444310205912e-01,-5.222302280874e-01,-5.007080407668e-01,-4.798392066261e-01,-4.595996144881e-01,-4.399662331566e-01,-4.209170542881e-01,-4.024310387130e-01,-3.844880660247e-01,-3.670688872284e-01,-3.501550801800e-01,-3.337290075702e-01,-3.177737775177e-01,-3.022732064016e-01,-2.872117836689e-01,-2.725746389062e-01,-2.583475106466e-01,-2.445167168715e-01,-2.310691272514e-01,-2.179921369285e-01,-2.052736416880e-01,-1.929020144200e-01,-1.808660830253e-01,-1.691551094228e-01,-1.577587695289e-01,-1.466671345442e-01,-1.358706531081e-01,-1.253601343177e-01,-1.151267316859e-01,-1.051619279849e-01,-9.545752080247e-02,-8.600560869816e-02,-7.679857831742e-02,-6.782909204933e-02,-5.909007605532e-02,-5.057470928171e-02,-4.227641279931e-02,-3.418883958911e-02,-2.630586495672e-02,-1.862157740764e-02,-1.113026988769e-02,-3.826431367437e-03,3.295260964633e-03,1.023994925540e-02,1.701260235929e-02,2.361802257236e-02,3.006085219874e-02,3.634557989100e-02,4.247654662992e-02,4.845795136994e-02,5.429385650244e-02,5.998819321159e-02,6.554476631409e-02,7.096725899887e-02,7.625923760532e-02,8.142415578530e-02,8.646535870794e-02,9.138608715199e-02,9.618948128614e-02,1.008785842915e-01,1.054563459000e-01,1.099256258480e-01,1.142891969842e-01,1.185497483573e-01,1.227098883309e-01,1.267721472930e-01,1.307389803906e-01,1.346127702151e-01,1.383958293126e-01,1.420904025376e-01,1.456986693760e-01,1.492227462893e-01,1.526646887265e-01,1.560264931588e-01,1.593100992332e-01,1.625173915045e-01,1.656502012873e-01,1.687103084883e-01,1.716994432558e-01,1.746192875732e-01,1.774714768451e-01,1.802576014682e-01,1.829792081923e-01,1.856378015166e-01,1.882348451405e-01,1.907717631610e-01,1.932499413275e-01,1.956707282906e-01,1.980354367565e-01,2.003453445658e-01,2.026016957784e-01,2.048057017831e-01,2.069585422215e-01
-4.840374922734e+01,-4.372730210683e+01,-3.967886672438e+01,-3.615125084818e+01,-3.305916456254e+01,-3.033406473485e+01,-2.792036117028e+01,-2.577258854881e+01,-2.385327310178e+01,-2.213130562957e+01,-2.058068809778e+01,-1.917955890909e+01,-1.790942823360e+01,-1.675457324992e+01,-1.570155618433e+01,-1.473883746320e+01,-1.385646313998e+01,-1.304581072367e+01,-1.229938127107e+01,-1.161062837807e+01,-1.097381675777e+01,-1.038390470530e+01,-9.836445960542e+00,-9.327507372270e+00,-8.853599542744e+00,-8.411618162932e+00,-7.998794185340e+00,-7.612651359308e+00,-7.250969907514e+00,-6.911755343155e+00,-6.593211623329e+00,-6.293717958389e+00,-6.011808716304e+00,-5.746155966456e+00,-5.495554268892e+00,-5.258907384567e+00,-5.035216639627e+00,-4.823570707279e+00,-4.623136614745e+00,-4.433151813949e+00,-4.252917169254e+00,-4.081790745343e+00,-3.919182296423e+00,-3.764548359722e+00,-3.617387885690e+00,-3.477238337547e+00,-3.343672199587e+00,-3.216293850848e+00,-3.094736759548e+00,-2.978660958944e+00,-2.867750776445e+00,-2.761712785555e+00,-2.660273954951e+00,-2.563179975967e+00,-2.470193747175e+00,-2.381093999295e+00,-2.295674047647e+00,-2.213740656855e+00,-2.135113006935e+00,-2.059621751820e+00,-1.987108159079e+00,-1.917423323774e+00,-1.850427450552e+00,-1.785989194448e+00,-1.723985057475e+00,-1.664298835131e+00,-1.606821106853e+00,-1.551448768150e+00,-1.498084599985e+00,-1.446636871312e+00,-1.397018973094e+00,-1.349149080363e+00,-1.302949839566e+00,-1.258348079918e+00,-1.215274546036e+00,-1.173663650063e+00,-1.133453242253e+00,-1.094584397833e+00,-1.057001219044e+00,-1.020650651465e+00,-9.854823129181e-01,-9.514483342476e-01,-9.185032113231e-01,-8.866036666956e-01,-8.557085208089e-01,-8.257785718457e-01,-7.967764833083e-01,-7.686666791164e-01,-7.414152455035e-01,-7.149898391207e-01,-6.893596010912e-01,-6.644950764594e-01,-6.403681386560e-01,-6.169519186872e-01,-5.942207386523e-01,-5.721500493278e-01,-5.507163715150e-01,-5.298972409017e-01,-5.096711562279e-01,-4.900175304537e-01,-4.709166448226e-01,-4.523496056191e-01,-4.342983032830e-01,-4.167453740220e-01,-3.996741635173e-01,-3.830686925906e-01,-3.669136249499e-01,-3.511942366098e-01,-3.358963869414e-01,-3.210064914597e-01,-3.065114959439e-01,-2.923988519406e-01,-2.786564937123e-01,-2.652728162387e-01,-2.522366544245e-01,-2.395372634936e-01,-2.271643002113e-01,-2.151078051863e-01,-2.033581861312e-01,-1.919062017664e-01,-1.807429467140e-01,-1.698598371811e-01,-1.592485970364e-01,-1.489012449881e-01,-1.388100821688e-01,-1.289676801955e-01,-1.193668701307e-01,-1.100007317473e-01,-1.008625832423e-01,-9.194597170714e-02,-8.324466380743e-02,-7.475263690871e-02,-6.646407081959e-02,-5.837333966958e-02,-5.047500424332e-02,-4.276380480247e-02,-3.523465397879e-02,-2.788263014848e-02,-2.070297116950e-02,-1.369106813817e-02,-6.842459655094e-03,-1.528263765564e-04,6.382014572773e-03,1.276611444526e-02,1.900339777642e-02,2.509766721779e-02,3.105260779467e-02,3.687179124287e-02,4.255868022380e-02,4.811663207001e-02,5.354890263489e-02,5.885864996662e-02,6.404893761505e-02,6.912273806245e-02,7.408293592207e-02,7.893233086870e-02,8.367364070803e-02,8.830950415661e-02,9.284248344889e-02,9.727506709395e-02,1.016096722923e-01,1.058486472310e-01,1.099942736451e-01,1.140487688038e-01,1.180142876799e-01,1.218929251572e-01,1.256867178134e-01,1.293976458766e-01,1.330276351574e-01,1.365785586475e-01,1.400522382916e-01,1.434504466745e-01,1.467749084599e-01,1.500273020015e-01,1.532092608109e-01,1.563223748589e-01,1.593681920442e-01,1.623482194668e-01,1.652639246100e-01,1.681167366823e-01,1.709080477239e-01
-5.714201420035e+01,-5.164403718656e+01,-4.688387569941e+01,-4.273563178584e+01,-3.909912763526e+01,-3.589385202486e+01,-3.305450553789e+01,-3.052767974005e+01,-2.826935201654e+01,-2.624297501706e+01,-2.441800471645e+01,-2.276875569431e+01,-2.127350312900e+01,-1.991377251295e+01,-1.867377360759e+01,-1.753994609542e+01,-1.650059242979e+01,-1.554557930681e+01,-1.466609344658e+01,-1.385444071562e+01,-1.310388000848e+01,-1.240848517201e+01,-1.176302972167e+01,-1.116289011254e+01,-1.060396426382e+01,-1.008260263158e+01,-9.595549668973e+00,-9.139893939938e+00,-8.713025430389e+00,-8.312598917373e+00,-7.936502422107e+00,-7.582829954521e+00,-7.249857908403e+00,-6.936024540590e+00,-6.639912098389e+00,-6.360231204661e+00,-6.095807177651e+00,-5.845568027317e+00,-5.608533883544e+00,-5.383807675831e+00,-5.170566893691e+00,-4.968056283114e+00,-4.775581370160e+00,-4.592502692579e+00,-4.418230664671e+00,-4.252220990523e+00,-4.093970559615e+00,-3.943013773742e+00,-3.798919245006e+00,-3.661286831193e+00,-3.529744965326e+00,-3.403948245781e+00,-3.283575263341e+00,-3.168326631863e+00,-3.057923207255e+00,-2.952104471616e+00,-2.850627064188e+00,-2.753263448246e+00,-2.659800694310e+00,-2.570039372718e+00,-2.483792542723e+00,-2.400884827176e+00,-2.321151568706e+00,-2.244438053932e+00,-2.170598804327e+00,-2.099496924625e+00,-2.031003503492e+00,-1.964997064034e+00,-1.901363055912e+00,-1.839993388789e+00,-1.780786001621e+00,-1.723644464398e+00,-1.668477611484e+00,-1.615199201033e+00,-1.563727600746e+00,-1.513985496565e+00,-1.465899622049e+00,-1.419400508263e+00,-1.374422250472e+00,-1.330902291983e+00,-1.288781223058e+00,-1.248002593249e+00,-1.208512737504e+00,-1.170260613110e+00,-1.133197648319e+00,-1.097277600818e+00,-1.062456425354e+00,-1.028692150532e+00,-9.959447629945e-01,-9.641760994812e-01,-9.333497456263e-01,-9.034309409986e-01,-8.743864904045e-01,-8.461846803302e-01,-8.187952007637e-01,-7.921890717204e-01,-7.663385741141e-01,-7.412171849449e-01,-7.167995161571e-01,-6.930612572139e-01,-6.699791209989e-01,-6.475307928180e-01,-6.256948823909e-01,-6.044508785260e-01,-5.837791063924e-01,-5.636606871689e-01,-5.440774999704e-01,-5.250121458174e-01,-5.064479136576e-01,-4.883687481770e-01,-4.707592193526e-01,-4.536044937077e-01,-4.368903069506e-01,-4.206029382273e-01,-4.047291856066e-01,-3.892563428453e-01,-3.741721774713e-01,-3.594649097741e-01,-3.451231930999e-01,-3.311360949945e-01,-3.174930792785e-01,-3.041839892076e-01,-2.911990311256e-01,-2.785287593074e-01,-2.661640612537e-01,-2.540961437880e-01,-2.423165199572e-01,-2.308169962309e-01,-2.195896607082e-01,-2.086268715873e-01,-1.979212462453e-01,-1.874656509992e-01,-1.772531909762e-01,-1.672772008678e-01,-1.575312358203e-01,-1.480090627759e-01,-1.387046524194e-01,-1.296121710901e-01,-1.207259734803e-01,-1.120405953872e-01,-1.035507467798e-01,-9.525130545818e-02,-8.713731047534e-02,-7.920395642054e-02,-7.144658752133e-02,-6.386069213503e-02,-5.644189764980e-02,-4.918596516468e-02,-4.208878492226e-02,-3.514637154371e-02,-2.835485955808e-02,-2.171049932604e-02,-1.520965268449e-02,-8.848789279360e-03,-2.624482696731e-03,3.466593197410e-03,9.427667526984e-03,1.526187599666e-02,2.097226385534e-02,2.656178905002e-02,3.203332525500e-02,3.738966446985e-02,4.263352007171e-02,4.776752912694e-02,5.279425507400e-02,5.771619015258e-02,6.253575756180e-02,6.725531398557e-02,7.187715147837e-02,7.640349967999e-02,8.083652784503e-02,8.517834659116e-02,8.943101002370e-02,9.359651727820e-02,9.767681435321e-02,1.016737958206e-01,1.055893062435e-01,1.094251419722e-01,1.131830524153e-01,1.168647415581e-01,1.204718694218e-01
-6.839100231006e+01,-6.183653721850e+01,-5.616106385030e+01,-5.121463716177e+01,-4.687793985199e+01,-4.305507450519e+01,-3.966825928293e+01,-3.665387363215e+01,-3.395947522419e+01,-3.154152484565e+01,-2.936363351982e+01,-2.739519933451e+01,-2.561033793840e+01,-2.398703668139e+01,-2.250648043641e+01,-2.115251047497e+01,-1.991118718178e+01,-1.877043446579e+01,-1.771974888897e+01,-1.674996037428e+01,-1.585303434041e+01,-1.502190721687e+01,-1.425034911618e+01,-1.353284859900e+01,-1.286451561663e+01,-1.224099938613e+01,-1.165841865746e+01,-1.111330226723e+01,-1.060253828410e+01,-1.012333036393e+01,-9.673160152855e+00,-9.249754825031e+00,-8.851058938661e+00,-8.475209997555e+00,-8.120517144116e+00,-7.785442554016e+00,-7.468585135538e+00,-7.168666218313e+00,-6.884516960712e+00,-6.615067235939e+00,-6.359335815613e+00,-6.116421662164e+00,-5.885496210862e+00,-5.665796492779e+00,-5.456619015811e+00,-5.257314294049e+00,-5.067281958824e+00,-4.885966376196e+00,-4.712852712952e+00,-4.547463402500e+00,-4.389354958039e+00,-4.238115104746e+00,-4.093360182688e+00,-3.954732804320e+00,-3.821899727423e+00,-3.694549929502e+00,-3.572392856925e+00,-3.455156833063e+00,-3.342587609895e+00,-3.234447045133e+00,-3.130511898326e+00,-3.030572726204e+00,-2.934432877053e+00,-2.841907564784e+00,-2.752823024082e+00,-2.667015731981e+00,-2.584331694477e+00,-2.504625789643e+00,-2.427761162688e+00,-2.353608669580e+00,-2.282046361978e+00,-2.212959014259e+00,-2.146237683609e+00,-2.081779305872e+00,-2.019486319277e+00,-1.959266317355e+00,-1.901031726320e+00,-1.844699505869e+00,-1.790190871759e+00,-1.737431037014e+00,-1.686348972671e+00,-1.636877183297e+00,-1.588951499887e+00,-1.542510884897e+00,-1.497497252016e+00,-1.453855296778e+00,-1.411532339073e+00,-1.370478175653e+00,-1.330644942133e+00,-1.291986984254e+00,-1.254460736640e+00,-1.218024610135e+00,-1.182638885151e+00,-1.148265612585e+00,-1.114868520057e+00,-1.082412924384e+00,-1.050865649053e+00,-1.020194946704e+00,-9.903704263365e-01,-9.613629845157e-01,-9.331447410150e-01,-9.056889776745e-01,-8.789700813198e-01,-8.529634894170e-01,-8.276456392165e-01,-8.029939194615e-01,-7.789866249508e-01,-7.556029135394e-01,-7.328227654895e-01,-7.106269450914e-01,-6.889969642574e-01,-6.679150481802e-01,-6.473641027048e-01,-6.273276835064e-01,-6.077899668311e-01,-5.887357217800e-01,-5.701502840147e-01,-5.520195308178e-01,-5.343298573990e-01,-5.170681544485e-01,-5.002217867238e-01,-4.837785728411e-01,-4.677267658843e-01,-4.520550351695e-01,-4.367524487045e-01,-4.218084566559e-01,-4.072128755040e-01,-3.929558729998e-01,-3.790279538631e-01,-3.654199460449e-01,-3.521229878355e-01,-3.391285152777e-01,-3.264282505167e-01,-3.140141903268e-01,-3.018785954712e-01,-2.900139803157e-01,-2.784131030391e-01,-2.670689562624e-01,-2.559747579973e-01,-2.451239432168e-01,-2.345101554472e-01,-2.241272391916e-01,-2.139692321358e-01,-2.040303582536e-01,-1.943050207090e-01,-1.847877954409e-01,-1.754734247756e-01,-1.663568114114e-01,-1.574330126973e-01,-1.486972349576e-01,-1.401448283985e-01,-1.317712817332e-01,-1.235722176037e-01,-1.155433876203e-01,-1.076806680825e-01,-9.998005552393e-02,-9.243766262962e-02,-8.504971428279e-02,-7.781254363608e-02,-7.072258863717e-02,-6.377638822574e-02,-5.697057928677e-02,-5.030189301664e-02,-4.376715214639e-02,-3.736326764340e-02,-3.108723601198e-02,-2.493613639454e-02,-1.890712791037e-02,-1.299744714047e-02,-7.204405483720e-03,-1.525387010762e-03,4.042154163593e-03,9.500695757496e-03,1.485264977151e-02,2.010036430988e-02,2.524612572465e-02,3.029216046602e-02,3.524063690547e-02,4.009366723290e-02,4.485330896967e-02,4.952156691672e-02
-8.320785406008e+01,-7.526320256706e+01,-6.838326774742e+01,-6.238647343425e+01,-5.712832605252e+01,-5.249268861224e+01,-4.838535909394e+01,-4.472928297466e+01,-4.146094165085e+01,-3.852759775786e+01,-3.588517289186e+01,-3.349659696050e+01,-3.133051325270e+01,-2.936025411924e+01,-2.756302465656e+01,-2.591924737637e+01,-2.441203269502e+01,-2.302674827644e+01,-2.175066678895e+01,-2.057267608762e+01,-1.948303957921e+01,-1.847319700187e+01,-1.753559809517e+01,-1.666356302033e+01,-1.585116480480e+01,-1.509312985307e+01,-1.438475349126e+01,-1.372182793808e+01,-1.310058071951e+01,-1.251762177315e+01,-1.196989792508e+01,-1.145465353573e+01,-1.096939642747e+01,-1.051186825270e+01,-1.008001869759e+01,-9.671982922902e+00,-9.286061825453e+00,-8.920704687360e+00,-8.574493923699e+00,-8.246131610599e+00,-7.934427591649e+00,-7.638288924591e+00,-7.356710528787e+00,-7.088766849210e+00,-6.833604443387e+00,-6.590435346701e+00,-6.358531152441e+00,-6.137217693145e+00,-5.925870280020e+00,-5.723909410364e+00,-5.530796914203e+00,-5.346032467748e+00,-5.169150455110e+00,-4.999717119424e+00,-4.837327992067e+00,-4.681605551633e+00,-4.532197106444e+00,-4.388772860537e+00,-4.251024160470e+00,-4.118661889450e+00,-3.991415008658e+00,-3.869029217184e+00,-3.751265733164e+00,-3.637900170114e+00,-3.528721513813e+00,-3.423531176316e+00,-3.322142133323e+00,-3.224378124538e+00,-3.130072923405e+00,-3.039069658515e+00,-2.951220193033e+00,-2.866384546658e+00,-2.784430366325e+00,-2.705232432062e+00,-2.628672203955e+00,-2.554637398280e+00,-2.483021598433e+00,-2.413723890160e+00,-2.346648526342e+00,-2.281704612097e+00,-2.218805815097e+00,-2.157870092801e+00,-2.098819441575e+00,-2.041579659602e+00,-1.986080128929e+00,-1.932253608978e+00,-1.880036046579e+00,-1.829366395682e+00,-1.780186451340e+00,-1.732440691896e+00,-1.686076133537e+00,-1.641042191805e+00,-1.597290553859e+00,-1.554775056670e+00,-1.513451574561e+00,-1.473277911831e+00,-1.434213703522e+00,-1.396220320560e+00,-1.359260781993e+00,-1.323299671018e+00,-1.288303057202e+00,-1.254238421958e+00,-1.221074589548e+00,-1.188781660760e+00,-1.157330951554e+00,-1.126694933990e+00,-1.096847181526e+00,-1.067762316321e+00,-1.039415960363e+00,-1.011784688384e+00,-9.848459841120e-01,-9.585781981298e-01,-9.329605086466e-01,-9.079728837186e-01,-8.835960460094e-01,-8.598114388706e-01,-8.366011946311e-01,-8.139481040965e-01,-7.918355879671e-01,-7.702476693715e-01,-7.491689480639e-01,-7.285845756488e-01,-7.084802322624e-01,-6.888421041889e-01,-6.696568627445e-01,-6.509116440435e-01,-6.325940298391e-01,-6.146920292122e-01,-5.971940611611e-01,-5.800889380105e-01,-5.633658495680e-01,-5.470143480738e-01,-5.310243337616e-01,-5.153860411924e-01,-5.000900260759e-01,-4.851271528474e-01,-4.704885826237e-01,-4.561657618984e-01,-4.421504115196e-01,-4.284345163929e-01,-4.150103153782e-01,-4.018702919132e-01,-3.890071647194e-01,-3.764138792711e-01,-3.640835992399e-01,-3.520096987116e-01,-3.401857543094e-01,-3.286055380858e-01,-3.172630102617e-01,-3.061523127293e-01,-2.952677623508e-01,-2.846038450158e-01,-2.741552094484e-01,-2.639166617684e-01,-2.538831597616e-01,-2.440498078977e-01,-2.344118520244e-01,-2.249646747998e-01,-2.157037907732e-01,-2.066248421960e-01,-1.977235944508e-01,-1.889959322280e-01,-1.804378552354e-01,-1.720454747332e-01,-1.638150095160e-01,-1.557427827399e-01,-1.478252181762e-01,-1.400588373006e-01,-1.324402557952e-01,-1.249661808784e-01,-1.176334080355e-01,-1.104388185673e-01,-1.033793765327e-01,-9.645212649669e-02,-8.965419066842e-02,-8.298276683167e-02,-7.643512566337e-02,-7.000860883131e-02,-6.370062647959e-02,-5.750865547901e-02,-5.143023706251e-02
-1.032696284523e+02,-9.344451483143e+01,-8.493528314810e+01,-7.751758651903e+01,-7.101288797020e+01,-6.527768200712e+01,-6.019556226707e+01,-5.567130771049e+01,-5.162642109324e+01,-4.799572605831e+01,-4.472474520330e+01,-4.176766093506e+01,-3.908571553640e+01,-3.664594572856e+01,-3.442017400085e+01,-3.238419898638e+01,-3.051714113944e+01,-2.880091065108e+01,-2.721977215742e+01,-2.575998663867e+01,-2.440951527602e+01,-2.315777327083e+01,-2.199542428917e+01,-2.091420796685e+01,-1.990679461877e+01,-1.896666229080e+01,-1.808799236182e+01,-1.726558053672e+01,-1.649476070330e+01,-1.577133957623e+01,-1.509154039837e+01,-1.445195432463e+01,-1.384949827174e+01,-1.328137831870e+01,-1.274505778803e+01,-1.223822938140e+01,-1.175879075675e+01,-1.130482309316e+01,-1.087457222089e+01,-1.046643197380e+01,-1.007892947769e+01,-9.710712104557e+00,-9.360535907038e+00,-9.027255311400e+00,-8.709813948474e+00,-8.407236453209e+00,-8.118621137941e+00,-7.843133422292e+00,-7.579999936825e+00,-7.328503224326e+00,-7.087976962651e+00,-6.857801664817e+00,-6.637400784426e+00,-6.426237204838e+00,-6.223810047247e+00,-6.029651785287e+00,-5.843325617126e+00,-5.664423079880e+00,-5.492561875484e+00,-5.327383887881e+00,-5.168553375949e+00,-5.015755316808e+00,-4.868693897536e+00,-4.727091125058e+00,-4.590685559458e+00,-4.459231145148e+00,-4.332496141002e+00,-4.210262134101e+00,-4.092323132173e+00,-3.978484728396e+00,-3.868563328294e+00,-3.762385440024e+00,-3.659787013385e+00,-3.560612834210e+00,-3.464715958124e+00,-3.371957190698e+00,-3.282204601975e+00,-3.195333078078e+00,-3.111223903919e+00,-3.029764375076e+00,-2.950847438184e+00,-2.874371353679e+00,-2.800239385271e+00,-2.728359506320e+00,-2.658644129804e+00,-2.591009853296e+00,-2.525377222752e+00,-2.461670510667e+00,-2.399817508809e+00,-2.339749334832e+00,-2.281400249873e+00,-2.224707489613e+00,-2.169611103396e+00,-2.116053806095e+00,-2.063980836343e+00,-2.013339825684e+00,-1.964080673953e+00,-1.916155433136e+00,-1.869518197686e+00,-1.824125001168e+00,-1.779933719586e+00,-1.736903979107e+00,-1.694997070784e+00,-1.654175868176e+00,-1.614404751423e+00,-1.575649534186e+00,-1.537877395580e+00,-1.501056815349e+00,-1.465157512710e+00,-1.430150388759e+00,-1.396007471401e+00,-1.362701864103e+00,-1.330207696260e+00,-1.298500077404e+00,-1.267555052609e+00,-1.237349561215e+00,-1.207861396961e+00,-1.179069170588e+00,-1.150952274165e+00,-1.123490847164e+00,-1.096665744494e+00,-1.070458505652e+00,-1.044851326064e+00,-1.019827029072e+00,-9.953690399756e-01,-9.714613608073e-01,-9.480885466606e-01,-9.252356829657e-01,-9.028883638854e-01,-8.810326718033e-01,-8.596551575944e-01,-8.387428220718e-01,-8.182830979729e-01,-7.982638331100e-01,-7.786732739722e-01,-7.595000503232e-01,-7.407331603182e-01,-7.223619563868e-01,-7.043761317002e-01,-6.867657072345e-01,-6.695210194336e-01,-6.526327083583e-01,-6.360917064089e-01,-6.198892274791e-01,-6.040167566095e-01,-5.884660400680e-01,-5.732290758494e-01,-5.582981045769e-01,-5.436656007902e-01,-5.293242645703e-01,-5.152670135645e-01,-5.014869752477e-01,-4.879774796309e-01,-4.747320521004e-01,-4.617444067269e-01,-4.490084396738e-01,-4.365182230050e-01,-4.242679986477e-01,-4.122521726297e-01,-4.004653095692e-01,-3.889021272812e-01,-3.775574917805e-01,-3.664264121945e-01,-3.555040362144e-01,-3.447856453868e-01,-3.342666508568e-01,-3.239425890781e-01,-3.138091177930e-01,-3.038620121456e-01,-2.940971608592e-01,-2.845105627388e-01,-2.750983230136e-01,-2.658566501980e-01,-2.567818526150e-01,-2.478703355101e-01,-2.391185978595e-01,-2.305232296037e-01,-2.220809087823e-01,-2.137883988506e-01,-2.056425461329e-01,-1.976402771937e-01
-1.313662755135e+02,-1.189100505144e+02,-1.081210489882e+02,-9.871510236151e+01,-9.046605751847e+01,-8.319212813495e+01,-7.674584956693e+01,-7.100658986741e+01,-6.587489959778e+01,-6.126820226330e+01,-5.711747372126e+01,-5.336465949640e+01,-4.996064849558e+01,-4.686367010933e+01,-4.403801669641e+01,-4.145301801871e+01,-3.908221242621e+01,-3.690267287052e+01,-3.489445545957e+01,-3.304014584700e+01,-3.132448404474e+01,-2.973405255687e+01,-2.825701595438e+01,-2.688290233881e+01,-2.560241925201e+01,-2.440729791634e+01,-2.329016093377e+01,-2.224440953287e+01,-2.126412706549e+01,-2.034399619722e+01,-1.947922757532e+01,-1.866549819702e+01,-1.789889802848e+01,-1.717588358610e+01,-1.649323751290e+01,-1.584803324823e+01,-1.523760407696e+01,-1.465951596903e+01,-1.411154365002e+01,-1.359164951147e+01,-1.309796495475e+01,-1.262877385913e+01,-1.218249791911e+01,-1.175768358028e+01,-1.135299041186e+01,-1.096718071751e+01,-1.059911023717e+01,-1.024771982843e+01,-9.912027982162e+00,-9.591124107351e+00,-9.284162477890e+00,-8.990356770366e+00,-8.708975140563e+00,-8.439335756083e+00,-8.180802761032e+00,-7.932782610219e+00,-7.694720737807e+00,-7.466098535454e+00,-7.246430589475e+00,-7.035262171379e+00,-6.832166942260e+00,-6.636744853572e+00,-6.448620233486e+00,-6.267440024206e+00,-6.092872173624e+00,-5.924604155838e+00,-5.762341609499e+00,-5.605807091983e+00,-5.454738923854e+00,-5.308890130789e+00,-5.168027464608e+00,-5.031930497954e+00,-4.900390792876e+00,-4.773211124878e+00,-4.650204770418e+00,-4.531194844024e+00,-4.416013682777e+00,-4.304502279169e+00,-4.196509748722e+00,-4.091892840103e+00,-3.990515476940e+00,-3.892248330708e+00,-3.796968426516e+00,-3.704558770529e+00,-3.614908006574e+00,-3.527910093954e+00,-3.443464005380e+00,-3.361473448081e+00,-3.281846598523e+00,-3.204495857732e+00,-3.129337620617e+00,-3.056292059075e+00,-2.985282921371e+00,-2.916237340268e+00,-2.849085656008e+00,-2.783761248593e+00,-2.720200379732e+00,-2.658342046382e+00,-2.598127839985e+00,-2.539501816572e+00,-2.482410373131e+00,-2.426802130774e+00,-2.372627826538e+00,-2.319840208652e+00,-2.268393939887e+00,-2.218245505466e+00,-2.169353125489e+00,-2.121676673995e+00,-2.075177600119e+00,-2.029818855416e+00,-1.985564824278e+00,-1.942381257687e+00,-1.900235211896e+00,-1.859094988451e+00,-1.818930078925e+00,-1.779711111770e+00,-1.741409801685e+00,-1.703998902654e+00,-1.667452161856e+00,-1.631744277212e+00,-1.596850856391e+00,-1.562748377683e+00,-1.529414153763e+00,-1.496826295892e+00,-1.464963680946e+00,-1.433805919600e+00,-1.403333325768e+00,-1.373526888362e+00,-1.344368243268e+00,-1.315839647551e+00,-1.287923954466e+00,-1.260604589461e+00,-1.233865527930e+00,-1.207691273127e+00,-1.182066835802e+00,-1.156977714417e+00,-1.132409876161e+00,-1.108349739278e+00,-1.084784155529e+00,-1.061700393994e+00,-1.039086125292e+00,-1.016929406433e+00,-9.952186667045e-01,-9.739426936342e-01,-9.530906199832e-01,-9.326519111171e-01,-9.126163528163e-01,-8.929740399065e-01,-8.737153649690e-01,-8.548310078371e-01,-8.363119253843e-01,-8.181493416887e-01,-8.003347387887e-01,-7.828598475604e-01,-7.657166391725e-01,-7.488973167814e-01,-7.323943075483e-01,-7.162002550689e-01,-7.003080119679e-01,-6.847106328968e-01,-6.694013677459e-01,-6.543736551246e-01,-6.396211161261e-01,-6.251375482852e-01,-6.109169198031e-01,-5.969533639698e-01,-5.832411738177e-01,-5.697747969421e-01,-5.565488305609e-01,-5.435580167176e-01,-5.307972376749e-01,-5.182615115117e-01,-5.059459877922e-01,-4.938459435132e-01,-4.819567790939e-01,-4.702740145561e-01,-4.587932858808e-01,-4.475103413640e-01,-4.364210382857e-01,-4.255213395319e-01,-4.148073104169e-01
-1.724195266164e+02,-1.561224088248e+02,-1.420052758689e+02,-1.296966647924e+02,-1.189009374972e+02,-1.093804442713e+02,-1.009423960939e+02,-9.342907716057e+01,-8.671046052813e+01,-8.067857547960e+01,-7.524316750152e+01,-7.032832260830e+01,-6.586981870535e+01,-6.181303050173e+01,-5.811125952787e+01,-5.472439350905e+01,-5.161782296425e+01,-4.876156005081e+01,-4.612951769421e+01,-4.369891656363e+01,-4.144979453429e+01,-3.936459896491e+01,-3.742784619469e+01,-3.562583581496e+01,-3.394640995081e+01,-3.237874961338e+01,-3.091320169561e+01,-2.954113151312e+01,-2.825479664488e+01,-2.704723860869e+01,-2.591218959049e+01,-2.484399185438e+01,-2.383752789809e+01,-2.288815977777e+01,-2.199167621887e+01,-2.114424640326e+01,-2.034237950678e+01,-1.958288914834e+01,-1.886286210302e+01,-1.817963071663e+01,-1.753074849215e+01,-1.691396847007e+01,-1.632722404401e+01,-1.576861187220e+01,-1.523637665986e+01,-1.472889757476e+01,-1.424467607913e+01,-1.378232503796e+01,-1.334055894159e+01,-1.291818510500e+01,-1.251409575332e+01,-1.212726087934e+01,-1.175672178688e+01,-1.140158525996e+01,-1.106101827354e+01,-1.073424319460e+01,-1.042053343187e+01,-1.011920946951e+01,-9.829635257499e+00,-9.551214928143e+00,-9.283389787057e+00,-9.025635568607e+00,-8.777459929991e+00,-8.538400144877e+00,-8.308020995340e+00,-8.085912839010e+00,-7.871689825025e+00,-7.664988259351e+00,-7.465465099521e+00,-7.272796562330e+00,-7.086676845172e+00,-6.906816943259e+00,-6.732943553985e+00,-6.564798068649e+00,-6.402135635224e+00,-6.244724289503e+00,-6.092344154041e+00,-5.944786689595e+00,-5.801854001129e+00,-5.663358196939e+00,-5.529120786221e+00,-5.398972121295e+00,-5.272750880907e+00,-5.150303582592e+00,-5.031484131522e+00,-4.916153400629e+00,-4.804178834009e+00,-4.695434079730e+00,-4.589798646301e+00,-4.487157578371e+00,-4.387401156204e+00,-4.290424612875e+00,-4.196127867665e+00,-4.104415278838e+00,-4.015195409432e+00,-3.928380807002e+00,-3.843887799255e+00,-3.761636298979e+00,-3.681549621223e+00,-3.603554313597e+00,-3.527579992866e+00,-3.453559192710e+00,-3.381427221841e+00,-3.311122026783e+00,-3.242584064534e+00,-3.175756183055e+00,-3.110583505900e+00,-3.047013325200e+00,-2.984995000440e+00,-2.924479861133e+00,-2.865421116548e+00,-2.807773769565e+00,-2.751494534283e+00,-2.696541759602e+00,-2.642875355576e+00,-2.590456723429e+00,-2.539248690652e+00,-2.489215447762e+00,-2.440322488664e+00,-2.392536555363e+00,-2.345825583404e+00,-2.300158650992e+00,-2.255505931556e+00,-2.211838646691e+00,-2.169129022616e+00,-2.127350249121e+00,-2.086476439079e+00,-2.046482591013e+00,-2.007344553405e+00,-1.969038989783e+00,-1.931543346460e+00,-1.894835821382e+00,-1.858895333950e+00,-1.823701497149e+00,-1.789234590256e+00,-1.755475532694e+00,-1.722405859895e+00,-1.690007699305e+00,-1.658263747690e+00,-1.627157250171e+00,-1.596671979060e+00,-1.566792214159e+00,-1.537502724407e+00,-1.508788749268e+00,-1.480635981585e+00,-1.453030551349e+00,-1.425959009427e+00,-1.399408312555e+00,-1.373365808945e+00,-1.347819224025e+00,-1.322756647291e+00,-1.298166519495e+00,-1.274037620130e+00,-1.250359055887e+00,-1.227120249221e+00,-1.204310927350e+00,-1.181921112088e+00,-1.159941109632e+00,-1.138361500864e+00,-1.117173132385e+00,-1.096367107360e+00,-1.075934776984e+00,-1.055867732500e+00,-1.036157797038e+00,-1.016797018080e+00,-9.977776602872e-01,-9.790921982736e-01,-9.607333099170e-01,-9.426938698997e-01,-9.249669433009e-01,-9.075457796446e-01,-8.904238070769e-01,-8.735946266741e-01,-8.570520071322e-01,-8.407898795151e-01,-8.248023321877e-01,-8.090836060654e-01,-7.936280898760e-01,-7.784303156408e-01,-7.634849544094e-01,-7.487868119888e-01
-2.357819712964e+02,-2.135620706143e+02,-1.943126503071e+02,-1.775276886743e+02,-1.628044387253e+02,-1.498191372448e+02,-1.383091261760e+02,-1.280595225596e+02,-1.188931611680e+02,-1.106629228318e+02,-1.032458229796e+02,-9.653841364499e+01,-9.045317576595e+01,-8.491566520005e+01,-7.986223788731e+01,-7.523822364008e+01,-7.099645016278e+01,-6.709604266067e+01,-6.350144177735e+01,-6.018159561449e+01,-5.710929142877e+01,-5.426060011515e+01,-5.161441226028e+01,-4.915204882861e+01,-4.685693315639e+01,-4.471431344957e+01,-4.271102705470e+01,-4.083529949659e+01,-3.907657255279e+01,-3.742535665758e+01,-3.587310376218e+01,-3.441209750120e+01,-3.303535803499e+01,-3.173655931572e+01,-3.050995701023e+01,-2.935032553193e+01,-2.825290286144e+01,-2.721334209727e+01,-2.622766881748e+01,-2.529224346023e+01,-2.440372805226e+01,-2.355905673474e+01,-2.275540960766e+01,-2.199018943504e+01,-2.126100089593e+01,-2.056563206130e+01,-1.990203781136e+01,-1.926832497709e+01,-1.866273900745e+01,-1.808365198115e+01,-1.752955180192e+01,-1.699903245835e+01,-1.649078523457e+01,-1.600359074155e+01,-1.553631170811e+01,-1.508788644611e+01,-1.465732290472e+01,-1.424369326552e+01,-1.384612902400e+01,-1.346381650366e+01,-1.309599275597e+01,-1.274194181624e+01,-1.240099128462e+01,-1.207250918099e+01,-1.175590106841e+01,-1.145060741540e+01,-1.115610116595e+01,-1.087188550541e+01,-1.059749180633e+01,-1.033247773506e+01,-1.007642550069e+01,-9.828940240944e+00,-9.589648535428e+00,-9.358197020775e+00,-9.134251113933e+00,-8.917493831905e+00,-8.707624691862e+00,-8.504358691962e+00,-8.307425366896e+00,-8.116567909264e+00,-7.931542349625e+00,-7.752116794930e+00,-7.578070723073e+00,-7.409194317693e+00,-7.245287851929e+00,-7.086161114869e+00,-6.931632872245e+00,-6.781530362980e+00,-6.635688829964e+00,-6.493951080816e+00,-6.356167073934e+00,-6.222193532221e+00,-6.091893583818e+00,-5.965136419374e+00,-5.841796973483e+00,-5.721755627062e+00,-5.604897924445e+00,-5.491114308314e+00,-5.380299871595e+00,-5.272354123488e+00,-5.167180767530e+00,-5.064687493495e+00,-4.964785783635e+00,-4.867390725363e+00,-4.772420837090e+00,-4.679797904840e+00,-4.589446825789e+00,-4.501295460811e+00,-4.415274496094e+00,-4.331317312212e+00,-4.249359858652e+00,-4.169340536025e+00,-4.091200086308e+00,-4.014881485380e+00,-3.940329843102e+00,-3.867492309555e+00,-3.796317984116e+00,-3.726757829768e+00,-3.658764592521e+00,-3.592292724632e+00,-3.527298310660e+00,-3.463738997847e+00,-3.401573931389e+00,-3.340763690074e+00,-3.281270226645e+00,-3.223056811682e+00,-3.166087978840e+00,-3.110329472955e+00,-3.055748201220e+00,-3.002312186627e+00,-2.949990522601e+00,-2.898753330351e+00,-2.848571719286e+00,-2.799417747090e+00,-2.751264382818e+00,-2.704085472253e+00,-2.657855703604e+00,-2.612550575084e+00,-2.568146364415e+00,-2.524620099501e+00,-2.481949529781e+00,-2.440113099222e+00,-2.399089921387e+00,-2.358859753839e+00,-2.319402974637e+00,-2.280700560205e+00,-2.242734063331e+00,-2.205485592241e+00,-2.168937790922e+00,-2.133073820250e+00,-2.097877339288e+00,-2.063332487732e+00,-2.029423869742e+00,-1.996136537112e+00,-1.963455973856e+00,-1.931368081774e+00,-1.899859165847e+00,-1.868915920436e+00,-1.838525416306e+00,-1.808675088066e+00,-1.779352721722e+00,-1.750546442959e+00,-1.722244706414e+00,-1.694436284318e+00,-1.667110256175e+00,-1.640255999048e+00,-1.613863177741e+00,-1.587921735429e+00,-1.562421884870e+00,-1.537354099933e+00,-1.512709107077e+00,-1.488477877377e+00,-1.464651619218e+00,-1.441221770500e+00,-1.418179991555e+00,-1.395518158514e+00,-1.373228356494e+00,-1.351302873153e+00,-1.329734192642e+00,-1.308514989697e+00,-1.287638123751e+00
-3.410475592256e+02,-3.089966576346e+02,-2.812280121631e+02,-2.570123399141e+02,-2.357691740699e+02,-2.170318650065e+02,-2.004218199722e+02,-1.856292957488e+02,-1.723989066320e+02,-1.605185696790e+02,-1.498109863378e+02,-1.401270163817e+02,-1.313404788085e+02,-1.233440389286e+02,-1.160459299643e+02,-1.093673209664e+02,-1.032401896060e+02,-9.760559204756e+01,-9.241224748617e+01,-8.761537348386e+01,-8.317572270849e+01,-7.905878216751e+01,-7.523410442159e+01,-7.167474637999e+01,-6.835679645960e+01,-6.525897449602e+01,-6.236229195297e+01,-5.964976216619e+01,-5.710615247173e+01,-5.471777138812e+01,-5.247228534884e+01,-5.035856030858e+01,-4.836652451645e+01,-4.648704924212e+01,-4.471184485900e+01,-4.303337000162e+01,-4.144475201442e+01,-3.993971708146e+01,-3.851252874498e+01,-3.715793362861e+01,-3.587111346942e+01,-3.464764260412e+01,-3.348345024207e+01,-3.237478686866e+01,-3.131819432020e+01,-3.031047905008e+01,-2.934868823101e+01,-2.843008830920e+01,-2.755214577156e+01,-2.671250984380e+01,-2.590899692426e+01,-2.513957651889e+01,-2.440235855220e+01,-2.369558188115e+01,-2.301760390284e+01,-2.236689110610e+01,-2.174201050264e+01,-2.114162182749e+01,-2.056447044684e+01,-2.000938087343e+01,-1.947525085871e+01,-1.896104598753e+01,-1.846579474319e+01,-1.798858396959e+01,-1.752855472142e+01,-1.708489844923e+01,-1.665685350399e+01,-1.624370190603e+01,-1.584476638036e+01,-1.545940761958e+01,-1.508702176770e+01,-1.472703808309e+01,-1.437891678768e+01,-1.404214707354e+01,-1.371624526492e+01,-1.340075310332e+01,-1.309523616517e+01,-1.279928239004e+01,-1.251250071989e+01,-1.223451982414e+01,-1.196498692049e+01,-1.170356667417e+01,-1.144994017884e+01,-1.120380399653e+01,-1.096486926883e+01,-1.073286088386e+01,-1.050751670445e+01,-1.028858683713e+01,-1.007583295471e+01,-9.869027659404e+00,-9.667953891794e+00,-9.472404368648e+00,-9.282181061325e+00,-9.097094704069e+00,-8.916964336983e+00,-8.741616869530e+00,-8.570886675165e+00,-8.404615208171e+00,-8.242650647117e+00,-8.084847552874e+00,-7.931066550879e+00,-7.781174029761e+00,-7.635041861265e+00,-7.492547129757e+00,-7.353571881260e+00,-7.218002884496e+00,-7.085731409104e+00,-6.956653010100e+00,-6.830667328068e+00,-6.707677898416e+00,-6.587591974290e+00,-6.470320353660e+00,-6.355777219085e+00,-6.243879984396e+00,-6.134549152316e+00,-6.027708174790e+00,-5.923283323630e+00,-5.821203566462e+00,-5.721400451521e+00,-5.623807994096e+00,-5.528362571475e+00,-5.435002821805e+00,-5.343669550566e+00,-5.254305637487e+00,-5.166855950785e+00,-5.081267264221e+00,-4.997488180696e+00,-4.915469055569e+00,-4.835161926207e+00,-4.756520443682e+00,-4.679499809890e+00,-4.604056714115e+00,-4.530149274826e+00,-4.457736983143e+00,-4.386780650825e+00,-4.317242357508e+00,-4.249085402387e+00,-4.182274257200e+00,-4.116774522979e+00,-4.052552885967e+00,-3.989577077332e+00,-3.927815833774e+00,-3.867238861588e+00,-3.807816799513e+00,-3.749521185043e+00,-3.692324421276e+00,-3.636199746879e+00,-3.581121204701e+00,-3.527063613432e+00,-3.474002539660e+00,-3.421914272579e+00,-3.370775797404e+00,-3.320564771423e+00,-3.271259500356e+00,-3.222838916963e+00,-3.175282558441e+00,-3.128570546110e+00,-3.082683565334e+00,-3.037602847354e+00,-2.993310150007e+00,-2.949787740436e+00,-2.907018377908e+00,-2.864985298455e+00,-2.823672198264e+00,-2.783063218949e+00,-2.743142932796e+00,-2.703896329701e+00,-2.665308802854e+00,-2.627366136122e+00,-2.590054491379e+00,-2.553360397308e+00,-2.517270737049e+00,-2.481772737350e+00,-2.446853957658e+00,-2.412502280478e+00,-2.378705900692e+00,-2.345453316192e+00,-2.312733318469e+00,-2.280534984275e+00,-2.248847666368e+00,-2.217660985409e+00
-5.351646872631e+02,-4.850004136618e+02,-4.415346759874e+02,-4.036270021685e+02,-3.703696046583e+02,-3.410326632058e+02,-3.150240498010e+02,-2.918592985650e+02,-2.711389468007e+02,-2.525312501437e+02,-2.357588629445e+02,-2.205884774516e+02,-2.068226939858e+02,-1.942935893011e+02,-1.828575897841e+02,-1.723913554044e+02,-1.627884529625e+02,-1.539566503812e+02,-1.458157028283e+02,-1.382955312706e+02,-1.313347158517e+02,-1.248792434175e+02,-1.188814614262e+02,-1.132992001325e+02,-1.080950329506e+02,-1.032356506215e+02,-9.869132960668e+01,-9.443547890141e+01,-9.044425220079e+01,-8.669621498433e+01,-8.317205775259e+01,-7.985434824993e+01,-7.672731677842e+01,-7.377666955495e+01,-7.098942609389e+01,-6.835377710008e+01,-6.585895997237e+01,-6.349514950156e+01,-6.125336160807e+01,-5.912536844406e+01,-5.710362331628e+01,-5.518119415433e+01,-5.335170446269e+01,-5.160928074461e+01,-4.994850566466e+01,-4.836437621326e+01,-4.685226627282e+01,-4.540789309305e+01,-4.402728715848e+01,-4.270676511790e+01,-4.144290539759e+01,-4.023252620010e+01,-3.907266564825e+01,-3.796056379229e+01,-3.689364632927e+01,-3.586950982801e+01,-3.488590830434e+01,-3.394074102543e+01,-3.303204137826e+01,-3.215796673603e+01,-3.131678920221e+01,-3.050688714732e+01,-2.972673747912e+01,-2.897490853886e+01,-2.825005360201e+01,-2.755090490779e+01,-2.687626816928e+01,-2.622501753655e+01,-2.559609093841e+01,-2.498848580252e+01,-2.440125510334e+01,-2.383350371055e+01,-2.328438502504e+01,-2.275309784995e+01,-2.223888350546e+01,-2.174102315218e+01,-2.125883530720e+01,-2.079167354772e+01,-2.033892436368e+01,-1.990000517160e+01,-1.947436246424e+01,-1.906147008626e+01,-1.866082763651e+01,-1.827195896486e+01,-1.789441077918e+01,-1.752775134245e+01,-1.717156925376e+01,-1.682547231696e+01,-1.648908646997e+01,-1.616205479094e+01,-1.584403656538e+01,-1.553470641037e+01,-1.523375346028e+01,-1.494088059207e+01,-1.465580370522e+01,-1.437825104352e+01,-1.410796255652e+01,-1.384468930478e+01,-1.358819289120e+01,-1.333824493193e+01,-1.309462655646e+01,-1.285712793536e+01,-1.262554784065e+01,-1.239969322230e+01,-1.217937881462e+01,-1.196442676308e+01,-1.175466627054e+01,-1.154993326838e+01,-1.135007009725e+01,-1.115492521076e+01,-1.096435289353e+01,-1.077821299336e+01,-1.059637067216e+01,-1.041869616276e+01,-1.024506454327e+01,-1.007535552186e+01,-9.909453231784e+00,-9.747246040763e+00,-9.588626363797e+00,-9.433490489660e+00,-9.281738414923e+00,-9.133273685370e+00,-8.988003249091e+00,-8.845837310689e+00,-8.706689196696e+00,-8.570475226404e+00,-8.437114588019e+00,-8.306529224410e+00,-8.178643718587e+00,-8.053385188365e+00,-7.930683184933e+00,-7.810469595450e+00,-7.692678553271e+00,-7.577246347334e+00,-7.464111339020e+00,-7.353213881862e+00,-7.244496244325e+00,-7.137902538727e+00,-7.033378648959e+00,-6.930872164383e+00,-6.830332315810e+00,-6.731709913690e+00,-6.634957291671e+00,-6.540028248333e+00,-6.446877994305e+00,-6.355463100866e+00,-6.265741450110e+00,-6.177672189811e+00,-6.091215686161e+00,-6.006333481166e+00,-5.922988251080e+00,-5.841143766062e+00,-5.760764853716e+00,-5.681817360588e+00,-5.604268117605e+00,-5.528084906252e+00,-5.453236425716e+00,-5.379692263252e+00,-5.307422862623e+00,-5.236399495899e+00,-5.166594235794e+00,-5.097979928642e+00,-5.030530170365e+00,-4.964219280308e+00,-4.899022278145e+00,-4.834914861121e+00,-4.771873381720e+00,-4.709874828030e+00,-4.648896801980e+00,-4.588917500310e+00,-4.529915695735e+00,-4.471870718456e+00,-4.414762439956e+00,-4.358571254846e+00,-4.303278065106e+00,-4.248864264405e+00,-4.195311722735e+00,-4.142602772955e+00,-4.090720195589e+00,-4.039647205702e+00,-3.989367439816e+00
-9.552724922121e+02,-8.659407944555e+02,-7.885310740802e+02,-7.210140846018e+02,-6.617745284797e+02,-6.095137250193e+02,-5.631779663701e+02,-5.219050961203e+02,-4.849842000246e+02,-4.518248558786e+02,-4.219334369286e+02,-3.948946788415e+02,-3.703572152253e+02,-3.480221345212e+02,-3.276338579696e+02,-3.089728159330e+02,-2.918495283579e+02,-2.760997900870e+02,-2.615807314725e+02,-2.481675770430e+02,-2.357509643732e+02,-2.242347151678e+02,-2.135339735536e+02,-2.035736438403e+02,-1.942870741353e+02,-1.856149424786e+02,-1.775043106796e+02,-1.699078176046e+02,-1.627829889339e+02,-1.560916445548e+02,-1.497993880784e+02,-1.438751657964e+02,-1.382908844504e+02,-1.330210790276e+02,-1.280426232286e+02,-1.233344765016e+02,-1.188774623846e+02,-1.146540738599e+02,-1.106483020135e+02,-1.068454848570e+02,-1.032321736489e+02,-9.979601442958e+01,-9.652564286897e+01,-9.341059065274e+01,-9.044120207301e+01,-8.760855952775e+01,-8.490441686673e+01,-8.232113965046e+01,-7.985165152487e+01,-7.748938600279e+01,-7.522824301693e+01,-7.306254974681e+01,-7.098702522525e+01,-6.899674831788e+01,-6.708712870817e+01,-6.525388059308e+01,-6.349299876419e+01,-6.180073686014e+01,-6.017358756188e+01,-5.860826453138e+01,-5.710168592164e+01,-5.565095929988e+01,-5.425336787133e+01,-5.290635782699e+01,-5.160752676197e+01,-5.035461303740e+01,-4.914548600396e+01,-4.797813700637e+01,-4.685067110420e+01,-4.576129944221e+01,-4.470833220033e+01,-4.369017209379e+01,-4.270530836250e+01,-4.175231121098e+01,-4.082982665735e+01,-3.993657177149e+01,-3.907133024499e+01,-3.823294828515e+01,-3.742033080231e+01,-3.663243786468e+01,-3.586828140006e+01,-3.512692212272e+01,-3.440746668281e+01,-3.370906498921e+01,-3.303090772518e+01,-3.237222402573e+01,-3.173227930774e+01,-3.111037324049e+01,-3.050583784981e+01,-2.991803574455e+01,-2.934635844847e+01,-2.879022484352e+01,-2.824907970822e+01,-2.772239234625e+01,-2.720965529705e+01,-2.671038313179e+01,-2.622411131290e+01,-2.575039512515e+01,-2.528880867082e+01,-2.483894392317e+01,-2.440040983476e+01,-2.397283149550e+01,-2.355584934717e+01,-2.314911842946e+01,-2.275230767735e+01,-2.236509925549e+01,-2.198718792943e+01,-2.161828047071e+01,-2.125809509611e+01,-2.090636093796e+01,-2.056281753802e+01,-2.022721437288e+01,-1.989931040316e+01,-1.957887364631e+01,-1.926568077041e+01,-1.895951671387e+01,-1.866017431851e+01,-1.836745398382e+01,-1.808116333933e+01,-1.780111693292e+01,-1.752713593468e+01,-1.725904785410e+01,-1.699668627706e+01,-1.673989060655e+01,-1.648850582210e+01,-1.624238224933e+01,-1.600137534047e+01,-1.576534546475e+01,-1.553415771003e+01,-1.530768169410e+01,-1.508579138138e+01,-1.486836491133e+01,-1.465528443377e+01,-1.444643595170e+01,-1.424170917038e+01,-1.404099735664e+01,-1.384419720017e+01,-1.365120868269e+01,-1.346193495334e+01,-1.327628220927e+01,-1.309415958133e+01,-1.291547902377e+01,-1.274015521309e+01,-1.256810544440e+01,-1.239924953686e+01,-1.223350974188e+01,-1.207081065529e+01,-1.191107913268e+01,-1.175424420927e+01,-1.160023702339e+01,-1.144899074059e+01,-1.130044048325e+01,-1.115452326227e+01,-1.101117791161e+01,-1.087034502471e+01,-1.073196689606e+01,-1.059598746182e+01,-1.046235224413e+01,-1.033100829789e+01,-1.020190415936e+01,-1.007498979676e+01,-9.950216562051e+00,-9.827537147750e+00,-9.706905540443e+00,-9.588276979430e+00,-9.471607916077e+00,-9.356855974713e+00,-9.243979914671e+00,-9.132939594443e+00,-9.023695937413e+00,-8.916210896967e+00,-8.810447424637e+00,-8.706369438891e+00,-8.603941795054e+00,-8.503130255770e+00,-8.403901464516e+00,-8.306222917562e+00,-8.210062937941e+00,-8.115390650574e+00,-8.022175958071e+00,-7.930389517351e+00
-2.157650985212e+03,-1.956314817037e+03,-1.781833662085e+03,-1.629637754560e+03,-1.496089369991e+03,-1.378263697538e+03,-1.273787540452e+03,-1.180719039651e+03,-1.097456916159e+03,-1.022671234309e+03,-9.552500454115e+02,-8.942578816478e+02,-8.389031854376e+02,-7.885125411662e+02,-7.425101333623e+02,-7.004012538516e+02,-6.617589709066e+02,-6.262132861212e+02,-5.934422622768e+02,-5.631647231522e+02,-5.351342148658e+02,-5.091339856057e+02,-4.849727922562e+02,-4.624813815573e+02,-4.415095248848e+02,-4.219235091653e+02,-4.036040054950e+02,-3.864442518565e+02,-3.703484981311e+02,-3.552306710168e+02,-3.410132240188e+02,-3.276261437466e+02,-3.150060888000e+02,-3.030956412108e+02,-2.918426541284e+02,-2.811996817700e+02,-2.711234800093e+02,-2.615745677729e+02,-2.525168409317e+02,-2.439172316245e+02,-2.357454070089e+02,-2.279735022953e+02,-2.205758837469e+02,-2.135289377233e+02,-2.068108826859e+02,-2.004016012841e+02,-1.942824901235e+02,-1.884363251179e+02,-1.828471406058e+02,-1.775001206466e+02,-1.723815011132e+02,-1.674784813647e+02,-1.627791444923e+02,-1.582723850985e+02,-1.539478439091e+02,-1.497958484395e+02,-1.458073590918e+02,-1.419739201235e+02,-1.382876149898e+02,-1.347410256204e+02,-1.313271952380e+02,-1.280395943655e+02,-1.248720897507e+02,-1.218189158477e+02,-1.188746486950e+02,-1.160341819263e+02,-1.132927047221e+02,-1.106456815272e+02,-1.080888333731e+02,-1.056181206618e+02,-1.032297272820e+02,-1.009200459354e+02,-9.868566459961e+01,-9.652335396541e+01,-9.443005583239e+01,-9.240287234844e+01,-9.043905603064e+01,-8.853600050284e+01,-8.669123189206e+01,-8.490240083054e+01,-8.316727501487e+01,-8.148373227440e+01,-7.984975413343e+01,-7.826341977766e+01,-7.672290044645e+01,-7.522645419197e+01,-7.377242098318e+01,-7.235921812877e+01,-7.098533599567e+01,-6.964933400141e+01,-6.834983686039e+01,-6.708553106241e+01,-6.585516158685e+01,-6.465752879416e+01,-6.349148552475e+01,-6.235593436964e+01,-6.124982510510e+01,-6.017215228030e+01,-5.912195294763e+01,-5.809830452600e+01,-5.710032278821e+01,-5.612715996144e+01,-5.517800295006e+01,-5.425207163781e+01,-5.334861730016e+01,-5.246692110147e+01,-5.160629267558e+01,-5.076606878423e+01,-4.994561204875e+01,-4.914430975030e+01,-4.836157269441e+01,-4.759683413352e+01,-4.684954875792e+01,-4.611919172185e+01,-4.540525773236e+01,-4.470726018231e+01,-4.402473032785e+01,-4.335721650779e+01,-4.270428340252e+01,-4.206551133007e+01,-4.144049557724e+01,-4.082884576165e+01,-4.023018523504e+01,-3.964415050032e+01,-3.907039066730e+01,-3.850856693204e+01,-3.795835208109e+01,-3.741943001929e+01,-3.689149531979e+01,-3.637425279530e+01,-3.586741708903e+01,-3.537071228286e+01,-3.488387153181e+01,-3.440663670218e+01,-3.393875803492e+01,-3.347999382198e+01,-3.303011009712e+01,-3.258888034050e+01,-3.215608519633e+01,-3.173151220289e+01,-3.131495553431e+01,-3.090621575190e+01,-3.050509957358e+01,-3.011141964169e+01,-2.972499430853e+01,-2.934564742895e+01,-2.897320816175e+01,-2.860751077933e+01,-2.824839448527e+01,-2.789570323947e+01,-2.754928559036e+01,-2.720899451265e+01,-2.687468725795e+01,-2.654622520157e+01,-2.622347370212e+01,-2.590630196514e+01,-2.559458291204e+01,-2.528819305424e+01,-2.498701237232e+01,-2.469092419979e+01,-2.439981511135e+01,-2.411357481426e+01,-2.383209604948e+01,-2.355527448778e+01,-2.328300863582e+01,-2.301519974420e+01,-2.275175171905e+01,-2.249257103685e+01,-2.223756666248e+01,-2.198664997022e+01,-2.173973466769e+01,-2.149673672146e+01,-2.125757429023e+01,-2.102216765288e+01,-2.079043914418e+01,-2.056231309161e+01,-2.033771575435e+01,-2.011657526452e+01,-1.989882157037e+01,-1.968438638161e+01,-1.947320311651e+01
-8.662051406189e+03,-7.855343335674e+03,-7.156178591789e+03,-6.546262091756e+03,-6.011029578560e+03,-5.538770579904e+03,-5.119982801748e+03,-4.746890704732e+03,-4.413082223999e+03,-4.113231623599e+03,-3.842885912347e+03,-3.598298691441e+03,-3.376299766990e+03,-3.174191992417e+03,-2.989669030592e+03,-2.820749324181e+03,-2.665722723663e+03,-2.523107074107e+03,-2.391612692332e+03,-2.270113137106e+03,-2.157621029828e+03,-2.053267952418e+03,-1.956287655538e+03,-1.866001967890e+03,-1.781808921812e+03,-1.703172705285e+03,-1.629615126268e+03,-1.560708334722e+03,-1.496068594915e+03,-1.435350938300e+03,-1.378244557499e+03,-1.324468826287e+03,-1.273769850204e+03,-1.225917468459e+03,-1.180702640892e+03,-1.137935164490e+03,-1.097441672810e+03,-1.059063878948e+03,-1.022657028746e+03,-9.880885359751e+02,-9.552367754406e+02,-9.239900134253e+02,-8.942454580536e+02,-8.659084141570e+02,-8.388915299909e+02,-8.131141244286e+02,-7.885015849826e+02,-7.649848282579e+02,-7.424998155478e+02,-7.209871172229e+02,-7.003915203769e+02,-6.806616748895e+02,-6.617497736671e+02,-6.436112633397e+02,-6.262045821463e+02,-6.094909221244e+02,-5.934340130636e+02,-5.779999259770e+02,-5.631568940995e+02,-5.488751496506e+02,-5.351267747932e+02,-5.218855653816e+02,-5.091269063389e+02,-4.968276573802e+02,-4.849660482754e+02,-4.735215826700e+02,-4.624749496915e+02,-4.518079426293e+02,-4.415033840476e+02,-4.315450567568e+02,-4.219176401260e+02,-4.126066512682e+02,-4.035983906785e+02,-3.948798919420e+02,-3.864388751693e+02,-3.782637038452e+02,-3.703433448084e+02,-3.626673311061e+02,-3.552257274883e+02,-3.480090983304e+02,-3.410084777909e+02,-3.342153420175e+02,-3.276215832956e+02,-3.212194858785e+02,-3.150017034823e+02,-3.089612382637e+02,-3.030914211794e+02,-2.973858936252e+02,-2.918385902599e+02,-2.864437229277e+02,-2.811957655995e+02,-2.760894402597e+02,-2.711197036718e+02,-2.662817349601e+02,-2.615709239515e+02,-2.569828602234e+02,-2.525133228103e+02,-2.481582705241e+02,-2.439138328460e+02,-2.397763013522e+02,-2.357421216375e+02,-2.318078856986e+02,-2.279703247810e+02,-2.242263025871e+02,-2.205728088959e+02,-2.170069535323e+02,-2.135259606695e+02,-2.101271634440e+02,-2.068079988652e+02,-2.035660029993e+02,-2.003988064119e+02,-1.973041298535e+02,-1.942797801731e+02,-1.913236464457e+02,-1.884336963018e+02,-1.856079724466e+02,-1.828445893578e+02,-1.801417301515e+02,-1.774976436064e+02,-1.749106413377e+02,-1.723790951116e+02,-1.699014342878e+02,-1.674761434095e+02,-1.651017598770e+02,-1.627768717571e+02,-1.605001156926e+02,-1.582701749109e+02,-1.560857773278e+02,-1.539456937406e+02,-1.518487361054e+02,-1.497937558956e+02,-1.477796425349e+02,-1.458053219037e+02,-1.438697549121e+02,-1.419719361395e+02,-1.401108925335e+02,-1.382856821683e+02,-1.364953930581e+02,-1.347391420225e+02,-1.330160736022e+02,-1.313253590217e+02,-1.296661951929e+02,-1.280378037789e+02,-1.264394302719e+02,-1.248703431274e+02,-1.233298329311e+02,-1.218172116010e+02,-1.203318116221e+02,-1.188729853138e+02,-1.174401041269e+02,-1.160325579701e+02,-1.146497545631e+02,-1.132911188171e+02,-1.119560922396e+02,-1.106441323629e+02,-1.093547121960e+02,-1.080873196980e+02,-1.068414572724e+02,-1.056166412807e+02,-1.044124015758e+02,-1.032282810528e+02,-1.020638352142e+02,-1.009186317656e+02,-9.979225020523e+01,-9.868428144421e+01,-9.759432743668e+01,-9.652200082433e+01,-9.546692459397e+01,-9.442873174796e+01,-9.340706498677e+01,-9.240157640322e+01,-9.141192718788e+01,-9.043778734528e+01,-8.947883542023e+01,-8.853475823417e+01,-8.760525063089e+01,-8.669001523126e+01,-8.578876219678e+01,-8.490120900136e+01,-8.402708021122e+01,-8.316610727222e+01
