t_s,v_numerical,v_exact
0.000000000000e+00,0.000000000000e+00,0.000000000000e+00
9.416727694078e-07,1.201116839070e-01,1.201115200587e-01
1.883345538816e-06,2.382713549088e-01,2.382710298750e-01
2.825018308223e-06,3.545089053879e-01,3.545084217907e-01
3.766691077631e-06,4.688537716840e-01,4.688531321052e-01
4.708363847039e-06,5.813349410495e-01,5.813341480315e-01
5.650036616447e-06,6.919809584992e-01,6.919800145453e-01
6.591709385855e-06,8.008199335556e-01,8.008188411309e-01
7.533382155262e-06,9.078795468911e-01,9.078783084229e-01
8.475054924670e-06,1.013187056869e+00,1.013185674747e+00
9.416727694078e-06,1.116769305985e+00,1.116767782563e+00
1.035840046349e-05,1.218652727209e+00,1.218651064805e+00
1.130007323289e-05,1.318863350233e+00,1.318861551129e+00
1.224174600230e-05,1.417426807623e+00,1.417424874065e+00
1.318341877171e-05,1.514368340872e+00,1.514366275073e+00
1.412509154112e-05,1.609712806369e+00,1.609710610507e+00
1.506676431052e-05,1.703484681270e+00,1.703482357491e+00
1.600843707993e-05,1.795708069284e+00,1.795705619700e+00
1.695010984934e-05,1.886406706369e+00,1.886404133060e+00
1.789178261875e-05,1.975603966339e+00,1.975601271353e+00
1.883345538816e-05,2.063322866390e+00,2.063320051744e+00
1.977512815756e-05,2.149586072540e+00,2.149583140219e+00
2.071680092697e-05,2.234415904980e+00,2.234412856940e+00
2.165847369638e-05,2.317834343355e+00,2.317831181522e+00
2.260014646579e-05,2.399863031957e+00,2.399859758225e+00
2.354181923519e-05,2.480523284834e+00,2.480519901071e+00
2.448349200460e-05,2.559836090836e+00,2.559832598880e+00
2.542516477401e-05,2.637822118569e+00,2.637818520230e+00
2.636683754342e-05,2.714501721282e+00,2.714498018341e+00
2.730851031283e-05,2.789894941674e+00,2.789891135887e+00
2.825018308223e-05,2.864021516637e+00,2.864017609731e+00
2.919185585164e-05,2.936900881911e+00,2.936896875588e+00
3.013352862105e-05,3.008552176687e+00,3.008548072623e+00
3.107520139046e-05,3.078994248125e+00,3.078990047968e+00
3.201687415986e-05,3.148245655806e+00,3.148241361181e+00
3.295854692927e-05,3.216324676125e+00,3.216320288631e+00
3.390021969868e-05,3.283249306604e+00,3.283244827816e+00
3.484189246809e-05,3.349037270150e+00,3.349032701618e+00
3.578356523750e-05,3.413706019239e+00,3.413701362490e+00
3.672523800690e-05,3.477272740045e+00,3.477267996584e+00
3.766691077631e-05,3.539754356502e+00,3.539749527808e+00
3.860858354572e-05,3.601167534300e+00,3.601162621829e+00
3.955025631513e-05,3.661528684825e+00,3.661523690014e+00
4.049192908453e-05,3.720853969041e+00,3.720848893302e+00
4.143360185394e-05,3.779159301306e+00,3.779154146031e+00
4.237527462335e-05,3.836460353135e+00,3.836455119694e+00
4.331694739276e-05,3.892772556904e+00,3.892767246646e+00
4.425862016217e-05,3.948111109498e+00,3.948105723750e+00
4.520029293157e-05,4.002490975900e+00,4.002485515971e+00
4.614196570098e-05,4.055926892732e+00,4.055921359909e+00
4.708363847039e-05,4.108433371735e+00,4.108427767286e+00
4.802531123980e-05,4.160024703202e+00,4.160019028376e+00
4.896698400920e-05,4.210714959352e+00,4.210709215377e+00
4.990865677861e-05,4.260517997659e+00,4.260512185747e+00
5.085032954802e-05,4.309447464129e+00,4.309441585470e+00
5.179200231743e-05,4.357516796519e+00,4.357510852287e+00
5.273367508684e-05,4.404739227520e+00,4.404733218871e+00
5.367534785624e-05,4.451127787882e+00,4.451121715953e+00
5.461702062565e-05,4.496695309495e+00,4.496689175406e+00
5.555869339506e-05,4.541454428420e+00,4.541448233273e+00
5.650036616447e-05,4.585417587878e+00,4.585411332759e+00
5.744203893388e-05,4.628597041191e+00,4.628590727171e+00
5.838371170328e-05,4.671004854680e+00,4.670998482810e+00
5.932538447269e-05,4.712652910514e+00,4.712646481829e+00
6.026705724210e-05,4.753552909519e+00,4.753546425042e+00
6.120873001151e-05,4.793716373948e+00,4.793709834683e+00
6.215040278091e-05,4.833154650202e+00,4.833148057137e+00
6.309207555032e-05,4.871878911510e+00,4.871872265621e+00
6.403374831973e-05,4.909900160576e+00,4.909893462820e+00
6.497542108914e-05,4.947229232174e+00,4.947222483497e+00
6.591709385855e-05,4.983876795714e+00,4.983869997044e+00
6.685876662795e-05,5.019853357760e+00,5.019846510014e+00
6.780043939736e-05,5.055169264520e+00,5.055162368598e+00
6.874211216677e-05,5.089834704285e+00,5.089827761075e+00
6.968378493618e-05,5.123859709842e+00,5.123852720218e+00
7.062545770558e-05,5.157254160846e+00,5.157247125666e+00
7.156713047499e-05,5.190027786151e+00,5.190020706264e+00
7.250880324440e-05,5.222190166116e+00,5.222183042356e+00
7.345047601381e-05,5.253750734869e+00,5.253743568055e+00
7.439214878322e-05,5.284718782532e+00,5.284711573474e+00
7.533382155262e-05,5.315103457426e+00,5.315096206919e+00
7.627549432203e-05,5.344913768225e+00,5.344906477053e+00
7.721716709144e-05,5.374158586095e+00,5.374151255029e+00
7.815883986085e-05,5.402846646782e+00,5.402839276582e+00
7.910051263025e-05,5.430986552687e+00,5.430979144100e+00
8.004218539966e-05,5.458586774892e+00,5.458579328655e+00
8.098385816907e-05,5.485655655167e+00,5.485648172005e+00
8.192553093848e-05,5.512201407943e+00,5.512193888569e+00
8.286720370789e-05,5.538232122252e+00,5.538224567369e+00
8.380887647729e-05,5.563755763642e+00,5.563748173940e+00
8.475054924670e-05,5.588780176056e+00,5.588772552218e+00
8.569222201611e-05,5.613313083693e+00,5.613305426389e+00
8.663389478552e-05,5.637362092831e+00,5.637354402721e+00
8.757556755492e-05,5.660934693627e+00,5.660926971360e+00
8.851724032433e-05,5.684038261884e+00,5.684030508101e+00
8.945891309374e-05,5.706680060803e+00,5.706672276133e+00
9.040058586315e-05,5.728867242693e+00,5.728859427757e+00
9.134225863256e-05,5.750606850667e+00,5.750599006076e+00
9.228393140196e-05,5.771905820307e+00,5.771897946661e+00
9.322560417137e-05,5.792770981301e+00,5.792763079192e+00
9.416727694078e-05,5.813209059063e+00,5.813201129074e+00
9.510894971019e-05,5.833226676321e+00,5.833218719025e+00
9.605062247959e-05,5.852830354681e+00,5.852822370643e+00
9.699229524900e-05,5.872026516174e+00,5.872018505950e+00
9.793396801841e-05,5.890821484773e+00,5.890813448910e+00
9.887564078782e-05,5.909221487887e+00,5.909213426924e+00
9.981731355723e-05,5.927232657836e+00,5.927224572304e+00
1.007589863266e-04,5.944861033301e+00,5.944852923722e+00
1.017006590960e-04,5.962112560752e+00,5.962104427639e+00
1.026423318654e-04,5.978993095854e+00,5.978984939714e+00
1.035840046349e-04,5.995508404853e+00,5.995500226183e+00
1.045256774043e-04,6.011664165939e+00,6.011655965231e+00
1.054673501737e-04,6.027465970592e+00,6.027457748328e+00
1.064090229431e-04,6.042919324899e+00,6.042911081555e+00
1.073506957125e-04,6.058029650863e+00,6.058021386907e+00
1.082923684819e-04,6.072802287681e+00,6.072794003572e+00
1.092340412513e-04,6.087242493007e+00,6.087234189200e+00
1.101757140207e-04,6.101355444201e+00,6.101347121142e+00
1.111173867901e-04,6.115146239548e+00,6.115137897676e+00
1.120590595595e-04,6.128619899465e+00,6.128611539214e+00
1.130007323289e-04,6.141781367692e+00,6.141772989487e+00
1.139424050983e-04,6.154635512460e+00,6.154627116721e+00
1.148840778678e-04,6.167187127642e+00,6.167178714780e+00
1.158257506372e-04,6.179440933885e+00,6.179432504307e+00
1.167674234066e-04,6.191401579734e+00,6.191393133840e+00
1.177090961760e-04,6.203073642725e+00,6.203065180909e+00
1.186507689454e-04,6.214461630469e+00,6.214453153119e+00
1.195924417148e-04,6.225569981725e+00,6.225561489221e+00
1.205341144842e-04,6.236403067440e+00,6.236394560159e+00
1.214757872536e-04,6.246965191793e+00,6.246956670104e+00
1.224174600230e-04,6.257260593208e+00,6.257252057473e+00
1.233591327924e-04,6.267293445356e+00,6.267284895935e+00
1.243008055618e-04,6.277067858148e+00,6.277059295394e+00
1.252424783312e-04,6.286587878704e+00,6.286579302963e+00
1.261841511006e-04,6.295857492310e+00,6.295848903925e+00
1.271258238701e-04,6.304880623365e+00,6.304872022671e+00
1.280674966395e-04,6.313661136305e+00,6.313652523633e+00
1.290091694089e-04,6.322202836521e+00,6.322194212197e+00
1.299508421783e-04,6.330509471259e+00,6.330500835604e+00
1.308925149477e-04,6.338584730507e+00,6.338576083836e+00
1.318341877171e-04,6.346432247867e+00,6.346423590491e+00
1.327758604865e-04,6.354055601416e+00,6.354046933641e+00
1.337175332559e-04,6.361458314555e+00,6.361449636682e+00
1.346592060253e-04,6.368643856840e+00,6.368635169164e+00
1.356008787947e-04,6.375615644804e+00,6.375606947618e+00
1.365425515641e-04,6.382377042767e+00,6.382368336357e+00
1.374842243335e-04,6.388931363632e+00,6.388922648281e+00
1.384258971029e-04,6.395281869669e+00,6.395273145655e+00
1.393675698724e-04,6.401431773287e+00,6.401423040884e+00
1.403092426418e-04,6.407384237797e+00,6.407375497274e+00
1.412509154112e-04,6.413142378156e+00,6.413133629779e+00
1.421925881806e-04,6.418709261711e+00,6.418700505739e+00
1.431342609500e-04,6.424087908918e+00,6.424079145610e+00
1.440759337194e-04,6.429281294066e+00,6.429272523673e+00
1.450176064888e-04,6.434292345973e+00,6.434283568744e+00
1.459592792582e-04,6.439123948684e+00,6.439115164864e+00
1.469009520276e-04,6.443778942153e+00,6.443770151983e+00
1.478426247970e-04,6.448260122916e+00,6.448251326634e+00
1.487842975664e-04,6.452570244754e+00,6.452561442591e+00
1.497259703358e-04,6.456712019341e+00,6.456703211529e+00
1.506676431052e-04,6.460688116894e+00,6.460679303657e+00
1.516093158747e-04,6.464501166796e+00,6.464492348359e+00
1.525509886441e-04,6.468153758229e+00,6.468144934809e+00
1.534926614135e-04,6.471648440778e+00,6.471639612590e+00
1.544343341829e-04,6.474987725041e+00,6.474978892298e+00
1.553760069523e-04,6.478174083222e+00,6.478165246132e+00
1.563176797217e-04,6.481209949715e+00,6.481201108484e+00
1.572593524911e-04,6.484097721685e+00,6.484088876515e+00
1.582010252605e-04,6.486839759631e+00,6.486830910721e+00
1.591426980299e-04,6.489438387949e+00,6.489429535494e+00
1.600843707993e-04,6.491895895481e+00,6.491887039673e+00
1.610260435687e-04,6.494214536056e+00,6.494205677086e+00
1.619677163381e-04,6.496396529030e+00,6.496387667082e+00
1.629093891075e-04,6.498444059803e+00,6.498435195062e+00
1.638510618770e-04,6.500359280345e+00,6.500350412992e+00
1.647927346464e-04,6.502144309702e+00,6.502135439914e+00
1.657344074158e-04,6.503801234498e+00,6.503792362450e+00
1.666760801852e-04,6.505332109432e+00,6.505323235295e+00
1.676177529546e-04,6.506738957763e+00,6.506730081707e+00
1.685594257240e-04,6.508023771790e+00,6.508014893982e+00
1.695010984934e-04,6.509188513326e+00,6.509179633928e+00
1.704427712628e-04,6.510235114159e+00,6.510226233334e+00
1.713844440322e-04,6.511165476515e+00,6.511156594421e+00
1.723261168016e-04,6.511981473506e+00,6.511972590299e+00
1.732677895710e-04,6.512684949576e+00,6.512676065409e+00
1.742094623404e-04,6.513277720934e+00,6.513268835958e+00
1.751511351098e-04,6.513761575990e+00,6.513752690355e+00
1.760928078793e-04,6.514138275779e+00,6.514129389630e+00
1.770344806487e-04,6.514409554373e+00,6.514400667854e+00
1.779761534181e-04,6.514577119298e+00,6.514568232550e+00
1.789178261875e-04,6.514642651936e+00,6.514633765099e+00
1.798594989569e-04,6.514607807927e+00,6.514598921137e+00
1.808011717263e-04,6.514474217557e+00,6.514465330949e+00
1.817428444957e-04,6.514243486148e+00,6.514234599855e+00
1.826845172651e-04,6.513917194439e+00,6.513908308592e+00
1.836261900345e-04,6.513496898960e+00,6.513488013686e+00
1.845678628039e-04,6.512984132402e+00,6.512975247827e+00
1.855095355733e-04,6.512380403978e+00,6.512371520227e+00
1.864512083427e-04,6.511687199786e+00,6.511678316981e+00
1.873928811121e-04,6.510905983159e+00,6.510897101419e+00
1.883345538816e-04,6.510038195011e+00,6.510029314455e+00
1.892762266510e-04,6.509085254182e+00,6.509076374926e+00
1.902178994204e-04,6.508048557771e+00,6.508039679929e+00
1.911595721898e-04,6.506929481473e+00,6.506920605158e+00
1.921012449592e-04,6.505729379900e+00,6.505720505222e+00
1.930429177286e-04,6.504449586907e+00,6.504440713974e+00
1.939845904980e-04,6.503091415905e+00,6.503082544825e+00
1.949262632674e-04,6.501656160176e+00,6.501647291054e+00
1.958679360368e-04,6.500145093179e+00,6.500136226118e+00
1.968096088062e-04,6.498559468851e+00,6.498550603953e+00
1.977512815756e-04,6.496900521908e+00,6.496891659273e+00
1.986929543450e-04,6.495169468135e+00,6.495160607861e+00
1.996346271145e-04,6.493367504676e+00,6.493358646861e+00
2.005762998839e-04,6.491495810321e+00,6.491486955059e+00
2.015179726533e-04,6.489555545782e+00,6.489546693166e+00
2.024596454227e-04,6.487547853969e+00,6.487539004092e+00
2.034013181921e-04,6.485473860266e+00,6.485465013219e+00
2.043429909615e-04,6.483334672794e+00,6.483325828665e+00
2.052846637309e-04,6.481131382677e+00,6.481122541553e+00
2.062263365003e-04,6.478865064298e+00,6.478856226266e+00
2.071680092697e-04,6.476536775560e+00,6.476527940704e+00
2.081096820391e-04,6.474147558132e+00,6.474138726535e+00
2.090513548085e-04,6.471698437698e+00,6.471689609443e+00
2.099930275779e-04,6.469190424205e+00,6.469181599371e+00
2.109347003473e-04,6.466624512097e+00,6.466615690763e+00
2.118763731168e-04,6.464001680556e+00,6.463992862799e+00
2.128180458862e-04,6.461322893731e+00,6.461314079629e+00
2.137597186556e-04,6.458589100974e+00,6.458580290601e+00
2.147013914250e-04,6.455801237057e+00,6.455792430487e+00
2.156430641944e-04,6.452960222402e+00,6.452951419708e+00
2.165847369638e-04,6.450066963295e+00,6.450058164548e+00
2.175264097332e-04,6.447122352105e+00,6.447113557375e+00
2.184680825026e-04,6.444127267494e+00,6.444118476849e+00
2.194097552720e-04,6.441082574628e+00,6.441073788136e+00
2.203514280414e-04,6.437989125381e+00,6.437980343109e+00
2.212931008108e-04,6.434847758540e+00,6.434838980553e+00
2.222347735802e-04,6.431659300002e+00,6.431650526365e+00
2.231764463496e-04,6.428424562975e+00,6.428415793751e+00
2.241181191191e-04,6.425144348166e+00,6.425135583416e+00
2.250597918885e-04,6.421819443977e+00,6.421810683762e+00
2.260014646579e-04,6.418450626688e+00,6.418441871069e+00
2.269431374273e-04,6.415038660647e+00,6.415029909683e+00
2.278848101967e-04,6.411584298448e+00,6.411575552196e+00
2.288264829661e-04,6.408088281113e+00,6.408079539630e+00
2.297681557355e-04,6.404551338265e+00,6.404542601607e+00
2.307098285049e-04,6.400974188308e+00,6.400965456530e+00
2.316515012743e-04,6.397357538592e+00,6.397348811747e+00
2.325931740437e-04,6.393702085586e+00,6.393693363727e+00
2.335348468131e-04,6.390008515040e+00,6.389999798220e+00
2.344765195825e-04,6.386277502153e+00,6.386268790423e+00
2.354181923519e-04,6.382509711733e+00,6.382501005142e+00
2.363598651214e-04,6.378705798351e+00,6.378697096950e+00
2.373015378908e-04,6.374866406505e+00,6.374857710340e+00
2.382432106602e-04,6.370992170765e+00,6.370983479886e+00
2.391848834296e-04,6.367083715933e+00,6.367075030386e+00
2.401265561990e-04,6.363141657186e+00,6.363132977016e+00
2.410682289684e-04,6.359166600226e+00,6.359157925479e+00
2.420099017378e-04,6.355159141423e+00,6.355150472142e+00
2.429515745072e-04,6.351119867958e+00,6.351111204188e+00
2.438932472766e-04,6.347049357964e+00,6.347040699746e+00
2.448349200460e-04,6.342948180662e+00,6.342939528039e+00
2.457765928154e-04,6.338816896500e+00,6.338808249513e+00
2.467182655848e-04,6.334656057285e+00,6.334647415973e+00
2.476599383542e-04,6.330466206314e+00,6.330457570718e+00
2.486016111237e-04,6.326247878507e+00,6.326239248665e+00
2.495432838931e-04,6.322001600530e+00,6.321992976480e+00
2.504849566625e-04,6.317727890927e+00,6.317719272707e+00
2.514266294319e-04,6.313427260239e+00,6.313418647887e+00
2.523683022013e-04,6.309100211130e+00,6.309091604680e+00
2.533099749707e-04,6.304747238503e+00,6.304738637991e+00
2.542516477401e-04,6.300368829621e+00,6.300360235082e+00
2.551933205095e-04,6.295965464226e+00,6.295956875693e+00
2.561349932789e-04,6.291537614647e+00,6.291529032155e+00
2.570766660483e-04,6.287085745922e+00,6.287077169502e+00
2.580183388177e-04,6.282610315900e+00,6.282601745585e+00
2.589600115871e-04,6.278111775359e+00,6.278103211181e+00
2.599016843565e-04,6.273590568108e+00,6.273582010097e+00
2.608433571260e-04,6.269047131096e+00,6.269038579284e+00
2.617850298954e-04,6.264481894519e+00,6.264473348934e+00
2.627267026648e-04,6.259895281917e+00,6.259886742589e+00
2.636683754342e-04,6.255287710280e+00,6.255279177237e+00
2.646100482036e-04,6.250659590149e+00,6.250651063419e+00
2.655517209730e-04,6.246011325710e+00,6.246002805321e+00
2.664933937424e-04,6.241343314895e+00,6.241334800874e+00
2.674350665118e-04,6.236655949476e+00,6.236647441850e+00
2.683767392812e-04,6.231949615159e+00,6.231941113953e+00
2.693184120506e-04,6.227224691677e+00,6.227216196916e+00
2.702600848200e-04,6.222481552879e+00,6.222473064588e+00
2.712017575894e-04,6.217720566823e+00,6.217712085027e+00
2.721434303589e-04,6.212942095865e+00,6.212933620587e+00
2.730851031283e-04,6.208146496741e+00,6.208138028006e+00
2.740267758977e-04,6.203334120659e+00,6.203325658488e+00
2.749684486671e-04,6.198505313377e+00,6.198496857793e+00
2.759101214365e-04,6.193660415293e+00,6.193651966318e+00
2.768517942059e-04,6.188799761520e+00,6.188791319176e+00
2.777934669753e-04,6.183923681975e+00,6.183915246282e+00
2.787351397447e-04,6.179032501448e+00,6.179024072427e+00
2.796768125141e-04,6.174126539689e+00,6.174118117361e+00
2.806184852835e-04,6.169206111482e+00,6.169197695866e+00
2.815601580529e-04,6.164271526719e+00,6.164263117835e+00
2.825018308223e-04,6.159323090478e+00,6.159314688343e+00
2.834435035917e-04,6.154361103092e+00,6.154352707726e+00
2.843851763612e-04,6.149385860227e+00,6.149377471648e+00
2.853268491306e-04,6.144397652949e+00,6.144389271175e+00
2.862685219000e-04,6.139396767797e+00,6.139388392845e+00
2.872101946694e-04,6.134383486850e+00,6.134375118737e+00
2.881518674388e-04,6.129358087796e+00,6.129349726538e+00
2.890935402082e-04,6.124320844000e+00,6.124312489613e+00
2.900352129776e-04,6.119272024567e+00,6.119263677068e+00
2.909768857470e-04,6.114211894412e+00,6.114203553815e+00
2.919185585164e-04,6.109140714319e+00,6.109132380640e+00
2.928602312858e-04,6.104058741007e+00,6.104050414261e+00
2.938019040552e-04,6.098966227192e+00,6.098957907392e+00
2.947435768246e-04,6.093863421646e+00,6.093855108807e+00
2.956852495940e-04,6.088750569260e+00,6.088742263396e+00
2.966269223635e-04,6.083627911101e+00,6.083619612225e+00
2.975685951329e-04,6.078495684473e+00,6.078487392598e+00
2.985102679023e-04,6.073354122971e+00,6.073345838110e+00
2.994519406717e-04,6.068203456541e+00,6.068195178706e+00
3.003936134411e-04,6.063043911533e+00,6.063035640737e+00
3.013352862105e-04,6.057875710759e+00,6.057867447013e+00
3.022769589799e-04,6.052699073544e+00,6.052690816859e+00
3.032186317493e-04,6.047514215780e+00,6.047505966168e+00
3.041603045187e-04,6.042321349981e+00,6.042313107453e+00
3.051019772881e-04,6.037120685331e+00,6.037112449897e+00
3.060436500575e-04,6.031912427737e+00,6.031904199407e+00
3.069853228269e-04,6.026696779878e+00,6.026688558663e+00
3.079269955963e-04,6.021473941256e+00,6.021465727166e+00
3.088686683658e-04,6.016244108243e+00,6.016235901287e+00
3.098103411352e-04,6.011007474128e+00,6.010999274316e+00
3.107520139046e-04,6.005764229168e+00,6.005756036508e+00
3.116936866740e-04,6.000514560629e+00,6.000506375130e+00
3.126353594434e-04,5.995258652836e+00,5.995250474507e+00
3.135770322128e-04,5.989996687215e+00,5.989988516064e+00
3.145187049822e-04,5.984728842341e+00,5.984720678376e+00
3.154603777516e-04,5.979455293977e+00,5.979447137206e+00
3.164020505210e-04,5.974176215119e+00,5.974168065550e+00
3.173437232904e-04,5.968891776041e+00,5.968883633681e+00
3.182853960598e-04,5.963602144332e+00,5.963594009187e+00
3.192270688292e-04,5.958307484939e+00,5.958299357017e+00
3.201687415986e-04,5.953007960208e+00,5.952999839515e+00
3.211104143681e-04,5.947703729924e+00,5.947695616467e+00
3.220520871375e-04,5.942394951349e+00,5.942386845133e+00
3.229937599069e-04,5.937081779260e+00,5.937073680292e+00
3.239354326763e-04,5.931764365988e+00,5.931756274274e+00
3.248771054457e-04,5.926442861457e+00,5.926434777002e+00
3.258187782151e-04,5.921117413218e+00,5.921109336028e+00
3.267604509845e-04,5.915788166487e+00,5.915780096567e+00
3.277021237539e-04,5.910455264179e+00,5.910447201534e+00
3.286437965233e-04,5.905118846945e+00,5.905110791579e+00
3.295854692927e-04,5.899779053206e+00,5.899771005125e+00
3.305271420621e-04,5.894436019188e+00,5.894427978395e+00
3.314688148315e-04,5.889089878951e+00,5.889081845451e+00
3.324104876009e-04,5.883740764431e+00,5.883732738228e+00
3.333521603704e-04,5.878388805463e+00,5.878380786560e+00
3.342938331398e-04,5.873034129818e+00,5.873026118220e+00
3.352355059092e-04,5.867676863235e+00,5.867668858945e+00
3.361771786786e-04,5.862317129452e+00,5.862309132473e+00
3.371188514480e-04,5.856955050232e+00,5.856947060568e+00
3.380605242174e-04,5.851590745400e+00,5.851582763054e+00
3.390021969868e-04,5.846224332868e+00,5.846216357842e+00
3.399438697562e-04,5.840855928666e+00,5.840847960963e+00
3.408855425256e-04,5.835485646970e+00,5.835477686593e+00
3.418272152950e-04,5.830113600131e+00,5.830105647082e+00
3.427688880644e-04,5.824739898703e+00,5.824731952985e+00
3.437105608338e-04,5.819364651471e+00,5.819356713085e+00
3.446522336033e-04,5.813987965475e+00,5.813980034423e+00
3.455939063727e-04,5.808609946041e+00,5.808602022326e+00
3.465355791421e-04,5.803230696805e+00,5.803222780427e+00
3.474772519115e-04,5.797850319738e+00,5.797842410700e+00
3.484189246809e-04,5.792468915173e+00,5.792461013476e+00
3.493605974503e-04,5.787086581831e+00,5.787078687476e+00
3.503022702197e-04,5.781703416842e+00,5.781695529831e+00
3.512439429891e-04,5.776319515773e+00,5.776311636107e+00
3.521856157585e-04,5.770934972651e+00,5.770927100330e+00
3.531272885279e-04,5.765549879985e+00,5.765542015009e+00
3.540689612973e-04,5.760164328790e+00,5.760156471162e+00
3.550106340667e-04,5.754778408613e+00,5.754770558331e+00
3.559523068361e-04,5.749392207548e+00,5.749384364614e+00
3.568939796056e-04,5.744005812268e+00,5.743997976682e+00
3.578356523750e-04,5.738619308039e+00,5.738611479800e+00
3.587773251444e-04,5.733232778743e+00,5.733224957853e+00
3.597189979138e-04,5.727846306904e+00,5.727838493361e+00
3.606606706832e-04,5.722459973703e+00,5.722452167508e+00
3.616023434526e-04,5.717073859000e+00,5.717066060152e+00
3.625440162220e-04,5.711688041357e+00,5.711680249856e+00
3.634856889914e-04,5.706302598055e+00,5.706294813901e+00
3.644273617608e-04,5.700917605114e+00,5.700909828306e+00
3.653690345302e-04,5.695533137315e+00,5.695525367851e+00
3.663107072996e-04,5.690149268213e+00,5.690141506094e+00
3.672523800690e-04,5.684766070163e+00,5.684758315388e+00
3.681940528384e-04,5.679383614334e+00,5.679375866901e+00
3.691357256079e-04,5.674001970728e+00,5.673994230636e+00
3.700773983773e-04,5.668621208198e+00,5.668613475446e+00
3.710190711467e-04,5.663241394465e+00,5.663233669052e+00
3.719607439161e-04,5.657862596137e+00,5.657854878062e+00
3.729024166855e-04,5.652484878725e+00,5.652477167986e+00
3.738440894549e-04,5.647108306660e+00,5.647100603254e+00
3.747857622243e-04,5.641732943307e+00,5.641725247235e+00
3.757274349937e-04,5.636358850988e+00,5.636351162246e+00
3.766691077631e-04,5.630986090990e+00,5.630978409578e+00
3.776107805325e-04,5.625614723587e+00,5.625607049502e+00
3.785524533019e-04,5.620244808052e+00,5.620237141292e+00
3.794941260713e-04,5.614876402673e+00,5.614868743236e+00
3.804357988407e-04,5.609509564770e+00,5.609501912654e+00
3.813774716102e-04,5.604144350708e+00,5.604136705911e+00
3.823191443796e-04,5.598780815910e+00,5.598773178430e+00
3.832608171490e-04,5.593419014878e+00,5.593411384712e+00
3.842024899184e-04,5.588059001198e+00,5.588051378344e+00
3.851441626878e-04,5.582700827561e+00,5.582693212016e+00
3.860858354572e-04,5.577344545775e+00,5.577336937537e+00
3.870275082266e-04,5.571990206776e+00,5.571982605842e+00
3.879691809960e-04,5.566637860646e+00,5.566630267013e+00
3.889108537654e-04,5.561287556620e+00,5.561279970286e+00
3.898525265348e-04,5.555939343106e+00,5.555931764067e+00
3.907941993042e-04,5.550593267692e+00,5.550585695946e+00
3.917358720736e-04,5.545249377161e+00,5.545241812705e+00
3.926775448430e-04,5.539907717504e+00,5.539900160334e+00
3.936192176125e-04,5.534568333930e+00,5.534560784044e+00
3.945608903819e-04,5.529231270881e+00,5.529223728275e+00
3.955025631513e-04,5.523896572040e+00,5.523889036712e+00
3.964442359207e-04,5.518564280346e+00,5.518556752292e+00
3.973859086901e-04,5.513234438004e+00,5.513226917221e+00
3.983275814595e-04,5.507907086497e+00,5.507899572980e+00
3.992692542289e-04,5.502582266594e+00,5.502574760341e+00
4.002109269983e-04,5.497260018366e+00,5.497252519374e+00
4.011525997677e-04,5.491940381194e+00,5.491932889459e+00
4.020942725371e-04,5.486623393779e+00,5.486615909296e+00
4.030359453065e-04,5.481309094153e+00,5.481301616920e+00
4.039776180759e-04,5.475997519690e+00,5.475990049702e+00
4.049192908453e-04,5.470688707116e+00,5.470681244370e+00
4.058609636148e-04,5.465382692517e+00,5.465375237010e+00
4.068026363842e-04,5.460079511353e+00,5.460072063080e+00
4.077443091536e-04,5.454779198463e+00,5.454771757420e+00
4.086859819230e-04,5.449481788078e+00,5.449474354261e+00
4.096276546924e-04,5.444187313827e+00,5.444179887233e+00
4.105693274618e-04,5.438895808751e+00,5.438888389375e+00
4.115110002312e-04,5.433607305306e+00,5.433599893145e+00
4.124526730006e-04,5.428321835379e+00,5.428314430427e+00
4.133943457700e-04,5.423039430289e+00,5.423032032544e+00
4.143360185394e-04,5.417760120804e+00,5.417752730260e+00
4.152776913088e-04,5.412483937141e+00,5.412476553795e+00
4.162193640782e-04,5.407210908982e+00,5.407203532829e+00
4.171610368476e-04,5.401941065478e+00,5.401933696513e+00
4.181027096171e-04,5.396674435257e+00,5.396667073476e+00
4.190443823865e-04,5.391411046434e+00,5.391403691834e+00
4.199860551559e-04,5.386150926620e+00,5.386143579195e+00
4.209277279253e-04,5.380894102924e+00,5.380886762670e+00
4.218694006947e-04,5.375640601968e+00,5.375633268880e+00
4.228110734641e-04,5.370390449889e+00,5.370383123963e+00
4.237527462335e-04,5.365143672349e+00,5.365136353581e+00
4.246944190029e-04,5.359900294544e+00,5.359892982928e+00
4.256360917723e-04,5.354660341205e+00,5.354653036738e+00
4.265777645417e-04,5.349423836614e+00,5.349416539290e+00
4.275194373111e-04,5.344190804602e+00,5.344183514416e+00
4.284611100805e-04,5.338961268563e+00,5.338953985511e+00
4.294027828500e-04,5.333735251456e+00,5.333727975533e+00
4.303444556194e-04,5.328512775814e+00,5.328505507015e+00
4.312861283888e-04,5.323293863751e+00,5.323286602072e+00
4.322278011582e-04,5.318078536968e+00,5.318071282403e+00
4.331694739276e-04,5.312866816757e+00,5.312859569302e+00
4.341111466970e-04,5.307658724011e+00,5.307651483660e+00
4.350528194664e-04,5.302454279227e+00,5.302447045976e+00
4.359944922358e-04,5.297253502516e+00,5.297246276359e+00
4.369361650052e-04,5.292056413604e+00,5.292049194536e+00
4.378778377746e-04,5.286863031842e+00,5.286855819859e+00
4.388195105440e-04,5.281673376209e+00,5.281666171305e+00
4.397611833134e-04,5.276487465321e+00,5.276480267492e+00
4.407028560828e-04,5.271305317433e+00,5.271298126673e+00
4.416445288523e-04,5.266126950447e+00,5.266119766751e+00
4.425862016217e-04,5.260952381916e+00,5.260945205279e+00
4.435278743911e-04,5.255781629051e+00,5.255774459467e+00
4.444695471605e-04,5.250614708725e+00,5.250607546190e+00
4.454112199299e-04,5.245451637479e+00,5.245444481987e+00
4.463528926993e-04,5.240292431526e+00,5.240285283071e+00
4.472945654687e-04,5.235137106757e+00,5.235129965335e+00
4.482362382381e-04,5.229985678745e+00,5.229978544351e+00
4.491779110075e-04,5.224838162754e+00,5.224831035381e+00
4.501195837769e-04,5.219694573737e+00,5.219687453381e+00
4.510612565463e-04,5.214554926345e+00,5.214547813000e+00
4.520029293157e-04,5.209419234933e+00,5.209412128594e+00
4.529446020851e-04,5.204287513561e+00,5.204280414222e+00
4.538862748546e-04,5.199159776000e+00,5.199152683656e+00
4.548279476240e-04,5.194036035737e+00,5.194028950382e+00
4.557696203934e-04,5.188916305980e+00,5.188909227609e+00
4.567112931628e-04,5.183800599660e+00,5.183793528268e+00
4.576529659322e-04,5.178688929438e+00,5.178681865018e+00
4.585946387016e-04,5.173581307706e+00,5.173574250254e+00
4.595363114710e-04,5.168477746596e+00,5.168470696106e+00
4.604779842404e-04,5.163378257978e+00,5.163371214445e+00
4.614196570098e-04,5.158282853470e+00,5.158275816888e+00
4.623613297792e-04,5.153191544437e+00,5.153184514800e+00
4.633030025486e-04,5.148104341998e+00,5.148097319300e+00
4.642446753180e-04,5.143021257028e+00,5.143014241264e+00
4.651863480874e-04,5.137942300164e+00,5.137935291329e+00
4.661280208569e-04,5.132867481807e+00,5.132860479894e+00
4.670696936263e-04,5.127796812125e+00,5.127789817130e+00
4.680113663957e-04,5.122730301059e+00,5.122723312975e+00
4.689530391651e-04,5.117667958324e+00,5.117660977146e+00
4.698947119345e-04,5.112609793415e+00,5.112602819136e+00
4.708363847039e-04,5.107555815607e+00,5.107548848223e+00
4.717780574733e-04,5.102506033964e+00,5.102499073468e+00
4.727197302427e-04,5.097460457336e+00,5.097453503723e+00
4.736614030121e-04,5.092419094365e+00,5.092412147630e+00
4.746030757815e-04,5.087381953492e+00,5.087375013627e+00
4.755447485509e-04,5.082349042952e+00,5.082342109953e+00
4.764864213203e-04,5.077320370784e+00,5.077313444645e+00
4.774280940897e-04,5.072295944833e+00,5.072289025548e+00
4.783697668592e-04,5.067275772751e+00,5.067268860314e+00
4.793114396286e-04,5.062259861999e+00,5.062252956404e+00
4.802531123980e-04,5.057248219854e+00,5.057241321096e+00
4.811947851674e-04,5.052240853410e+00,5.052233961483e+00
4.821364579368e-04,5.047237769579e+00,5.047230884477e+00
4.830781307062e-04,5.042238975097e+00,5.042232096814e+00
4.840198034756e-04,5.037244476524e+00,5.037237605054e+00
4.849614762450e-04,5.032254280250e+00,5.032247415587e+00
4.859031490144e-04,5.027268392493e+00,5.027261534632e+00
4.868448217838e-04,5.022286819306e+00,5.022279968240e+00
4.877864945532e-04,5.017309566578e+00,5.017302722302e+00
4.887281673226e-04,5.012336640036e+00,5.012329802543e+00
4.896698400920e-04,5.007368045248e+00,5.007361214533e+00
4.906115128615e-04,5.002403787625e+00,5.002396963682e+00
4.915531856309e-04,4.997443872426e+00,4.997437055249e+00
4.924948584003e-04,4.992488304757e+00,4.992481494340e+00
4.934365311697e-04,4.987537089575e+00,4.987530285912e+00
4.943782039391e-04,4.982590231690e+00,4.982583434775e+00
4.953198767085e-04,4.977647735767e+00,4.977640945595e+00
4.962615494779e-04,4.972709606331e+00,4.972702822895e+00
4.972032222473e-04,4.967775847764e+00,4.967769071058e+00
4.981448950167e-04,4.962846464312e+00,4.962839694330e+00
4.990865677861e-04,4.957921460085e+00,4.957914696822e+00
5.000282405555e-04,4.953000839059e+00,4.952994082509e+00
5.009699133249e-04,4.948084605081e+00,4.948077855236e+00
5.019115860944e-04,4.943172761864e+00,4.943166018720e+00
5.028532588638e-04,4.938265312999e+00,4.938258576549e+00
5.037949316332e-04,4.933362261948e+00,4.933355532187e+00
5.047366044026e-04,4.928463612051e+00,4.928456888972e+00
5.056782771720e-04,4.923569366527e+00,4.923562650125e+00
5.066199499414e-04,4.918679528475e+00,4.918672818743e+00
5.075616227108e-04,4.913794100877e+00,4.913787397810e+00
5.085032954802e-04,4.908913086599e+00,4.908906390190e+00
5.094449682496e-04,4.904036488393e+00,4.904029798637e+00
5.103866410190e-04,4.899164308900e+00,4.899157625790e+00
5.113283137884e-04,4.894296550650e+00,4.894289874180e+00
5.122699865578e-04,4.889433216064e+00,4.889426546228e+00
5.132116593272e-04,4.884574307457e+00,4.884567644249e+00
5.141533320967e-04,4.879719827039e+00,4.879713170453e+00
5.150950048661e-04,4.874869776916e+00,4.874863126946e+00
5.160366776355e-04,4.870024159093e+00,4.870017515733e+00
5.169783504049e-04,4.865182975474e+00,4.865176338719e+00
5.179200231743e-04,4.860346227866e+00,4.860339597709e+00
5.188616959437e-04,4.855513917977e+00,4.855507294412e+00
5.198033687131e-04,4.850686047422e+00,4.850679430442e+00
5.207450414825e-04,4.845862617719e+00,4.845856007319e+00
5.216867142519e-04,4.841043630296e+00,4.841037026470e+00
5.226283870213e-04,4.836229086491e+00,4.836222489232e+00
5.235700597907e-04,4.831418987549e+00,4.831412396853e+00
5.245117325601e-04,4.826613334631e+00,4.826606750489e+00
5.254534053295e-04,4.821812128808e+00,4.821805551216e+00
5.263950780990e-04,4.817015371067e+00,4.817008800019e+00
5.273367508684e-04,4.812223062313e+00,4.812216497802e+00
5.282784236378e-04,4.807435203366e+00,4.807428645386e+00
5.292200964072e-04,4.802651794965e+00,4.802645243511e+00
5.301617691766e-04,4.797872837772e+00,4.797866292836e+00
5.311034419460e-04,4.793098332366e+00,4.793091793944e+00
5.320451147154e-04,4.788328279253e+00,4.788321747338e+00
5.329867874848e-04,4.783562678860e+00,4.783556153445e+00
5.339284602542e-04,4.778801531540e+00,4.778795012620e+00
5.348701330236e-04,4.774044837573e+00,4.774038325142e+00
5.358118057930e-04,4.769292597165e+00,4.769286091217e+00
5.367534785624e-04,4.764544810454e+00,4.764538310982e+00
5.376951513318e-04,4.759801477504e+00,4.759794984503e+00
5.386368241013e-04,4.755062598312e+00,4.755056111776e+00
5.395784968707e-04,4.750328172808e+00,4.750321692730e+00
5.405201696401e-04,4.745598200853e+00,4.745591727227e+00
5.414618424095e-04,4.740872682244e+00,4.740866215064e+00
5.424035151789e-04,4.736151616713e+00,4.736145155973e+00
5.433451879483e-04,4.731435003928e+00,4.731428549622e+00
5.442868607177e-04,4.726722843495e+00,4.726716395618e+00
5.452285334871e-04,4.722015134960e+00,4.722008693504e+00
5.461702062565e-04,4.717311877805e+00,4.717305442765e+00
5.471118790259e-04,4.712613071455e+00,4.712606642825e+00
5.480535517953e-04,4.707918715277e+00,4.707912293051e+00
5.489952245647e-04,4.703228808578e+00,4.703222392750e+00
5.499368973341e-04,4.698543350611e+00,4.698536941174e+00
5.508785701036e-04,4.693862340571e+00,4.693855937520e+00
5.518202428730e-04,4.689185777601e+00,4.689179380929e+00
5.527619156424e-04,4.684513660787e+00,4.684507270489e+00
5.537035884118e-04,4.679845989165e+00,4.679839605234e+00
5.546452611812e-04,4.675182761717e+00,4.675176384147e+00
5.555869339506e-04,4.670523977373e+00,4.670517606159e+00
5.565286067200e-04,4.665869635016e+00,4.665863270150e+00
5.574702794894e-04,4.661219733476e+00,4.661213374954e+00
5.584119522588e-04,4.656574271536e+00,4.656567919351e+00
5.593536250282e-04,4.651933247931e+00,4.651926902076e+00
5.602952977976e-04,4.647296661348e+00,4.647290321819e+00
5.612369705670e-04,4.642664510429e+00,4.642658177218e+00
5.621786433364e-04,4.638036793769e+00,4.638030466871e+00
5.631203161059e-04,4.633413509919e+00,4.633407189328e+00
5.640619888753e-04,4.628794657387e+00,4.628788343096e+00
5.650036616447e-04,4.624180234635e+00,4.624173926639e+00
5.659453344141e-04,4.619570240085e+00,4.619563938378e+00
5.668870071835e-04,4.614964672115e+00,4.614958376691e+00
5.678286799529e-04,4.610363529064e+00,4.610357239916e+00
5.687703527223e-04,4.605766809230e+00,4.605760526352e+00
5.697120254917e-04,4.601174510869e+00,4.601168234256e+00
5.706536982611e-04,4.596586632200e+00,4.596580361846e+00
5.715953710305e-04,4.592003171405e+00,4.591996907303e+00
5.725370437999e-04,4.587424126624e+00,4.587417868768e+00
5.734787165693e-04,4.582849495962e+00,4.582843244347e+00
5.744203893388e-04,4.578279277490e+00,4.578273032109e+00
5.753620621082e-04,4.573713469239e+00,4.573707230087e+00
5.763037348776e-04,4.569152069207e+00,4.569145836277e+00
5.772454076470e-04,4.564595075356e+00,4.564588848643e+00
5.781870804164e-04,4.560042485616e+00,4.560036265113e+00
5.791287531858e-04,4.555494297881e+00,4.555488083582e+00
5.800704259552e-04,4.550950510014e+00,4.550944301913e+00
5.810120987246e-04,4.546411119844e+00,4.546404917936e+00
5.819537714940e-04,4.541876125170e+00,4.541869929448e+00
5.828954442634e-04,4.537345523758e+00,4.537339334216e+00
5.838371170328e-04,4.532819313344e+00,4.532813129977e+00
5.847787898022e-04,4.528297491635e+00,4.528291314436e+00
5.857204625716e-04,4.523780056306e+00,4.523773885269e+00
5.866621353411e-04,4.519267005005e+00,4.519260840125e+00
5.876038081105e-04,4.514758335350e+00,4.514752176620e+00
5.885454808799e-04,4.510254044931e+00,4.510247892346e+00
5.894871536493e-04,4.505754131312e+00,4.505747984865e+00
5.904288264187e-04,4.501258592028e+00,4.501252451713e+00
5.913704991881e-04,4.496767424587e+00,4.496761290399e+00
5.923121719575e-04,4.492280626472e+00,4.492274498405e+00
5.932538447269e-04,4.487798195141e+00,4.487792073189e+00
5.941955174963e-04,4.483320128025e+00,4.483314012181e+00
5.951371902657e-04,4.478846422531e+00,4.478840312790e+00
5.960788630351e-04,4.474377076041e+00,4.474370972397e+00
5.970205358045e-04,4.469912085914e+00,4.469905988360e+00
5.979622085739e-04,4.465451449484e+00,4.465445358016e+00
5.989038813434e-04,4.460995164065e+00,4.460989078675e+00
5.998455541128e-04,4.456543226944e+00,4.456537147627e+00
6.007872268822e-04,4.452095635389e+00,4.452089562140e+00
6.017288996516e-04,4.447652386645e+00,4.447646319457e+00
6.026705724210e-04,4.443213477935e+00,4.443207416802e+00
6.036122451904e-04,4.438778906462e+00,4.438772851379e+00
6.045539179598e-04,4.434348669409e+00,4.434342620368e+00
6.054955907292e-04,4.429922763935e+00,4.429916720932e+00
6.064372634986e-04,4.425501187183e+00,4.425495150212e+00
6.073789362680e-04,4.421083936275e+00,4.421077905329e+00
6.083206090374e-04,4.416671008313e+00,4.416664983388e+00
6.092622818068e-04,4.412262400382e+00,4.412256381470e+00
6.102039545762e-04,4.407858109546e+00,4.407852096643e+00
6.111456273457e-04,4.403458132854e+00,4.403452125952e+00
6.120873001151e-04,4.399062467334e+00,4.399056466428e+00
6.130289728845e-04,4.394671109998e+00,4.394665115083e+00
6.139706456539e-04,4.390284057840e+00,4.390278068910e+00
6.149123184233e-04,4.385901307840e+00,4.385895324889e+00
6.158539911927e-04,4.381522856958e+00,4.381516879980e+00
6.167956639621e-04,4.377148702140e+00,4.377142731128e+00
6.177373367315e-04,4.372778840314e+00,4.372772875264e+00
6.186790095009e-04,4.368413268395e+00,4.368407309300e+00
6.196206822703e-04,4.364051983281e+00,4.364046030134e+00
6.205623550397e-04,4.359694981855e+00,4.359689034652e+00
6.215040278091e-04,4.355342260985e+00,4.355336319720e+00
6.224457005785e-04,4.350993817528e+00,4.350987882194e+00
6.233873733480e-04,4.346649648321e+00,4.346643718914e+00
6.243290461174e-04,4.342309750193e+00,4.342303826706e+00
6.252707188868e-04,4.337974119955e+00,4.337968202382e+00
6.262123916562e-04,4.333642754407e+00,4.333636842743e+00
6.271540644256e-04,4.329315650335e+00,4.329309744574e+00
6.280957371950e-04,4.324992804513e+00,4.324986904649e+00
6.290374099644e-04,4.320674213703e+00,4.320668319730e+00
6.299790827338e-04,4.316359874652e+00,4.316353986564e+00
6.309207555032e-04,4.312049784097e+00,4.312043901889e+00
6.318624282726e-04,4.307743938765e+00,4.307738062430e+00
6.328041010420e-04,4.303442335367e+00,4.303436464900e+00
6.337457738114e-04,4.299144970606e+00,4.299139106002e+00
6.346874465808e-04,4.294851841173e+00,4.294845982425e+00
6.356291193503e-04,4.290562943749e+00,4.290557090852e+00
6.365707921197e-04,4.286278275003e+00,4.286272427950e+00
6.375124648891e-04,4.281997831594e+00,4.281991990381e+00
6.384541376585e-04,4.277721610171e+00,4.277715774791e+00
6.393958104279e-04,4.273449607374e+00,4.273443777821e+00
6.403374831973e-04,4.269181819831e+00,4.269175996100e+00
6.412791559667e-04,4.264918244163e+00,4.264912426248e+00
6.422208287361e-04,4.260658876979e+00,4.260653064875e+00
6.431625015055e-04,4.256403714882e+00,4.256397908583e+00
6.441041742749e-04,4.252152754464e+00,4.252146953963e+00
6.450458470443e-04,4.247905992309e+00,4.247900197601e+00
6.459875198137e-04,4.243663424991e+00,4.243657636070e+00
6.469291925831e-04,4.239425049077e+00,4.239419265939e+00
6.478708653526e-04,4.235190861127e+00,4.235185083765e+00
6.488125381220e-04,4.230960857691e+00,4.230955086099e+00
6.497542108914e-04,4.226735035311e+00,4.226729269484e+00
6.506958836608e-04,4.222513390524e+00,4.222507630455e+00
6.516375564302e-04,4.218295919857e+00,4.218290165542e+00
6.525792291996e-04,4.214082619831e+00,4.214076871263e+00
6.535209019690e-04,4.209873486959e+00,4.209867744133e+00
6.544625747384e-04,4.205668517748e+00,4.205662780658e+00
6.554042475078e-04,4.201467708697e+00,4.201461977338e+00
6.563459202772e-04,4.197271056301e+00,4.197265330666e+00
6.572875930466e-04,4.193078557046e+00,4.193072837130e+00
6.582292658160e-04,4.188890207412e+00,4.188884493210e+00
6.591709385855e-04,4.184706003874e+00,4.184700295380e+00
6.601126113549e-04,4.180525942901e+00,4.180520240109e+00
6.610542841243e-04,4.176350020955e+00,4.176344323859e+00
6.619959568937e-04,4.172178234493e+00,4.172172543088e+00
6.629376296631e-04,4.168010579967e+00,4.168004894247e+00
6.638793024325e-04,4.163847053822e+00,4.163841373782e+00
6.648209752019e-04,4.159687652501e+00,4.159681978135e+00
6.657626479713e-04,4.155532372438e+00,4.155526703740e+00
6.667043207407e-04,4.151381210064e+00,4.151375547029e+00
6.676459935101e-04,4.147234161806e+00,4.147228504428e+00
6.685876662795e-04,4.143091224085e+00,4.143085572358e+00
6.695293390489e-04,4.138952393317e+00,4.138946747237e+00
6.704710118183e-04,4.134817665915e+00,4.134812025475e+00
6.714126845878e-04,4.130687038287e+00,4.130681403482e+00
6.723543573572e-04,4.126560506837e+00,4.126554877661e+00
6.732960301266e-04,4.122438067965e+00,4.122432444412e+00
6.742377028960e-04,4.118319718066e+00,4.118314100131e+00
6.751793756654e-04,4.114205453533e+00,4.114199841210e+00
6.761210484348e-04,4.110095270753e+00,4.110089664038e+00
6.770627212042e-04,4.105989166113e+00,4.105983564999e+00
6.780043939736e-04,4.101887135992e+00,4.101881540474e+00
6.789460667430e-04,4.097789176770e+00,4.097783586841e+00
6.798877395124e-04,4.093695284820e+00,4.093689700476e+00
6.808294122818e-04,4.089605456514e+00,4.089599877749e+00
6.817710850512e-04,4.085519688221e+00,4.085514115030e+00
6.827127578206e-04,4.081437976307e+00,4.081432408684e+00
6.836544305901e-04,4.077360317133e+00,4.077354755073e+00
6.845961033595e-04,4.073286707061e+00,4.073281150557e+00
6.855377761289e-04,4.069217142447e+00,4.069211591495e+00
6.864794488983e-04,4.065151619647e+00,4.065146074240e+00
6.874211216677e-04,4.061090135012e+00,4.061084595146e+00
6.883627944371e-04,4.057032684894e+00,4.057027150563e+00
6.893044672065e-04,4.052979265639e+00,4.052973736837e+00
6.902461399759e-04,4.048929873594e+00,4.048924350316e+00
6.911878127453e-04,4.044884505102e+00,4.044878987343e+00
6.921294855147e-04,4.040843156505e+00,4.040837644259e+00
6.930711582841e-04,4.036805824143e+00,4.036800317404e+00
6.940128310535e-04,4.032772504354e+00,4.032767003116e+00
6.949545038229e-04,4.028743193473e+00,4.028737697732e+00
6.958961765924e-04,4.024717887836e+00,4.024712397587e+00
6.968378493618e-04,4.020696583776e+00,4.020691099012e+00
6.977795221312e-04,4.016679277624e+00,4.016673798341e+00
6.987211949006e-04,4.012665965712e+00,4.012660491903e+00
6.996628676700e-04,4.008656644366e+00,4.008651176026e+00
7.006045404394e-04,4.004651309916e+00,4.004645847040e+00
7.015462132088e-04,4.000649958689e+00,4.000644501271e+00
7.024878859782e-04,3.996652587008e+00,3.996647135043e+00
7.034295587476e-04,3.992659191200e+00,3.992653744683e+00
7.043712315170e-04,3.988669767587e+00,3.988664326512e+00
7.053129042864e-04,3.984684312492e+00,3.984678876854e+00
7.062545770558e-04,3.980702822237e+00,3.980697392030e+00
7.071962498252e-04,3.976725293144e+00,3.976719868363e+00
7.081379225947e-04,3.972751721533e+00,3.972746302172e+00
7.090795953641e-04,3.968782103723e+00,3.968776689777e+00
7.100212681335e-04,3.964816436034e+00,3.964811027498e+00
7.109629409029e-04,3.960854714786e+00,3.960849311654e+00
7.119046136723e-04,3.956896936296e+00,3.956891538564e+00
7.128462864417e-04,3.952943096883e+00,3.952937704544e+00
7.137879592111e-04,3.948993192866e+00,3.948987805915e+00
7.147296319805e-04,3.945047220560e+00,3.945041838992e+00
7.156713047499e-04,3.941105176285e+00,3.941099800095e+00
7.166129775193e-04,3.937167056358e+00,3.937161685539e+00
7.175546502887e-04,3.933232857096e+00,3.933227491644e+00
7.184963230581e-04,3.929302574816e+00,3.929297214726e+00
7.194379958275e-04,3.925376205837e+00,3.925370851103e+00
7.203796685970e-04,3.921453746476e+00,3.921448397093e+00
7.213213413664e-04,3.917535193051e+00,3.917529849013e+00
7.222630141358e-04,3.913620541880e+00,3.913615203182e+00
7.232046869052e-04,3.909709789281e+00,3.909704455918e+00
7.241463596746e-04,3.905802931573e+00,3.905797603539e+00
7.250880324440e-04,3.901899965076e+00,3.901894642366e+00
7.260297052134e-04,3.898000886108e+00,3.897995568718e+00
7.269713779828e-04,3.894105690991e+00,3.894100378914e+00
7.279130507522e-04,3.890214376045e+00,3.890209069276e+00
7.288547235216e-04,3.886326937590e+00,3.886321636124e+00
7.297963962910e-04,3.882443371949e+00,3.882438075781e+00
7.307380690604e-04,3.878563675445e+00,3.878558384569e+00
7.316797418299e-04,3.874687844400e+00,3.874682558811e+00
7.326214145993e-04,3.870815875138e+00,3.870810594832e+00
7.335630873687e-04,3.866947763986e+00,3.866942488956e+00
7.345047601381e-04,3.863083507267e+00,3.863078237508e+00
7.354464329075e-04,3.859223101309e+00,3.859217836817e+00
7.363881056769e-04,3.855366542440e+00,3.855361283208e+00
7.373297784463e-04,3.851513826988e+00,3.851508573011e+00
7.382714512157e-04,3.847664951282e+00,3.847659702556e+00
7.392131239851e-04,3.843819911653e+00,3.843814668172e+00
7.401547967545e-04,3.839978704432e+00,3.839973466192e+00
7.410964695239e-04,3.836141325954e+00,3.836136092948e+00
7.420381422933e-04,3.832307772551e+00,3.832302544774e+00
7.429798150627e-04,3.828478040558e+00,3.828472818006e+00
7.439214878322e-04,3.824652126313e+00,3.824646908980e+00
7.448631606016e-04,3.820830026153e+00,3.820824814034e+00
7.458048333710e-04,3.817011736418e+00,3.817006529507e+00
7.467465061404e-04,3.813197253447e+00,3.813192051739e+00
7.476881789098e-04,3.809386573582e+00,3.809381377073e+00
7.486298516792e-04,3.805579693167e+00,3.805574501851e+00
7.495715244486e-04,3.801776608546e+00,3.801771422418e+00
7.505131972180e-04,3.797977316065e+00,3.797972135120e+00
7.514548699874e-04,3.794181812073e+00,3.794176636305e+00
7.523965427568e-04,3.790390092918e+00,3.790384922323e+00
7.533382155262e-04,3.786602154951e+00,3.786596989523e+00
7.542798882956e-04,3.782817994525e+00,3.782812834259e+00
7.552215610650e-04,3.779037607994e+00,3.779032452885e+00
7.561632338345e-04,3.775260991713e+00,3.775255841755e+00
7.571049066039e-04,3.771488142039e+00,3.771482997229e+00
7.580465793733e-04,3.767719055333e+00,3.767713915664e+00
7.589882521427e-04,3.763953727954e+00,3.763948593422e+00
7.599299249121e-04,3.760192156266e+00,3.760187026865e+00
7.608715976815e-04,3.756434336633e+00,3.756429212358e+00
7.618132704509e-04,3.752680265421e+00,3.752675146267e+00
7.627549432203e-04,3.748929938998e+00,3.748924824960e+00
7.636966159897e-04,3.745183353735e+00,3.745178244808e+00
7.646382887591e-04,3.741440506003e+00,3.741435402182e+00
7.655799615285e-04,3.737701392176e+00,3.737696293456e+00
7.665216342979e-04,3.733966008631e+00,3.733960915005e+00
7.674633070673e-04,3.730234351744e+00,3.730229263209e+00
7.684049798368e-04,3.726506417896e+00,3.726501334446e+00
7.693466526062e-04,3.722782203468e+00,3.722777125099e+00
7.702883253756e-04,3.719061704845e+00,3.719056631551e+00
7.712299981450e-04,3.715344918411e+00,3.715339850188e+00
7.721716709144e-04,3.711631840557e+00,3.711626777398e+00
7.731133436838e-04,3.707922467670e+00,3.707917409572e+00
7.740550164532e-04,3.704216796144e+00,3.704211743101e+00
7.749966892226e-04,3.700514822373e+00,3.700509774380e+00
7.759383619920e-04,3.696816542754e+00,3.696811499806e+00
7.768800347614e-04,3.693121953686e+00,3.693116915777e+00
7.778217075308e-04,3.689431051568e+00,3.689426018695e+00
7.787633803002e-04,3.685743832806e+00,3.685738804962e+00
7.797050530696e-04,3.682060293803e+00,3.682055270984e+00
7.806467258391e-04,3.678380430969e+00,3.678375413169e+00
7.815883986085e-04,3.674704240712e+00,3.674699227927e+00
7.825300713779e-04,3.671031719445e+00,3.671026711671e+00
7.834717441473e-04,3.667362863583e+00,3.667357860813e+00
7.844134169167e-04,3.663697669543e+00,3.663692671773e+00
7.853550896861e-04,3.660036133744e+00,3.660031140969e+00
7.862967624555e-04,3.656378252608e+00,3.656373264823e+00
7.872384352249e-04,3.652724022559e+00,3.652719039758e+00
7.881801079943e-04,3.649073440023e+00,3.649068462202e+00
7.891217807637e-04,3.645426501429e+00,3.645421528583e+00
7.900634535331e-04,3.641783203209e+00,3.641778235333e+00
7.910051263025e-04,3.638143541796e+00,3.638138578885e+00
7.919467990719e-04,3.634507513627e+00,3.634502555676e+00
7.928884718414e-04,3.630875115140e+00,3.630870162144e+00
7.938301446108e-04,3.627246342776e+00,3.627241394731e+00
7.947718173802e-04,3.623621192980e+00,3.623616249880e+00
7.957134901496e-04,3.619999662197e+00,3.619994724037e+00
7.966551629190e-04,3.616381746877e+00,3.616376813652e+00
7.975968356884e-04,3.612767443469e+00,3.612762515175e+00
7.985385084578e-04,3.609156748430e+00,3.609151825061e+00
7.994801812272e-04,3.605549658213e+00,3.605544739765e+00
8.004218539966e-04,3.601946169280e+00,3.601941255747e+00
8.013635267660e-04,3.598346278091e+00,3.598341369469e+00
8.023051995354e-04,3.594749981110e+00,3.594745077394e+00
8.032468723048e-04,3.591157274805e+00,3.591152375990e+00
8.041885450743e-04,3.587568155645e+00,3.587563261726e+00
8.051302178437e-04,3.583982620101e+00,3.583977731073e+00
8.060718906131e-04,3.580400664650e+00,3.580395780508e+00
8.070135633825e-04,3.576822285767e+00,3.576817406506e+00
8.079552361519e-04,3.573247479933e+00,3.573242605549e+00
8.088969089213e-04,3.569676243631e+00,3.569671374119e+00
8.098385816907e-04,3.566108573346e+00,3.566103708701e+00
8.107802544601e-04,3.562544465567e+00,3.562539605783e+00
8.117219272295e-04,3.558983916784e+00,3.558979061857e+00
8.126635999989e-04,3.555426923491e+00,3.555422073416e+00
8.136052727683e-04,3.551873482183e+00,3.551868636957e+00
8.145469455377e-04,3.548323589362e+00,3.548318748977e+00
8.154886183071e-04,3.544777241527e+00,3.544772405980e+00
8.164302910766e-04,3.541234435183e+00,3.541229604469e+00
8.173719638460e-04,3.537695166839e+00,3.537690340953e+00
8.183136366154e-04,3.534159433003e+00,3.534154611940e+00
8.192553093848e-04,3.530627230189e+00,3.530622413945e+00
8.201969821542e-04,3.527098554912e+00,3.527093743482e+00
8.211386549236e-04,3.523573403692e+00,3.523568597070e+00
8.220803276930e-04,3.520051773048e+00,3.520046971231e+00
8.230220004624e-04,3.516533659506e+00,3.516528862488e+00
8.239636732318e-04,3.513019059592e+00,3.513014267368e+00
8.249053460012e-04,3.509507969836e+00,3.509503182401e+00
8.258470187706e-04,3.506000386770e+00,3.505995604120e+00
8.267886915400e-04,3.502496306930e+00,3.502491529060e+00
8.277303643094e-04,3.498995726854e+00,3.498990953759e+00
8.286720370789e-04,3.495498643083e+00,3.495493874759e+00
8.296137098483e-04,3.492005052161e+00,3.492000288603e+00
8.305553826177e-04,3.488514950635e+00,3.488510191838e+00
8.314970553871e-04,3.485028335055e+00,3.485023581014e+00
8.324387281565e-04,3.481545201973e+00,3.481540452683e+00
8.333804009259e-04,3.478065547944e+00,3.478060803401e+00
8.343220736953e-04,3.474589369528e+00,3.474584629727e+00
8.352637464647e-04,3.471116663285e+00,3.471111928221e+00
8.362054192341e-04,3.467647425779e+00,3.467642695447e+00
8.371470920035e-04,3.464181653577e+00,3.464176927974e+00
8.380887647729e-04,3.460719343250e+00,3.460714622370e+00
8.390304375423e-04,3.457260491371e+00,3.457255775208e+00
8.399721103117e-04,3.453805094514e+00,3.453800383065e+00
8.409137830812e-04,3.450353149259e+00,3.450348442520e+00
8.418554558506e-04,3.446904652188e+00,3.446899950153e+00
8.427971286200e-04,3.443459599885e+00,3.443454902549e+00
8.437388013894e-04,3.440017988937e+00,3.440013296296e+00
8.446804741588e-04,3.436579815936e+00,3.436575127985e+00
8.456221469282e-04,3.433145077474e+00,3.433140394209e+00
8.465638196976e-04,3.429713770148e+00,3.429709091563e+00
8.475054924670e-04,3.426285890558e+00,3.426281216649e+00
8.484471652364e-04,3.422861435305e+00,3.422856766067e+00
8.493888380058e-04,3.419440400994e+00,3.419435736424e+00
8.503305107752e-04,3.416022784235e+00,3.416018124327e+00
8.512721835446e-04,3.412608581639e+00,3.412603926387e+00
8.522138563140e-04,3.409197789818e+00,3.409193139220e+00
8.531555290835e-04,3.405790405391e+00,3.405785759441e+00
8.540972018529e-04,3.402386424978e+00,3.402381783672e+00
8.550388746223e-04,3.398985845202e+00,3.398981208534e+00
8.559805473917e-04,3.395588662689e+00,3.395584030655e+00
8.569222201611e-04,3.392194874068e+00,3.392190246664e+00
8.578638929305e-04,3.388804475971e+00,3.388799853192e+00
8.588055656999e-04,3.385417465033e+00,3.385412846875e+00
8.597472384693e-04,3.382033837893e+00,3.382029224350e+00
8.606889112387e-04,3.378653591191e+00,3.378648982259e+00
8.616305840081e-04,3.375276721572e+00,3.375272117246e+00
8.625722567775e-04,3.371903225682e+00,3.371898625959e+00
8.635139295469e-04,3.368533100172e+00,3.368528505046e+00
8.644556023163e-04,3.365166341695e+00,3.365161751161e+00
8.653972750858e-04,3.361802946907e+00,3.361798360961e+00
8.663389478552e-04,3.358442912467e+00,3.358438331105e+00
8.672806206246e-04,3.355086235037e+00,3.355081658254e+00
8.682222933940e-04,3.351732911283e+00,3.351728339074e+00
8.691639661634e-04,3.348382937872e+00,3.348378370233e+00
8.701056389328e-04,3.345036311476e+00,3.345031748402e+00
8.710473117022e-04,3.341693028769e+00,3.341688470256e+00
8.719889844716e-04,3.338353086429e+00,3.338348532472e+00
8.729306572410e-04,3.335016481135e+00,3.335011931730e+00
8.738723300104e-04,3.331683209572e+00,3.331678664713e+00
8.748140027798e-04,3.328353268424e+00,3.328348728108e+00
8.757556755492e-04,3.325026654383e+00,3.325022118605e+00
8.766973483186e-04,3.321703364139e+00,3.321698832895e+00
8.776390210881e-04,3.318383394389e+00,3.318378867674e+00
8.785806938575e-04,3.315066741831e+00,3.315062219640e+00
8.795223666269e-04,3.311753403167e+00,3.311748885496e+00
8.804640393963e-04,3.308443375101e+00,3.308438861945e+00
8.814057121657e-04,3.305136654341e+00,3.305132145696e+00
8.823473849351e-04,3.301833237597e+00,3.301828733458e+00
8.832890577045e-04,3.298533121584e+00,3.298528621947e+00
8.842307304739e-04,3.295236303017e+00,3.295231807877e+00
8.851724032433e-04,3.291942778616e+00,3.291938287969e+00
8.861140760127e-04,3.288652545105e+00,3.288648058946e+00
8.870557487821e-04,3.285365599209e+00,3.285361117534e+00
8.879974215515e-04,3.282081937657e+00,3.282077460462e+00
8.889390943210e-04,3.278801557181e+00,3.278797084461e+00
8.898807670904e-04,3.275524454517e+00,3.275519986266e+00
8.908224398598e-04,3.272250626401e+00,3.272246162616e+00
8.917641126292e-04,3.268980069575e+00,3.268975610252e+00
8.927057853986e-04,3.265712780783e+00,3.265708325917e+00
8.936474581680e-04,3.262448756772e+00,3.262444306359e+00
8.945891309374e-04,3.259187994293e+00,3.259183548328e+00
8.955308037068e-04,3.255930490098e+00,3.255926048577e+00
8.964724764762e-04,3.252676240945e+00,3.252671803863e+00
8.974141492456e-04,3.249425243592e+00,3.249420810944e+00
8.983558220150e-04,3.246177494801e+00,3.246173066584e+00
8.992974947844e-04,3.242932991338e+00,3.242928567547e+00
9.002391675538e-04,3.239691729972e+00,3.239687310603e+00
9.011808403233e-04,3.236453707474e+00,3.236449292522e+00
9.021225130927e-04,3.233218920619e+00,3.233214510079e+00
9.030641858621e-04,3.229987366183e+00,3.229982960052e+00
9.040058586315e-04,3.226759040949e+00,3.226754639221e+00
9.049475314009e-04,3.223533941698e+00,3.223529544370e+00
9.058892041703e-04,3.220312065219e+00,3.220307672286e+00
9.068308769397e-04,3.217093408301e+00,3.217089019759e+00
9.077725497091e-04,3.213877967737e+00,3.213873583581e+00
9.087142224785e-04,3.210665740322e+00,3.210661360548e+00
9.096558952479e-04,3.207456722856e+00,3.207452347459e+00
9.105975680173e-04,3.204250912140e+00,3.204246541116e+00
9.115392407867e-04,3.201048304979e+00,3.201043938325e+00
9.124809135561e-04,3.197848898182e+00,3.197844535892e+00
9.134225863256e-04,3.194652688559e+00,3.194648330629e+00
9.143642590950e-04,3.191459672925e+00,3.191455319350e+00
9.153059318644e-04,3.188269848096e+00,3.188265498873e+00
9.162476046338e-04,3.185083210893e+00,3.185078866017e+00
9.171892774032e-04,3.181899758139e+00,3.181895417606e+00
9.181309501726e-04,3.178719486660e+00,3.178715150465e+00
9.190726229420e-04,3.175542393286e+00,3.175538061425e+00
9.200142957114e-04,3.172368474848e+00,3.172364147317e+00
9.209559684808e-04,3.169197728183e+00,3.169193404976e+00
9.218976412502e-04,3.166030150127e+00,3.166025831242e+00
9.228393140196e-04,3.162865737524e+00,3.162861422955e+00
9.237809867890e-04,3.159704487217e+00,3.159700176960e+00
9.247226595584e-04,3.156546396053e+00,3.156542090105e+00
9.256643323279e-04,3.153391460884e+00,3.153387159239e+00
9.266060050973e-04,3.150239678562e+00,3.150235381217e+00
9.275476778667e-04,3.147091045944e+00,3.147086752894e+00
9.284893506361e-04,3.143945559890e+00,3.143941271131e+00
9.294310234055e-04,3.140803217262e+00,3.140798932789e+00
9.303726961749e-04,3.137664014926e+00,3.137659734735e+00
9.313143689443e-04,3.134527949750e+00,3.134523673838e+00
9.322560417137e-04,3.131395018606e+00,3.131390746968e+00
9.331977144831e-04,3.128265218369e+00,3.128260951000e+00
9.341393872525e-04,3.125138545916e+00,3.125134282813e+00
9.350810600219e-04,3.122014998129e+00,3.122010739286e+00
9.360227327913e-04,3.118894571889e+00,3.118890317303e+00
9.369644055607e-04,3.115777264086e+00,3.115773013752e+00
9.379060783302e-04,3.112663071607e+00,3.112658825521e+00
9.388477510996e-04,3.109551991346e+00,3.109547749504e+00
9.397894238690e-04,3.106444020198e+00,3.106439782596e+00
9.407310966384e-04,3.103339155063e+00,3.103334921696e+00
9.416727694078e-04,3.100237392842e+00,3.100233163706e+00
9.426144421772e-04,3.097138730439e+00,3.097134505530e+00
9.435561149466e-04,3.094043164762e+00,3.094038944077e+00
9.444977877160e-04,3.090950692723e+00,3.090946476256e+00
9.454394604854e-04,3.087861311234e+00,3.087857098982e+00
9.463811332548e-04,3.084775017213e+00,3.084770809171e+00
9.473228060242e-04,3.081691807580e+00,3.081687603743e+00
9.482644787936e-04,3.078611679256e+00,3.078607479621e+00
9.492061515630e-04,3.075534629168e+00,3.075530433730e+00
9.501478243325e-04,3.072460654244e+00,3.072456463000e+00
9.510894971019e-04,3.069389751416e+00,3.069385564361e+00
9.520311698713e-04,3.066321917619e+00,3.066317734749e+00
9.529728426407e-04,3.063257149791e+00,3.063252971101e+00
9.539145154101e-04,3.060195444871e+00,3.060191270358e+00
9.548561881795e-04,3.057136799804e+00,3.057132629463e+00
9.557978609489e-04,3.054081211536e+00,3.054077045364e+00
9.567395337183e-04,3.051028677017e+00,3.051024515009e+00
9.576812064877e-04,3.047979193199e+00,3.047975035350e+00
9.586228792571e-04,3.044932757038e+00,3.044928603345e+00
9.595645520265e-04,3.041889365492e+00,3.041885215951e+00
9.605062247959e-04,3.038849015522e+00,3.038844870129e+00
9.614478975654e-04,3.035811704094e+00,3.035807562844e+00
9.623895703348e-04,3.032777428175e+00,3.032773291064e+00
9.633312431042e-04,3.029746184734e+00,3.029742051758e+00
9.642729158736e-04,3.026717970746e+00,3.026713841901e+00
9.652145886430e-04,3.023692783186e+00,3.023688658467e+00
9.661562614124e-04,3.020670619033e+00,3.020666498438e+00
9.670979341818e-04,3.017651475271e+00,3.017647358794e+00
9.680396069512e-04,3.014635348884e+00,3.014631236521e+00
9.689812797206e-04,3.011622236859e+00,3.011618128607e+00
9.699229524900e-04,3.008612136189e+00,3.008608032043e+00
9.708646252594e-04,3.005605043867e+00,3.005600943823e+00
9.718062980288e-04,3.002600956891e+00,3.002596860944e+00
9.727479707982e-04,2.999599872259e+00,2.999595780406e+00
9.736896435677e-04,2.996601786975e+00,2.996597699212e+00
9.746313163371e-04,2.993606698044e+00,2.993602614367e+00
9.755729891065e-04,2.990614602476e+00,2.990610522881e+00
9.765146618759e-04,2.987625497282e+00,2.987621421764e+00
9.774563346453e-04,2.984639379476e+00,2.984635308032e+00
9.783980074147e-04,2.981656246076e+00,2.981652178701e+00
9.793396801841e-04,2.978676094103e+00,2.978672030793e+00
9.802813529535e-04,2.975698920579e+00,2.975694861331e+00
9.812230257229e-04,2.972724722531e+00,2.972720667340e+00
9.821646984923e-04,2.969753496989e+00,2.969749445851e+00
9.831063712617e-04,2.966785240984e+00,2.966781193895e+00
9.840480440311e-04,2.963819951551e+00,2.963815908507e+00
9.849897168005e-04,2.960857625729e+00,2.960853586726e+00
9.859313895700e-04,2.957898260558e+00,2.957894225592e+00
9.868730623394e-04,2.954941853082e+00,2.954937822149e+00
9.878147351088e-04,2.951988400348e+00,2.951984373444e+00
9.887564078782e-04,2.949037899405e+00,2.949033876526e+00
9.896980806476e-04,2.946090347306e+00,2.946086328448e+00
9.906397534170e-04,2.943145741106e+00,2.943141726265e+00
9.915814261864e-04,2.940204077864e+00,2.940200067035e+00
9.925230989558e-04,2.937265354640e+00,2.937261347821e+00
9.934647717252e-04,2.934329568500e+00,2.934325565685e+00
9.944064444946e-04,2.931396716509e+00,2.931392717695e+00
9.953481172640e-04,2.928466795738e+00,2.928462800921e+00
9.962897900334e-04,2.925539803260e+00,2.925535812435e+00
9.972314628028e-04,2.922615736150e+00,2.922611749314e+00
9.981731355723e-04,2.919694591486e+00,2.919690608635e+00
9.991148083417e-04,2.916776366351e+00,2.916772387481e+00
1.000056481111e-03,2.913861057829e+00,2.913857082935e+00
1.000998153880e-03,2.910948663006e+00,2.910944692085e+00
1.001939826650e-03,2.908039178973e+00,2.908035212021e+00
1.002881499419e-03,2.905132602822e+00,2.905128639836e+00
1.003823172189e-03,2.902228931650e+00,2.902224972625e+00
1.004764844958e-03,2.899328162556e+00,2.899324207487e+00
1.005706517728e-03,2.896430292640e+00,2.896426341525e+00
1.006648190497e-03,2.893535319007e+00,2.893531371841e+00
1.007589863266e-03,2.890643238765e+00,2.890639295544e+00
1.008531536036e-03,2.887754049024e+00,2.887750109744e+00
1.009473208805e-03,2.884867746896e+00,2.884863811553e+00
1.010414881575e-03,2.881984329497e+00,2.881980398088e+00
1.011356554344e-03,2.879103793947e+00,2.879099866467e+00
1.012298227113e-03,2.876226137366e+00,2.876222213812e+00
1.013239899883e-03,2.873351356879e+00,2.873347437247e+00
1.014181572652e-03,2.870479449614e+00,2.870475533899e+00
1.015123245422e-03,2.867610412700e+00,2.867606500899e+00
1.016064918191e-03,2.864744243270e+00,2.864740335379e+00
1.017006590960e-03,2.861880938461e+00,2.861877034475e+00
1.017948263730e-03,2.859020495410e+00,2.859016595326e+00
1.018889936499e-03,2.856162911259e+00,2.856159015074e+00
1.019831609269e-03,2.853308183152e+00,2.853304290861e+00
1.020773282038e-03,2.850456308237e+00,2.850452419836e+00
1.021714954807e-03,2.847607283663e+00,2.847603399149e+00
1.022656627577e-03,2.844761106584e+00,2.844757225952e+00
1.023598300346e-03,2.841917774153e+00,2.841913897400e+00
1.024539973116e-03,2.839077283531e+00,2.839073410653e+00
1.025481645885e-03,2.836239631878e+00,2.836235762871e+00
1.026423318654e-03,2.833404816358e+00,2.833400951218e+00
1.027364991424e-03,2.830572834138e+00,2.830568972861e+00
1.028306664193e-03,2.827743682388e+00,2.827739824970e+00
1.029248336963e-03,2.824917358280e+00,2.824913504718e+00
1.030190009732e-03,2.822093858989e+00,2.822090009278e+00
1.031131682502e-03,2.819273181693e+00,2.819269335830e+00
1.032073355271e-03,2.816455323574e+00,2.816451481555e+00
1.033015028040e-03,2.813640281814e+00,2.813636443635e+00
1.033956700810e-03,2.810828053600e+00,2.810824219258e+00
1.034898373579e-03,2.808018636122e+00,2.808014805612e+00
1.035840046349e-03,2.805212026571e+00,2.805208199890e+00
1.036781719118e-03,2.802408222142e+00,2.802404399286e+00
1.037723391887e-03,2.799607220033e+00,2.799603400997e+00
1.038665064657e-03,2.796809017444e+00,2.796805202226e+00
1.039606737426e-03,2.794013611579e+00,2.794009800173e+00
1.040548410196e-03,2.791220999642e+00,2.791217192046e+00
1.041490082965e-03,2.788431178843e+00,2.788427375053e+00
1.042431755734e-03,2.785644146394e+00,2.785640346405e+00
1.043373428504e-03,2.782859899508e+00,2.782856103317e+00
1.044315101273e-03,2.780078435402e+00,2.780074643006e+00
1.045256774043e-03,2.777299751297e+00,2.777295962691e+00
1.046198446812e-03,2.774523844414e+00,2.774520059595e+00
1.047140119581e-03,2.771750711979e+00,2.771746930943e+00
1.048081792351e-03,2.768980351220e+00,2.768976573964e+00
1.049023465120e-03,2.766212759368e+00,2.766208985887e+00
1.049965137890e-03,2.763447933657e+00,2.763444163947e+00
1.050906810659e-03,2.760685871322e+00,2.760682105380e+00
1.051848483428e-03,2.757926569603e+00,2.757922807425e+00
1.052790156198e-03,2.755170025741e+00,2.755166267323e+00
1.053731828967e-03,2.752416236981e+00,2.752412482320e+00
1.054673501737e-03,2.749665200570e+00,2.749661449662e+00
1.055615174506e-03,2.746916913758e+00,2.746913166599e+00
1.056556847276e-03,2.744171373798e+00,2.744167630384e+00
1.057498520045e-03,2.741428577946e+00,2.741424838274e+00
1.058440192814e-03,2.738688523459e+00,2.738684787525e+00
1.059381865584e-03,2.735951207599e+00,2.735947475398e+00
1.060323538353e-03,2.733216627629e+00,2.733212899158e+00
1.061265211123e-03,2.730484780815e+00,2.730481056071e+00
1.062206883892e-03,2.727755664426e+00,2.727751943405e+00
1.063148556661e-03,2.725029275735e+00,2.725025558434e+00
1.064090229431e-03,2.722305612016e+00,2.722301898430e+00
1.065031902200e-03,2.719584670546e+00,2.719580960671e+00
1.065973574970e-03,2.716866448604e+00,2.716862742438e+00
1.066915247739e-03,2.714150943475e+00,2.714147241013e+00
1.067856920508e-03,2.711438152442e+00,2.711434453680e+00
1.068798593278e-03,2.708728072794e+00,2.708724377729e+00
1.069740266047e-03,2.706020701822e+00,2.706017010450e+00
1.070681938817e-03,2.703316036819e+00,2.703312349137e+00
1.071623611586e-03,2.700614075081e+00,2.700610391085e+00
1.072565284355e-03,2.697914813907e+00,2.697911133593e+00
1.073506957125e-03,2.695218250599e+00,2.695214573964e+00
1.074448629894e-03,2.692524382461e+00,2.692520709500e+00
1.075390302664e-03,2.689833206799e+00,2.689829537509e+00
1.076331975433e-03,2.687144720923e+00,2.687141055301e+00
1.077273648203e-03,2.684458922146e+00,2.684455260188e+00
1.078215320972e-03,2.681775807782e+00,2.681772149484e+00
1.079156993741e-03,2.679095375149e+00,2.679091720507e+00
1.080098666511e-03,2.676417621567e+00,2.676413970578e+00
1.081040339280e-03,2.673742544359e+00,2.673738897020e+00
1.081982012050e-03,2.671070140851e+00,2.671066497157e+00
1.082923684819e-03,2.668400408371e+00,2.668396768319e+00
1.083865357588e-03,2.665733344250e+00,2.665729707836e+00
1.084807030358e-03,2.663068945821e+00,2.663065313042e+00
1.085748703127e-03,2.660407210421e+00,2.660403581272e+00
1.086690375897e-03,2.657748135388e+00,2.657744509867e+00
1.087632048666e-03,2.655091718065e+00,2.655088096167e+00
1.088573721435e-03,2.652437955794e+00,2.652434337517e+00
1.089515394205e-03,2.649786845924e+00,2.649783231263e+00
1.090457066974e-03,2.647138385803e+00,2.647134774755e+00
1.091398739744e-03,2.644492572784e+00,2.644488965346e+00
1.092340412513e-03,2.641849404222e+00,2.641845800388e+00
1.093282085282e-03,2.639208877473e+00,2.639205277242e+00
1.094223758052e-03,2.636570989898e+00,2.636567393265e+00
1.095165430821e-03,2.633935738859e+00,2.633932145821e+00
1.096107103591e-03,2.631303121723e+00,2.631299532276e+00
1.097048776360e-03,2.628673135855e+00,2.628669549996e+00
1.097990449129e-03,2.626045778628e+00,2.626042196353e+00
1.098932121899e-03,2.623421047415e+00,2.623417468720e+00
1.099873794668e-03,2.620798939590e+00,2.620795364472e+00
1.100815467438e-03,2.618179452533e+00,2.618175880989e+00
1.101757140207e-03,2.615562583624e+00,2.615559015650e+00
1.102698812977e-03,2.612948330248e+00,2.612944765839e+00
1.103640485746e-03,2.610336689790e+00,2.610333128944e+00
1.104582158515e-03,2.607727659638e+00,2.607724102352e+00
1.105523831285e-03,2.605121237186e+00,2.605117683455e+00
1.106465504054e-03,2.602517419826e+00,2.602513869646e+00
1.107407176824e-03,2.599916204955e+00,2.599912658324e+00
1.108348849593e-03,2.597317589972e+00,2.597314046886e+00
1.109290522362e-03,2.594721572280e+00,2.594718032735e+00
1.110232195132e-03,2.592128149282e+00,2.592124613276e+00
1.111173867901e-03,2.589537318386e+00,2.589533785914e+00
1.112115540671e-03,2.586949077002e+00,2.586945548060e+00
1.113057213440e-03,2.584363422540e+00,2.584359897125e+00
1.113998886209e-03,2.581780352417e+00,2.581776830526e+00
1.114940558979e-03,2.579199864049e+00,2.579196345678e+00
1.115882231748e-03,2.576621954856e+00,2.576618440002e+00
1.116823904518e-03,2.574046622261e+00,2.574043110920e+00
1.117765577287e-03,2.571473863689e+00,2.571470355857e+00
1.118707250056e-03,2.568903676567e+00,2.568900172242e+00
1.119648922826e-03,2.566336058326e+00,2.566332557503e+00
1.120590595595e-03,2.563771006398e+00,2.563767509074e+00
1.121532268365e-03,2.561208518219e+00,2.561205024391e+00
1.122473941134e-03,2.558648591227e+00,2.558645100890e+00
1.123415613903e-03,2.556091222861e+00,2.556087736013e+00
1.124357286673e-03,2.553536410565e+00,2.553532927202e+00
1.125298959442e-03,2.550984151784e+00,2.550980671903e+00
1.126240632212e-03,2.548434443967e+00,2.548430967565e+00
1.127182304981e-03,2.545887284564e+00,2.545883811636e+00
1.128123977751e-03,2.543342671029e+00,2.543339201572e+00
1.129065650520e-03,2.540800600816e+00,2.540797134826e+00
1.130007323289e-03,2.538261071384e+00,2.538257608859e+00
1.130948996059e-03,2.535724080194e+00,2.535720621130e+00
1.131890668828e-03,2.533189624709e+00,2.533186169102e+00
1.132832341598e-03,2.530657702396e+00,2.530654250243e+00
1.133774014367e-03,2.528128310721e+00,2.528124862019e+00
1.134715687136e-03,2.525601447158e+00,2.525598001902e+00
1.135657359906e-03,2.523077109177e+00,2.523073667365e+00
1.136599032675e-03,2.520555294257e+00,2.520551855885e+00
1.137540705445e-03,2.518035999874e+00,2.518032564939e+00
1.138482378214e-03,2.515519223511e+00,2.515515792009e+00
1.139424050983e-03,2.513004962650e+00,2.513001534578e+00
1.140365723753e-03,2.510493214778e+00,2.510489790132e+00
1.141307396522e-03,2.507983977383e+00,2.507980556160e+00
1.142249069292e-03,2.505477247956e+00,2.505473830152e+00
1.143190742061e-03,2.502973023990e+00,2.502969609603e+00
1.144132414830e-03,2.500471302982e+00,2.500467892008e+00
1.145074087600e-03,2.497972082431e+00,2.497968674865e+00
1.146015760369e-03,2.495475359836e+00,2.495471955676e+00
1.146957433139e-03,2.492981132702e+00,2.492977731945e+00
1.147899105908e-03,2.490489398535e+00,2.490486001177e+00
1.148840778678e-03,2.488000154843e+00,2.487996760880e+00
1.149782451447e-03,2.485513399136e+00,2.485510008566e+00
1.150724124216e-03,2.483029128930e+00,2.483025741749e+00
1.151665796986e-03,2.480547341739e+00,2.480543957943e+00
1.152607469755e-03,2.478068035082e+00,2.478064654668e+00
1.153549142525e-03,2.475591206480e+00,2.475587829445e+00
1.154490815294e-03,2.473116853456e+00,2.473113479796e+00
1.155432488063e-03,2.470644973536e+00,2.470641603248e+00
1.156374160833e-03,2.468175564248e+00,2.468172197329e+00
1.157315833602e-03,2.465708623124e+00,2.465705259570e+00
1.158257506372e-03,2.463244147696e+00,2.463240787504e+00
1.159199179141e-03,2.460782135500e+00,2.460778778667e+00
1.160140851910e-03,2.458322584075e+00,2.458319230596e+00
1.161082524680e-03,2.455865490960e+00,2.455862140834e+00
1.162024197449e-03,2.453410853700e+00,2.453407506922e+00
1.162965870219e-03,2.450958669839e+00,2.450955326406e+00
1.163907542988e-03,2.448508936925e+00,2.448505596834e+00
1.164849215757e-03,2.446061652510e+00,2.446058315757e+00
1.165790888527e-03,2.443616814145e+00,2.443613480728e+00
1.166732561296e-03,2.441174419387e+00,2.441171089301e+00
1.167674234066e-03,2.438734465793e+00,2.438731139035e+00
1.168615906835e-03,2.436296950923e+00,2.436293627490e+00
1.169557579604e-03,2.433861872339e+00,2.433858552229e+00
1.170499252374e-03,2.431429227608e+00,2.431425910816e+00
1.171440925143e-03,2.428999014296e+00,2.428995700819e+00
1.172382597913e-03,2.426571229974e+00,2.426567919808e+00
1.173324270682e-03,2.424145872213e+00,2.424142565356e+00
1.174265943452e-03,2.421722938588e+00,2.421719635037e+00
1.175207616221e-03,2.419302426678e+00,2.419299126428e+00
1.176149288990e-03,2.416884334061e+00,2.416881037110e+00
1.177090961760e-03,2.414468658319e+00,2.414465364663e+00
1.178032634529e-03,2.412055397037e+00,2.412052106673e+00
1.178974307299e-03,2.409644547802e+00,2.409641260727e+00
1.179915980068e-03,2.407236108203e+00,2.407232824413e+00
1.180857652837e-03,2.404830075831e+00,2.404826795324e+00
1.181799325607e-03,2.402426448281e+00,2.402423171053e+00
1.182740998376e-03,2.400025223150e+00,2.400021949197e+00
1.183682671146e-03,2.397626398036e+00,2.397623127356e+00
1.184624343915e-03,2.395229970541e+00,2.395226703129e+00
1.185566016684e-03,2.392835938267e+00,2.392832674122e+00
1.186507689454e-03,2.390444298822e+00,2.390441037939e+00
1.187449362223e-03,2.388055049814e+00,2.388051792190e+00
1.188391034993e-03,2.385668188854e+00,2.385664934486e+00
1.189332707762e-03,2.383283713554e+00,2.383280462439e+00
1.190274380531e-03,2.380901621531e+00,2.380898373665e+00
1.191216053301e-03,2.378521910403e+00,2.378518665783e+00
1.192157726070e-03,2.376144577789e+00,2.376141336413e+00
1.193099398840e-03,2.373769621313e+00,2.373766383177e+00
1.194041071609e-03,2.371397038601e+00,2.371393803700e+00
1.194982744378e-03,2.369026827278e+00,2.369023595611e+00
1.195924417148e-03,2.366658984976e+00,2.366655756539e+00
1.196866089917e-03,2.364293509327e+00,2.364290284116e+00
1.197807762687e-03,2.361930397964e+00,2.361927175978e+00
1.198749435456e-03,2.359569648526e+00,2.359566429760e+00
1.199691108226e-03,2.357211258651e+00,2.357208043102e+00
1.200632780995e-03,2.354855225982e+00,2.354852013647e+00
1.201574453764e-03,2.352501548162e+00,2.352498339038e+00
1.202516126534e-03,2.350150222838e+00,2.350147016921e+00
1.203457799303e-03,2.347801247658e+00,2.347798044945e+00
1.204399472073e-03,2.345454620274e+00,2.345451420762e+00
1.205341144842e-03,2.343110338338e+00,2.343107142025e+00
1.206282817611e-03,2.340768399508e+00,2.340765206389e+00
1.207224490381e-03,2.338428801441e+00,2.338425611514e+00
1.208166163150e-03,2.336091541797e+00,2.336088355058e+00
1.209107835920e-03,2.333756618240e+00,2.333753434686e+00
1.210049508689e-03,2.331424028434e+00,2.331420848062e+00
1.210991181458e-03,2.329093770047e+00,2.329090592853e+00
1.211932854228e-03,2.326765840748e+00,2.326762666731e+00
1.212874526997e-03,2.324440238211e+00,2.324437067366e+00
1.213816199767e-03,2.322116960109e+00,2.322113792433e+00
1.214757872536e-03,2.319796004120e+00,2.319792839610e+00
1.215699545305e-03,2.317477367921e+00,2.317474206575e+00
1.216641218075e-03,2.315161049196e+00,2.315157891009e+00
1.217582890844e-03,2.312847045627e+00,2.312843890596e+00
1.218524563614e-03,2.310535354900e+00,2.310532203024e+00
1.219466236383e-03,2.308225974705e+00,2.308222825978e+00
1.220407909152e-03,2.305918902731e+00,2.305915757152e+00
1.221349581922e-03,2.303614136672e+00,2.303610994237e+00
1.222291254691e-03,2.301311674223e+00,2.301308534929e+00
1.223232927461e-03,2.299011513082e+00,2.299008376925e+00
1.224174600230e-03,2.296713650948e+00,2.296710517925e+00
1.225116273000e-03,2.294418085523e+00,2.294414955632e+00
1.226057945769e-03,2.292124814513e+00,2.292121687750e+00
1.226999618538e-03,2.289833835624e+00,2.289830711986e+00
1.227941291308e-03,2.287545146565e+00,2.287542026049e+00
1.228882964077e-03,2.285258745047e+00,2.285255627650e+00
1.229824636847e-03,2.282974628784e+00,2.282971514504e+00
1.230766309616e-03,2.280692795492e+00,2.280689684325e+00
1.231707982385e-03,2.278413242890e+00,2.278410134832e+00
1.232649655155e-03,2.276135968697e+00,2.276132863746e+00
1.233591327924e-03,2.273860970637e+00,2.273857868789e+00
1.234533000694e-03,2.271588246435e+00,2.271585147687e+00
1.235474673463e-03,2.269317793817e+00,2.269314698166e+00
1.236416346232e-03,2.267049610514e+00,2.267046517957e+00
1.237358019002e-03,2.264783694257e+00,2.264780604791e+00
1.238299691771e-03,2.262520042781e+00,2.262516956403e+00
1.239241364541e-03,2.260258653821e+00,2.260255570529e+00
1.240183037310e-03,2.257999525118e+00,2.257996444907e+00
1.241124710079e-03,2.255742654411e+00,2.255739577278e+00
1.242066382849e-03,2.253488039443e+00,2.253484965386e+00
1.243008055618e-03,2.251235677961e+00,2.251232606976e+00
1.243949728388e-03,2.248985567711e+00,2.248982499796e+00
1.244891401157e-03,2.246737706444e+00,2.246734641596e+00
1.245833073927e-03,2.244492091912e+00,2.244489030127e+00
1.246774746696e-03,2.242248721870e+00,2.242245663145e+00
1.247716419465e-03,2.240007594073e+00,2.240004538405e+00
1.248658092235e-03,2.237768706281e+00,2.237765653668e+00
1.249599765004e-03,2.235532056256e+00,2.235529006693e+00
1.250541437774e-03,2.233297641760e+00,2.233294595245e+00
1.251483110543e-03,2.231065460559e+00,2.231062417089e+00
1.252424783312e-03,2.228835510421e+00,2.228832469994e+00
1.253366456082e-03,2.226607789116e+00,2.226604751728e+00
1.254308128851e-03,2.224382294417e+00,2.224379260064e+00
1.255249801621e-03,2.222159024097e+00,2.222155992777e+00
1.256191474390e-03,2.219937975934e+00,2.219934947644e+00
1.257133147159e-03,2.217719147707e+00,2.217716122444e+00
1.258074819929e-03,2.215502537197e+00,2.215499514957e+00
1.259016492698e-03,2.213288142187e+00,2.213285122968e+00
1.259958165468e-03,2.211075960463e+00,2.211072944262e+00
1.260899838237e-03,2.208865989813e+00,2.208862976626e+00
1.261841511006e-03,2.206658228027e+00,2.206655217852e+00
1.262783183776e-03,2.204452672897e+00,2.204449665730e+00
1.263724856545e-03,2.202249322217e+00,2.202246318057e+00
1.264666529315e-03,2.200048173785e+00,2.200045172627e+00
1.265608202084e-03,2.197849225399e+00,2.197846227241e+00
1.266549874853e-03,2.195652474860e+00,2.195649479699e+00
1.267491547623e-03,2.193457919972e+00,2.193454927804e+00
1.268433220392e-03,2.191265558540e+00,2.191262569363e+00
1.269374893162e-03,2.189075388372e+00,2.189072402183e+00
1.270316565931e-03,2.186887407277e+00,2.186884424073e+00
1.271258238701e-03,2.184701613068e+00,2.184698632845e+00
1.272199911470e-03,2.182518003559e+00,2.182515026315e+00
1.273141584239e-03,2.180336576566e+00,2.180333602297e+00
1.274083257009e-03,2.178157329908e+00,2.178154358612e+00
1.275024929778e-03,2.175980261405e+00,2.175977293080e+00
1.275966602548e-03,2.173805368882e+00,2.173802403523e+00
1.276908275317e-03,2.171632650162e+00,2.171629687767e+00
1.277849948086e-03,2.169462103073e+00,2.169459143638e+00
1.278791620856e-03,2.167293725444e+00,2.167290768968e+00
1.279733293625e-03,2.165127515108e+00,2.165124561587e+00
1.280674966395e-03,2.162963469898e+00,2.162960519329e+00
1.281616639164e-03,2.160801587650e+00,2.160798640030e+00
1.282558311933e-03,2.158641866202e+00,2.158638921528e+00
1.283499984703e-03,2.156484303394e+00,2.156481361663e+00
1.284441657472e-03,2.154328897069e+00,2.154325958279e+00
1.285383330242e-03,2.152175645072e+00,2.152172709219e+00
1.286325003011e-03,2.150024545249e+00,2.150021612330e+00
1.287266675780e-03,2.147875595450e+00,2.147872665462e+00
1.288208348550e-03,2.145728793524e+00,2.145725866465e+00
1.289150021319e-03,2.143584137326e+00,2.143581213193e+00
1.290091694089e-03,2.141441624711e+00,2.141438703501e+00
1.291033366858e-03,2.139301253537e+00,2.139298335246e+00
1.291975039627e-03,2.137163021662e+00,2.137160106288e+00
1.292916712397e-03,2.135026926949e+00,2.135024014489e+00
1.293858385166e-03,2.132892967262e+00,2.132890057713e+00
1.294800057936e-03,2.130761140467e+00,2.130758233826e+00
1.295741730705e-03,2.128631444432e+00,2.128628540696e+00
1.296683403475e-03,2.126503877027e+00,2.126500976193e+00
1.297625076244e-03,2.124378436125e+00,2.124375538191e+00
1.298566749013e-03,2.122255119600e+00,2.122252224562e+00
1.299508421783e-03,2.120133925329e+00,2.120131033185e+00
1.300450094552e-03,2.118014851192e+00,2.118011961938e+00
1.301391767322e-03,2.115897895068e+00,2.115895008702e+00
1.302333440091e-03,2.113783054840e+00,2.113780171360e+00
1.303275112860e-03,2.111670328395e+00,2.111667447797e+00
1.304216785630e-03,2.109559713620e+00,2.109556835900e+00
1.305158458399e-03,2.107451208403e+00,2.107448333560e+00
1.306100131169e-03,2.105344810636e+00,2.105341938666e+00
1.307041803938e-03,2.103240518213e+00,2.103237649114e+00
1.307983476707e-03,2.101138329030e+00,2.101135462799e+00
1.308925149477e-03,2.099038240985e+00,2.099035377618e+00
1.309866822246e-03,2.096940251976e+00,2.096937391471e+00
1.310808495016e-03,2.094844359907e+00,2.094841502262e+00
1.311750167785e-03,2.092750562682e+00,2.092747707892e+00
1.312691840554e-03,2.090658858206e+00,2.090656006270e+00
1.313633513324e-03,2.088569244389e+00,2.088566395303e+00
1.314575186093e-03,2.086481719140e+00,2.086478872901e+00
1.315516858863e-03,2.084396280371e+00,2.084393436978e+00
1.316458531632e-03,2.082312925999e+00,2.082310085447e+00
1.317400204401e-03,2.080231653938e+00,2.080228816226e+00
1.318341877171e-03,2.078152462108e+00,2.078149627233e+00
1.319283549940e-03,2.076075348431e+00,2.076072516388e+00
1.320225222710e-03,2.074000310827e+00,2.073997481616e+00
1.321166895479e-03,2.071927347224e+00,2.071924520840e+00
1.322108568249e-03,2.069856455547e+00,2.069853631988e+00
1.323050241018e-03,2.067787633726e+00,2.067784812989e+00
1.323991913787e-03,2.065720879691e+00,2.065718061774e+00
1.324933586557e-03,2.063656191378e+00,2.063653376277e+00
1.325875259326e-03,2.061593566719e+00,2.061590754432e+00
1.326816932096e-03,2.059533003654e+00,2.059530194177e+00
1.327758604865e-03,2.057474500121e+00,2.057471693452e+00
1.328700277634e-03,2.055418054061e+00,2.055415250198e+00
1.329641950404e-03,2.053363663420e+00,2.053360862359e+00
1.330583623173e-03,2.051311326141e+00,2.051308527880e+00
1.331525295943e-03,2.049261040173e+00,2.049258244709e+00
1.332466968712e-03,2.047212803466e+00,2.047210010796e+00
1.333408641481e-03,2.045166613971e+00,2.045163824092e+00
1.334350314251e-03,2.043122469642e+00,2.043119682552e+00
1.335291987020e-03,2.041080368435e+00,2.041077584130e+00
1.336233659790e-03,2.039040308308e+00,2.039037526786e+00
1.337175332559e-03,2.037002287220e+00,2.036999508479e+00
1.338117005328e-03,2.034966303135e+00,2.034963527171e+00
1.339058678098e-03,2.032932354015e+00,2.032929580825e+00
1.340000350867e-03,2.030900437827e+00,2.030897667409e+00
1.340942023637e-03,2.028870552539e+00,2.028867784891e+00
1.341883696406e-03,2.026842696121e+00,2.026839931239e+00
1.342825369176e-03,2.024816866546e+00,2.024814104427e+00
1.343767041945e-03,2.022793061787e+00,2.022790302429e+00
1.344708714714e-03,2.020771279820e+00,2.020768523220e+00
1.345650387484e-03,2.018751518625e+00,2.018748764780e+00
1.346592060253e-03,2.016733776180e+00,2.016731025088e+00
1.347533733023e-03,2.014718050469e+00,2.014715302126e+00
1.348475405792e-03,2.012704339476e+00,2.012701593880e+00
1.349417078561e-03,2.010692641186e+00,2.010689898335e+00
1.350358751331e-03,2.008682953589e+00,2.008680213479e+00
1.351300424100e-03,2.006675274674e+00,2.006672537303e+00
1.352242096870e-03,2.004669602435e+00,2.004666867799e+00
1.353183769639e-03,2.002665934864e+00,2.002663202962e+00
1.354125442408e-03,2.000664269959e+00,2.000661540788e+00
1.355067115178e-03,1.998664605719e+00,1.998661879275e+00
1.356008787947e-03,1.996666940142e+00,1.996664216423e+00
1.356950460717e-03,1.994671271232e+00,1.994668550235e+00
1.357892133486e-03,1.992677596993e+00,1.992674878716e+00
1.358833806255e-03,1.990685915431e+00,1.990683199871e+00
1.359775479025e-03,1.988696224555e+00,1.988693511709e+00
1.360717151794e-03,1.986708522375e+00,1.986705812241e+00
1.361658824564e-03,1.984722806903e+00,1.984720099477e+00
1.362600497333e-03,1.982739076153e+00,1.982736371434e+00
1.363542170102e-03,1.980757328143e+00,1.980754626127e+00
1.364483842872e-03,1.978777560889e+00,1.978774861574e+00
1.365425515641e-03,1.976799772413e+00,1.976797075796e+00
1.366367188411e-03,1.974823960736e+00,1.974821266814e+00
1.367308861180e-03,1.972850123883e+00,1.972847432654e+00
1.368250533950e-03,1.970878259880e+00,1.970875571340e+00
1.369192206719e-03,1.968908366755e+00,1.968905680902e+00
1.370133879488e-03,1.966940442538e+00,1.966937759370e+00
1.371075552258e-03,1.964974485261e+00,1.964971804775e+00
1.372017225027e-03,1.963010492959e+00,1.963007815152e+00
1.372958897797e-03,1.961048463666e+00,1.961045788536e+00
1.373900570566e-03,1.959088395423e+00,1.959085722966e+00
1.374842243335e-03,1.957130286267e+00,1.957127616481e+00
1.375783916105e-03,1.955174134241e+00,1.955171467124e+00
1.376725588874e-03,1.953219937389e+00,1.953217272938e+00
1.377667261644e-03,1.951267693757e+00,1.951265031969e+00
1.378608934413e-03,1.949317401393e+00,1.949314742265e+00
1.379550607182e-03,1.947369058346e+00,1.947366401876e+00
1.380492279952e-03,1.945422662668e+00,1.945420008853e+00
1.381433952721e-03,1.943478212412e+00,1.943475561249e+00
1.382375625491e-03,1.941535705634e+00,1.941533057122e+00
1.383317298260e-03,1.939595140392e+00,1.939592494527e+00
1.384258971029e-03,1.937656514745e+00,1.937653871524e+00
1.385200643799e-03,1.935719826754e+00,1.935717186175e+00
1.386142316568e-03,1.933785074483e+00,1.933782436543e+00
1.387083989338e-03,1.931852255996e+00,1.931849620693e+00
1.388025662107e-03,1.929921369362e+00,1.929918736693e+00
1.388967334876e-03,1.927992412649e+00,1.927989782612e+00
1.389909007646e-03,1.926065383929e+00,1.926062756520e+00
1.390850680415e-03,1.924140281274e+00,1.924137656491e+00
1.391792353185e-03,1.922217102758e+00,1.922214480599e+00
1.392734025954e-03,1.920295846460e+00,1.920293226922e+00
1.393675698724e-03,1.918376510458e+00,1.918373893538e+00
1.394617371493e-03,1.916459092832e+00,1.916456478527e+00
1.395559044262e-03,1.914543591665e+00,1.914540979973e+00
1.396500717032e-03,1.912630005042e+00,1.912627395960e+00
1.397442389801e-03,1.910718331048e+00,1.910715724574e+00
1.398384062571e-03,1.908808567773e+00,1.908805963904e+00
1.399325735340e-03,1.906900713306e+00,1.906898112040e+00
1.400267408109e-03,1.904994765740e+00,1.904992167074e+00
1.401209080879e-03,1.903090723168e+00,1.903088127100e+00
1.402150753648e-03,1.901188583687e+00,1.901185990214e+00
1.403092426418e-03,1.899288345395e+00,1.899285754513e+00
1.404034099187e-03,1.897390006391e+00,1.897387418099e+00
1.404975771956e-03,1.895493564777e+00,1.895490979072e+00
1.405917444726e-03,1.893599018656e+00,1.893596435536e+00
1.406859117495e-03,1.891706366134e+00,1.891703785596e+00
1.407800790265e-03,1.889815605319e+00,1.889813027360e+00
1.408742463034e-03,1.887926734319e+00,1.887924158936e+00
1.409684135803e-03,1.886039751246e+00,1.886037178437e+00
1.410625808573e-03,1.884154654213e+00,1.884152083976e+00
1.411567481342e-03,1.882271441334e+00,1.882268873666e+00
1.412509154112e-03,1.880390110726e+00,1.880387545625e+00
1.413450826881e-03,1.878510660509e+00,1.878508097971e+00
1.414392499650e-03,1.876633088802e+00,1.876630528826e+00
1.415334172420e-03,1.874757393729e+00,1.874754836311e+00
1.416275845189e-03,1.872883573412e+00,1.872881018551e+00
1.417217517959e-03,1.871011625980e+00,1.871009073672e+00
1.418159190728e-03,1.869141549559e+00,1.869138999801e+00
1.419100863498e-03,1.867273342279e+00,1.867270795070e+00
1.420042536267e-03,1.865407002273e+00,1.865404457610e+00
1.420984209036e-03,1.863542527674e+00,1.863539985554e+00
1.421925881806e-03,1.861679916617e+00,1.861677377038e+00
1.422867554575e-03,1.859819167240e+00,1.859816630200e+00
1.423809227345e-03,1.857960277682e+00,1.857957743178e+00
1.424750900114e-03,1.856103246085e+00,1.856100714114e+00
1.425692572883e-03,1.854248070591e+00,1.854245541150e+00
1.426634245653e-03,1.852394749345e+00,1.852392222432e+00
1.427575918422e-03,1.850543280493e+00,1.850540756106e+00
1.428517591192e-03,1.848693662185e+00,1.848691140322e+00
1.429459263961e-03,1.846845892571e+00,1.846843373228e+00
1.430400936730e-03,1.844999969802e+00,1.844997452977e+00
1.431342609500e-03,1.843155892034e+00,1.843153377724e+00
1.432284282269e-03,1.841313657421e+00,1.841311145625e+00
1.433225955039e-03,1.839473264122e+00,1.839470754836e+00
1.434167627808e-03,1.837634710296e+00,1.837632203519e+00
1.435109300577e-03,1.835797994105e+00,1.835795489833e+00
1.436050973347e-03,1.833963113713e+00,1.833960611943e+00
1.436992646116e-03,1.832130067283e+00,1.832127568014e+00
1.437934318886e-03,1.830298852983e+00,1.830296356212e+00
1.438875991655e-03,1.828469468982e+00,1.828466974707e+00
1.439817664425e-03,1.826641913451e+00,1.826639421669e+00
1.440759337194e-03,1.824816184562e+00,1.824813695270e+00
1.441701009963e-03,1.822992280488e+00,1.822989793685e+00
1.442642682733e-03,1.821170199408e+00,1.821167715090e+00
1.443584355502e-03,1.819349939497e+00,1.819347457662e+00
1.444526028272e-03,1.817531498936e+00,1.817529019582e+00
1.445467701041e-03,1.815714875907e+00,1.815712399031e+00
1.446409373810e-03,1.813900068593e+00,1.813897594192e+00
1.447351046580e-03,1.812087075179e+00,1.812084603252e+00
1.448292719349e-03,1.810275893852e+00,1.810273424395e+00
1.449234392119e-03,1.808466522801e+00,1.808464055812e+00
1.450176064888e-03,1.806658960216e+00,1.806656495694e+00
1.451117737657e-03,1.804853204291e+00,1.804850742232e+00
1.452059410427e-03,1.803049253219e+00,1.803046793620e+00
1.453001083196e-03,1.801247105196e+00,1.801244648056e+00
1.453942755966e-03,1.799446758420e+00,1.799444303736e+00
1.454884428735e-03,1.797648211091e+00,1.797645758860e+00
1.455826101504e-03,1.795851461410e+00,1.795849011631e+00
1.456767774274e-03,1.794056507581e+00,1.794054060250e+00
1.457709447043e-03,1.792263347809e+00,1.792260902924e+00
1.458651119813e-03,1.790471980300e+00,1.790469537858e+00
1.459592792582e-03,1.788682403262e+00,1.788679963262e+00
1.460534465351e-03,1.786894614908e+00,1.786892177346e+00
1.461476138121e-03,1.785108613448e+00,1.785106178323e+00
1.462417810890e-03,1.783324397096e+00,1.783321964405e+00
1.463359483660e-03,1.781541964069e+00,1.781539533810e+00
1.464301156429e-03,1.779761312585e+00,1.779758884754e+00
1.465242829199e-03,1.777982440861e+00,1.777980015457e+00
1.466184501968e-03,1.776205347120e+00,1.776202924140e+00
1.467126174737e-03,1.774430029585e+00,1.774427609027e+00
1.468067847507e-03,1.772656486479e+00,1.772654068340e+00
1.469009520276e-03,1.770884716030e+00,1.770882300308e+00
1.469951193046e-03,1.769114716466e+00,1.769112303159e+00
1.470892865815e-03,1.767346486017e+00,1.767344075122e+00
1.471834538584e-03,1.765580022914e+00,1.765577614429e+00
1.472776211354e-03,1.763815325391e+00,1.763812919313e+00
1.473717884123e-03,1.762052391684e+00,1.762049988011e+00
1.474659556893e-03,1.760291220029e+00,1.760288818758e+00
1.475601229662e-03,1.758531808666e+00,1.758529409795e+00
1.476542902431e-03,1.756774155834e+00,1.756771759361e+00
1.477484575201e-03,1.755018259777e+00,1.755015865699e+00
1.478426247970e-03,1.753264118738e+00,1.753261727053e+00
1.479367920740e-03,1.751511730963e+00,1.751509341669e+00
1.480309593509e-03,1.749761094700e+00,1.749758707794e+00
1.481251266278e-03,1.748012208198e+00,1.748009823677e+00
1.482192939048e-03,1.746265069709e+00,1.746262687571e+00
1.483134611817e-03,1.744519677484e+00,1.744517297728e+00
1.484076284587e-03,1.742776029780e+00,1.742773652402e+00
1.485017957356e-03,1.741034124851e+00,1.741031749849e+00
1.485959630125e-03,1.739293960957e+00,1.739291588329e+00
1.486901302895e-03,1.737555536356e+00,1.737553166100e+00
1.487842975664e-03,1.735818849312e+00,1.735816481424e+00
1.488784648434e-03,1.734083898086e+00,1.734081532565e+00
1.489726321203e-03,1.732350680944e+00,1.732348317788e+00
1.490667993973e-03,1.730619196153e+00,1.730616835359e+00
1.491609666742e-03,1.728889441982e+00,1.728887083547e+00
1.492551339511e-03,1.727161416700e+00,1.727159060622e+00
1.493493012281e-03,1.725435118579e+00,1.725432764856e+00
1.494434685050e-03,1.723710545894e+00,1.723708194524e+00
1.495376357820e-03,1.721987696919e+00,1.721985347899e+00
1.496318030589e-03,1.720266569932e+00,1.720264223260e+00
1.497259703358e-03,1.718547163212e+00,1.718544818885e+00
1.498201376128e-03,1.716829475039e+00,1.716827133055e+00
1.499143048897e-03,1.715113503695e+00,1.715111164053e+00
1.500084721667e-03,1.713399247465e+00,1.713396910161e+00
1.501026394436e-03,1.711686704635e+00,1.711684369667e+00
1.501968067205e-03,1.709975873491e+00,1.709973540857e+00
1.502909739975e-03,1.708266752323e+00,1.708264422020e+00
1.503851412744e-03,1.706559339422e+00,1.706557011449e+00
1.504793085514e-03,1.704853633081e+00,1.704851307434e+00
1.505734758283e-03,1.703149631593e+00,1.703147308271e+00
1.506676431052e-03,1.701447333255e+00,1.701445012255e+00
1.507618103822e-03,1.699746736364e+00,1.699744417684e+00
1.508559776591e-03,1.698047839221e+00,1.698045522858e+00
1.509501449361e-03,1.696350640125e+00,1.696348326077e+00
1.510443122130e-03,1.694655137380e+00,1.694652825645e+00
1.511384794899e-03,1.692961329290e+00,1.692959019866e+00
1.512326467669e-03,1.691269214162e+00,1.691266907046e+00
1.513268140438e-03,1.689578790302e+00,1.689576485493e+00
1.514209813208e-03,1.687890056022e+00,1.687887753516e+00
1.515151485977e-03,1.686203009632e+00,1.686200709428e+00
1.516093158747e-03,1.684517649445e+00,1.684515351540e+00
1.517034831516e-03,1.682833973776e+00,1.682831678167e+00
1.517976504285e-03,1.681151980941e+00,1.681149687627e+00
1.518918177055e-03,1.679471669258e+00,1.679469378236e+00
1.519859849824e-03,1.677793037047e+00,1.677790748315e+00
1.520801522594e-03,1.676116082629e+00,1.676113796184e+00
1.521743195363e-03,1.674440804327e+00,1.674438520167e+00
1.522684868132e-03,1.672767200466e+00,1.672764918590e+00
1.523626540902e-03,1.671095269372e+00,1.671092989777e+00
1.524568213671e-03,1.669425009374e+00,1.669422732057e+00
1.525509886441e-03,1.667756418801e+00,1.667754143760e+00
1.526451559210e-03,1.666089495984e+00,1.666087223217e+00
1.527393231979e-03,1.664424239257e+00,1.664421968762e+00
1.528334904749e-03,1.662760646955e+00,1.662758378728e+00
1.529276577518e-03,1.661098717413e+00,1.661096451453e+00
1.530218250288e-03,1.659438448970e+00,1.659436185275e+00
1.531159923057e-03,1.657779839965e+00,1.657777578533e+00
1.532101595826e-03,1.656122888740e+00,1.656120629569e+00
1.533043268596e-03,1.654467593639e+00,1.654465336725e+00
1.533984941365e-03,1.652813953005e+00,1.652811698347e+00
1.534926614135e-03,1.651161965185e+00,1.651159712781e+00
1.535868286904e-03,1.649511628527e+00,1.649509378375e+00
1.536809959674e-03,1.647862941381e+00,1.647860693478e+00
1.537751632443e-03,1.646215902098e+00,1.646213656441e+00
1.538693305212e-03,1.644570509031e+00,1.644568265619e+00
1.539634977982e-03,1.642926760535e+00,1.642924519365e+00
1.540576650751e-03,1.641284654966e+00,1.641282416036e+00
1.541518323521e-03,1.639644190681e+00,1.639641953989e+00
1.542459996290e-03,1.638005366041e+00,1.638003131584e+00
1.543401669059e-03,1.636368179406e+00,1.636365947182e+00
1.544343341829e-03,1.634732629139e+00,1.634730399147e+00
1.545285014598e-03,1.633098713605e+00,1.633096485842e+00
1.546226687368e-03,1.631466431170e+00,1.631464205634e+00
1.547168360137e-03,1.629835780202e+00,1.629833556889e+00
1.548110032906e-03,1.628206759069e+00,1.628204537979e+00
1.549051705676e-03,1.626579366144e+00,1.626577147273e+00
1.549993378445e-03,1.624953599797e+00,1.624951383145e+00
1.550935051215e-03,1.623329458405e+00,1.623327243968e+00
1.551876723984e-03,1.621706940342e+00,1.621704728118e+00
1.552818396753e-03,1.620086043986e+00,1.620083833974e+00
1.553760069523e-03,1.618466767716e+00,1.618464559913e+00
1.554701742292e-03,1.616849109913e+00,1.616846904317e+00
1.555643415062e-03,1.615233068960e+00,1.615230865567e+00
1.556585087831e-03,1.613618643239e+00,1.613616442049e+00
1.557526760600e-03,1.612005831138e+00,1.612003632148e+00
1.558468433370e-03,1.610394631042e+00,1.610392434250e+00
1.559410106139e-03,1.608785041341e+00,1.608782846745e+00
1.560351778909e-03,1.607177060425e+00,1.607174868022e+00
1.561293451678e-03,1.605570686686e+00,1.605568496475e+00
1.562235124448e-03,1.603965918519e+00,1.603963730496e+00
1.563176797217e-03,1.602362754317e+00,1.602360568481e+00
1.564118469986e-03,1.600761192478e+00,1.600759008827e+00
1.565060142756e-03,1.599161231400e+00,1.599159049932e+00
1.566001815525e-03,1.597562869484e+00,1.597560690196e+00
1.566943488295e-03,1.595966105131e+00,1.595963928021e+00
1.567885161064e-03,1.594370936744e+00,1.594368761810e+00
1.568826833833e-03,1.592777362728e+00,1.592775189968e+00
1.569768506603e-03,1.591185381489e+00,1.591183210901e+00
1.570710179372e-03,1.589594991436e+00,1.589592823017e+00
1.571651852142e-03,1.588006190978e+00,1.588004024727e+00
1.572593524911e-03,1.586418978527e+00,1.586416814440e+00
1.573535197680e-03,1.584833352494e+00,1.584831190571e+00
1.574476870450e-03,1.583249311295e+00,1.583247151533e+00
1.575418543219e-03,1.581666853345e+00,1.581664695742e+00
1.576360215989e-03,1.580085977063e+00,1.580083821616e+00
1.577301888758e-03,1.578506680866e+00,1.578504527573e+00
1.578243561527e-03,1.576928963176e+00,1.576926812036e+00
1.579185234297e-03,1.575352822416e+00,1.575350673425e+00
1.580126907066e-03,1.573778257008e+00,1.573776110166e+00
1.581068579836e-03,1.572205265379e+00,1.572203120682e+00
1.582010252605e-03,1.570633845955e+00,1.570631703402e+00
1.582951925374e-03,1.569063997165e+00,1.569061856753e+00
1.583893598144e-03,1.567495717439e+00,1.567493579167e+00
1.584835270913e-03,1.565929005209e+00,1.565926869074e+00
1.585776943683e-03,1.564363858908e+00,1.564361724908e+00
1.586718616452e-03,1.562800276971e+00,1.562798145104e+00
1.587660289222e-03,1.561238257834e+00,1.561236128098e+00
1.588601961991e-03,1.559677799936e+00,1.559675672329e+00
1.589543634760e-03,1.558118901716e+00,1.558116776235e+00
1.590485307530e-03,1.556561561615e+00,1.556559438258e+00
1.591426980299e-03,1.555005778075e+00,1.555003656841e+00
1.592368653069e-03,1.553451549541e+00,1.553449430427e+00
1.593310325838e-03,1.551898874459e+00,1.551896757463e+00
1.594251998607e-03,1.550347751276e+00,1.550345636396e+00
1.595193671377e-03,1.548798178441e+00,1.548796065675e+00
1.596135344146e-03,1.547250154404e+00,1.547248043750e+00
1.597077016916e-03,1.545703677618e+00,1.545701569073e+00
1.598018689685e-03,1.544158746535e+00,1.544156640098e+00
1.598960362454e-03,1.542615359611e+00,1.542613255279e+00
1.599902035224e-03,1.541073515303e+00,1.541071413074e+00
1.600843707993e-03,1.539533212068e+00,1.539531111940e+00
1.601785380763e-03,1.537994448367e+00,1.537992350338e+00
1.602727053532e-03,1.536457222660e+00,1.536455126728e+00
1.603668726301e-03,1.534921533410e+00,1.534919439573e+00
1.604610399071e-03,1.533387379082e+00,1.533385287338e+00
1.605552071840e-03,1.531854758142e+00,1.531852668489e+00
1.606493744610e-03,1.530323669056e+00,1.530321581492e+00
1.607435417379e-03,1.528794110295e+00,1.528792024817e+00
1.608377090149e-03,1.527266080327e+00,1.527263996934e+00
1.609318762918e-03,1.525739577626e+00,1.525737496315e+00
1.610260435687e-03,1.524214600664e+00,1.524212521433e+00
1.611202108457e-03,1.522691147917e+00,1.522689070765e+00
1.612143781226e-03,1.521169217862e+00,1.521167142785e+00
1.613085453996e-03,1.519648808976e+00,1.519646735973e+00
1.614027126765e-03,1.518129919738e+00,1.518127848807e+00
1.614968799534e-03,1.516612548631e+00,1.516610479770e+00
1.615910472304e-03,1.515096694136e+00,1.515094627343e+00
1.616852145073e-03,1.513582354738e+00,1.513580290011e+00
1.617793817843e-03,1.512069528923e+00,1.512067466260e+00
1.618735490612e-03,1.510558215177e+00,1.510556154575e+00
1.619677163381e-03,1.509048411990e+00,1.509046353448e+00
1.620618836151e-03,1.507540117851e+00,1.507538061366e+00
1.621560508920e-03,1.506033331253e+00,1.506031276823e+00
1.622502181690e-03,1.504528050687e+00,1.504525998311e+00
1.623443854459e-03,1.503024274651e+00,1.503022224326e+00
1.624385527228e-03,1.501522001638e+00,1.501519953363e+00
1.625327199998e-03,1.500021230147e+00,1.500019183919e+00
1.626268872767e-03,1.498521958678e+00,1.498519914495e+00
1.627210545537e-03,1.497024185731e+00,1.497022143592e+00
1.628152218306e-03,1.495527909809e+00,1.495525869710e+00
1.629093891075e-03,1.494033129414e+00,1.494031091354e+00
1.630035563845e-03,1.492539843052e+00,1.492537807030e+00
1.630977236614e-03,1.491048049231e+00,1.491046015243e+00
1.631918909384e-03,1.489557746458e+00,1.489555714503e+00
1.632860582153e-03,1.488068933242e+00,1.488066903319e+00
1.633802254923e-03,1.486581608096e+00,1.486579580201e+00
1.634743927692e-03,1.485095769531e+00,1.485093743663e+00
1.635685600461e-03,1.483611416062e+00,1.483609392219e+00
1.636627273231e-03,1.482128546205e+00,1.482126524385e+00
1.637568946000e-03,1.480647158476e+00,1.480645138677e+00
1.638510618770e-03,1.479167251395e+00,1.479165233615e+00
1.639452291539e-03,1.477688823481e+00,1.477686807717e+00
1.640393964308e-03,1.476211873256e+00,1.476209859507e+00
1.641335637078e-03,1.474736399243e+00,1.474734387507e+00
1.642277309847e-03,1.473262399967e+00,1.473260390241e+00
1.643218982617e-03,1.471789873953e+00,1.471787866236e+00
1.644160655386e-03,1.470318819729e+00,1.470316814019e+00
1.645102328155e-03,1.468849235824e+00,1.468847232118e+00
1.646044000925e-03,1.467381120768e+00,1.467379119065e+00
1.646985673694e-03,1.465914473094e+00,1.465912473392e+00
1.647927346464e-03,1.464449291334e+00,1.464447293630e+00
1.648869019233e-03,1.462985574023e+00,1.462983578317e+00
1.649810692002e-03,1.461523319698e+00,1.461521325987e+00
1.650752364772e-03,1.460062526897e+00,1.460060535178e+00
1.651694037541e-03,1.458603194158e+00,1.458601204430e+00
1.652635710311e-03,1.457145320023e+00,1.457143332283e+00
1.653577383080e-03,1.455688903033e+00,1.455686917280e+00
1.654519055849e-03,1.454233941732e+00,1.454231957964e+00
1.655460728619e-03,1.452780434665e+00,1.452778452880e+00
1.656402401388e-03,1.451328380379e+00,1.451326400575e+00
1.657344074158e-03,1.449877777421e+00,1.449875799596e+00
1.658285746927e-03,1.448428624341e+00,1.448426648492e+00
1.659227419697e-03,1.446980919690e+00,1.446978945816e+00
1.660169092466e-03,1.445534662020e+00,1.445532690119e+00
1.661110765235e-03,1.444089849885e+00,1.444087879955e+00
1.662052438005e-03,1.442646481839e+00,1.442644513878e+00
1.662994110774e-03,1.441204556441e+00,1.441202590446e+00
1.663935783544e-03,1.439764072247e+00,1.439762108217e+00
1.664877456313e-03,1.438325027817e+00,1.438323065750e+00
1.665819129082e-03,1.436887421712e+00,1.436885461607e+00
1.666760801852e-03,1.435451252495e+00,1.435449294349e+00
1.667702474621e-03,1.434016518729e+00,1.434014562540e+00
1.668644147391e-03,1.432583218979e+00,1.432581264746e+00
1.669585820160e-03,1.431151351814e+00,1.431149399533e+00
1.670527492929e-03,1.429720915799e+00,1.429718965470e+00
1.671469165699e-03,1.428291909506e+00,1.428289961126e+00
1.672410838468e-03,1.426864331504e+00,1.426862385072e+00
1.673352511238e-03,1.425438180367e+00,1.425436235881e+00
1.674294184007e-03,1.424013454669e+00,1.424011512125e+00
1.675235856776e-03,1.422590152984e+00,1.422588212382e+00
1.676177529546e-03,1.421168273889e+00,1.421166335227e+00
1.677119202315e-03,1.419747815963e+00,1.419745879238e+00
1.678060875085e-03,1.418328777784e+00,1.418326842995e+00
1.679002547854e-03,1.416911157935e+00,1.416909225080e+00
1.679944220623e-03,1.415494954996e+00,1.415493024073e+00
1.680885893393e-03,1.414080167553e+00,1.414078238560e+00
1.681827566162e-03,1.412666794190e+00,1.412664867125e+00
1.682769238932e-03,1.411254833494e+00,1.411252908355e+00
1.683710911701e-03,1.409844284053e+00,1.409842360838e+00
1.684652584471e-03,1.408435144456e+00,1.408433223164e+00
1.685594257240e-03,1.407027413295e+00,1.407025493923e+00
1.686535930009e-03,1.405621089161e+00,1.405619171707e+00
1.687477602779e-03,1.404216170648e+00,1.404214255111e+00
1.688419275548e-03,1.402812656352e+00,1.402810742729e+00
1.689360948318e-03,1.401410544868e+00,1.401408633158e+00
1.690302621087e-03,1.400009834795e+00,1.400007924996e+00
1.691244293856e-03,1.398610524732e+00,1.398608616842e+00
1.692185966626e-03,1.397212613280e+00,1.397210707296e+00
1.693127639395e-03,1.395816099040e+00,1.395814194962e+00
1.694069312165e-03,1.394420980617e+00,1.394419078441e+00
1.695010984934e-03,1.393027256614e+00,1.393025356340e+00
1.695952657703e-03,1.391634925639e+00,1.391633027265e+00
1.696894330473e-03,1.390243986299e+00,1.390242089822e+00
1.697836003242e-03,1.388854437204e+00,1.388852542622e+00
1.698777676012e-03,1.387466276962e+00,1.387464384274e+00
1.699719348781e-03,1.386079504187e+00,1.386077613391e+00
1.700661021550e-03,1.384694117492e+00,1.384692228586e+00
1.701602694320e-03,1.383310115491e+00,1.383308228472e+00
1.702544367089e-03,1.381927496800e+00,1.381925611668e+00
1.703486039859e-03,1.380546260037e+00,1.380544376789e+00
1.704427712628e-03,1.379166403820e+00,1.379164522454e+00
1.705369385398e-03,1.377787926770e+00,1.377786047284e+00
1.706311058167e-03,1.376410827508e+00,1.376408949901e+00
1.707252730936e-03,1.375035104656e+00,1.375033228926e+00
1.708194403706e-03,1.373660756840e+00,1.373658882985e+00
1.709136076475e-03,1.372287782685e+00,1.372285910702e+00
1.710077749245e-03,1.370916180818e+00,1.370914310706e+00
1.711019422014e-03,1.369545949866e+00,1.369544081624e+00
1.711961094783e-03,1.368177088461e+00,1.368175222086e+00
1.712902767553e-03,1.366809595234e+00,1.366807730724e+00
1.713844440322e-03,1.365443468816e+00,1.365441606169e+00
1.714786113092e-03,1.364078707841e+00,1.364076847057e+00
1.715727785861e-03,1.362715310945e+00,1.362713452021e+00
1.716669458630e-03,1.361353276765e+00,1.361351419698e+00
1.717611131400e-03,1.359992603938e+00,1.359990748728e+00
1.718552804169e-03,1.358633291104e+00,1.358631437748e+00
1.719494476939e-03,1.357275336903e+00,1.357273485400e+00
1.720436149708e-03,1.355918739978e+00,1.355916890325e+00
1.721377822477e-03,1.354563498971e+00,1.354561651167e+00
1.722319495247e-03,1.353209612529e+00,1.353207766571e+00
1.723261168016e-03,1.351857079296e+00,1.351855235183e+00
1.724202840786e-03,1.350505897920e+00,1.350504055650e+00
1.725144513555e-03,1.349156067050e+00,1.349154226622e+00
1.726086186324e-03,1.347807585336e+00,1.347805746747e+00
1.727027859094e-03,1.346460451430e+00,1.346458614679e+00
1.727969531863e-03,1.345114663984e+00,1.345112829069e+00
1.728911204633e-03,1.343770221654e+00,1.343768388573e+00
1.729852877402e-03,1.342427123093e+00,1.342425291844e+00
1.730794550172e-03,1.341085366960e+00,1.341083537542e+00
1.731736222941e-03,1.339744951912e+00,1.339743124322e+00
1.732677895710e-03,1.338405876610e+00,1.338404050847e+00
1.733619568480e-03,1.337068139713e+00,1.337066315775e+00
1.734561241249e-03,1.335731739885e+00,1.335729917769e+00
1.735502914019e-03,1.334396675788e+00,1.334394855494e+00
1.736444586788e-03,1.333062946089e+00,1.333061127614e+00
1.737386259557e-03,1.331730549452e+00,1.331728732795e+00
1.738327932327e-03,1.330399484546e+00,1.330397669704e+00
1.739269605096e-03,1.329069750039e+00,1.329067937012e+00
1.740211277866e-03,1.327741344603e+00,1.327739533387e+00
1.741152950635e-03,1.326414266908e+00,1.326412457503e+00
1.742094623404e-03,1.325088515627e+00,1.325086708030e+00
1.743036296174e-03,1.323764089435e+00,1.323762283645e+00
1.743977968943e-03,1.322440987007e+00,1.322439183022e+00
1.744919641713e-03,1.321119207020e+00,1.321117404838e+00
1.745861314482e-03,1.319798748153e+00,1.319796947772e+00
1.746802987251e-03,1.318479609084e+00,1.318477810503e+00
1.747744660021e-03,1.317161788495e+00,1.317159991712e+00
1.748686332790e-03,1.315845285068e+00,1.315843490081e+00
1.749628005560e-03,1.314530097487e+00,1.314528304293e+00
1.750569678329e-03,1.313216224435e+00,1.313214433034e+00
1.751511351098e-03,1.311903664600e+00,1.311901874989e+00
1.752453023868e-03,1.310592416669e+00,1.310590628847e+00
1.753394696637e-03,1.309282479330e+00,1.309280693295e+00
1.754336369407e-03,1.307973851274e+00,1.307972067024e+00
1.755278042176e-03,1.306666531191e+00,1.306664748725e+00
1.756219714946e-03,1.305360517776e+00,1.305358737091e+00
1.757161387715e-03,1.304055809721e+00,1.304054030816e+00
1.758103060484e-03,1.302752405722e+00,1.302750628595e+00
1.759044733254e-03,1.301450304475e+00,1.301448529124e+00
1.759986406023e-03,1.300149504679e+00,1.300147731103e+00
1.760928078793e-03,1.298850005033e+00,1.298848233229e+00
1.761869751562e-03,1.297551804236e+00,1.297550034203e+00
1.762811424331e-03,1.296254900992e+00,1.296253132728e+00
1.763753097101e-03,1.294959294002e+00,1.294957527506e+00
1.764694769870e-03,1.293664981972e+00,1.293663217241e+00
1.765636442640e-03,1.292371963607e+00,1.292370200640e+00
1.766578115409e-03,1.291080237614e+00,1.291078476409e+00
1.767519788178e-03,1.289789802702e+00,1.289788043257e+00
1.768461460948e-03,1.288500657579e+00,1.288498899893e+00
1.769403133717e-03,1.287212800957e+00,1.287211045028e+00
1.770344806487e-03,1.285926231548e+00,1.285924477374e+00
1.771286479256e-03,1.284640948065e+00,1.284639195645e+00
1.772228152025e-03,1.283356949224e+00,1.283355198554e+00
1.773169824795e-03,1.282074233739e+00,1.282072484820e+00
1.774111497564e-03,1.280792800329e+00,1.280791053158e+00
1.775053170334e-03,1.279512647712e+00,1.279510902287e+00
1.775994843103e-03,1.278233774607e+00,1.278232030927e+00
1.776936515872e-03,1.276956179736e+00,1.276954437799e+00
1.777878188642e-03,1.275679861822e+00,1.275678121625e+00
1.778819861411e-03,1.274404819588e+00,1.274403081130e+00
1.779761534181e-03,1.273131051758e+00,1.273129315038e+00
1.780703206950e-03,1.271858557060e+00,1.271856822076e+00
1.781644879720e-03,1.270587334220e+00,1.270585600970e+00
1.782586552489e-03,1.269317381968e+00,1.269315650450e+00
1.783528225258e-03,1.268048699033e+00,1.268046969246e+00
1.784469898028e-03,1.266781284147e+00,1.266779556089e+00
1.785411570797e-03,1.265515136043e+00,1.265513409712e+00
1.786353243567e-03,1.264250253453e+00,1.264248528848e+00
1.787294916336e-03,1.262986635114e+00,1.262984912233e+00
1.788236589105e-03,1.261724279762e+00,1.261722558603e+00
1.789178261875e-03,1.260463186134e+00,1.260461466695e+00
1.790119934644e-03,1.259203352970e+00,1.259201635249e+00
1.791061607414e-03,1.257944779009e+00,1.257943063005e+00
1.792003280183e-03,1.256687462992e+00,1.256685748704e+00
1.792944952952e-03,1.255431403664e+00,1.255429691089e+00
1.793886625722e-03,1.254176599767e+00,1.254174888903e+00
1.794828298491e-03,1.252923050046e+00,1.252921340893e+00
1.795769971261e-03,1.251670753249e+00,1.251669045804e+00
1.796711644030e-03,1.250419708123e+00,1.250418002384e+00
1.797653316799e-03,1.249169913416e+00,1.249168209382e+00
1.798594989569e-03,1.247921367879e+00,1.247919665549e+00
1.799536662338e-03,1.246674070264e+00,1.246672369635e+00
1.800478335108e-03,1.245428019323e+00,1.245426320394e+00
1.801420007877e-03,1.244183213811e+00,1.244181516580e+00
1.802361680647e-03,1.242939652481e+00,1.242937956946e+00
1.803303353416e-03,1.241697334091e+00,1.241695640251e+00
1.804245026185e-03,1.240456257399e+00,1.240454565252e+00
1.805186698955e-03,1.239216421163e+00,1.239214730707e+00
1.806128371724e-03,1.237977824144e+00,1.237976135378e+00
1.807070044494e-03,1.236740465102e+00,1.236738778024e+00
1.808011717263e-03,1.235504342801e+00,1.235502657409e+00
1.808953390032e-03,1.234269456005e+00,1.234267772297e+00
1.809895062802e-03,1.233035803478e+00,1.233034121453e+00
1.810836735571e-03,1.231803383987e+00,1.231801703644e+00
1.811778408341e-03,1.230572196299e+00,1.230570517635e+00
1.812720081110e-03,1.229342239184e+00,1.229340562198e+00
1.813661753879e-03,1.228113511411e+00,1.228111836101e+00
1.814603426649e-03,1.226886011752e+00,1.226884338117e+00
1.815545099418e-03,1.225659738979e+00,1.225658067016e+00
1.816486772188e-03,1.224434691865e+00,1.224433021574e+00
1.817428444957e-03,1.223210869187e+00,1.223209200565e+00
1.818370117726e-03,1.221988269719e+00,1.221986602765e+00
1.819311790496e-03,1.220766892240e+00,1.220765226952e+00
1.820253463265e-03,1.219546735528e+00,1.219545071904e+00
1.821195136035e-03,1.218327798363e+00,1.218326136402e+00
1.822136808804e-03,1.217110079525e+00,1.217108419225e+00
1.823078481573e-03,1.215893577798e+00,1.215891919158e+00
1.824020154343e-03,1.214678291964e+00,1.214676634982e+00
1.824961827112e-03,1.213464220809e+00,1.213462565483e+00
1.825903499882e-03,1.212251363118e+00,1.212249709446e+00
1.826845172651e-03,1.211039717679e+00,1.211038065660e+00
1.827786845421e-03,1.209829283279e+00,1.209827632912e+00
1.828728518190e-03,1.208620058709e+00,1.208618409991e+00
1.829670190959e-03,1.207412042759e+00,1.207410395689e+00
1.830611863729e-03,1.206205234221e+00,1.206203588797e+00
1.831553536498e-03,1.204999631888e+00,1.204997988109e+00
1.832495209268e-03,1.203795234556e+00,1.203793592419e+00
1.833436882037e-03,1.202592041018e+00,1.202590400523e+00
1.834378554806e-03,1.201390050073e+00,1.201388411217e+00
1.835320227576e-03,1.200189260518e+00,1.200187623300e+00
1.836261900345e-03,1.198989671152e+00,1.198988035571e+00
1.837203573115e-03,1.197791280776e+00,1.197789646829e+00
1.838145245884e-03,1.196594088191e+00,1.196592455878e+00
1.839086918653e-03,1.195398092200e+00,1.195396461519e+00
1.840028591423e-03,1.194203291608e+00,1.194201662556e+00
1.840970264192e-03,1.193009685219e+00,1.193008057796e+00
1.841911936962e-03,1.191817271840e+00,1.191815646043e+00
1.842853609731e-03,1.190626050278e+00,1.190624426106e+00
1.843795282500e-03,1.189436019343e+00,1.189434396794e+00
1.844736955270e-03,1.188247177843e+00,1.188245556916e+00
1.845678628039e-03,1.187059524591e+00,1.187057905284e+00
1.846620300809e-03,1.185873058398e+00,1.185871440710e+00
1.847561973578e-03,1.184687778079e+00,1.184686162007e+00
1.848503646347e-03,1.183503682447e+00,1.183502067991e+00
1.849445319117e-03,1.182320770319e+00,1.182319157477e+00
1.850386991886e-03,1.181139040512e+00,1.181137429282e+00
1.851328664656e-03,1.179958491845e+00,1.179956882225e+00
1.852270337425e-03,1.178779123135e+00,1.178777515124e+00
1.853212010195e-03,1.177600933205e+00,1.177599326801e+00
1.854153682964e-03,1.176423920877e+00,1.176422316078e+00
1.855095355733e-03,1.175248084972e+00,1.175246481777e+00
1.856037028503e-03,1.174073424315e+00,1.174071822723e+00
1.856978701272e-03,1.172899937732e+00,1.172898337740e+00
1.857920374042e-03,1.171727624048e+00,1.171726025656e+00
1.858862046811e-03,1.170556482093e+00,1.170554885299e+00
1.859803719580e-03,1.169386510694e+00,1.169384915496e+00
1.860745392350e-03,1.168217708682e+00,1.168216115078e+00
1.861687065119e-03,1.167050074887e+00,1.167048482876e+00
1.862628737889e-03,1.165883608143e+00,1.165882017723e+00
1.863570410658e-03,1.164718307282e+00,1.164716718452e+00
1.864512083427e-03,1.163554171140e+00,1.163552583898e+00
1.865453756197e-03,1.162391198552e+00,1.162389612896e+00
1.866395428966e-03,1.161229388356e+00,1.161227804285e+00
1.867337101736e-03,1.160068739389e+00,1.160067156901e+00
1.868278774505e-03,1.158909250490e+00,1.158907669584e+00
1.869220447274e-03,1.157750920501e+00,1.157749341175e+00
1.870162120044e-03,1.156593748263e+00,1.156592170516e+00
1.871103792813e-03,1.155437732619e+00,1.155436156449e+00
1.872045465583e-03,1.154282872413e+00,1.154281297818e+00
1.872987138352e-03,1.153129166490e+00,1.153127593468e+00
1.873928811121e-03,1.151976613696e+00,1.151975042247e+00
1.874870483891e-03,1.150825212878e+00,1.150823643000e+00
1.875812156660e-03,1.149674962886e+00,1.149673394577e+00
1.876753829430e-03,1.148525862569e+00,1.148524295828e+00
1.877695502199e-03,1.147377910778e+00,1.147376345603e+00
1.878637174969e-03,1.146231106365e+00,1.146229542754e+00
1.879578847738e-03,1.145085448183e+00,1.145083886135e+00
1.880520520507e-03,1.143940935087e+00,1.143939374600e+00
1.881462193277e-03,1.142797565932e+00,1.142796007004e+00
1.882403866046e-03,1.141655339574e+00,1.141653782205e+00
1.883345538816e-03,1.140514254872e+00,1.140512699059e+00
1.884287211585e-03,1.139374310685e+00,1.139372756427e+00
1.885228884354e-03,1.138235505871e+00,1.138233953167e+00
1.886170557124e-03,1.137097839293e+00,1.137096288141e+00
1.887112229893e-03,1.135961309814e+00,1.135959760212e+00
1.888053902663e-03,1.134825916295e+00,1.134824368242e+00
1.888995575432e-03,1.133691657603e+00,1.133690111097e+00
1.889937248201e-03,1.132558532602e+00,1.132556987642e+00
1.890878920971e-03,1.131426540160e+00,1.131424996744e+00
1.891820593740e-03,1.130295679145e+00,1.130294137271e+00
1.892762266510e-03,1.129165948425e+00,1.129164408093e+00
1.893703939279e-03,1.128037346871e+00,1.128035808079e+00
1.894645612048e-03,1.126909873355e+00,1.126908336101e+00
1.895587284818e-03,1.125783526749e+00,1.125781991031e+00
1.896528957587e-03,1.124658305926e+00,1.124656771743e+00
1.897470630357e-03,1.123534209762e+00,1.123532677112e+00
1.898412303126e-03,1.122411237132e+00,1.122409706015e+00
1.899353975896e-03,1.121289386914e+00,1.121287857326e+00
1.900295648665e-03,1.120168657985e+00,1.120167129926e+00
1.901237321434e-03,1.119049049225e+00,1.119047522693e+00
1.902178994204e-03,1.117930559513e+00,1.117929034508e+00
1.903120666973e-03,1.116813187733e+00,1.116811664251e+00
1.904062339743e-03,1.115696932766e+00,1.115695410807e+00
1.905004012512e-03,1.114581793495e+00,1.114580273058e+00
1.905945685281e-03,1.113467768807e+00,1.113466249889e+00
1.906887358051e-03,1.112354857587e+00,1.112353340187e+00
1.907829030820e-03,1.111243058721e+00,1.111241542838e+00
1.908770703590e-03,1.110132371099e+00,1.110130856731e+00
1.909712376359e-03,1.109022793609e+00,1.109021280755e+00
1.910654049128e-03,1.107914325142e+00,1.107912813800e+00
1.911595721898e-03,1.106806964589e+00,1.106805454758e+00
1.912537394667e-03,1.105700710844e+00,1.105699202521e+00
1.913479067437e-03,1.104595562799e+00,1.104594055984e+00
1.914420740206e-03,1.103491519350e+00,1.103490014041e+00
1.915362412975e-03,1.102388579393e+00,1.102387075588e+00
1.916304085745e-03,1.101286741824e+00,1.101285239523e+00
1.917245758514e-03,1.100186005542e+00,1.100184504742e+00
1.918187431284e-03,1.099086369446e+00,1.099084870146e+00
1.919129104053e-03,1.097987832437e+00,1.097986334635e+00
1.920070776822e-03,1.096890393415e+00,1.096888897111e+00
1.921012449592e-03,1.095794051284e+00,1.095792556476e+00
1.921954122361e-03,1.094698804947e+00,1.094697311633e+00
1.922895795131e-03,1.093604653309e+00,1.093603161487e+00
1.923837467900e-03,1.092511595276e+00,1.092510104945e+00
1.924779140670e-03,1.091419629755e+00,1.091418140913e+00
1.925720813439e-03,1.090328755653e+00,1.090327268300e+00
1.926662486208e-03,1.089238971880e+00,1.089237486013e+00
1.927604158978e-03,1.088150277346e+00,1.088148792965e+00
1.928545831747e-03,1.087062670963e+00,1.087061188065e+00
1.929487504517e-03,1.085976151642e+00,1.085974670226e+00
1.930429177286e-03,1.084890718297e+00,1.084889238362e+00
1.931370850055e-03,1.083806369844e+00,1.083804891388e+00
1.932312522825e-03,1.082723105196e+00,1.082721628218e+00
1.933254195594e-03,1.081640923272e+00,1.081639447770e+00
1.934195868364e-03,1.080559822989e+00,1.080558348962e+00
1.935137541133e-03,1.079479803266e+00,1.079478330712e+00
1.936079213902e-03,1.078400863023e+00,1.078399391941e+00
1.937020886672e-03,1.077323001181e+00,1.077321531569e+00
1.937962559441e-03,1.076246216661e+00,1.076244748519e+00
1.938904232211e-03,1.075170508389e+00,1.075169041713e+00
1.939845904980e-03,1.074095875286e+00,1.074094410077e+00
1.940787577749e-03,1.073022316280e+00,1.073020852535e+00
1.941729250519e-03,1.071949830296e+00,1.071948368014e+00
1.942670923288e-03,1.070878416262e+00,1.070876955442e+00
1.943612596058e-03,1.069808073107e+00,1.069806613746e+00
1.944554268827e-03,1.068738799759e+00,1.068737341858e+00
1.945495941596e-03,1.067670595151e+00,1.067669138706e+00
1.946437614366e-03,1.066603458213e+00,1.066602003224e+00
1.947379287135e-03,1.065537387879e+00,1.065535934344e+00
1.948320959905e-03,1.064472383082e+00,1.064470931000e+00
1.949262632674e-03,1.063408442758e+00,1.063406992128e+00
1.950204305444e-03,1.062345565842e+00,1.062344116662e+00
1.951145978213e-03,1.061283751272e+00,1.061282303540e+00
1.952087650982e-03,1.060222997986e+00,1.060221551701e+00
1.953029323752e-03,1.059163304923e+00,1.059161860083e+00
1.953970996521e-03,1.058104671023e+00,1.058103227628e+00
1.954912669291e-03,1.057047095228e+00,1.057045653275e+00
1.955854342060e-03,1.055990576480e+00,1.055989135969e+00
1.956796014829e-03,1.054935113723e+00,1.054933674651e+00
1.957737687599e-03,1.053880705901e+00,1.053879268268e+00
1.958679360368e-03,1.052827351960e+00,1.052825915764e+00
1.959621033138e-03,1.051775050846e+00,1.051773616085e+00
1.960562705907e-03,1.050723801508e+00,1.050722368181e+00
1.961504378676e-03,1.049673602893e+00,1.049672170999e+00
1.962446051446e-03,1.048624453952e+00,1.048623023489e+00
1.963387724215e-03,1.047576353635e+00,1.047574924602e+00
1.964329396985e-03,1.046529300895e+00,1.046527873291e+00
1.965271069754e-03,1.045483294685e+00,1.045481868507e+00
1.966212742523e-03,1.044438333958e+00,1.044436909205e+00
1.967154415293e-03,1.043394417669e+00,1.043392994340e+00
1.968096088062e-03,1.042351544774e+00,1.042350122869e+00
1.969037760832e-03,1.041309714232e+00,1.041308293747e+00
1.969979433601e-03,1.040268924999e+00,1.040267505934e+00
1.970921106370e-03,1.039229176035e+00,1.039227758388e+00
1.971862779140e-03,1.038190466300e+00,1.038189050071e+00
1.972804451909e-03,1.037152794756e+00,1.037151379942e+00
1.973746124679e-03,1.036116160365e+00,1.036114746965e+00
1.974687797448e-03,1.035080562090e+00,1.035079150103e+00
1.975629470218e-03,1.034045998896e+00,1.034044588320e+00
1.976571142987e-03,1.033012469748e+00,1.033011060582e+00
1.977512815756e-03,1.031979973612e+00,1.031978565854e+00
1.978454488526e-03,1.030948509457e+00,1.030947103106e+00
1.979396161295e-03,1.029918076250e+00,1.029916671305e+00
1.980337834065e-03,1.028888672961e+00,1.028887269420e+00
1.981279506834e-03,1.027860298561e+00,1.027858896423e+00
1.982221179603e-03,1.026832952021e+00,1.026831551285e+00
1.983162852373e-03,1.025806632314e+00,1.025805232978e+00
1.984104525142e-03,1.024781338414e+00,1.024779940477e+00
1.985046197912e-03,1.023757069296e+00,1.023755672755e+00
1.985987870681e-03,1.022733823935e+00,1.022732428790e+00
1.986929543450e-03,1.021711601307e+00,1.021710207557e+00
1.987871216220e-03,1.020690400391e+00,1.020689008034e+00
1.988812888989e-03,1.019670220166e+00,1.019668829201e+00
1.989754561759e-03,1.018651059611e+00,1.018649670036e+00
1.990696234528e-03,1.017632917707e+00,1.017631529521e+00
1.991637907297e-03,1.016615793437e+00,1.016614406638e+00
1.992579580067e-03,1.015599685782e+00,1.015598300369e+00
1.993521252836e-03,1.014584593726e+00,1.014583209698e+00
1.994462925606e-03,1.013570516256e+00,1.013569133611e+00
1.995404598375e-03,1.012557452356e+00,1.012556071093e+00
1.996346271145e-03,1.011545401014e+00,1.011544021132e+00
1.997287943914e-03,1.010534361217e+00,1.010532982714e+00
1.998229616683e-03,1.009524331955e+00,1.009522954829e+00
1.999171289453e-03,1.008515312217e+00,1.008513936468e+00
2.000112962222e-03,1.007507300994e+00,1.007505926620e+00
2.001054634992e-03,1.006500297279e+00,1.006498924279e+00
2.001996307761e-03,1.005494300064e+00,1.005492928436e+00
2.002937980530e-03,1.004489308343e+00,1.004487938087e+00
2.003879653300e-03,1.003485321112e+00,1.003483952225e+00
2.004821326069e-03,1.002482337367e+00,1.002480969848e+00
2.005762998839e-03,1.001480356103e+00,1.001478989951e+00
2.006704671608e-03,1.000479376321e+00,1.000478011534e+00
2.007646344377e-03,9.994793970173e-01,9.994780335947e-01
2.008588017147e-03,9.984804171935e-01,9.984790551336e-01
2.009529689916e-03,9.974824358501e-01,9.974810751516e-01
2.010471362686e-03,9.964854519893e-01,9.964840926508e-01
2.011413035455e-03,9.954894646140e-01,9.954881066342e-01
2.012354708224e-03,9.944944727282e-01,9.944931161057e-01
2.013296380994e-03,9.935004753370e-01,9.934991200705e-01
2.014238053763e-03,9.925074714464e-01,9.925061175344e-01
2.015179726533e-03,9.915154600633e-01,9.915141075046e-01
2.016121399302e-03,9.905244401957e-01,9.905230889889e-01
2.017063072071e-03,9.895344108527e-01,9.895330609964e-01
2.018004744841e-03,9.885453710442e-01,9.885440225371e-01
2.018946417610e-03,9.875573197811e-01,9.875559726218e-01
2.019888090380e-03,9.865702560754e-01,9.865689102626e-01
2.020829763149e-03,9.855841789401e-01,9.855828344724e-01
2.021771435919e-03,9.845990873890e-01,9.845977442652e-01
2.022713108688e-03,9.836149804371e-01,9.836136386557e-01
2.023654781457e-03,9.826318571003e-01,9.826305166600e-01
2.024596454227e-03,9.816497163954e-01,9.816483772949e-01
2.025538126996e-03,9.806685573403e-01,9.806672195782e-01
2.026479799766e-03,9.796883789538e-01,9.796870425288e-01
2.027421472535e-03,9.787091802558e-01,9.787078451666e-01
2.028363145304e-03,9.777309602671e-01,9.777296265122e-01
2.029304818074e-03,9.767537180094e-01,9.767523855876e-01
2.030246490843e-03,9.757774525055e-01,9.757761214155e-01
2.031188163613e-03,9.748021627791e-01,9.748008330195e-01
2.032129836382e-03,9.738278478550e-01,9.738265194245e-01
2.033071509151e-03,9.728545067588e-01,9.728531796561e-01
2.034013181921e-03,9.718821385172e-01,9.718808127409e-01
2.034954854690e-03,9.709107421578e-01,9.709094177066e-01
2.035896527460e-03,9.699403167092e-01,9.699389935819e-01
2.036838200229e-03,9.689708612011e-01,9.689695393962e-01
2.037779872998e-03,9.680023746638e-01,9.680010541801e-01
2.038721545768e-03,9.670348561291e-01,9.670335369651e-01
2.039663218537e-03,9.660683046292e-01,9.660669867838e-01
2.040604891307e-03,9.651027191978e-01,9.651014026696e-01
2.041546564076e-03,9.641380988691e-01,9.641367836568e-01
2.042488236845e-03,9.631744426787e-01,9.631731287809e-01
2.043429909615e-03,9.622117496627e-01,9.622104370782e-01
2.044371582384e-03,9.612500188586e-01,9.612487075860e-01
2.045313255154e-03,9.602892493046e-01,9.602879393426e-01
2.046254927923e-03,9.593294400399e-01,9.593281313872e-01
2.047196600693e-03,9.583705901047e-01,9.583692827600e-01
2.048138273462e-03,9.574126985402e-01,9.574113925022e-01
2.049079946231e-03,9.564557643885e-01,9.564544596559e-01
2.050021619001e-03,9.554997866926e-01,9.554984832641e-01
2.050963291770e-03,9.545447644966e-01,9.545434623709e-01
2.051904964540e-03,9.535906968455e-01,9.535893960212e-01
2.052846637309e-03,9.526375827851e-01,9.526362832609e-01
2.053788310078e-03,9.516854213623e-01,9.516841231371e-01
2.054729982848e-03,9.507342116251e-01,9.507329146974e-01
2.055671655617e-03,9.497839526222e-01,9.497826569908e-01
2.056613328387e-03,9.488346434033e-01,9.488333490669e-01
2.057555001156e-03,9.478862830191e-01,9.478849899764e-01
2.058496673925e-03,9.469388705213e-01,9.469375787710e-01
2.059438346695e-03,9.459924049624e-01,9.459911145032e-01
2.060380019464e-03,9.450468853960e-01,9.450455962266e-01
2.061321692234e-03,9.441023108766e-01,9.441010229957e-01
2.062263365003e-03,9.431586804596e-01,9.431573938659e-01
2.063205037772e-03,9.422159932013e-01,9.422147078936e-01
2.064146710542e-03,9.412742481591e-01,9.412729641361e-01
2.065088383311e-03,9.403334443912e-01,9.403321616516e-01
2.066030056081e-03,9.393935809569e-01,9.393922994993e-01
2.066971728850e-03,9.384546569162e-01,9.384533767395e-01
2.067913401620e-03,9.375166713302e-01,9.375153924330e-01
2.068855074389e-03,9.365796232610e-01,9.365783456421e-01
2.069796747158e-03,9.356435117715e-01,9.356422354296e-01
2.070738419928e-03,9.347083359256e-01,9.347070608593e-01
2.071680092697e-03,9.337740947881e-01,9.337728209963e-01
2.072621765467e-03,9.328407874248e-01,9.328395149061e-01
2.073563438236e-03,9.319084129023e-01,9.319071416555e-01
2.074505111005e-03,9.309769702883e-01,9.309757003121e-01
2.075446783775e-03,9.300464586514e-01,9.300451899446e-01
2.076388456544e-03,9.291168770610e-01,9.291156096222e-01
2.077330129314e-03,9.281882245876e-01,9.281869584156e-01
2.078271802083e-03,9.272605003024e-01,9.272592353960e-01
2.079213474852e-03,9.263337032779e-01,9.263324396357e-01
2.080155147622e-03,9.254078325871e-01,9.254065702080e-01
2.081096820391e-03,9.244828873042e-01,9.244816261868e-01
2.082038493161e-03,9.235588665043e-01,9.235576066474e-01
2.082980165930e-03,9.226357692634e-01,9.226345106657e-01
2.083921838699e-03,9.217135946583e-01,9.217123373186e-01
2.084863511469e-03,9.207923417668e-01,9.207910856838e-01
2.085805184238e-03,9.198720096678e-01,9.198707548403e-01
2.086746857008e-03,9.189525974409e-01,9.189513438675e-01
2.087688529777e-03,9.180341041666e-01,9.180328518462e-01
2.088630202546e-03,9.171165289265e-01,9.171152778578e-01
2.089571875316e-03,9.161998708030e-01,9.161986209848e-01
2.090513548085e-03,9.152841288795e-01,9.152828803105e-01
2.091455220855e-03,9.143693022402e-01,9.143680549191e-01
2.092396893624e-03,9.134553899702e-01,9.134541438958e-01
2.093338566394e-03,9.125423911558e-01,9.125411463268e-01
2.094280239163e-03,9.116303048837e-01,9.116290612990e-01
2.095221911932e-03,9.107191302421e-01,9.107178879003e-01
2.096163584702e-03,9.098088663197e-01,9.098076252196e-01
2.097105257471e-03,9.088995122062e-01,9.088982723466e-01
2.098046930241e-03,9.079910669923e-01,9.079898283720e-01
2.098988603010e-03,9.070835297696e-01,9.070822923872e-01
2.099930275779e-03,9.061768996304e-01,9.061756634848e-01
2.100871948549e-03,9.052711756682e-01,9.052699407582e-01
2.101813621318e-03,9.043663569773e-01,9.043651233016e-01
2.102755294088e-03,9.034624426528e-01,9.034612102101e-01
2.103696966857e-03,9.025594317909e-01,9.025582005800e-01
2.104638639626e-03,9.016573234884e-01,9.016560935081e-01
2.105580312396e-03,9.007561168433e-01,9.007548880924e-01
2.106521985165e-03,8.998558109545e-01,8.998545834317e-01
2.107463657935e-03,8.989564049215e-01,8.989551786256e-01
2.108405330704e-03,8.980578978450e-01,8.980566727748e-01
2.109347003473e-03,8.971602888264e-01,8.971590649807e-01
2.110288676243e-03,8.962635769683e-01,8.962623543458e-01
2.111230349012e-03,8.953677613737e-01,8.953665399732e-01
2.112172021782e-03,8.944728411470e-01,8.944716209674e-01
2.113113694551e-03,8.935788153933e-01,8.935775964332e-01
2.114055367320e-03,8.926856832184e-01,8.926844654766e-01
2.114997040090e-03,8.917934437293e-01,8.917922272046e-01
2.115938712859e-03,8.909020960337e-01,8.909008807250e-01
2.116880385629e-03,8.900116392402e-01,8.900104251462e-01
2.117822058398e-03,8.891220724585e-01,8.891208595780e-01
2.118763731168e-03,8.882333947990e-01,8.882321831307e-01
2.119705403937e-03,8.873456053729e-01,8.873443949157e-01
2.120647076706e-03,8.864587032924e-01,8.864574940451e-01
2.121588749476e-03,8.855726876708e-01,8.855714796321e-01
2.122530422245e-03,8.846875576219e-01,8.846863507906e-01
2.123472095015e-03,8.838033122606e-01,8.838021066356e-01
2.124413767784e-03,8.829199507028e-01,8.829187462828e-01
2.125355440553e-03,8.820374720649e-01,8.820362688487e-01
2.126297113323e-03,8.811558754646e-01,8.811546734510e-01
2.127238786092e-03,8.802751600203e-01,8.802739592081e-01
2.128180458862e-03,8.793953248512e-01,8.793941252392e-01
2.129122131631e-03,8.785163690775e-01,8.785151706645e-01
2.130063804400e-03,8.776382918202e-01,8.776370946050e-01
2.131005477170e-03,8.767610922013e-01,8.767598961827e-01
2.131947149939e-03,8.758847693435e-01,8.758835745204e-01
2.132888822709e-03,8.750093223706e-01,8.750081287417e-01
2.133830495478e-03,8.741347504071e-01,8.741335579713e-01
2.134772168247e-03,8.732610525784e-01,8.732598613344e-01
2.135713841017e-03,8.723882280109e-01,8.723870379575e-01
2.136655513786e-03,8.715162758316e-01,8.715150869677e-01
2.137597186556e-03,8.706451951687e-01,8.706440074931e-01
2.138538859325e-03,8.697749851511e-01,8.697737986625e-01
2.139480532094e-03,8.689056449085e-01,8.689044596058e-01
2.140422204864e-03,8.680371735716e-01,8.680359894537e-01
2.141363877633e-03,8.671695702720e-01,8.671683873376e-01
2.142305550403e-03,8.663028341420e-01,8.663016523899e-01
2.143247223172e-03,8.654369643149e-01,8.654357837440e-01
2.144188895942e-03,8.645719599249e-01,8.645707805340e-01
2.145130568711e-03,8.637078201069e-01,8.637066418948e-01
2.146072241480e-03,8.628445439968e-01,8.628433669623e-01
2.147013914250e-03,8.619821307313e-01,8.619809548732e-01
2.147955587019e-03,8.611205794480e-01,8.611194047652e-01
2.148897259789e-03,8.602598892853e-01,8.602587157767e-01
2.149838932558e-03,8.594000593827e-01,8.593988870469e-01
2.150780605327e-03,8.585410888801e-01,8.585399177161e-01
2.151722278097e-03,8.576829769187e-01,8.576818069253e-01
2.152663950866e-03,8.568257226404e-01,8.568245538164e-01
2.153605623636e-03,8.559693251878e-01,8.559681575320e-01
2.154547296405e-03,8.551137837047e-01,8.551126172160e-01
2.155488969174e-03,8.542590973354e-01,8.542579320126e-01
2.156430641944e-03,8.534052652253e-01,8.534041010672e-01
2.157372314713e-03,8.525522865205e-01,8.525511235260e-01
2.158313987483e-03,8.517001603680e-01,8.516989985360e-01
2.159255660252e-03,8.508488859158e-01,8.508477252450e-01
2.160197333021e-03,8.499984623126e-01,8.499973028018e-01
2.161139005791e-03,8.491488887079e-01,8.491477303561e-01
2.162080678560e-03,8.483001642521e-01,8.482990070581e-01
2.163022351330e-03,8.474522880966e-01,8.474511320592e-01
2.163964024099e-03,8.466052593934e-01,8.466041045115e-01
2.164905696869e-03,8.457590772956e-01,8.457579235680e-01
2.165847369638e-03,8.449137409569e-01,8.449125883824e-01
2.166789042407e-03,8.440692495321e-01,8.440680981096e-01
2.167730715177e-03,8.432256021765e-01,8.432244519049e-01
2.168672387946e-03,8.423827980466e-01,8.423816489247e-01
2.169614060716e-03,8.415408362996e-01,8.415396883262e-01
2.170555733485e-03,8.406997160935e-01,8.406985692675e-01
2.171497406254e-03,8.398594365872e-01,8.398582909074e-01
2.172439079024e-03,8.390199969404e-01,8.390188524057e-01
2.173380751793e-03,8.381813963136e-01,8.381802529230e-01
2.174322424563e-03,8.373436338684e-01,8.373424916205e-01
2.175264097332e-03,8.365067087668e-01,8.365055676606e-01
2.176205770101e-03,8.356706201720e-01,8.356694802063e-01
2.177147442871e-03,8.348353672479e-01,8.348342284216e-01
2.178089115640e-03,8.340009491592e-01,8.339998114712e-01
2.179030788410e-03,8.331673650716e-01,8.331662285207e-01
2.179972461179e-03,8.323346141514e-01,8.323334787365e-01
2.180914133948e-03,8.315026955658e-01,8.315015612858e-01
2.181855806718e-03,8.306716084831e-01,8.306704753367e-01
2.182797479487e-03,8.298413520720e-01,8.298402200582e-01
2.183739152257e-03,8.290119255023e-01,8.290107946200e-01
2.184680825026e-03,8.281833279446e-01,8.281821981926e-01
2.185622497795e-03,8.273555585704e-01,8.273544299475e-01
2.186564170565e-03,8.265286165517e-01,8.265274890570e-01
2.187505843334e-03,8.257025010617e-01,8.257013746939e-01
2.188447516104e-03,8.248772112743e-01,8.248760860323e-01
2.189389188873e-03,8.240527463642e-01,8.240516222469e-01
2.190330861643e-03,8.232291055069e-01,8.232279825132e-01
2.191272534412e-03,8.224062878788e-01,8.224051660075e-01
2.192214207181e-03,8.215842926570e-01,8.215831719070e-01
2.193155879951e-03,8.207631190196e-01,8.207619993898e-01
2.194097552720e-03,8.199427661454e-01,8.199416476346e-01
2.195039225490e-03,8.191232332140e-01,8.191221158212e-01
2.195980898259e-03,8.183045194059e-01,8.183034031300e-01
2.196922571028e-03,8.174866239025e-01,8.174855087422e-01
2.197864243798e-03,8.166695458856e-01,8.166684318400e-01
2.198805916567e-03,8.158532845385e-01,8.158521716063e-01
2.199747589337e-03,8.150378390446e-01,8.150367272248e-01
2.200689262106e-03,8.142232085887e-01,8.142220978801e-01
2.201630934875e-03,8.134093923560e-01,8.134082827576e-01
2.202572607645e-03,8.125963895328e-01,8.125952810435e-01
2.203514280414e-03,8.117841993061e-01,8.117830919247e-01
2.204455953184e-03,8.109728208636e-01,8.109717145891e-01
2.205397625953e-03,8.101622533941e-01,8.101611482252e-01
2.206339298722e-03,8.093524960868e-01,8.093513920225e-01
2.207280971492e-03,8.085435481321e-01,8.085424451714e-01
2.208222644261e-03,8.077354087210e-01,8.077343068627e-01
2.209164317031e-03,8.069280770454e-01,8.069269762884e-01
2.210105989800e-03,8.061215522979e-01,8.061204526411e-01
2.211047662569e-03,8.053158336721e-01,8.053147351144e-01
2.211989335339e-03,8.045109203622e-01,8.045098229025e-01
2.212931008108e-03,8.037068115632e-01,8.037057152004e-01
2.213872680878e-03,8.029035064711e-01,8.029024112042e-01
2.214814353647e-03,8.021010042826e-01,8.020999101104e-01
2.215756026417e-03,8.012993041952e-01,8.012982111166e-01
2.216697699186e-03,8.004984054071e-01,8.004973134211e-01
2.217639371955e-03,7.996983071176e-01,7.996972162229e-01
2.218581044725e-03,7.988990085263e-01,7.988979187220e-01
2.219522717494e-03,7.981005088342e-01,7.980994201192e-01
2.220464390264e-03,7.973028072426e-01,7.973017196158e-01
2.221406063033e-03,7.965059029539e-01,7.965048164142e-01
2.222347735802e-03,7.957097951712e-01,7.957087097174e-01
2.223289408572e-03,7.949144830984e-01,7.949133987295e-01
2.224231081341e-03,7.941199659401e-01,7.941188826550e-01
2.225172754111e-03,7.933262429018e-01,7.933251606995e-01
2.226114426880e-03,7.925333131898e-01,7.925322320692e-01
2.227056099649e-03,7.917411760112e-01,7.917400959712e-01
2.227997772419e-03,7.909498305739e-01,7.909487516133e-01
2.228939445188e-03,7.901592760864e-01,7.901581982043e-01
2.229881117958e-03,7.893695117583e-01,7.893684349535e-01
2.230822790727e-03,7.885805367998e-01,7.885794610713e-01
2.231764463496e-03,7.877923504219e-01,7.877912757685e-01
2.232706136266e-03,7.870049518363e-01,7.870038782571e-01
2.233647809035e-03,7.862183402559e-01,7.862172677497e-01
2.234589481805e-03,7.854325148938e-01,7.854314434595e-01
2.235531154574e-03,7.846474749643e-01,7.846464046009e-01
2.236472827343e-03,7.838632196823e-01,7.838621503888e-01
2.237414500113e-03,7.830797482636e-01,7.830786800389e-01
2.238356172882e-03,7.822970599247e-01,7.822959927677e-01
2.239297845652e-03,7.815151538830e-01,7.815140877926e-01
2.240239518421e-03,7.807340293565e-01,7.807329643316e-01
2.241181191191e-03,7.799536855640e-01,7.799526216037e-01
2.242122863960e-03,7.791741217253e-01,7.791730588284e-01
2.243064536729e-03,7.783953370609e-01,7.783942752263e-01
2.244006209499e-03,7.776173307918e-01,7.776162700185e-01
2.244947882268e-03,7.768401021401e-01,7.768390424270e-01
2.245889555038e-03,7.760636503285e-01,7.760625916747e-01
2.246831227807e-03,7.752879745807e-01,7.752869169850e-01
2.247772900576e-03,7.745130741209e-01,7.745120175823e-01
2.248714573346e-03,7.737389481743e-01,7.737378926917e-01
2.249656246115e-03,7.729655959667e-01,7.729645415390e-01
2.250597918885e-03,7.721930167247e-01,7.721919633509e-01
2.251539591654e-03,7.714212096758e-01,7.714201573549e-01
2.252481264423e-03,7.706501740482e-01,7.706491227791e-01
2.253422937193e-03,7.698799090709e-01,7.698788588525e-01
2.254364609962e-03,7.691104139735e-01,7.691093648048e-01
2.255306282732e-03,7.683416879865e-01,7.683406398665e-01
2.256247955501e-03,7.675737303414e-01,7.675726832689e-01
2.257189628270e-03,7.668065402700e-01,7.668054942441e-01
2.258131301040e-03,7.660401170052e-01,7.660390720248e-01
2.259072973809e-03,7.652744597806e-01,7.652734158447e-01
2.260014646579e-03,7.645095678306e-01,7.645085249380e-01
2.260956319348e-03,7.637454403901e-01,7.637443985400e-01
2.261897992118e-03,7.629820766952e-01,7.629810358864e-01
2.262839664887e-03,7.622194759824e-01,7.622184362139e-01
2.263781337656e-03,7.614576374892e-01,7.614565987599e-01
2.264723010426e-03,7.606965604536e-01,7.606955227625e-01
2.265664683195e-03,7.599362441147e-01,7.599352074608e-01
2.266606355965e-03,7.591766877121e-01,7.591756520943e-01
2.267548028734e-03,7.584178904862e-01,7.584168559035e-01
2.268489701503e-03,7.576598516783e-01,7.576588181297e-01
2.269431374273e-03,7.569025705303e-01,7.569015380147e-01
2.270373047042e-03,7.561460462849e-01,7.561450148014e-01
2.271314719812e-03,7.553902781857e-01,7.553892477331e-01
2.272256392581e-03,7.546352654768e-01,7.546342360541e-01
2.273198065350e-03,7.538810074032e-01,7.538799790094e-01
2.274139738120e-03,7.531275032107e-01,7.531264758448e-01
2.275081410889e-03,7.523747521457e-01,7.523737258067e-01
2.276023083659e-03,7.516227534556e-01,7.516217281424e-01
2.276964756428e-03,7.508715063883e-01,7.508704820999e-01
2.277906429197e-03,7.501210101925e-01,7.501199869279e-01
2.278848101967e-03,7.493712641179e-01,7.493702418760e-01
2.279789774736e-03,7.486222674145e-01,7.486212461944e-01
2.280731447506e-03,7.478740193335e-01,7.478729991340e-01
2.281673120275e-03,7.471265191265e-01,7.471254999468e-01
2.282614793044e-03,7.463797660462e-01,7.463787478851e-01
2.283556465814e-03,7.456337593457e-01,7.456327422022e-01
2.284498138583e-03,7.448884982790e-01,7.448874821522e-01
2.285439811353e-03,7.441439821008e-01,7.441429669896e-01
2.286381484122e-03,7.434002100667e-01,7.433991959701e-01
2.287323156892e-03,7.426571814329e-01,7.426561683499e-01
2.288264829661e-03,7.419148954563e-01,7.419138833859e-01
2.289206502430e-03,7.411733513947e-01,7.411723403358e-01
2.290148175200e-03,7.404325485064e-01,7.404315384581e-01
2.291089847969e-03,7.396924860508e-01,7.396914770121e-01
2.292031520739e-03,7.389531632878e-01,7.389521552576e-01
2.292973193508e-03,7.382145794779e-01,7.382135724553e-01
2.293914866277e-03,7.374767338827e-01,7.374757278666e-01
2.294856539047e-03,7.367396257643e-01,7.367386207537e-01
2.295798211816e-03,7.360032543856e-01,7.360022503795e-01
2.296739884586e-03,7.352676190102e-01,7.352666160076e-01
2.297681557355e-03,7.345327189025e-01,7.345317169024e-01
2.298623230124e-03,7.337985533276e-01,7.337975523290e-01
2.299564902894e-03,7.330651215513e-01,7.330641215531e-01
2.300506575663e-03,7.323324228401e-01,7.323314238415e-01
2.301448248433e-03,7.316004564615e-01,7.315994584613e-01
2.302389921202e-03,7.308692216833e-01,7.308682246807e-01
2.303331593971e-03,7.301387177745e-01,7.301377217684e-01
2.304273266741e-03,7.294089440044e-01,7.294079489938e-01
2.305214939510e-03,7.286798996433e-01,7.286789056272e-01
2.306156612280e-03,7.279515839622e-01,7.279505909396e-01
2.307098285049e-03,7.272239962328e-01,7.272230042027e-01
2.308039957818e-03,7.264971357274e-01,7.264961446888e-01
2.308981630588e-03,7.257710017191e-01,7.257700116712e-01
2.309923303357e-03,7.250455934820e-01,7.250446044236e-01
2.310864976127e-03,7.243209102905e-01,7.243199222206e-01
2.311806648896e-03,7.235969514200e-01,7.235959643377e-01
2.312748321666e-03,7.228737161465e-01,7.228727300508e-01
2.313689994435e-03,7.221512037467e-01,7.221502186366e-01
2.314631667204e-03,7.214294134983e-01,7.214284293728e-01
2.315573339974e-03,7.207083446793e-01,7.207073615374e-01
2.316515012743e-03,7.199879965687e-01,7.199870144095e-01
2.317456685513e-03,7.192683684461e-01,7.192673872686e-01
2.318398358282e-03,7.185494595920e-01,7.185484793952e-01
2.319340031051e-03,7.178312692874e-01,7.178302900703e-01
2.320281703821e-03,7.171137968142e-01,7.171128185757e-01
2.321223376590e-03,7.163970414548e-01,7.163960641941e-01
2.322165049360e-03,7.156810024924e-01,7.156800262086e-01
2.323106722129e-03,7.149656792112e-01,7.149647039031e-01
2.324048394898e-03,7.142510708957e-01,7.142500965624e-01
2.324990067668e-03,7.135371768313e-01,7.135362034719e-01
2.325931740437e-03,7.128239963042e-01,7.128230239176e-01
2.326873413207e-03,7.121115286011e-01,7.121105571865e-01
2.327815085976e-03,7.113997730096e-01,7.113988025659e-01
2.328756758745e-03,7.106887288180e-01,7.106877593442e-01
2.329698431515e-03,7.099783953151e-01,7.099774268103e-01
2.330640104284e-03,7.092687717907e-01,7.092678042539e-01
2.331581777054e-03,7.085598575351e-01,7.085588909654e-01
2.332523449823e-03,7.078516518394e-01,7.078506862358e-01
2.333465122592e-03,7.071441539955e-01,7.071431893570e-01
2.334406795362e-03,7.064373632957e-01,7.064363996214e-01
2.335348468131e-03,7.057312790334e-01,7.057303163222e-01
2.336290140901e-03,7.050259005024e-01,7.050249387535e-01
2.337231813670e-03,7.043212269974e-01,7.043202662097e-01
2.338173486440e-03,7.036172578136e-01,7.036162979863e-01
2.339115159209e-03,7.029139922472e-01,7.029130333792e-01
2.340056831978e-03,7.022114295948e-01,7.022104716852e-01
2.340998504748e-03,7.015095691539e-01,7.015086122018e-01
2.341940177517e-03,7.008084102227e-01,7.008074542270e-01
2.342881850287e-03,7.001079520999e-01,7.001069970597e-01
2.343823523056e-03,6.994081940851e-01,6.994072399995e-01
2.344765195825e-03,6.987091354786e-01,6.987081823466e-01
2.345706868595e-03,6.980107755813e-01,6.980098234019e-01
2.346648541364e-03,6.973131136948e-01,6.973121624671e-01
2.347590214134e-03,6.966161491214e-01,6.966151988445e-01
2.348531886903e-03,6.959198811643e-01,6.959189318372e-01
2.349473559672e-03,6.952243091271e-01,6.952233607489e-01
2.350415232442e-03,6.945294323143e-01,6.945284848840e-01
2.351356905211e-03,6.938352500310e-01,6.938343035476e-01
2.352298577981e-03,6.931417615830e-01,6.931408160456e-01
2.353240250750e-03,6.924489662768e-01,6.924480216845e-01
2.354181923519e-03,6.917568634196e-01,6.917559197714e-01
2.355123596289e-03,6.910654523194e-01,6.910645096143e-01
2.356065269058e-03,6.903747322846e-01,6.903737905218e-01
2.357006941828e-03,6.896847026247e-01,6.896837618032e-01
2.357948614597e-03,6.889953626495e-01,6.889944227683e-01
2.358890287367e-03,6.883067116697e-01,6.883057727280e-01
2.359831960136e-03,6.876187489967e-01,6.876178109934e-01
2.360773632905e-03,6.869314739425e-01,6.869305368768e-01
2.361715305675e-03,6.862448858198e-01,6.862439496907e-01
2.362656978444e-03,6.855589839421e-01,6.855580487486e-01
2.363598651214e-03,6.848737676234e-01,6.848728333647e-01
2.364540323983e-03,6.841892361786e-01,6.841883028536e-01
2.365481996752e-03,6.835053889230e-01,6.835044565309e-01
2.366423669522e-03,6.828222251729e-01,6.828212937127e-01
2.367365342291e-03,6.821397442451e-01,6.821388137159e-01
2.368307015061e-03,6.814579454570e-01,6.814570158579e-01
2.369248687830e-03,6.807768281270e-01,6.807758994570e-01
2.370190360599e-03,6.800963915738e-01,6.800954638321e-01
2.371132033369e-03,6.794166351171e-01,6.794157083027e-01
2.372073706138e-03,6.787375580771e-01,6.787366321890e-01
2.373015378908e-03,6.780591597747e-01,6.780582348120e-01
2.373957051677e-03,6.773814395316e-01,6.773805154934e-01
2.374898724446e-03,6.767043966699e-01,6.767034735553e-01
2.375840397216e-03,6.760280305127e-01,6.760271083207e-01
2.376782069985e-03,6.753523403835e-01,6.753514191133e-01
2.377723742755e-03,6.746773256068e-01,6.746764052573e-01
2.378665415524e-03,6.740029855074e-01,6.740020660779e-01
2.379607088293e-03,6.733293194111e-01,6.733284009005e-01
2.380548761063e-03,6.726563266441e-01,6.726554090516e-01
2.381490433832e-03,6.719840065336e-01,6.719830898582e-01
2.382432106602e-03,6.713123584071e-01,6.713114426479e-01
2.383373779371e-03,6.706413815930e-01,6.706404667491e-01
2.384315452141e-03,6.699710754203e-01,6.699701614909e-01
2.385257124910e-03,6.693014392188e-01,6.693005262028e-01
2.386198797679e-03,6.686324723188e-01,6.686315602154e-01
2.387140470449e-03,6.679641740513e-01,6.679632628595e-01
2.388082143218e-03,6.672965437481e-01,6.672956334670e-01
2.389023815988e-03,6.666295807414e-01,6.666286713701e-01
2.389965488757e-03,6.659632843644e-01,6.659623759020e-01
2.390907161526e-03,6.652976539507e-01,6.652967463964e-01
2.391848834296e-03,6.646326888347e-01,6.646317821875e-01
2.392790507065e-03,6.639683883515e-01,6.639674826104e-01
2.393732179835e-03,6.633047518367e-01,6.633038470009e-01
2.394673852604e-03,6.626417786267e-01,6.626408746953e-01
2.395615525373e-03,6.619794680585e-01,6.619785650307e-01
2.396557198143e-03,6.613178194699e-01,6.613169173446e-01
2.397498870912e-03,6.606568321992e-01,6.606559309755e-01
2.398440543682e-03,6.599965055853e-01,6.599956052624e-01
2.399382216451e-03,6.593368389680e-01,6.593359395450e-01
2.400323889220e-03,6.586778316876e-01,6.586769331636e-01
2.401265561990e-03,6.580194830851e-01,6.580185854591e-01
2.402207234759e-03,6.573617925021e-01,6.573608957733e-01
2.403148907529e-03,6.567047592809e-01,6.567038634485e-01
2.404090580298e-03,6.560483827646e-01,6.560474878275e-01
2.405032253067e-03,6.553926622967e-01,6.553917682541e-01
2.405973925837e-03,6.547375972215e-01,6.547367040725e-01
2.406915598606e-03,6.540831868840e-01,6.540822946277e-01
2.407857271376e-03,6.534294306297e-01,6.534285392653e-01
2.408798944145e-03,6.527763278050e-01,6.527754373314e-01
2.409740616915e-03,6.521238777565e-01,6.521229881730e-01
2.410682289684e-03,6.514720798321e-01,6.514711911377e-01
2.411623962453e-03,6.508209333797e-01,6.508200455736e-01
2.412565635223e-03,6.501704377484e-01,6.501695508296e-01
2.413507307992e-03,6.495205922875e-01,6.495197062552e-01
2.414448980762e-03,6.488713963473e-01,6.488705112006e-01
2.415390653531e-03,6.482228492785e-01,6.482219650165e-01
2.416332326300e-03,6.475749504327e-01,6.475740670545e-01
2.417273999070e-03,6.469276991618e-01,6.469268166665e-01
2.418215671839e-03,6.462810948187e-01,6.462802132055e-01
2.419157344609e-03,6.456351367567e-01,6.456342560247e-01
2.420099017378e-03,6.449898243300e-01,6.449889444782e-01
2.421040690147e-03,6.443451568931e-01,6.443442779207e-01
2.421982362917e-03,6.437011338014e-01,6.437002557076e-01
2.422924035686e-03,6.430577544109e-01,6.430568771948e-01
2.423865708456e-03,6.424150180782e-01,6.424141417389e-01
2.424807381225e-03,6.417729241606e-01,6.417720486971e-01
2.425749053994e-03,6.411314720160e-01,6.411305974275e-01
2.426690726764e-03,6.404906610029e-01,6.404897872886e-01
2.427632399533e-03,6.398504904805e-01,6.398496176395e-01
2.428574072303e-03,6.392109598086e-01,6.392100878400e-01
2.429515745072e-03,6.385720683478e-01,6.385711972507e-01
2.430457417841e-03,6.379338154591e-01,6.379329452327e-01
2.431399090611e-03,6.372962005042e-01,6.372953311476e-01
2.432340763380e-03,6.366592228456e-01,6.366583543579e-01
2.433282436150e-03,6.360228818463e-01,6.360220142267e-01
2.434224108919e-03,6.353871768699e-01,6.353863101175e-01
2.435165781689e-03,6.347521072808e-01,6.347512413946e-01
2.436107454458e-03,6.341176724438e-01,6.341168074231e-01
2.437049127227e-03,6.334838717245e-01,6.334830075684e-01
2.437990799997e-03,6.328507044892e-01,6.328498411968e-01
2.438932472766e-03,6.322181701046e-01,6.322173076751e-01
2.439874145536e-03,6.315862679382e-01,6.315854063707e-01
2.440815818305e-03,6.309549973582e-01,6.309541366518e-01
2.441757491074e-03,6.303243577332e-01,6.303234978871e-01
2.442699163844e-03,6.296943484326e-01,6.296934894459e-01
2.443640836613e-03,6.290649688264e-01,6.290641106983e-01
2.444582509383e-03,6.284362182853e-01,6.284353610148e-01
2.445524182152e-03,6.278080961804e-01,6.278072397668e-01
2.446465854921e-03,6.271806018836e-01,6.271797463260e-01
2.447407527691e-03,6.265537347676e-01,6.265528800651e-01
2.448349200460e-03,6.259274942053e-01,6.259266403571e-01
2.449290873230e-03,6.253018795705e-01,6.253010265757e-01
2.450232545999e-03,6.246768902377e-01,6.246760380955e-01
2.451174218768e-03,6.240525255818e-01,6.240516742913e-01
2.452115891538e-03,6.234287849785e-01,6.234279345389e-01
2.453057564307e-03,6.228056678040e-01,6.228048182144e-01
2.453999237077e-03,6.221831734353e-01,6.221823246948e-01
2.454940909846e-03,6.215613012498e-01,6.215604533576e-01
2.455882582616e-03,6.209400506256e-01,6.209392035809e-01
2.456824255385e-03,6.203194209415e-01,6.203185747435e-01
2.457765928154e-03,6.196994115769e-01,6.196985662247e-01
2.458707600924e-03,6.190800219118e-01,6.190791774045e-01
2.459649273693e-03,6.184612513268e-01,6.184604076635e-01
2.460590946463e-03,6.178430992030e-01,6.178422563830e-01
2.461532619232e-03,6.172255649224e-01,6.172247229448e-01
2.462474292001e-03,6.166086478674e-01,6.166078067314e-01
2.463415964771e-03,6.159923474211e-01,6.159915071258e-01
2.464357637540e-03,6.153766629672e-01,6.153758235118e-01
2.465299310310e-03,6.147615938901e-01,6.147607552737e-01
2.466240983079e-03,6.141471395745e-01,6.141463017963e-01
2.467182655848e-03,6.135332994062e-01,6.135324624653e-01
2.468124328618e-03,6.129200727712e-01,6.129192366669e-01
2.469066001387e-03,6.123074590564e-01,6.123066237877e-01
2.470007674157e-03,6.116954576490e-01,6.116946232152e-01
2.470949346926e-03,6.110840679372e-01,6.110832343374e-01
2.471891019695e-03,6.104732893094e-01,6.104724565428e-01
2.472832692465e-03,6.098631211551e-01,6.098622892208e-01
2.473774365234e-03,6.092535628638e-01,6.092527317611e-01
2.474716038004e-03,6.086446138262e-01,6.086437835542e-01
2.475657710773e-03,6.080362734333e-01,6.080354439911e-01
2.476599383542e-03,6.074285410767e-01,6.074277124635e-01
2.477541056312e-03,6.068214161487e-01,6.068205883637e-01
2.478482729081e-03,6.062148980421e-01,6.062140710845e-01
2.479424401851e-03,6.056089861505e-01,6.056081600195e-01
2.480366074620e-03,6.050036798680e-01,6.050028545626e-01
2.481307747390e-03,6.043989785891e-01,6.043981541087e-01
2.482249420159e-03,6.037948817093e-01,6.037940580529e-01
2.483191092928e-03,6.031913886244e-01,6.031905657913e-01
2.484132765698e-03,6.025884987310e-01,6.025876767203e-01
2.485074438467e-03,6.019862114261e-01,6.019853902370e-01
2.486016111237e-03,6.013845261075e-01,6.013837057392e-01
2.486957784006e-03,6.007834421734e-01,6.007826226251e-01
2.487899456775e-03,6.001829590229e-01,6.001821402936e-01
2.488841129545e-03,5.995830760553e-01,5.995822581444e-01
2.489782802314e-03,5.989837926709e-01,5.989829755775e-01
2.490724475084e-03,5.983851082703e-01,5.983842919936e-01
2.491666147853e-03,5.977870222549e-01,5.977862067940e-01
2.492607820622e-03,5.971895340265e-01,5.971887193807e-01
2.493549493392e-03,5.965926429878e-01,5.965918291562e-01
2.494491166161e-03,5.959963485417e-01,5.959955355236e-01
2.495432838931e-03,5.954006500920e-01,5.953998378865e-01
2.496374511700e-03,5.948055470431e-01,5.948047356493e-01
2.497316184469e-03,5.942110387997e-01,5.942102282169e-01
2.498257857239e-03,5.936171247674e-01,5.936163149948e-01
2.499199530008e-03,5.930238043523e-01,5.930229953891e-01
2.500141202778e-03,5.924310769610e-01,5.924302688064e-01
2.501082875547e-03,5.918389420009e-01,5.918381346540e-01
2.502024548316e-03,5.912473988797e-01,5.912465923398e-01
2.502966221086e-03,5.906564470060e-01,5.906556412722e-01
2.503907893855e-03,5.900660857888e-01,5.900652808604e-01
2.504849566625e-03,5.894763146378e-01,5.894755105138e-01
2.505791239394e-03,5.888871329631e-01,5.888863296428e-01
2.506732912164e-03,5.882985401755e-01,5.882977376582e-01
2.507674584933e-03,5.877105356866e-01,5.877097339714e-01
2.508616257702e-03,5.871231189083e-01,5.871223179944e-01
2.509557930472e-03,5.865362892531e-01,5.865354891397e-01
2.510499603241e-03,5.859500461342e-01,5.859492468206e-01
2.511441276011e-03,5.853643889655e-01,5.853635904508e-01
2.512382948780e-03,5.847793171612e-01,5.847785194446e-01
2.513324621549e-03,5.841948301363e-01,5.841940332170e-01
2.514266294319e-03,5.836109273062e-01,5.836101311834e-01
2.515207967088e-03,5.830276080871e-01,5.830268127601e-01
2.516149639858e-03,5.824448718957e-01,5.824440773636e-01
2.517091312627e-03,5.818627181492e-01,5.818619244112e-01
2.518032985396e-03,5.812811462654e-01,5.812803533208e-01
2.518974658166e-03,5.807001556629e-01,5.806993635108e-01
2.519916330935e-03,5.801197457605e-01,5.801189544002e-01
2.520858003705e-03,5.795399159780e-01,5.795391254086e-01
2.521799676474e-03,5.789606657354e-01,5.789598759562e-01
2.522741349243e-03,5.783819944535e-01,5.783812054637e-01
2.523683022013e-03,5.778039015537e-01,5.778031133525e-01
2.524624694782e-03,5.772263864578e-01,5.772255990444e-01
2.525566367552e-03,5.766494485884e-01,5.766486619620e-01
2.526508040321e-03,5.760730873684e-01,5.760723015283e-01
2.527449713091e-03,5.754973022216e-01,5.754965171669e-01
2.528391385860e-03,5.749220925721e-01,5.749213083021e-01
2.529333058629e-03,5.743474578448e-01,5.743466743586e-01
2.530274731399e-03,5.737733974650e-01,5.737726147619e-01
2.531216404168e-03,5.731999108586e-01,5.731991289379e-01
2.532158076938e-03,5.726269974522e-01,5.726262163130e-01
2.533099749707e-03,5.720546566729e-01,5.720538763144e-01
2.534041422476e-03,5.714828879482e-01,5.714821083697e-01
2.534983095246e-03,5.709116907065e-01,5.709109119071e-01
2.535924768015e-03,5.703410643765e-01,5.703402863556e-01
2.536866440785e-03,5.697710083876e-01,5.697702311443e-01
2.537808113554e-03,5.692015221698e-01,5.692007457033e-01
2.538749786323e-03,5.686326051535e-01,5.686318294632e-01
2.539691459093e-03,5.680642567699e-01,5.680634818549e-01
2.540633131862e-03,5.674964764506e-01,5.674957023101e-01
2.541574804632e-03,5.669292636279e-01,5.669284902611e-01
2.542516477401e-03,5.663626177344e-01,5.663618451406e-01
2.543458150170e-03,5.657965382036e-01,5.657957663820e-01
2.544399822940e-03,5.652310244694e-01,5.652302534192e-01
2.545341495709e-03,5.646660759663e-01,5.646653056868e-01
2.546283168479e-03,5.641016921292e-01,5.641009226196e-01
2.547224841248e-03,5.635378723940e-01,5.635371036535e-01
2.548166514017e-03,5.629746161966e-01,5.629738482245e-01
2.549108186787e-03,5.624119229739e-01,5.624111557694e-01
2.550049859556e-03,5.618497921632e-01,5.618490257255e-01
2.550991532326e-03,5.612882232023e-01,5.612874575307e-01
2.551933205095e-03,5.607272155297e-01,5.607264506233e-01
2.552874877865e-03,5.601667685843e-01,5.601660044425e-01
2.553816550634e-03,5.596068818058e-01,5.596061184277e-01
2.554758223403e-03,5.590475546342e-01,5.590467920191e-01
2.555699896173e-03,5.584887865102e-01,5.584880246573e-01
2.556641568942e-03,5.579305768750e-01,5.579298157836e-01
2.557583241712e-03,5.573729251704e-01,5.573721648398e-01
2.558524914481e-03,5.568158308389e-01,5.568150712682e-01
2.559466587250e-03,5.562592933232e-01,5.562585345116e-01
2.560408260020e-03,5.557033120668e-01,5.557025540137e-01
2.561349932789e-03,5.551478865138e-01,5.551471292184e-01
2.562291605559e-03,5.545930161087e-01,5.545922595702e-01
2.563233278328e-03,5.540387002967e-01,5.540379445144e-01
2.564174951097e-03,5.534849385235e-01,5.534841834965e-01
2.565116623867e-03,5.529317302352e-01,5.529309759629e-01
2.566058296636e-03,5.523790748787e-01,5.523783213603e-01
2.566999969406e-03,5.518269719013e-01,5.518262191360e-01
2.567941642175e-03,5.512754207509e-01,5.512746687381e-01
2.568883314944e-03,5.507244208760e-01,5.507236696148e-01
2.569824987714e-03,5.501739717256e-01,5.501732212153e-01
2.570766660483e-03,5.496240727492e-01,5.496233229890e-01
2.571708333253e-03,5.490747233969e-01,5.490739743861e-01
2.572650006022e-03,5.485259231194e-01,5.485251748572e-01
2.573591678791e-03,5.479776713678e-01,5.479769238535e-01
2.574533351561e-03,5.474299675940e-01,5.474292208268e-01
2.575475024330e-03,5.468828112501e-01,5.468820652294e-01
2.576416697100e-03,5.463362017892e-01,5.463354565141e-01
2.577358369869e-03,5.457901386645e-01,5.457893941343e-01
2.578300042639e-03,5.452446213299e-01,5.452438775439e-01
2.579241715408e-03,5.446996492400e-01,5.446989061974e-01
2.580183388177e-03,5.441552218499e-01,5.441544795499e-01
2.581125060947e-03,5.436113386150e-01,5.436105970569e-01
2.582066733716e-03,5.430679989914e-01,5.430672581746e-01
2.583008406486e-03,5.425252024360e-01,5.425244623596e-01
2.583950079255e-03,5.419829484057e-01,5.419822090690e-01
2.584891752024e-03,5.414412363585e-01,5.414404977608e-01
2.585833424794e-03,5.409000657525e-01,5.408993278930e-01
2.586775097563e-03,5.403594360467e-01,5.403586989247e-01
2.587716770333e-03,5.398193467003e-01,5.398186103151e-01
2.588658443102e-03,5.392797971733e-01,5.392790615241e-01
2.589600115871e-03,5.387407869262e-01,5.387400520123e-01
2.590541788641e-03,5.382023154199e-01,5.382015812405e-01
2.591483461410e-03,5.376643821160e-01,5.376636486704e-01
2.592425134180e-03,5.371269864765e-01,5.371262537639e-01
2.593366806949e-03,5.365901279640e-01,5.365893959838e-01
2.594308479718e-03,5.360538060417e-01,5.360530747931e-01
2.595250152488e-03,5.355180201732e-01,5.355172896555e-01
2.596191825257e-03,5.349827698228e-01,5.349820400353e-01
2.597133498027e-03,5.344480544552e-01,5.344473253971e-01
2.598075170796e-03,5.339138735358e-01,5.339131452064e-01
2.599016843565e-03,5.333802265302e-01,5.333794989288e-01
2.599958516335e-03,5.328471129049e-01,5.328463860307e-01
2.600900189104e-03,5.323145321268e-01,5.323138059791e-01
2.601841861874e-03,5.317824836632e-01,5.317817582413e-01
2.602783534643e-03,5.312509669822e-01,5.312502422853e-01
2.603725207413e-03,5.307199815522e-01,5.307192575797e-01
2.604666880182e-03,5.301895268422e-01,5.301888035933e-01
2.605608552951e-03,5.296596023217e-01,5.296588797957e-01
2.606550225721e-03,5.291302074610e-01,5.291294856571e-01
2.607491898490e-03,5.286013417304e-01,5.286006206480e-01
2.608433571260e-03,5.280730046013e-01,5.280722842396e-01
2.609375244029e-03,5.275451955452e-01,5.275444759035e-01
2.610316916798e-03,5.270179140344e-01,5.270171951120e-01
2.611258589568e-03,5.264911595415e-01,5.264904413376e-01
2.612200262337e-03,5.259649315398e-01,5.259642140538e-01
2.613141935107e-03,5.254392295031e-01,5.254385127342e-01
2.614083607876e-03,5.249140529056e-01,5.249133368532e-01
2.615025280645e-03,5.243894012223e-01,5.243886858855e-01
2.615966953415e-03,5.238652739284e-01,5.238645593066e-01
2.616908626184e-03,5.233416704998e-01,5.233409565923e-01
2.617850298954e-03,5.228185904129e-01,5.228178772190e-01
2.618791971723e-03,5.222960331447e-01,5.222953206636e-01
2.619733644492e-03,5.217739981726e-01,5.217732864036e-01
2.620675317262e-03,5.212524849744e-01,5.212517739169e-01
2.621616990031e-03,5.207314930289e-01,5.207307826820e-01
2.622558662801e-03,5.202110218148e-01,5.202103121779e-01
2.623500335570e-03,5.196910708118e-01,5.196903618842e-01
2.624442008340e-03,5.191716395000e-01,5.191709312809e-01
2.625383681109e-03,5.186527273598e-01,5.186520198486e-01
2.626325353878e-03,5.181343338724e-01,5.181336270683e-01
2.627267026648e-03,5.176164585193e-01,5.176157524218e-01
2.628208699417e-03,5.170991007828e-01,5.170983953910e-01
2.629150372187e-03,5.165822601454e-01,5.165815554586e-01
2.630092044956e-03,5.160659360903e-01,5.160652321078e-01
2.631033717725e-03,5.155501281012e-01,5.155494248224e-01
2.631975390495e-03,5.150348356622e-01,5.150341330864e-01
2.632917063264e-03,5.145200582582e-01,5.145193563845e-01
2.633858736034e-03,5.140057953742e-01,5.140050942021e-01
2.634800408803e-03,5.134920464961e-01,5.134913460248e-01
2.635742081572e-03,5.129788111101e-01,5.129781113389e-01
2.636683754342e-03,5.124660887029e-01,5.124653896311e-01
2.637625427111e-03,5.119538787618e-01,5.119531803888e-01
2.638567099881e-03,5.114421807747e-01,5.114414830997e-01
2.639508772650e-03,5.109309942298e-01,5.109302972521e-01
2.640450445419e-03,5.104203186159e-01,5.104196223349e-01
2.641392118189e-03,5.099101534224e-01,5.099094578373e-01
2.642333790958e-03,5.094004981391e-01,5.093998032492e-01
2.643275463728e-03,5.088913522564e-01,5.088906580610e-01
2.644217136497e-03,5.083827152650e-01,5.083820217635e-01
2.645158809266e-03,5.078745866564e-01,5.078738938480e-01
2.646100482036e-03,5.073669659224e-01,5.073662738065e-01
2.647042154805e-03,5.068598525554e-01,5.068591611313e-01
2.647983827575e-03,5.063532460483e-01,5.063525553153e-01
2.648925500344e-03,5.058471458945e-01,5.058464558519e-01
2.649867173114e-03,5.053415515879e-01,5.053408622349e-01
2.650808845883e-03,5.048364626229e-01,5.048357739589e-01
2.651750518652e-03,5.043318784944e-01,5.043311905187e-01
2.652692191422e-03,5.038277986978e-01,5.038271114098e-01
2.653633864191e-03,5.033242227290e-01,5.033235361280e-01
2.654575536961e-03,5.028211500846e-01,5.028204641698e-01
2.655517209730e-03,5.023185802613e-01,5.023178950320e-01
2.656458882499e-03,5.018165127566e-01,5.018158282123e-01
2.657400555269e-03,5.013149470685e-01,5.013142632083e-01
2.658342228038e-03,5.008138826954e-01,5.008131995187e-01
2.659283900808e-03,5.003133191361e-01,5.003126366424e-01
2.660225573577e-03,4.998132558903e-01,4.998125740787e-01
2.661167246346e-03,4.993136924578e-01,4.993130113276e-01
2.662108919116e-03,4.988146283390e-01,4.988139478896e-01
2.663050591885e-03,4.983160630348e-01,4.983153832656e-01
2.663992264655e-03,4.978179960468e-01,4.978173169569e-01
2.664933937424e-03,4.973204268768e-01,4.973197484657e-01
2.665875610193e-03,4.968233550273e-01,4.968226772942e-01
2.666817282963e-03,4.963267800011e-01,4.963261029455e-01
2.667758955732e-03,4.958307013018e-01,4.958300249229e-01
2.668700628502e-03,4.953351184332e-01,4.953344427304e-01
2.669642301271e-03,4.948400308998e-01,4.948393558723e-01
2.670583974040e-03,4.943454382065e-01,4.943447638537e-01
2.671525646810e-03,4.938513398586e-01,4.938506661799e-01
2.672467319579e-03,4.933577353622e-01,4.933570623567e-01
2.673408992349e-03,4.928646242235e-01,4.928639518907e-01
2.674350665118e-03,4.923720059494e-01,4.923713342886e-01
2.675292337888e-03,4.918798800474e-01,4.918792090580e-01
2.676234010657e-03,4.913882460254e-01,4.913875757066e-01
2.677175683426e-03,4.908971033916e-01,4.908964337428e-01
2.678117356196e-03,4.904064516550e-01,4.904057826755e-01
2.679059028965e-03,4.899162903248e-01,4.899156220140e-01
2.680000701735e-03,4.894266189110e-01,4.894259512681e-01
2.680942374504e-03,4.889374369238e-01,4.889367699483e-01
2.681884047273e-03,4.884487438742e-01,4.884480775652e-01
2.682825720043e-03,4.879605392733e-01,4.879598736303e-01
2.683767392812e-03,4.874728226330e-01,4.874721576553e-01
2.684709065582e-03,4.869855934655e-01,4.869849291525e-01
2.685650738351e-03,4.864988512837e-01,4.864981876347e-01
2.686592411120e-03,4.860125956008e-01,4.860119326151e-01
2.687534083890e-03,4.855268259305e-01,4.855261636075e-01
2.688475756659e-03,4.850415417871e-01,4.850408801260e-01
2.689417429429e-03,4.845567426853e-01,4.845560816855e-01
2.690359102198e-03,4.840724281402e-01,4.840717678011e-01
2.691300774967e-03,4.835885976676e-01,4.835879379886e-01
2.692242447737e-03,4.831052507837e-01,4.831045917640e-01
2.693184120506e-03,4.826223870050e-01,4.826217286440e-01
2.694125793276e-03,4.821400058488e-01,4.821393481458e-01
2.695067466045e-03,4.816581068326e-01,4.816574497870e-01
2.696009138814e-03,4.811766894746e-01,4.811760330857e-01
2.696950811584e-03,4.806957532933e-01,4.806950975604e-01
2.697892484353e-03,4.802152978077e-01,4.802146427303e-01
2.698834157123e-03,4.797353225376e-01,4.797346681149e-01
2.699775829892e-03,4.792558270028e-01,4.792551732342e-01
2.700717502662e-03,4.787768107238e-01,4.787761576087e-01
2.701659175431e-03,4.782982732217e-01,4.782976207594e-01
2.702600848200e-03,4.778202140179e-01,4.778195622077e-01
2.703542520970e-03,4.773426326344e-01,4.773419814757e-01
2.704484193739e-03,4.768655285936e-01,4.768648780857e-01
2.705425866509e-03,4.763889014183e-01,4.763882515606e-01
2.706367539278e-03,4.759127506319e-01,4.759121014238e-01
2.707309212047e-03,4.754370757584e-01,4.754364271991e-01
2.708250884817e-03,4.749618763219e-01,4.749612284109e-01
2.709192557586e-03,4.744871518474e-01,4.744865045839e-01
2.710134230356e-03,4.740129018601e-01,4.740122552435e-01
2.711075903125e-03,4.735391258857e-01,4.735384799154e-01
2.712017575894e-03,4.730658234505e-01,4.730651781259e-01
2.712959248664e-03,4.725929940811e-01,4.725923494015e-01
2.713900921433e-03,4.721206373048e-01,4.721199932695e-01
2.714842594203e-03,4.716487526491e-01,4.716481092576e-01
2.715784266972e-03,4.711773396422e-01,4.711766968938e-01
2.716725939741e-03,4.707063978128e-01,4.707057557067e-01
2.717667612511e-03,4.702359266897e-01,4.702352852255e-01
2.718609285280e-03,4.697659258026e-01,4.697652849796e-01
2.719550958050e-03,4.692963946815e-01,4.692957544989e-01
2.720492630819e-03,4.688273328568e-01,4.688266933141e-01
2.721434303589e-03,4.683587398595e-01,4.683581009560e-01
2.722375976358e-03,4.678906152210e-01,4.678899769561e-01
2.723317649127e-03,4.674229584731e-01,4.674223208462e-01
2.724259321897e-03,4.669557691482e-01,4.669551321586e-01
2.725200994666e-03,4.664890467792e-01,4.664884104262e-01
2.726142667436e-03,4.660227908992e-01,4.660221551822e-01
2.727084340205e-03,4.655570010420e-01,4.655563659605e-01
2.728026012974e-03,4.650916767419e-01,4.650910422951e-01
2.728967685744e-03,4.646268175335e-01,4.646261837209e-01
2.729909358513e-03,4.641624229520e-01,4.641617897728e-01
2.730851031283e-03,4.636984925329e-01,4.636978599866e-01
2.731792704052e-03,4.632350258123e-01,4.632343938983e-01
2.732734376821e-03,4.627720223269e-01,4.627713910444e-01
2.733676049591e-03,4.623094816134e-01,4.623088509619e-01
2.734617722360e-03,4.618474032095e-01,4.618467731884e-01
2.735559395130e-03,4.613857866531e-01,4.613851572616e-01
2.736501067899e-03,4.609246314824e-01,4.609240027200e-01
2.737442740668e-03,4.604639372365e-01,4.604633091025e-01
2.738384413438e-03,4.600037034545e-01,4.600030759484e-01
2.739326086207e-03,4.595439296762e-01,4.595433027973e-01
2.740267758977e-03,4.590846154419e-01,4.590839891896e-01
2.741209431746e-03,4.586257602923e-01,4.586251346659e-01
2.742151104515e-03,4.581673637685e-01,4.581667387674e-01
2.743092777285e-03,4.577094254120e-01,4.577088010356e-01
2.744034450054e-03,4.572519447651e-01,4.572513210127e-01
2.744976122824e-03,4.567949213701e-01,4.567942982412e-01
2.745917795593e-03,4.563383547701e-01,4.563377322640e-01
2.746859468363e-03,4.558822445084e-01,4.558816226245e-01
2.747801141132e-03,4.554265901291e-01,4.554259688668e-01
2.748742813901e-03,4.549713911764e-01,4.549707705350e-01
2.749684486671e-03,4.545166471951e-01,4.545160271740e-01
2.750626159440e-03,4.540623577305e-01,4.540617383292e-01
2.751567832210e-03,4.536085223283e-01,4.536079035460e-01
2.752509504979e-03,4.531551405346e-01,4.531545223709e-01
2.753451177748e-03,4.527022118962e-01,4.527015943502e-01
2.754392850518e-03,4.522497359599e-01,4.522491190313e-01
2.755334523287e-03,4.517977122735e-01,4.517970959614e-01
2.756276196057e-03,4.513461403848e-01,4.513455246887e-01
2.757217868826e-03,4.508950198423e-01,4.508944047616e-01
2.758159541595e-03,4.504443501948e-01,4.504437357289e-01
2.759101214365e-03,4.499941309917e-01,4.499935171400e-01
2.760042887134e-03,4.495443617828e-01,4.495437485446e-01
2.760984559904e-03,4.490950421183e-01,4.490944294931e-01
2.761926232673e-03,4.486461715489e-01,4.486455595360e-01
2.762867905442e-03,4.481977496257e-01,4.481971382244e-01
2.763809578212e-03,4.477497759002e-01,4.477491651101e-01
2.764751250981e-03,4.473022499246e-01,4.473016397450e-01
2.765692923751e-03,4.468551712513e-01,4.468545616815e-01
2.766634596520e-03,4.464085394332e-01,4.464079304727e-01
2.767576269289e-03,4.459623540236e-01,4.459617456718e-01
2.768517942059e-03,4.455166145765e-01,4.455160068327e-01
2.769459614828e-03,4.450713206460e-01,4.450707135096e-01
2.770401287598e-03,4.446264717868e-01,4.446258652573e-01
2.771342960367e-03,4.441820675542e-01,4.441814616309e-01
2.772284633137e-03,4.437381075036e-01,4.437375021860e-01
2.773226305906e-03,4.432945911913e-01,4.432939864786e-01
2.774167978675e-03,4.428515181735e-01,4.428509140652e-01
2.775109651445e-03,4.424088880073e-01,4.424082845028e-01
2.776051324214e-03,4.419667002500e-01,4.419660973488e-01
2.776992996984e-03,4.415249544595e-01,4.415243521608e-01
2.777934669753e-03,4.410836501939e-01,4.410830484973e-01
2.778876342522e-03,4.406427870121e-01,4.406421859168e-01
2.779818015292e-03,4.402023644730e-01,4.402017639786e-01
2.780759688061e-03,4.397623821364e-01,4.397617822421e-01
2.781701360831e-03,4.393228395622e-01,4.393222402675e-01
2.782643033600e-03,4.388837363108e-01,4.388831376151e-01
2.783584706369e-03,4.384450719432e-01,4.384444738460e-01
2.784526379139e-03,4.380068460208e-01,4.380062485213e-01
2.785468051908e-03,4.375690581052e-01,4.375684612029e-01
2.786409724678e-03,4.371317077587e-01,4.371311114530e-01
2.787351397447e-03,4.366947945440e-01,4.366941988343e-01
2.788293070216e-03,4.362583180241e-01,4.362577229098e-01
2.789234742986e-03,4.358222777625e-01,4.358216832431e-01
2.790176415755e-03,4.353866733233e-01,4.353860793980e-01
2.791118088525e-03,4.349515042707e-01,4.349509109391e-01
2.792059761294e-03,4.345167701697e-01,4.345161774312e-01
2.793001434063e-03,4.340824705855e-01,4.340818784394e-01
2.793943106833e-03,4.336486050839e-01,4.336480135296e-01
2.794884779602e-03,4.332151732308e-01,4.332145822678e-01
2.795826452372e-03,4.327821745930e-01,4.327815842207e-01
2.796768125141e-03,4.323496087374e-01,4.323490189551e-01
2.797709797911e-03,4.319174752314e-01,4.319168860386e-01
2.798651470680e-03,4.314857736429e-01,4.314851850391e-01
2.799593143449e-03,4.310545035403e-01,4.310539155247e-01
2.800534816219e-03,4.306236644922e-01,4.306230770643e-01
2.801476488988e-03,4.301932560678e-01,4.301926692271e-01
2.802418161758e-03,4.297632778366e-01,4.297626915825e-01
2.803359834527e-03,4.293337293688e-01,4.293331437006e-01
2.804301507296e-03,4.289046102348e-01,4.289040251520e-01
2.805243180066e-03,4.284759200054e-01,4.284753355074e-01
2.806184852835e-03,4.280476582520e-01,4.280470743381e-01
2.807126525605e-03,4.276198245462e-01,4.276192412160e-01
2.808068198374e-03,4.271924184603e-01,4.271918357132e-01
2.809009871143e-03,4.267654395669e-01,4.267648574022e-01
2.809951543913e-03,4.263388874389e-01,4.263383058561e-01
2.810893216682e-03,4.259127616499e-01,4.259121806484e-01
2.811834889452e-03,4.254870617737e-01,4.254864813528e-01
2.812776562221e-03,4.250617873845e-01,4.250612075438e-01
2.813718234990e-03,4.246369380572e-01,4.246363587961e-01
2.814659907760e-03,4.242125133669e-01,4.242119346847e-01
2.815601580529e-03,4.237885128891e-01,4.237879347853e-01
2.816543253299e-03,4.233649361998e-01,4.233643586739e-01
2.817484926068e-03,4.229417828756e-01,4.229412059268e-01
2.818426598838e-03,4.225190524931e-01,4.225184761210e-01
2.819368271607e-03,4.220967446297e-01,4.220961688337e-01
2.820309944376e-03,4.216748588631e-01,4.216742836427e-01
2.821251617146e-03,4.212533947714e-01,4.212528201259e-01
2.822193289915e-03,4.208323519332e-01,4.208317778620e-01
2.823134962685e-03,4.204117299273e-01,4.204111564299e-01
2.824076635454e-03,4.199915283332e-01,4.199909554090e-01
2.825018308223e-03,4.195717467306e-01,4.195711743791e-01
2.825959980993e-03,4.191523846999e-01,4.191518129204e-01
2.826901653762e-03,4.187334418215e-01,4.187328706135e-01
2.827843326532e-03,4.183149176766e-01,4.183143470396e-01
2.828784999301e-03,4.178968118467e-01,4.178962417800e-01
2.829726672070e-03,4.174791239137e-01,4.174785544167e-01
2.830668344840e-03,4.170618534597e-01,4.170612845320e-01
2.831610017609e-03,4.166450000677e-01,4.166444317086e-01
2.832551690379e-03,4.162285633207e-01,4.162279955297e-01
2.833493363148e-03,4.158125428023e-01,4.158119755788e-01
2.834435035917e-03,4.153969380965e-01,4.153963714399e-01
2.835376708687e-03,4.149817487877e-01,4.149811826975e-01
2.836318381456e-03,4.145669744606e-01,4.145664089362e-01
2.837260054226e-03,4.141526147006e-01,4.141520497414e-01
2.838201726995e-03,4.137386690932e-01,4.137381046987e-01
2.839143399764e-03,4.133251372245e-01,4.133245733941e-01
2.840085072534e-03,4.129120186809e-01,4.129114554141e-01
2.841026745303e-03,4.124993130495e-01,4.124987503456e-01
2.841968418073e-03,4.120870199173e-01,4.120864577759e-01
2.842910090842e-03,4.116751388723e-01,4.116745772927e-01
2.843851763612e-03,4.112636695024e-01,4.112631084841e-01
2.844793436381e-03,4.108526113962e-01,4.108520509387e-01
2.845735109150e-03,4.104419641426e-01,4.104414042453e-01
2.846676781920e-03,4.100317273311e-01,4.100311679934e-01
2.847618454689e-03,4.096219005513e-01,4.096213417726e-01
2.848560127459e-03,4.092124833934e-01,4.092119251733e-01
2.849501800228e-03,4.088034754481e-01,4.088029177859e-01
2.850443472997e-03,4.083948763063e-01,4.083943192014e-01
2.851385145767e-03,4.079866855593e-01,4.079861290114e-01
2.852326818536e-03,4.075789027992e-01,4.075783468074e-01
2.853268491306e-03,4.071715276179e-01,4.071709721819e-01
2.854210164075e-03,4.067645596082e-01,4.067640047273e-01
2.855151836844e-03,4.063579983631e-01,4.063574440368e-01
2.856093509614e-03,4.059518434760e-01,4.059512897038e-01
2.857035182383e-03,4.055460945408e-01,4.055455413221e-01
2.857976855153e-03,4.051407511517e-01,4.051401984860e-01
2.858918527922e-03,4.047358129035e-01,4.047352607901e-01
2.859860200691e-03,4.043312793910e-01,4.043307278295e-01
2.860801873461e-03,4.039271502099e-01,4.039265991997e-01
2.861743546230e-03,4.035234249560e-01,4.035228744965e-01
2.862685219000e-03,4.031201032255e-01,4.031195533162e-01
2.863626891769e-03,4.027171846151e-01,4.027166352554e-01
2.864568564538e-03,4.023146687220e-01,4.023141199114e-01
2.865510237308e-03,4.019125551436e-01,4.019120068815e-01
2.866451910077e-03,4.015108434778e-01,4.015102957637e-01
2.867393582847e-03,4.011095333228e-01,4.011089861562e-01
2.868335255616e-03,4.007086242774e-01,4.007080776577e-01
2.869276928386e-03,4.003081159407e-01,4.003075698673e-01
2.870218601155e-03,3.999080079121e-01,3.999074623845e-01
2.871160273924e-03,3.995082997916e-01,3.995077548092e-01
2.872101946694e-03,3.991089911793e-01,3.991084467417e-01
2.873043619463e-03,3.987100816762e-01,3.987095377827e-01
2.873985292233e-03,3.983115708831e-01,3.983110275332e-01
2.874926965002e-03,3.979134584016e-01,3.979129155948e-01
2.875868637771e-03,3.975157438336e-01,3.975152015694e-01
2.876810310541e-03,3.971184267814e-01,3.971178850592e-01
2.877751983310e-03,3.967215068477e-01,3.967209656669e-01
2.878693656080e-03,3.963249836355e-01,3.963244429956e-01
2.879635328849e-03,3.959288567483e-01,3.959283166488e-01
2.880577001618e-03,3.955331257900e-01,3.955325862303e-01
2.881518674388e-03,3.951377903649e-01,3.951372513445e-01
2.882460347157e-03,3.947428500776e-01,3.947423115959e-01
2.883402019927e-03,3.943483045332e-01,3.943477665897e-01
2.884343692696e-03,3.939541533371e-01,3.939536159313e-01
2.885285365465e-03,3.935603960952e-01,3.935598592266e-01
2.886227038235e-03,3.931670324137e-01,3.931664960817e-01
2.887168711004e-03,3.927740618993e-01,3.927735261033e-01
2.888110383774e-03,3.923814841590e-01,3.923809488985e-01
2.889052056543e-03,3.919892988002e-01,3.919887640747e-01
2.889993729312e-03,3.915975054307e-01,3.915969712397e-01
2.890935402082e-03,3.912061036588e-01,3.912055700017e-01
2.891877074851e-03,3.908150930930e-01,3.908145599693e-01
2.892818747621e-03,3.904244733423e-01,3.904239407515e-01
2.893760420390e-03,3.900342440162e-01,3.900337119577e-01
2.894702093160e-03,3.896444047243e-01,3.896438731976e-01
2.895643765929e-03,3.892549550768e-01,3.892544240814e-01
2.896585438698e-03,3.888658946844e-01,3.888653642197e-01
2.897527111468e-03,3.884772231578e-01,3.884766932233e-01
2.898468784237e-03,3.880889401086e-01,3.880884107037e-01
2.899410457007e-03,3.877010451483e-01,3.877005162726e-01
2.900352129776e-03,3.873135378890e-01,3.873130095420e-01
2.901293802545e-03,3.869264179434e-01,3.869258901244e-01
2.902235475315e-03,3.865396849242e-01,3.865391576327e-01
2.903177148084e-03,3.861533384447e-01,3.861528116803e-01
2.904118820854e-03,3.857673781186e-01,3.857668518807e-01
2.905060493623e-03,3.853818035599e-01,3.853812778479e-01
2.906002166392e-03,3.849966143830e-01,3.849960891965e-01
2.906943839162e-03,3.846118102028e-01,3.846112855412e-01
2.907885511931e-03,3.842273906344e-01,3.842268664972e-01
2.908827184701e-03,3.838433552934e-01,3.838428316801e-01
2.909768857470e-03,3.834597037958e-01,3.834591807059e-01
2.910710530239e-03,3.830764357580e-01,3.830759131909e-01
2.911652203009e-03,3.826935507966e-01,3.826930287518e-01
2.912593875778e-03,3.823110485289e-01,3.823105270058e-01
2.913535548548e-03,3.819289285721e-01,3.819284075704e-01
2.914477221317e-03,3.815471905444e-01,3.815466700634e-01
2.915418894087e-03,3.811658340639e-01,3.811653141031e-01
2.916360566856e-03,3.807848587492e-01,3.807843393081e-01
2.917302239625e-03,3.804042642194e-01,3.804037452975e-01
2.918243912395e-03,3.800240500940e-01,3.800235316907e-01
2.919185585164e-03,3.796442159926e-01,3.796436981075e-01
2.920127257934e-03,3.792647615354e-01,3.792642441680e-01
2.921068930703e-03,3.788856863431e-01,3.788851694927e-01
2.922010603472e-03,3.785069900365e-01,3.785064737027e-01
2.922952276242e-03,3.781286722369e-01,3.781281564191e-01
2.923893949011e-03,3.777507325659e-01,3.777502172638e-01
2.924835621781e-03,3.773731706458e-01,3.773726558587e-01
2.925777294550e-03,3.769959860989e-01,3.769954718263e-01
2.926718967319e-03,3.766191785479e-01,3.766186647894e-01
2.927660640089e-03,3.762427476162e-01,3.762422343712e-01
2.928602312858e-03,3.758666929273e-01,3.758661801952e-01
2.929543985628e-03,3.754910141051e-01,3.754905018855e-01
2.930485658397e-03,3.751157107739e-01,3.751151990663e-01
2.931427331166e-03,3.747407825585e-01,3.747402713623e-01
2.932369003936e-03,3.743662290839e-01,3.743657183987e-01
2.933310676705e-03,3.739920499755e-01,3.739915398007e-01
2.934252349475e-03,3.736182448593e-01,3.736177351944e-01
2.935194022244e-03,3.732448133613e-01,3.732443042058e-01
2.936135695013e-03,3.728717551081e-01,3.728712464616e-01
2.937077367783e-03,3.724990697268e-01,3.724985615886e-01
2.938019040552e-03,3.721267568445e-01,3.721262492142e-01
2.938960713322e-03,3.717548160890e-01,3.717543089661e-01
2.939902386091e-03,3.713832470884e-01,3.713827404724e-01
2.940844058861e-03,3.710120494711e-01,3.710115433614e-01
2.941785731630e-03,3.706412228658e-01,3.706407172620e-01
2.942727404399e-03,3.702707669018e-01,3.702702618033e-01
2.943669077169e-03,3.699006812086e-01,3.699001766149e-01
2.944610749938e-03,3.695309654161e-01,3.695304613268e-01
2.945552422708e-03,3.691616191546e-01,3.691611155691e-01
2.946494095477e-03,3.687926420547e-01,3.687921389726e-01
2.947435768246e-03,3.684240337475e-01,3.684235311682e-01
2.948377441016e-03,3.680557938644e-01,3.680552917874e-01
2.949319113785e-03,3.676879220371e-01,3.676874204620e-01
2.950260786555e-03,3.673204178978e-01,3.673199168240e-01
2.951202459324e-03,3.669532810789e-01,3.669527805059e-01
2.952144132093e-03,3.665865112133e-01,3.665860111406e-01
2.953085804863e-03,3.662201079343e-01,3.662196083614e-01
2.954027477632e-03,3.658540708754e-01,3.658535718018e-01
2.954969150402e-03,3.654883996706e-01,3.654879010959e-01
2.955910823171e-03,3.651230939542e-01,3.651225958778e-01
2.956852495940e-03,3.647581533609e-01,3.647576557824e-01
2.957794168710e-03,3.643935775259e-01,3.643930804447e-01
2.958735841479e-03,3.640293660844e-01,3.640288695000e-01
2.959677514249e-03,3.636655186724e-01,3.636650225843e-01
2.960619187018e-03,3.633020349259e-01,3.633015393337e-01
2.961560859787e-03,3.629389144814e-01,3.629384193846e-01
2.962502532557e-03,3.625761569759e-01,3.625756623739e-01
2.963444205326e-03,3.622137620466e-01,3.622132679389e-01
2.964385878096e-03,3.618517293311e-01,3.618512357173e-01
2.965327550865e-03,3.614900584673e-01,3.614895653469e-01
2.966269223635e-03,3.611287490937e-01,3.611282564661e-01
2.967210896404e-03,3.607678008488e-01,3.607673087136e-01
2.968152569173e-03,3.604072133717e-01,3.604067217284e-01
2.969094241943e-03,3.600469863019e-01,3.600464951500e-01
2.970035914712e-03,3.596871192791e-01,3.596866286181e-01
2.970977587482e-03,3.593276119434e-01,3.593271217729e-01
2.971919260251e-03,3.589684639354e-01,3.589679742548e-01
2.972860933020e-03,3.586096748959e-01,3.586091857047e-01
2.973802605790e-03,3.582512444661e-01,3.582507557638e-01
2.974744278559e-03,3.578931722876e-01,3.578926840738e-01
2.975685951329e-03,3.575354580022e-01,3.575349702764e-01
2.976627624098e-03,3.571781012524e-01,3.571776140140e-01
2.977569296867e-03,3.568211016807e-01,3.568206149293e-01
2.978510969637e-03,3.564644589301e-01,3.564639726652e-01
2.979452642406e-03,3.561081726440e-01,3.561076868651e-01
2.980394315176e-03,3.557522424661e-01,3.557517571728e-01
2.981335987945e-03,3.553966680405e-01,3.553961832322e-01
2.982277660714e-03,3.550414490115e-01,3.550409646879e-01
2.983219333484e-03,3.546865850241e-01,3.546861011845e-01
2.984161006253e-03,3.543320757233e-01,3.543315923673e-01
2.985102679023e-03,3.539779207545e-01,3.539774378817e-01
2.986044351792e-03,3.536241197638e-01,3.536236373735e-01
2.986986024562e-03,3.532706723971e-01,3.532701904890e-01
2.987927697331e-03,3.529175783012e-01,3.529170968748e-01
2.988869370100e-03,3.525648371229e-01,3.525643561776e-01
2.989811042870e-03,3.522124485094e-01,3.522119680449e-01
2.990752715639e-03,3.518604121085e-01,3.518599321241e-01
2.991694388409e-03,3.515087275679e-01,3.515082480634e-01
2.992636061178e-03,3.511573945362e-01,3.511569155109e-01
2.993577733947e-03,3.508064126618e-01,3.508059341153e-01
2.994519406717e-03,3.504557815939e-01,3.504553035257e-01
2.995461079486e-03,3.501055009818e-01,3.501050233914e-01
2.996402752256e-03,3.497555704752e-01,3.497550933622e-01
2.997344425025e-03,3.494059897243e-01,3.494055130881e-01
2.998286097794e-03,3.490567583793e-01,3.490562822196e-01
2.999227770564e-03,3.487078760912e-01,3.487074004073e-01
3.000169443333e-03,3.483593425109e-01,3.483588673025e-01
3.001111116103e-03,3.480111572900e-01,3.480106825566e-01
3.002052788872e-03,3.476633200803e-01,3.476628458214e-01
3.002994461641e-03,3.473158305340e-01,3.473153567491e-01
3.003936134411e-03,3.469686883035e-01,3.469682149921e-01
3.004877807180e-03,3.466218930417e-01,3.466214202034e-01
3.005819479950e-03,3.462754444018e-01,3.462749720362e-01
3.006761152719e-03,3.459293420375e-01,3.459288701439e-01
3.007702825488e-03,3.455835856025e-01,3.455831141806e-01
3.008644498258e-03,3.452381747511e-01,3.452377038004e-01
3.009586171027e-03,3.448931091379e-01,3.448926386579e-01
3.010527843797e-03,3.445483884178e-01,3.445479184081e-01
3.011469516566e-03,3.442040122462e-01,3.442035427062e-01
3.012411189336e-03,3.438599802786e-01,3.438595112079e-01
3.013352862105e-03,3.435162921710e-01,3.435158235692e-01
3.014294534874e-03,3.431729475798e-01,3.431724794463e-01
3.015236207644e-03,3.428299461615e-01,3.428294784959e-01
3.016177880413e-03,3.424872875732e-01,3.424868203750e-01
3.017119553183e-03,3.421449714722e-01,3.421445047410e-01
3.018061225952e-03,3.418029975162e-01,3.418025312515e-01
3.019002898721e-03,3.414613653632e-01,3.414608995646e-01
3.019944571491e-03,3.411200746716e-01,3.411196093386e-01
3.020886244260e-03,3.407791251001e-01,3.407786602322e-01
3.021827917030e-03,3.404385163078e-01,3.404380519045e-01
3.022769589799e-03,3.400982479540e-01,3.400977840149e-01
3.023711262568e-03,3.397583196985e-01,3.397578562231e-01
3.024652935338e-03,3.394187312014e-01,3.394182681892e-01
3.025594608107e-03,3.390794821230e-01,3.390790195736e-01
3.026536280877e-03,3.387405721241e-01,3.387401100370e-01
3.027477953646e-03,3.384020008658e-01,3.384015392406e-01
3.028419626415e-03,3.380637680096e-01,3.380633068457e-01
3.029361299185e-03,3.377258732171e-01,3.377254125142e-01
3.030302971954e-03,3.373883161506e-01,3.373878559081e-01
3.031244644724e-03,3.370510964724e-01,3.370506366899e-01
3.032186317493e-03,3.367142138453e-01,3.367137545224e-01
3.033127990262e-03,3.363776679324e-01,3.363772090687e-01
3.034069663032e-03,3.360414583973e-01,3.360409999921e-01
3.035011335801e-03,3.357055849036e-01,3.357051269567e-01
3.035953008571e-03,3.353700471156e-01,3.353695896263e-01
3.036894681340e-03,3.350348446976e-01,3.350343876656e-01
3.037836354110e-03,3.346999773145e-01,3.346995207393e-01
3.038778026879e-03,3.343654446314e-01,3.343649885126e-01
3.039719699648e-03,3.340312463138e-01,3.340307906508e-01
3.040661372418e-03,3.336973820274e-01,3.336969268199e-01
3.041603045187e-03,3.333638514385e-01,3.333633966860e-01
3.042544717957e-03,3.330306542134e-01,3.330301999154e-01
3.043486390726e-03,3.326977900191e-01,3.326973361751e-01
3.044428063495e-03,3.323652585225e-01,3.323648051322e-01
3.045369736265e-03,3.320330593912e-01,3.320326064541e-01
3.046311409034e-03,3.317011922931e-01,3.317007398086e-01
3.047253081804e-03,3.313696568961e-01,3.313692048639e-01
3.048194754573e-03,3.310384528688e-01,3.310380012884e-01
3.049136427342e-03,3.307075798800e-01,3.307071287510e-01
3.050078100112e-03,3.303770375988e-01,3.303765869207e-01
3.051019772881e-03,3.300468256947e-01,3.300463754670e-01
3.051961445651e-03,3.297169438374e-01,3.297164940597e-01
3.052903118420e-03,3.293873916971e-01,3.293869423690e-01
3.053844791189e-03,3.290581689442e-01,3.290577200652e-01
3.054786463959e-03,3.287292752495e-01,3.287288268192e-01
3.055728136728e-03,3.284007102841e-01,3.284002623020e-01
3.056669809498e-03,3.280724737195e-01,3.280720261851e-01
3.057611482267e-03,3.277445652273e-01,3.277441181402e-01
3.058553155036e-03,3.274169844798e-01,3.274165378396e-01
3.059494827806e-03,3.270897311492e-01,3.270892849554e-01
3.060436500575e-03,3.267628049085e-01,3.267623591606e-01
3.061378173345e-03,3.264362054305e-01,3.264357601282e-01
3.062319846114e-03,3.261099323888e-01,3.261094875315e-01
3.063261518884e-03,3.257839854570e-01,3.257835410444e-01
3.064203191653e-03,3.254583643093e-01,3.254579203409e-01
3.065144864422e-03,3.251330686199e-01,3.251326250953e-01
3.066086537192e-03,3.248080980637e-01,3.248076549823e-01
3.067028209961e-03,3.244834523155e-01,3.244830096770e-01
3.067969882731e-03,3.241591310509e-01,3.241586888548e-01
3.068911555500e-03,3.238351339454e-01,3.238346921913e-01
3.069853228269e-03,3.235114606750e-01,3.235110193625e-01
3.070794901039e-03,3.231881109162e-01,3.231876700447e-01
3.071736573808e-03,3.228650843455e-01,3.228646439146e-01
3.072678246578e-03,3.225423806399e-01,3.225419406492e-01
3.073619919347e-03,3.222199994767e-01,3.222195599258e-01
3.074561592116e-03,3.218979405335e-01,3.218975014220e-01
3.075503264886e-03,3.215762034883e-01,3.215757648157e-01
3.076444937655e-03,3.212547880193e-01,3.212543497852e-01
3.077386610425e-03,3.209336938052e-01,3.209332560090e-01
3.078328283194e-03,3.206129205247e-01,3.206124831662e-01
3.079269955963e-03,3.202924678573e-01,3.202920309358e-01
3.080211628733e-03,3.199723354823e-01,3.199718989975e-01
3.081153301502e-03,3.196525230796e-01,3.196520870312e-01
3.082094974272e-03,3.193330303296e-01,3.193325947169e-01
3.083036647041e-03,3.190138569125e-01,3.190134217353e-01
3.083978319811e-03,3.186950025094e-01,3.186945677671e-01
3.084919992580e-03,3.183764668013e-01,3.183760324935e-01
3.085861665349e-03,3.180582494697e-01,3.180578155960e-01
3.086803338119e-03,3.177403501963e-01,3.177399167563e-01
3.087745010888e-03,3.174227686634e-01,3.174223356566e-01
3.088686683658e-03,3.171055045532e-01,3.171050719792e-01
3.089628356427e-03,3.167885575486e-01,3.167881254069e-01
3.090570029196e-03,3.164719273325e-01,3.164714956228e-01
3.091511701966e-03,3.161556135884e-01,3.161551823102e-01
3.092453374735e-03,3.158396159999e-01,3.158391851528e-01
3.093395047505e-03,3.155239342511e-01,3.155235038346e-01
3.094336720274e-03,3.152085680263e-01,3.152081380399e-01
3.095278393043e-03,3.148935170100e-01,3.148930874534e-01
3.096220065813e-03,3.145787808873e-01,3.145783517601e-01
3.097161738582e-03,3.142643593434e-01,3.142639306451e-01
3.098103411352e-03,3.139502520638e-01,3.139498237940e-01
3.099045084121e-03,3.136364587346e-01,3.136360308928e-01
3.099986756890e-03,3.133229790418e-01,3.133225516277e-01
3.100928429660e-03,3.130098126721e-01,3.130093856851e-01
3.101870102429e-03,3.126969593121e-01,3.126965327520e-01
3.102811775199e-03,3.123844186492e-01,3.123839925154e-01
3.103753447968e-03,3.120721903707e-01,3.120717646628e-01
3.104695120737e-03,3.117602741644e-01,3.117598488820e-01
3.105636793507e-03,3.114486697185e-01,3.114482448611e-01
3.106578466276e-03,3.111373767212e-01,3.111369522885e-01
3.107520139046e-03,3.108263948613e-01,3.108259708528e-01
3.108461811815e-03,3.105157238279e-01,3.105153002432e-01
3.109403484585e-03,3.102053633101e-01,3.102049401489e-01
3.110345157354e-03,3.098953129978e-01,3.098948902595e-01
3.111286830123e-03,3.095855725809e-01,3.095851502650e-01
3.112228502893e-03,3.092761417495e-01,3.092757198558e-01
3.113170175662e-03,3.089670201943e-01,3.089665987222e-01
3.114111848432e-03,3.086582076061e-01,3.086577865553e-01
3.115053521201e-03,3.083497036762e-01,3.083492830462e-01
3.115995193970e-03,3.080415080960e-01,3.080410878865e-01
3.116936866740e-03,3.077336205573e-01,3.077332007678e-01
3.117878539509e-03,3.074260407523e-01,3.074256213823e-01
3.118820212279e-03,3.071187683733e-01,3.071183494225e-01
3.119761885048e-03,3.068118031132e-01,3.068113845811e-01
3.120703557817e-03,3.065051446648e-01,3.065047265511e-01
3.121645230587e-03,3.061987927217e-01,3.061983750259e-01
3.122586903356e-03,3.058927469773e-01,3.058923296990e-01
3.123528576126e-03,3.055870071257e-01,3.055865902645e-01
3.124470248895e-03,3.052815728612e-01,3.052811564166e-01
3.125411921664e-03,3.049764438783e-01,3.049760278499e-01
3.126353594434e-03,3.046716198718e-01,3.046712042592e-01
3.127295267203e-03,3.043671005370e-01,3.043666853398e-01
3.128236939973e-03,3.040628855692e-01,3.040624707871e-01
3.129178612742e-03,3.037589746645e-01,3.037585602969e-01
3.130120285511e-03,3.034553675187e-01,3.034549535653e-01
3.131061958281e-03,3.031520638283e-01,3.031516502886e-01
3.132003631050e-03,3.028490632900e-01,3.028486501636e-01
3.132945303820e-03,3.025463656007e-01,3.025459528873e-01
3.133886976589e-03,3.022439704579e-01,3.022435581570e-01
3.134828649359e-03,3.019418775591e-01,3.019414656703e-01
3.135770322128e-03,3.016400866021e-01,3.016396751250e-01
3.136711994897e-03,3.013385972853e-01,3.013381862195e-01
3.137653667667e-03,3.010374093071e-01,3.010369986521e-01
3.138595340436e-03,3.007365223664e-01,3.007361121218e-01
3.139537013206e-03,3.004359361621e-01,3.004355263276e-01
3.140478685975e-03,3.001356503939e-01,3.001352409690e-01
3.141420358744e-03,2.998356647613e-01,2.998352557457e-01
3.142362031514e-03,2.995359789644e-01,2.995355703576e-01
3.143303704283e-03,2.992365927035e-01,2.992361845051e-01
3.144245377053e-03,2.989375056793e-01,2.989370978888e-01
3.145187049822e-03,2.986387175925e-01,2.986383102097e-01
3.146128722591e-03,2.983402281445e-01,2.983398211689e-01
3.147070395361e-03,2.980420370368e-01,2.980416304679e-01
3.148012068130e-03,2.977441439711e-01,2.977437378086e-01
3.148953740900e-03,2.974465486496e-01,2.974461428930e-01
3.149895413669e-03,2.971492507747e-01,2.971488454236e-01
3.150837086438e-03,2.968522500490e-01,2.968518451031e-01
3.151778759208e-03,2.965555461756e-01,2.965551416345e-01
3.152720431977e-03,2.962591388578e-01,2.962587347210e-01
3.153662104747e-03,2.959630277992e-01,2.959626240663e-01
3.154603777516e-03,2.956672127036e-01,2.956668093742e-01
3.155545450285e-03,2.953716932752e-01,2.953712903490e-01
3.156487123055e-03,2.950764692185e-01,2.950760666951e-01
3.157428795824e-03,2.947815402384e-01,2.947811381172e-01
3.158370468594e-03,2.944869060398e-01,2.944865043206e-01
3.159312141363e-03,2.941925663282e-01,2.941921650104e-01
3.160253814133e-03,2.938985208091e-01,2.938981198925e-01
3.161195486902e-03,2.936047691886e-01,2.936043686727e-01
3.162137159671e-03,2.933113111728e-01,2.933109110573e-01
3.163078832441e-03,2.930181464685e-01,2.930177467528e-01
3.164020505210e-03,2.927252747822e-01,2.927248754661e-01
3.164962177980e-03,2.924326958213e-01,2.924322969043e-01
3.165903850749e-03,2.921404092931e-01,2.921400107748e-01
3.166845523518e-03,2.918484149053e-01,2.918480167854e-01
3.167787196288e-03,2.915567123660e-01,2.915563146440e-01
3.168728869057e-03,2.912653013834e-01,2.912649040589e-01
3.169670541827e-03,2.909741816662e-01,2.909737847388e-01
3.170612214596e-03,2.906833529231e-01,2.906829563924e-01
3.171553887365e-03,2.903928148634e-01,2.903924187291e-01
3.172495560135e-03,2.901025671966e-01,2.901021714582e-01
3.173437232904e-03,2.898126096323e-01,2.898122142895e-01
3.174378905674e-03,2.895229418807e-01,2.895225469330e-01
3.175320578443e-03,2.892335636521e-01,2.892331690991e-01
3.176262251212e-03,2.889444746570e-01,2.889440804984e-01
3.177203923982e-03,2.886556746064e-01,2.886552808418e-01
3.178145596751e-03,2.883671632116e-01,2.883667698405e-01
3.179087269521e-03,2.880789401839e-01,2.880785472060e-01
3.180028942290e-03,2.877910052352e-01,2.877906126500e-01
3.180970615060e-03,2.875033580775e-01,2.875029658847e-01
3.181912287829e-03,2.872159984232e-01,2.872156066224e-01
3.182853960598e-03,2.869289259849e-01,2.869285345758e-01
3.183795633368e-03,2.866421404756e-01,2.866417494576e-01
3.184737306137e-03,2.863556416084e-01,2.863552509813e-01
3.185678978907e-03,2.860694290969e-01,2.860690388602e-01
3.186620651676e-03,2.857835026549e-01,2.857831128082e-01
3.187562324445e-03,2.854978619963e-01,2.854974725393e-01
3.188503997215e-03,2.852125068357e-01,2.852121177680e-01
3.189445669984e-03,2.849274368876e-01,2.849270482087e-01
3.190387342754e-03,2.846426518669e-01,2.846422635766e-01
3.191329015523e-03,2.843581514890e-01,2.843577635867e-01
3.192270688292e-03,2.840739354692e-01,2.840735479546e-01
3.193212361062e-03,2.837900035233e-01,2.837896163961e-01
3.194154033831e-03,2.835063553675e-01,2.835059686272e-01
3.195095706601e-03,2.832229907181e-01,2.832226043644e-01
3.196037379370e-03,2.829399092917e-01,2.829395233241e-01
3.196979052139e-03,2.826571108052e-01,2.826567252234e-01
3.197920724909e-03,2.823745949759e-01,2.823742097794e-01
3.198862397678e-03,2.820923615211e-01,2.820919767097e-01
3.199804070448e-03,2.818104101588e-01,2.818100257320e-01
3.200745743217e-03,2.815287406069e-01,2.815283565643e-01
3.201687415986e-03,2.812473525837e-01,2.812469689250e-01
3.202629088756e-03,2.809662458080e-01,2.809658625327e-01
3.203570761525e-03,2.806854199985e-01,2.806850371063e-01
3.204512434295e-03,2.804048748744e-01,2.804044923649e-01
3.205454107064e-03,2.801246101552e-01,2.801242280281e-01
3.206395779834e-03,2.798446255607e-01,2.798442438155e-01
3.207337452603e-03,2.795649208108e-01,2.795645394472e-01
3.208279125372e-03,2.792854956259e-01,2.792851146434e-01
3.209220798142e-03,2.790063497265e-01,2.790059691248e-01
3.210162470911e-03,2.787274828335e-01,2.787271026122e-01
3.211104143681e-03,2.784488946679e-01,2.784485148267e-01
3.212045816450e-03,2.781705849513e-01,2.781702054897e-01
3.212987489219e-03,2.778925534053e-01,2.778921743230e-01
3.213929161989e-03,2.776147997519e-01,2.776144210484e-01
3.214870834758e-03,2.773373237133e-01,2.773369453883e-01
3.215812507528e-03,2.770601250120e-01,2.770597470652e-01
3.216754180297e-03,2.767832033709e-01,2.767828258018e-01
3.217695853066e-03,2.765065585130e-01,2.765061813213e-01
3.218637525836e-03,2.762301901617e-01,2.762298133470e-01
3.219579198605e-03,2.759540980406e-01,2.759537216026e-01
3.220520871375e-03,2.756782818736e-01,2.756779058118e-01
3.221462544144e-03,2.754027413849e-01,2.754023656990e-01
3.222404216913e-03,2.751274762990e-01,2.751271009886e-01
3.223345889683e-03,2.748524863406e-01,2.748521114054e-01
3.224287562452e-03,2.745777712347e-01,2.745773966742e-01
3.225229235222e-03,2.743033307066e-01,2.743029565205e-01
3.226170907991e-03,2.740291644819e-01,2.740287906697e-01
3.227112580760e-03,2.737552722863e-01,2.737548988478e-01
3.228054253530e-03,2.734816538461e-01,2.734812807808e-01
3.228995926299e-03,2.732083088875e-01,2.732079361951e-01
3.229937599069e-03,2.729352371372e-01,2.729348648173e-01
3.230879271838e-03,2.726624383222e-01,2.726620663745e-01
3.231820944608e-03,2.723899121697e-01,2.723895405937e-01
3.232762617377e-03,2.721176584071e-01,2.721172872025e-01
3.233704290146e-03,2.718456767622e-01,2.718453059286e-01
3.234645962916e-03,2.715739669630e-01,2.715735965000e-01
3.235587635685e-03,2.713025287377e-01,2.713021586451e-01
3.236529308455e-03,2.710313618150e-01,2.710309920923e-01
3.237470981224e-03,2.707604659238e-01,2.707600965705e-01
3.238412653993e-03,2.704898407929e-01,2.704894718089e-01
3.239354326763e-03,2.702194861520e-01,2.702191175368e-01
3.240295999532e-03,2.699494017306e-01,2.699490334837e-01
3.241237672302e-03,2.696795872586e-01,2.696792193798e-01
3.242179345071e-03,2.694100424662e-01,2.694096749551e-01
3.243121017840e-03,2.691407670838e-01,2.691403999401e-01
3.244062690610e-03,2.688717608423e-01,2.688713940655e-01
3.245004363379e-03,2.686030234725e-01,2.686026570623e-01
3.245946036149e-03,2.683345547058e-01,2.683341886618e-01
3.246887708918e-03,2.680663542737e-01,2.680659885956e-01
3.247829381687e-03,2.677984219079e-01,2.677980565953e-01
3.248771054457e-03,2.675307573406e-01,2.675303923931e-01
3.249712727226e-03,2.672633603040e-01,2.672629957213e-01
3.250654399996e-03,2.669962305309e-01,2.669958663126e-01
3.251596072765e-03,2.667293677540e-01,2.667290038997e-01
3.252537745534e-03,2.664627717065e-01,2.664624082159e-01
3.253479418304e-03,2.661964421217e-01,2.661960789945e-01
3.254421091073e-03,2.659303787335e-01,2.659300159691e-01
3.255362763843e-03,2.656645812756e-01,2.656642188739e-01
3.256304436612e-03,2.653990494824e-01,2.653986874428e-01
3.257246109382e-03,2.651337830882e-01,2.651334214105e-01
3.258187782151e-03,2.648687818278e-01,2.648684205116e-01
3.259129454920e-03,2.646040454363e-01,2.646036844812e-01
3.260071127690e-03,2.643395736488e-01,2.643392130545e-01
3.261012800459e-03,2.640753662008e-01,2.640750059670e-01
3.261954473229e-03,2.638114228283e-01,2.638110629545e-01
3.262896145998e-03,2.635477432672e-01,2.635473837531e-01
3.263837818767e-03,2.632843272539e-01,2.632839680992e-01
3.264779491537e-03,2.630211745250e-01,2.630208157292e-01
3.265721164306e-03,2.627582848172e-01,2.627579263800e-01
3.266662837076e-03,2.624956578678e-01,2.624952997888e-01
3.267604509845e-03,2.622332934140e-01,2.622329356930e-01
3.268546182614e-03,2.619711911935e-01,2.619708338300e-01
3.269487855384e-03,2.617093509443e-01,2.617089939380e-01
3.270429528153e-03,2.614477724044e-01,2.614474157549e-01
3.271371200923e-03,2.611864553123e-01,2.611860990193e-01
3.272312873692e-03,2.609253994067e-01,2.609250434698e-01
3.273254546461e-03,2.606646044265e-01,2.606642488454e-01
3.274196219231e-03,2.604040701110e-01,2.604037148852e-01
3.275137892000e-03,2.601437961995e-01,2.601434413288e-01
3.276079564770e-03,2.598837824319e-01,2.598834279159e-01
3.277021237539e-03,2.596240285480e-01,2.596236743864e-01
3.277962910309e-03,2.593645342882e-01,2.593641804806e-01
3.278904583078e-03,2.591052993930e-01,2.591049459390e-01
3.279846255847e-03,2.588463236031e-01,2.588459705023e-01
3.280787928617e-03,2.585876066595e-01,2.585872539117e-01
3.281729601386e-03,2.583291483035e-01,2.583287959083e-01
3.282671274156e-03,2.580709482768e-01,2.580705962337e-01
3.283612946925e-03,2.578130063210e-01,2.578126546298e-01
3.284554619694e-03,2.575553221782e-01,2.575549708385e-01
3.285496292464e-03,2.572978955908e-01,2.572975446023e-01
3.286437965233e-03,2.570407263012e-01,2.570403756636e-01
3.287379638003e-03,2.567838140525e-01,2.567834637653e-01
3.288321310772e-03,2.565271585875e-01,2.565268086504e-01
3.289262983541e-03,2.562707596498e-01,2.562704100625e-01
3.290204656311e-03,2.560146169828e-01,2.560142677449e-01
3.291146329080e-03,2.557587303305e-01,2.557583814416e-01
3.292088001850e-03,2.555030994369e-01,2.555027508968e-01
3.293029674619e-03,2.552477240464e-01,2.552473758547e-01
3.293971347388e-03,2.549926039037e-01,2.549922560600e-01
3.294913020158e-03,2.547377387536e-01,2.547373912576e-01
3.295854692927e-03,2.544831283413e-01,2.544827811925e-01
3.296796365697e-03,2.542287724121e-01,2.542284256103e-01
3.297738038466e-03,2.539746707117e-01,2.539743242566e-01
3.298679711235e-03,2.537208229861e-01,2.537204768772e-01
3.299621384005e-03,2.534672289812e-01,2.534668832183e-01
3.300563056774e-03,2.532138884436e-01,2.532135430262e-01
3.301504729544e-03,2.529608011199e-01,2.529604560478e-01
3.302446402313e-03,2.527079667570e-01,2.527076220298e-01
3.303388075083e-03,2.524553851022e-01,2.524550407195e-01
3.304329747852e-03,2.522030559027e-01,2.522027118642e-01
3.305271420621e-03,2.519509789063e-01,2.519506352117e-01
3.306213093391e-03,2.516991538609e-01,2.516988105098e-01
3.307154766160e-03,2.514475805147e-01,2.514472375068e-01
3.308096438930e-03,2.511962586160e-01,2.511959159510e-01
3.309038111699e-03,2.509451879137e-01,2.509448455912e-01
3.309979784468e-03,2.506943681566e-01,2.506940261762e-01
3.310921457238e-03,2.504437990938e-01,2.504434574552e-01
3.311863130007e-03,2.501934804749e-01,2.501931391778e-01
3.312804802777e-03,2.499434120495e-01,2.499430710935e-01
3.313746475546e-03,2.496935935675e-01,2.496932529523e-01
3.314688148315e-03,2.494440247791e-01,2.494436845043e-01
3.315629821085e-03,2.491947054348e-01,2.491943655001e-01
3.316571493854e-03,2.489456352852e-01,2.489452956903e-01
3.317513166624e-03,2.486968140812e-01,2.486964748258e-01
3.318454839393e-03,2.484482415741e-01,2.484479026577e-01
3.319396512162e-03,2.481999175153e-01,2.481995789376e-01
3.320338184932e-03,2.479518416563e-01,2.479515034171e-01
3.321279857701e-03,2.477040137493e-01,2.477036758481e-01
3.322221530471e-03,2.474564335463e-01,2.474560959829e-01
3.323163203240e-03,2.472091007997e-01,2.472087635737e-01
3.324104876009e-03,2.469620152623e-01,2.469616783733e-01
3.325046548779e-03,2.467151766869e-01,2.467148401346e-01
3.325988221548e-03,2.464685848267e-01,2.464682486108e-01
3.326929894318e-03,2.462222394351e-01,2.462219035552e-01
3.327871567087e-03,2.459761402657e-01,2.459758047216e-01
3.328813239857e-03,2.457302870725e-01,2.457299518638e-01
3.329754912626e-03,2.454846796097e-01,2.454843447360e-01
3.330696585395e-03,2.452393176315e-01,2.452389830925e-01
3.331638258165e-03,2.449942008927e-01,2.449938666880e-01
3.332579930934e-03,2.447493291480e-01,2.447489952775e-01
3.333521603704e-03,2.445047021528e-01,2.445043686159e-01
3.334463276473e-03,2.442603196622e-01,2.442599864587e-01
3.335404949242e-03,2.440161814320e-01,2.440158485616e-01
3.336346622012e-03,2.437722872180e-01,2.437719546803e-01
3.337288294781e-03,2.435286367763e-01,2.435283045710e-01
3.338229967551e-03,2.432852298633e-01,2.432848979900e-01
3.339171640320e-03,2.430420662355e-01,2.430417346939e-01
3.340113313089e-03,2.427991456498e-01,2.427988144396e-01
3.341054985859e-03,2.425564678633e-01,2.425561369841e-01
3.341996658628e-03,2.423140326332e-01,2.423137020847e-01
3.342938331398e-03,2.420718397172e-01,2.420715094991e-01
3.343880004167e-03,2.418298888731e-01,2.418295589850e-01
3.344821676936e-03,2.415881798589e-01,2.415878503005e-01
3.345763349706e-03,2.413467124329e-01,2.413463832039e-01
3.346705022475e-03,2.411054863536e-01,2.411051574537e-01
3.347646695245e-03,2.408645013798e-01,2.408641728086e-01
3.348588368014e-03,2.406237572705e-01,2.406234290278e-01
3.349530040783e-03,2.403832537850e-01,2.403829258704e-01
3.350471713553e-03,2.401429906828e-01,2.401426630959e-01
3.351413386322e-03,2.399029677236e-01,2.399026404641e-01
3.352355059092e-03,2.396631846674e-01,2.396628577350e-01
3.353296731861e-03,2.394236412744e-01,2.394233146688e-01
3.354238404631e-03,2.391843373051e-01,2.391840110259e-01
3.355180077400e-03,2.389452725201e-01,2.389449465670e-01
3.356121750169e-03,2.387064466804e-01,2.387061210531e-01
3.357063422939e-03,2.384678595471e-01,2.384675342453e-01
3.358005095708e-03,2.382295108818e-01,2.382291859051e-01
3.358946768478e-03,2.379914004460e-01,2.379910757941e-01
3.359888441247e-03,2.377535280016e-01,2.377532036742e-01
3.360830114016e-03,2.375158933107e-01,2.375155693075e-01
3.361771786786e-03,2.372784961358e-01,2.372781724564e-01
3.362713459555e-03,2.370413362393e-01,2.370410128835e-01
3.363655132325e-03,2.368044133843e-01,2.368040903516e-01
3.364596805094e-03,2.365677273336e-01,2.365674046239e-01
3.365538477863e-03,2.363312778508e-01,2.363309554635e-01
3.366480150633e-03,2.360950646992e-01,2.360947426342e-01
3.367421823402e-03,2.358590876427e-01,2.358587658996e-01
3.368363496172e-03,2.356233464453e-01,2.356230250237e-01
3.369305168941e-03,2.353878408712e-01,2.353875197710e-01
3.370246841710e-03,2.351525706851e-01,2.351522499057e-01
3.371188514480e-03,2.349175356515e-01,2.349172151928e-01
3.372130187249e-03,2.346827355354e-01,2.346824153970e-01
3.373071860019e-03,2.344481701022e-01,2.344478502838e-01
3.374013532788e-03,2.342138391171e-01,2.342135196183e-01
3.374955205558e-03,2.339797423459e-01,2.339794231664e-01
3.375896878327e-03,2.337458795544e-01,2.337455606940e-01
3.376838551096e-03,2.335122505088e-01,2.335119319671e-01
3.377780223866e-03,2.332788549756e-01,2.332785367522e-01
3.378721896635e-03,2.330456927211e-01,2.330453748159e-01
3.379663569405e-03,2.328127635124e-01,2.328124459249e-01
3.380605242174e-03,2.325800671165e-01,2.325797498464e-01
3.381546914943e-03,2.323476033007e-01,2.323472863477e-01
3.382488587713e-03,2.321153718325e-01,2.321150551963e-01
3.383430260482e-03,2.318833724796e-01,2.318830561599e-01
3.384371933252e-03,2.316516050102e-01,2.316512890067e-01
3.385313606021e-03,2.314200691924e-01,2.314197535047e-01
3.386255278790e-03,2.311887647947e-01,2.311884494225e-01
3.387196951560e-03,2.309576915857e-01,2.309573765288e-01
3.388138624329e-03,2.307268493345e-01,2.307265345925e-01
3.389080297099e-03,2.304962378102e-01,2.304959233827e-01
3.390021969868e-03,2.302658567821e-01,2.302655426689e-01
3.390963642637e-03,2.300357060198e-01,2.300353922206e-01
3.391905315407e-03,2.298057852934e-01,2.298054718078e-01
3.392846988176e-03,2.295760943727e-01,2.295757812004e-01
3.393788660946e-03,2.293466330281e-01,2.293463201688e-01
3.394730333715e-03,2.291174010302e-01,2.291170884836e-01
3.395672006484e-03,2.288883981496e-01,2.288880859155e-01
3.396613679254e-03,2.286596241576e-01,2.286593122355e-01
3.397555352023e-03,2.284310788251e-01,2.284307672148e-01
3.398497024793e-03,2.282027619238e-01,2.282024506249e-01
3.399438697562e-03,2.279746732252e-01,2.279743622375e-01
3.400380370332e-03,2.277468125013e-01,2.277465018244e-01
3.401322043101e-03,2.275191795243e-01,2.275188691579e-01
3.402263715870e-03,2.272917740664e-01,2.272914640103e-01
3.403205388640e-03,2.270645959004e-01,2.270642861541e-01
3.404147061409e-03,2.268376447989e-01,2.268373353623e-01
3.405088734179e-03,2.266109205352e-01,2.266106114078e-01
3.406030406948e-03,2.263844228823e-01,2.263841140639e-01
3.406972079717e-03,2.261581516139e-01,2.261578431042e-01
3.407913752487e-03,2.259321065037e-01,2.259317983023e-01
3.408855425256e-03,2.257062873256e-01,2.257059794323e-01
3.409797098026e-03,2.254806938538e-01,2.254803862682e-01
3.410738770795e-03,2.252553258628e-01,2.252550185846e-01
3.411680443564e-03,2.250301831270e-01,2.250298761560e-01
3.412622116334e-03,2.248052654215e-01,2.248049587573e-01
3.413563789103e-03,2.245805725212e-01,2.245802661635e-01
3.414505461873e-03,2.243561042016e-01,2.243557981501e-01
3.415447134642e-03,2.241318602381e-01,2.241315544924e-01
3.416388807411e-03,2.239078404064e-01,2.239075349664e-01
3.417330480181e-03,2.236840444826e-01,2.236837393479e-01
3.418272152950e-03,2.234604722429e-01,2.234601674131e-01
3.419213825720e-03,2.232371234636e-01,2.232368189386e-01
3.420155498489e-03,2.230139979215e-01,2.230136937008e-01
3.421097171258e-03,2.227910953935e-01,2.227907914768e-01
3.422038844028e-03,2.225684156565e-01,2.225681120436e-01
3.422980516797e-03,2.223459584880e-01,2.223456551786e-01
3.423922189567e-03,2.221237236654e-01,2.221234206592e-01
3.424863862336e-03,2.219017109666e-01,2.219014082632e-01
3.425805535106e-03,2.216799201695e-01,2.216796177687e-01
3.426747207875e-03,2.214583510524e-01,2.214580489538e-01
3.427688880644e-03,2.212370033936e-01,2.212367015969e-01
3.428630553414e-03,2.210158769718e-01,2.210155754768e-01
3.429572226183e-03,2.207949715660e-01,2.207946703723e-01
3.430513898953e-03,2.205742869551e-01,2.205739860625e-01
3.431455571722e-03,2.203538229185e-01,2.203535223267e-01
3.432397244491e-03,2.201335792358e-01,2.201332789444e-01
3.433338917261e-03,2.199135556867e-01,2.199132556954e-01
3.434280590030e-03,2.196937520511e-01,2.196934523597e-01
3.435222262800e-03,2.194741681093e-01,2.194738687174e-01
3.436163935569e-03,2.192548036417e-01,2.192545045491e-01
3.437105608338e-03,2.190356584290e-01,2.190353596353e-01
3.438047281108e-03,2.188167322519e-01,2.188164337568e-01
3.438988953877e-03,2.185980248915e-01,2.185977266948e-01
3.439930626647e-03,2.183795361292e-01,2.183792382305e-01
3.440872299416e-03,2.181612657465e-01,2.181609681455e-01
3.441813972185e-03,2.179432135250e-01,2.179429162215e-01
3.442755644955e-03,2.177253792468e-01,2.177250822405e-01
3.443697317724e-03,2.175077626939e-01,2.175074659845e-01
3.444638990494e-03,2.172903636489e-01,2.172900672360e-01
3.445580663263e-03,2.170731818942e-01,2.170728857776e-01
3.446522336033e-03,2.168562172127e-01,2.168559213921e-01
3.447464008802e-03,2.166394693875e-01,2.166391738625e-01
3.448405681571e-03,2.164229382018e-01,2.164226429721e-01
3.449347354341e-03,2.162066234390e-01,2.162063285044e-01
3.450289027110e-03,2.159905248828e-01,2.159902302431e-01
3.451230699880e-03,2.157746423172e-01,2.157743479719e-01
3.452172372649e-03,2.155589755262e-01,2.155586814752e-01
3.453114045418e-03,2.153435242943e-01,2.153432305371e-01
3.454055718188e-03,2.151282884059e-01,2.151279949423e-01
3.454997390957e-03,2.149132676458e-01,2.149129744755e-01
3.455939063727e-03,2.146984617989e-01,2.146981689217e-01
3.456880736496e-03,2.144838706506e-01,2.144835780661e-01
3.457822409265e-03,2.142694939862e-01,2.142692016941e-01
3.458764082035e-03,2.140553315912e-01,2.140550395913e-01
3.459705754804e-03,2.138413832516e-01,2.138410915436e-01
3.460647427574e-03,2.136276487534e-01,2.136273573370e-01
3.461589100343e-03,2.134141278829e-01,2.134138367577e-01
3.462530773112e-03,2.132008204265e-01,2.132005295923e-01
3.463472445882e-03,2.129877261710e-01,2.129874356275e-01
3.464414118651e-03,2.127748449032e-01,2.127745546501e-01
3.465355791421e-03,2.125621764103e-01,2.125618864472e-01
3.466297464190e-03,2.123497204795e-01,2.123494308063e-01
3.467239136959e-03,2.121374768985e-01,2.121371875148e-01
3.468180809729e-03,2.119254454550e-01,2.119251563606e-01
3.469122482498e-03,2.117136259370e-01,2.117133371315e-01
3.470064155268e-03,2.115020181326e-01,2.115017296157e-01
3.471005828037e-03,2.112906218302e-01,2.112903336017e-01
3.471947500807e-03,2.110794368185e-01,2.110791488781e-01
3.472889173576e-03,2.108684628862e-01,2.108681752336e-01
3.473830846345e-03,2.106576998224e-01,2.106574124573e-01
3.474772519115e-03,2.104471474163e-01,2.104468603385e-01
3.475714191884e-03,2.102368054574e-01,2.102365186665e-01
3.476655864654e-03,2.100266737353e-01,2.100263872311e-01
3.477597537423e-03,2.098167520399e-01,2.098164658220e-01
3.478539210192e-03,2.096070401613e-01,2.096067542295e-01
3.479480882962e-03,2.093975378898e-01,2.093972522437e-01
3.480422555731e-03,2.091882450157e-01,2.091879596552e-01
3.481364228501e-03,2.089791613300e-01,2.089788762547e-01
3.482305901270e-03,2.087702866234e-01,2.087700018330e-01
3.483247574039e-03,2.085616206872e-01,2.085613361814e-01
3.484189246809e-03,2.083531633125e-01,2.083528790912e-01
3.485130919578e-03,2.081449142911e-01,2.081446303538e-01
3.486072592348e-03,2.079368734146e-01,2.079365897611e-01
3.487014265117e-03,2.077290404749e-01,2.077287571049e-01
3.487955937886e-03,2.075214152644e-01,2.075211321776e-01
3.488897610656e-03,2.073139975752e-01,2.073137147714e-01
3.489839283425e-03,2.071067872001e-01,2.071065046790e-01
3.490780956195e-03,2.068997839318e-01,2.068995016930e-01
3.491722628964e-03,2.066929875633e-01,2.066927056066e-01
3.492664301733e-03,2.064863978878e-01,2.064861162129e-01
3.493605974503e-03,2.062800146987e-01,2.062797333054e-01
3.494547647272e-03,2.060738377896e-01,2.060735566775e-01
3.495489320042e-03,2.058678669544e-01,2.058675861233e-01
3.496430992811e-03,2.056621019871e-01,2.056618214367e-01
3.497372665581e-03,2.054565426819e-01,2.054562624119e-01
3.498314338350e-03,2.052511888332e-01,2.052509088434e-01
3.499256011119e-03,2.050460402358e-01,2.050457605258e-01
3.500197683889e-03,2.048410966844e-01,2.048408172540e-01
3.501139356658e-03,2.046363579741e-01,2.046360788230e-01
3.502081029428e-03,2.044318239003e-01,2.044315450281e-01
3.503022702197e-03,2.042274942582e-01,2.042272156648e-01
3.503964374966e-03,2.040233688437e-01,2.040230905287e-01
3.504906047736e-03,2.038194474525e-01,2.038191694157e-01
3.505847720505e-03,2.036157298808e-01,2.036154521219e-01
3.506789393275e-03,2.034122159249e-01,2.034119384436e-01
3.507731066044e-03,2.032089053812e-01,2.032086281772e-01
3.508672738813e-03,2.030057980464e-01,2.030055211195e-01
3.509614411583e-03,2.028028937174e-01,2.028026170673e-01
3.510556084352e-03,2.026001921913e-01,2.025999158178e-01
3.511497757122e-03,2.023976932655e-01,2.023974171682e-01
3.512439429891e-03,2.021953967373e-01,2.021951209160e-01
3.513381102660e-03,2.019933024046e-01,2.019930268589e-01
3.514322775430e-03,2.017914100652e-01,2.017911347949e-01
3.515264448199e-03,2.015897195172e-01,2.015894445221e-01
3.516206120969e-03,2.013882305590e-01,2.013879558387e-01
3.517147793738e-03,2.011869429890e-01,2.011866685433e-01
3.518089466507e-03,2.009858566059e-01,2.009855824345e-01
3.519031139277e-03,2.007849712088e-01,2.007846973114e-01
3.519972812046e-03,2.005842865966e-01,2.005840129730e-01
3.520914484816e-03,2.003838025687e-01,2.003835292186e-01
3.521856157585e-03,2.001835189247e-01,2.001832458478e-01
3.522797830355e-03,1.999834354641e-01,1.999831626602e-01
3.523739503124e-03,1.997835519871e-01,1.997832794558e-01
3.524681175893e-03,1.995838682936e-01,1.995835960347e-01
3.525622848663e-03,1.993843841839e-01,1.993841121972e-01
3.526564521432e-03,1.991850994587e-01,1.991848277438e-01
3.527506194202e-03,1.989860139186e-01,1.989857424753e-01
3.528447866971e-03,1.987871273646e-01,1.987868561925e-01
3.529389539740e-03,1.985884395976e-01,1.985881686967e-01
3.530331212510e-03,1.983899504192e-01,1.983896797889e-01
3.531272885279e-03,1.981916596307e-01,1.981913892709e-01
3.532214558049e-03,1.979935670339e-01,1.979932969443e-01
3.533156230818e-03,1.977956724306e-01,1.977954026111e-01
3.534097903587e-03,1.975979756231e-01,1.975977060732e-01
3.535039576357e-03,1.974004764135e-01,1.974002071330e-01
3.535981249126e-03,1.972031746044e-01,1.972029055931e-01
3.536922921896e-03,1.970060699986e-01,1.970058012561e-01
3.537864594665e-03,1.968091623988e-01,1.968088939249e-01
3.538806267434e-03,1.966124516082e-01,1.966121834027e-01
3.539747940204e-03,1.964159374300e-01,1.964156694926e-01
3.540689612973e-03,1.962196196678e-01,1.962193519982e-01
3.541631285743e-03,1.960234981253e-01,1.960232307232e-01
3.542572958512e-03,1.958275726062e-01,1.958273054714e-01
3.543514631282e-03,1.956318429148e-01,1.956315760470e-01
3.544456304051e-03,1.954363088552e-01,1.954360422541e-01
3.545397976820e-03,1.952409702319e-01,1.952407038973e-01
3.546339649590e-03,1.950458268496e-01,1.950455607812e-01
3.547281322359e-03,1.948508785132e-01,1.948506127107e-01
3.548222995129e-03,1.946561250277e-01,1.946558594909e-01
3.549164667898e-03,1.944615661983e-01,1.944613009269e-01
3.550106340667e-03,1.942672018305e-01,1.942669368242e-01
3.551048013437e-03,1.940730317299e-01,1.940727669885e-01
3.551989686206e-03,1.938790557023e-01,1.938787912255e-01
3.552931358976e-03,1.936852735538e-01,1.936850093414e-01
3.553873031745e-03,1.934916850906e-01,1.934914211423e-01
3.554814704514e-03,1.932982901191e-01,1.932980264346e-01
3.555756377284e-03,1.931050884460e-01,1.931048250250e-01
3.556698050053e-03,1.929120798779e-01,1.929118167202e-01
3.557639722823e-03,1.927192642219e-01,1.927190013272e-01
3.558581395592e-03,1.925266412852e-01,1.925263786533e-01
3.559523068361e-03,1.923342108752e-01,1.923339485058e-01
3.560464741131e-03,1.921419727993e-01,1.921417106922e-01
3.561406413900e-03,1.919499268655e-01,1.919496650203e-01
3.562348086670e-03,1.917580728816e-01,1.917578112982e-01
3.563289759439e-03,1.915664106558e-01,1.915661493338e-01
3.564231432208e-03,1.913749399965e-01,1.913746789356e-01
3.565173104978e-03,1.911836607120e-01,1.911833999122e-01
3.566114777747e-03,1.909925726113e-01,1.909923120721e-01
3.567056450517e-03,1.908016755032e-01,1.908014152243e-01
3.567998123286e-03,1.906109691967e-01,1.906107091780e-01
3.568939796056e-03,1.904204535012e-01,1.904201937424e-01
3.569881468825e-03,1.902301282262e-01,1.902298687271e-01
3.570823141594e-03,1.900399931814e-01,1.900397339416e-01
3.571764814364e-03,1.898500481765e-01,1.898497891958e-01
3.572706487133e-03,1.896602930217e-01,1.896600342999e-01
3.573648159903e-03,1.894707275272e-01,1.894704690640e-01
3.574589832672e-03,1.892813515035e-01,1.892810932986e-01
3.575531505441e-03,1.890921647611e-01,1.890919068143e-01
3.576473178211e-03,1.889031671110e-01,1.889029094220e-01
3.577414850980e-03,1.887143583640e-01,1.887141009325e-01
3.578356523750e-03,1.885257383313e-01,1.885254811572e-01
3.579298196519e-03,1.883373068245e-01,1.883370499074e-01
3.580239869288e-03,1.881490636549e-01,1.881488069946e-01
3.581181542058e-03,1.879610086344e-01,1.879607522307e-01
3.582123214827e-03,1.877731415750e-01,1.877728854275e-01
3.583064887597e-03,1.875854622887e-01,1.875852063972e-01
3.584006560366e-03,1.873979705879e-01,1.873977149522e-01
3.584948233135e-03,1.872106662850e-01,1.872104109048e-01
3.585889905905e-03,1.870235491929e-01,1.870232940680e-01
3.586831578674e-03,1.868366191243e-01,1.868363642544e-01
3.587773251444e-03,1.866498758924e-01,1.866496212772e-01
3.588714924213e-03,1.864633193103e-01,1.864630649496e-01
3.589656596982e-03,1.862769491916e-01,1.862766950851e-01
3.590598269752e-03,1.860907653498e-01,1.860905114973e-01
3.591539942521e-03,1.859047675989e-01,1.859045140001e-01
3.592481615291e-03,1.857189557527e-01,1.857187024074e-01
3.593423288060e-03,1.855333296255e-01,1.855330765334e-01
3.594364960830e-03,1.853478890316e-01,1.853476361925e-01
3.595306633599e-03,1.851626337856e-01,1.851623811992e-01
3.596248306368e-03,1.849775637023e-01,1.849773113683e-01
3.597189979138e-03,1.847926785965e-01,1.847924265148e-01
3.598131651907e-03,1.846079782835e-01,1.846077264537e-01
3.599073324677e-03,1.844234625784e-01,1.844232110004e-01
3.600014997446e-03,1.842391312969e-01,1.842388799702e-01
3.600956670215e-03,1.840549842544e-01,1.840547331790e-01
3.601898342985e-03,1.838710212670e-01,1.838707704425e-01
3.602840015754e-03,1.836872421506e-01,1.836869915768e-01
3.603781688524e-03,1.835036467215e-01,1.835033963981e-01
3.604723361293e-03,1.833202347960e-01,1.833199847229e-01
3.605665034062e-03,1.831370061908e-01,1.831367563676e-01
3.606606706832e-03,1.829539607226e-01,1.829537111491e-01
3.607548379601e-03,1.827710982083e-01,1.827708488843e-01
3.608490052371e-03,1.825884184652e-01,1.825881693904e-01
3.609431725140e-03,1.824059213106e-01,1.824056724847e-01
3.610373397909e-03,1.822236065618e-01,1.822233579846e-01
3.611315070679e-03,1.820414740367e-01,1.820412257080e-01
3.612256743448e-03,1.818595235531e-01,1.818592754725e-01
3.613198416218e-03,1.816777549290e-01,1.816775070964e-01
3.614140088987e-03,1.814961679826e-01,1.814959203978e-01
3.615081761756e-03,1.813147625325e-01,1.813145151951e-01
3.616023434526e-03,1.811335383971e-01,1.811332913069e-01
3.616965107295e-03,1.809524953953e-01,1.809522485521e-01
3.617906780065e-03,1.807716333460e-01,1.807713867495e-01
3.618848452834e-03,1.805909520684e-01,1.805907057183e-01
3.619790125604e-03,1.804104513817e-01,1.804102052779e-01
3.620731798373e-03,1.802301311055e-01,1.802298852477e-01
3.621673471142e-03,1.800499910594e-01,1.800497454473e-01
3.622615143912e-03,1.798700310633e-01,1.798697856967e-01
3.623556816681e-03,1.796902509373e-01,1.796900058160e-01
3.624498489451e-03,1.795106505016e-01,1.795104056252e-01
3.625440162220e-03,1.793312295765e-01,1.793309849449e-01
3.626381834989e-03,1.791519879826e-01,1.791517435955e-01
3.627323507759e-03,1.789729255408e-01,1.789726813980e-01
3.628265180528e-03,1.787940420719e-01,1.787937981731e-01
3.629206853298e-03,1.786153373971e-01,1.786150937420e-01
3.630148526067e-03,1.784368113376e-01,1.784365679261e-01
3.631090198836e-03,1.782584637149e-01,1.782582205467e-01
3.632031871606e-03,1.780802943507e-01,1.780800514256e-01
3.632973544375e-03,1.779023030668e-01,1.779020603845e-01
3.633915217145e-03,1.777244896853e-01,1.777242472455e-01
3.634856889914e-03,1.775468540282e-01,1.775466118308e-01
3.635798562683e-03,1.773693959180e-01,1.773691539626e-01
3.636740235453e-03,1.771921151773e-01,1.771918734637e-01
3.637681908222e-03,1.770150116286e-01,1.770147701567e-01
3.638623580992e-03,1.768380850950e-01,1.768378438644e-01
3.639565253761e-03,1.766613353995e-01,1.766610944100e-01
3.640506926531e-03,1.764847623653e-01,1.764845216167e-01
3.641448599300e-03,1.763083658159e-01,1.763081253079e-01
3.642390272069e-03,1.761321455749e-01,1.761319053073e-01
3.643331944839e-03,1.759561014661e-01,1.759558614386e-01
3.644273617608e-03,1.757802333133e-01,1.757799935258e-01
3.645215290378e-03,1.756045409409e-01,1.756043013929e-01
3.646156963147e-03,1.754290241729e-01,1.754287848644e-01
3.647098635916e-03,1.752536828340e-01,1.752534437647e-01
3.648040308686e-03,1.750785167488e-01,1.750782779185e-01
3.648981981455e-03,1.749035257422e-01,1.749032871505e-01
3.649923654225e-03,1.747287096390e-01,1.747284712859e-01
3.650865326994e-03,1.745540682647e-01,1.745538301497e-01
3.651806999763e-03,1.743796014443e-01,1.743793635674e-01
3.652748672533e-03,1.742053090036e-01,1.742050713645e-01
3.653690345302e-03,1.740311907683e-01,1.740309533666e-01
3.654632018072e-03,1.738572465641e-01,1.738570093997e-01
3.655573690841e-03,1.736834762172e-01,1.736832392899e-01
3.656515363610e-03,1.735098795538e-01,1.735096428633e-01
3.657457036380e-03,1.733364564002e-01,1.733362199463e-01
3.658398709149e-03,1.731632065832e-01,1.731629703656e-01
3.659340381919e-03,1.729901299293e-01,1.729898939478e-01
3.660282054688e-03,1.728172262657e-01,1.728169905200e-01
3.661223727457e-03,1.726444954192e-01,1.726442599092e-01
3.662165400227e-03,1.724719372173e-01,1.724717019427e-01
3.663107072996e-03,1.722995514873e-01,1.722993164478e-01
3.664048745766e-03,1.721273380569e-01,1.721271032523e-01
3.664990418535e-03,1.719552967538e-01,1.719550621839e-01
3.665932091305e-03,1.717834274060e-01,1.717831930706e-01
3.666873764074e-03,1.716117298417e-01,1.716114957405e-01
3.667815436843e-03,1.714402038892e-01,1.714399700220e-01
3.668757109613e-03,1.712688493768e-01,1.712686157434e-01
3.669698782382e-03,1.710976661333e-01,1.710974327334e-01
3.670640455152e-03,1.709266539875e-01,1.709264208209e-01
3.671582127921e-03,1.707558127684e-01,1.707555798348e-01
3.672523800690e-03,1.705851423050e-01,1.705849096043e-01
3.673465473460e-03,1.704146424269e-01,1.704144099587e-01
3.674407146229e-03,1.702443129634e-01,1.702440807275e-01
3.675348818999e-03,1.700741537442e-01,1.700739217405e-01
3.676290491768e-03,1.699041645992e-01,1.699039328274e-01
3.677232164537e-03,1.697343453584e-01,1.697341138182e-01
3.678173837307e-03,1.695646958519e-01,1.695644645432e-01
3.679115510076e-03,1.693952159102e-01,1.693949848326e-01
3.680057182846e-03,1.692259053636e-01,1.692256745170e-01
3.680998855615e-03,1.690567640430e-01,1.690565334271e-01
3.681940528384e-03,1.688877917792e-01,1.688875613938e-01
3.682882201154e-03,1.687189884032e-01,1.687187582481e-01
3.683823873923e-03,1.685503537461e-01,1.685501238211e-01
3.684765546693e-03,1.683818876395e-01,1.683816579442e-01
3.685707219462e-03,1.682135899147e-01,1.682133604491e-01
3.686648892231e-03,1.680454604036e-01,1.680452311673e-01
3.687590565001e-03,1.678774989379e-01,1.678772699307e-01
3.688532237770e-03,1.677097053498e-01,1.677094765714e-01
3.689473910540e-03,1.675420794713e-01,1.675418509217e-01
3.690415583309e-03,1.673746211350e-01,1.673743928138e-01
3.691357256079e-03,1.672073301732e-01,1.672071020803e-01
3.692298928848e-03,1.670402064189e-01,1.670399785539e-01
3.693240601617e-03,1.668732497047e-01,1.668730220675e-01
3.694182274387e-03,1.667064598638e-01,1.667062324541e-01
3.695123947156e-03,1.665398367294e-01,1.665396095470e-01
3.696065619926e-03,1.663733801349e-01,1.663731531795e-01
3.697007292695e-03,1.662070899137e-01,1.662068631852e-01
3.697948965464e-03,1.660409658996e-01,1.660407393977e-01
3.698890638234e-03,1.658750079266e-01,1.658747816510e-01
3.699832311003e-03,1.657092158285e-01,1.657089897791e-01
3.700773983773e-03,1.655435894397e-01,1.655433636162e-01
3.701715656542e-03,1.653781285944e-01,1.653779029967e-01
3.702657329311e-03,1.652128331274e-01,1.652126077551e-01
3.703599002081e-03,1.650477028731e-01,1.650474777261e-01
3.704540674850e-03,1.648827376666e-01,1.648825127446e-01
3.705482347620e-03,1.647179373428e-01,1.647177126457e-01
3.706424020389e-03,1.645533017370e-01,1.645530772644e-01
3.707365693158e-03,1.643888306845e-01,1.643886064363e-01
3.708307365928e-03,1.642245240208e-01,1.642242999968e-01
3.709249038697e-03,1.640603815817e-01,1.640601577816e-01
3.710190711467e-03,1.638964032030e-01,1.638961796265e-01
3.711132384236e-03,1.637325887207e-01,1.637323653677e-01
3.712074057005e-03,1.635689379710e-01,1.635687148412e-01
3.713015729775e-03,1.634054507902e-01,1.634052278835e-01
3.713957402544e-03,1.632421270149e-01,1.632419043310e-01
3.714899075314e-03,1.630789664818e-01,1.630787440204e-01
3.715840748083e-03,1.629159690276e-01,1.629157467886e-01
3.716782420853e-03,1.627531344894e-01,1.627529124725e-01
3.717724093622e-03,1.625904627044e-01,1.625902409094e-01
3.718665766391e-03,1.624279535098e-01,1.624277319365e-01
3.719607439161e-03,1.622656067432e-01,1.622653853914e-01
3.720549111930e-03,1.621034222422e-01,1.621032011116e-01
3.721490784700e-03,1.619413998447e-01,1.619411789351e-01
3.722432457469e-03,1.617795393886e-01,1.617793186998e-01
3.723374130238e-03,1.616178407120e-01,1.616176202438e-01
3.724315803008e-03,1.614563036533e-01,1.614560834054e-01
3.725257475777e-03,1.612949280509e-01,1.612947080232e-01
3.726199148547e-03,1.611337137434e-01,1.611334939356e-01
3.727140821316e-03,1.609726605697e-01,1.609724409816e-01
3.728082494085e-03,1.608117683686e-01,1.608115490000e-01
3.729024166855e-03,1.606510369793e-01,1.606508178300e-01
3.729965839624e-03,1.604904662411e-01,1.604902473108e-01
3.730907512394e-03,1.603300559933e-01,1.603298372819e-01
3.731849185163e-03,1.601698060757e-01,1.601695875828e-01
3.732790857932e-03,1.600097163278e-01,1.600094980533e-01
3.733732530702e-03,1.598497865897e-01,1.598495685333e-01
3.734674203471e-03,1.596900167013e-01,1.596897988629e-01
3.735615876241e-03,1.595304065030e-01,1.595301888824e-01
3.736557549010e-03,1.593709558351e-01,1.593707384320e-01
3.737499221780e-03,1.592116645382e-01,1.592114473524e-01
3.738440894549e-03,1.590525324530e-01,1.590523154842e-01
3.739382567318e-03,1.588935594203e-01,1.588933426684e-01
3.740324240088e-03,1.587347452812e-01,1.587345287459e-01
3.741265912857e-03,1.585760898768e-01,1.585758735580e-01
3.742207585627e-03,1.584175930486e-01,1.584173769460e-01
3.743149258396e-03,1.582592546379e-01,1.582590387513e-01
3.744090931165e-03,1.581010744866e-01,1.581008588157e-01
3.745032603935e-03,1.579430524363e-01,1.579428369810e-01
3.745974276704e-03,1.577851883290e-01,1.577849730891e-01
3.746915949474e-03,1.576274820070e-01,1.576272669822e-01
3.747857622243e-03,1.574699333125e-01,1.574697185026e-01
3.748799295012e-03,1.573125420879e-01,1.573123274927e-01
3.749740967782e-03,1.571553081759e-01,1.571550937952e-01
3.750682640551e-03,1.569982314192e-01,1.569980172527e-01
3.751624313321e-03,1.568413116607e-01,1.568410977083e-01
3.752565986090e-03,1.566845487436e-01,1.566843350050e-01
3.753507658859e-03,1.565279425110e-01,1.565277289861e-01
3.754449331629e-03,1.563714928064e-01,1.563712794949e-01
3.755391004398e-03,1.562151994732e-01,1.562149863750e-01
3.756332677168e-03,1.560590623553e-01,1.560588494701e-01
3.757274349937e-03,1.559030812965e-01,1.559028686240e-01
3.758216022706e-03,1.557472561408e-01,1.557470436808e-01
3.759157695476e-03,1.555915867323e-01,1.555913744847e-01
3.760099368245e-03,1.554360729154e-01,1.554358608800e-01
3.761041041015e-03,1.552807145347e-01,1.552805027112e-01
3.761982713784e-03,1.551255114346e-01,1.551252998228e-01
3.762924386554e-03,1.549704634601e-01,1.549702520598e-01
3.763866059323e-03,1.548155704560e-01,1.548153592671e-01
3.764807732092e-03,1.546608322676e-01,1.546606212897e-01
3.765749404862e-03,1.545062487400e-01,1.545060379729e-01
3.766691077631e-03,1.543518197186e-01,1.543516091622e-01
3.767632750401e-03,1.541975450491e-01,1.541973347031e-01
3.768574423170e-03,1.540434245771e-01,1.540432144414e-01
3.769516095939e-03,1.538894581486e-01,1.538892482229e-01
3.770457768709e-03,1.537356456095e-01,1.537354358937e-01
3.771399441478e-03,1.535819868061e-01,1.535817772999e-01
3.772341114248e-03,1.534284815847e-01,1.534282722879e-01
3.773282787017e-03,1.532751297918e-01,1.532749207042e-01
3.774224459786e-03,1.531219312740e-01,1.531217223954e-01
3.775166132556e-03,1.529688858782e-01,1.529686772083e-01
3.776107805325e-03,1.528159934513e-01,1.528157849900e-01
3.777049478095e-03,1.526632538404e-01,1.526630455874e-01
3.777991150864e-03,1.525106668927e-01,1.525104588479e-01
3.778932823633e-03,1.523582324557e-01,1.523580246189e-01
3.779874496403e-03,1.522059503770e-01,1.522057427479e-01
3.780816169172e-03,1.520538205042e-01,1.520536130826e-01
3.781757841942e-03,1.519018426853e-01,1.519016354710e-01
3.782699514711e-03,1.517500167682e-01,1.517498097611e-01
3.783641187480e-03,1.515983426012e-01,1.515981358009e-01
3.784582860250e-03,1.514468200325e-01,1.514466134389e-01
3.785524533019e-03,1.512954489106e-01,1.512952425236e-01
3.786466205789e-03,1.511442290843e-01,1.511440229035e-01
3.787407878558e-03,1.509931604021e-01,1.509929544274e-01
3.788349551328e-03,1.508422427131e-01,1.508420369443e-01
3.789291224097e-03,1.506914758664e-01,1.506912703032e-01
3.790232896866e-03,1.505408597112e-01,1.505406543534e-01
3.791174569636e-03,1.503903940968e-01,1.503901889443e-01
3.792116242405e-03,1.502400788728e-01,1.502398739254e-01
3.793057915175e-03,1.500899138890e-01,1.500897091464e-01
3.793999587944e-03,1.499398989950e-01,1.499396944571e-01
3.794941260713e-03,1.497900340410e-01,1.497898297075e-01
3.795882933483e-03,1.496403188770e-01,1.496401147478e-01
3.796824606252e-03,1.494907533534e-01,1.494905494281e-01
3.797766279022e-03,1.493413373205e-01,1.493411335991e-01
3.798707951791e-03,1.491920706289e-01,1.491918671111e-01
3.799649624560e-03,1.490429531295e-01,1.490427498151e-01
3.800591297330e-03,1.488939846730e-01,1.488937815618e-01
3.801532970099e-03,1.487451651105e-01,1.487449622024e-01
3.802474642869e-03,1.485964942932e-01,1.485962915879e-01
3.803416315638e-03,1.484479720724e-01,1.484477695696e-01
3.804357988407e-03,1.482995982996e-01,1.482993959992e-01
3.805299661177e-03,1.481513728264e-01,1.481511707282e-01
3.806241333946e-03,1.480032955045e-01,1.480030936084e-01
3.807183006716e-03,1.478553661860e-01,1.478551644917e-01
3.808124679485e-03,1.477075847229e-01,1.477073832301e-01
3.809066352254e-03,1.475599509673e-01,1.475597496760e-01
3.810008025024e-03,1.474124647718e-01,1.474122636816e-01
3.810949697793e-03,1.472651259886e-01,1.472649250995e-01
3.811891370563e-03,1.471179344707e-01,1.471177337823e-01
3.812833043332e-03,1.469708900707e-01,1.469706895829e-01
3.813774716102e-03,1.468239926416e-01,1.468237923541e-01
3.814716388871e-03,1.466772420364e-01,1.466770419492e-01
3.815658061640e-03,1.465306381086e-01,1.465304382213e-01
3.816599734410e-03,1.463841807114e-01,1.463839810239e-01
3.817541407179e-03,1.462378696984e-01,1.462376702105e-01
3.818483079949e-03,1.460917049232e-01,1.460915056348e-01
3.819424752718e-03,1.459456862398e-01,1.459454871505e-01
3.820366425487e-03,1.457998135021e-01,1.457996146118e-01
3.821308098257e-03,1.456540865642e-01,1.456538878727e-01
3.822249771026e-03,1.455085052804e-01,1.455083067875e-01
3.823191443796e-03,1.453630695052e-01,1.453628712106e-01
3.824133116565e-03,1.452177790930e-01,1.452175809966e-01
3.825074789334e-03,1.450726338986e-01,1.450724360002e-01
3.826016462104e-03,1.449276337768e-01,1.449274360763e-01
3.826958134873e-03,1.447827785827e-01,1.447825810798e-01
3.827899807643e-03,1.446380681714e-01,1.446378708659e-01
3.828841480412e-03,1.444935023981e-01,1.444933052898e-01
3.829783153181e-03,1.443490811184e-01,1.443488842071e-01
3.830724825951e-03,1.442048041878e-01,1.442046074733e-01
3.831666498720e-03,1.440606714620e-01,1.440604749441e-01
3.832608171490e-03,1.439166827969e-01,1.439164864754e-01
3.833549844259e-03,1.437728380484e-01,1.437726419232e-01
3.834491517029e-03,1.436291370728e-01,1.436289411436e-01
3.835433189798e-03,1.434855797264e-01,1.434853839930e-01
3.836374862567e-03,1.433421658656e-01,1.433419703278e-01
3.837316535337e-03,1.431988953469e-01,1.431987000046e-01
3.838258208106e-03,1.430557680271e-01,1.430555728801e-01
3.839199880876e-03,1.429127837631e-01,1.429125888111e-01
3.840141553645e-03,1.427699424120e-01,1.427697476548e-01
3.841083226414e-03,1.426272438307e-01,1.426270492682e-01
3.842024899184e-03,1.424846878768e-01,1.424844935087e-01
3.842966571953e-03,1.423422744075e-01,1.423420802337e-01
3.843908244723e-03,1.422000032805e-01,1.421998093008e-01
3.844849917492e-03,1.420578743535e-01,1.420576805677e-01
3.845791590261e-03,1.419158874844e-01,1.419156938923e-01
3.846733263031e-03,1.417740425312e-01,1.417738491326e-01
3.847674935800e-03,1.416323393521e-01,1.416321461468e-01
3.848616608570e-03,1.414907778053e-01,1.414905847931e-01
3.849558281339e-03,1.413493577493e-01,1.413491649301e-01
3.850499954108e-03,1.412080790427e-01,1.412078864162e-01
3.851441626878e-03,1.410669415442e-01,1.410667491101e-01
3.852383299647e-03,1.409259451126e-01,1.409257528709e-01
3.853324972417e-03,1.407850896070e-01,1.407848975574e-01
3.854266645186e-03,1.406443748865e-01,1.406441830289e-01
3.855208317955e-03,1.405038008103e-01,1.405036091445e-01
3.856149990725e-03,1.403633672380e-01,1.403631757637e-01
3.857091663494e-03,1.402230740291e-01,1.402228827462e-01
3.858033336264e-03,1.400829210432e-01,1.400827299515e-01
3.858975009033e-03,1.399429081403e-01,1.399427172396e-01
3.859916681803e-03,1.398030351803e-01,1.398028444704e-01
3.860858354572e-03,1.396633020233e-01,1.396631115040e-01
3.861800027341e-03,1.395237085297e-01,1.395235182008e-01
3.862741700111e-03,1.393842545598e-01,1.393840644211e-01
3.863683372880e-03,1.392449399741e-01,1.392447500255e-01
3.864625045650e-03,1.391057646334e-01,1.391055748747e-01
3.865566718419e-03,1.389667283985e-01,1.389665388294e-01
3.866508391188e-03,1.388278311303e-01,1.388276417507e-01
3.867450063958e-03,1.386890726899e-01,1.386888834996e-01
3.868391736727e-03,1.385504529387e-01,1.385502639375e-01
3.869333409497e-03,1.384119717379e-01,1.384117829256e-01
3.870275082266e-03,1.382736289491e-01,1.382734403255e-01
3.871216755035e-03,1.381354244339e-01,1.381352359988e-01
3.872158427805e-03,1.379973580541e-01,1.379971698074e-01
3.873100100574e-03,1.378594296718e-01,1.378592416132e-01
3.874041773344e-03,1.377216391488e-01,1.377214512782e-01
3.874983446113e-03,1.375839863476e-01,1.375837986647e-01
3.875925118882e-03,1.374464711303e-01,1.374462836351e-01
3.876866791652e-03,1.373090933595e-01,1.373089060517e-01
3.877808464421e-03,1.371718528978e-01,1.371716657772e-01
3.878750137191e-03,1.370347496080e-01,1.370345626744e-01
3.879691809960e-03,1.368977833529e-01,1.368975966062e-01
3.880633482729e-03,1.367609539956e-01,1.367607674355e-01
3.881575155499e-03,1.366242613993e-01,1.366240750257e-01
3.882516828268e-03,1.364877054273e-01,1.364875192399e-01
3.883458501038e-03,1.363512859430e-01,1.363510999417e-01
3.884400173807e-03,1.362150028100e-01,1.362148169946e-01
3.885341846577e-03,1.360788558919e-01,1.360786702623e-01
3.886283519346e-03,1.359428450528e-01,1.359426596087e-01
3.887225192115e-03,1.358069701565e-01,1.358067848978e-01
3.888166864885e-03,1.356712310672e-01,1.356710459937e-01
3.889108537654e-03,1.355356276492e-01,1.355354427606e-01
3.890050210424e-03,1.354001597668e-01,1.353999750630e-01
3.890991883193e-03,1.352648272845e-01,1.352646427653e-01
3.891933555962e-03,1.351296300671e-01,1.351294457323e-01
3.892875228732e-03,1.349945679793e-01,1.349943838288e-01
3.893816901501e-03,1.348596408861e-01,1.348594569197e-01
3.894758574271e-03,1.347248486526e-01,1.347246648700e-01
3.895700247040e-03,1.345901911439e-01,1.345900075450e-01
3.896641919809e-03,1.344556682254e-01,1.344554848101e-01
3.897583592579e-03,1.343212797627e-01,1.343210965306e-01
3.898525265348e-03,1.341870256212e-01,1.341868425722e-01
3.899466938118e-03,1.340529056667e-01,1.340527228007e-01
3.900408610887e-03,1.339189197651e-01,1.339187370819e-01
3.901350283656e-03,1.337850677825e-01,1.337848852819e-01
3.902291956426e-03,1.336513495850e-01,1.336511672668e-01
3.903233629195e-03,1.335177650388e-01,1.335175829028e-01
3.904175301965e-03,1.333843140104e-01,1.333841320565e-01
3.905116974734e-03,1.332509963663e-01,1.332508145943e-01
3.906058647504e-03,1.331178119732e-01,1.331176303829e-01
3.907000320273e-03,1.329847606980e-01,1.329845792891e-01
3.907941993042e-03,1.328518424075e-01,1.328516611800e-01
3.908883665812e-03,1.327190569689e-01,1.327188759225e-01
3.909825338581e-03,1.325864042493e-01,1.325862233839e-01
3.910767011351e-03,1.324538841162e-01,1.324537034315e-01
3.911708684120e-03,1.323214964370e-01,1.323213159329e-01
3.912650356889e-03,1.321892410792e-01,1.321890607555e-01
3.913592029659e-03,1.320571179107e-01,1.320569377673e-01
3.914533702428e-03,1.319251267994e-01,1.319249468360e-01
3.915475375198e-03,1.317932676132e-01,1.317930878296e-01
3.916417047967e-03,1.316615402202e-01,1.316613606164e-01
3.917358720736e-03,1.315299444888e-01,1.315297650645e-01
3.918300393506e-03,1.313984802874e-01,1.313983010424e-01
3.919242066275e-03,1.312671474845e-01,1.312669684186e-01
3.920183739045e-03,1.311359459487e-01,1.311357670618e-01
3.921125411814e-03,1.310048755488e-01,1.310046968408e-01
3.922067084583e-03,1.308739361539e-01,1.308737576245e-01
3.923008757353e-03,1.307431276329e-01,1.307429492819e-01
3.923950430122e-03,1.306124498551e-01,1.306122716823e-01
3.924892102892e-03,1.304819026897e-01,1.304817246950e-01
3.925833775661e-03,1.303514860062e-01,1.303513081895e-01
3.926775448430e-03,1.302211996742e-01,1.302210220352e-01
3.927717121200e-03,1.300910435634e-01,1.300908661020e-01
3.928658793969e-03,1.299610175437e-01,1.299608402596e-01
3.929600466739e-03,1.298311214850e-01,1.298309443781e-01
3.930542139508e-03,1.297013552575e-01,1.297011783276e-01
3.931483812278e-03,1.295717187313e-01,1.295715419783e-01
3.932425485047e-03,1.294422117768e-01,1.294420352005e-01
3.933367157816e-03,1.293128342646e-01,1.293126578647e-01
3.934308830586e-03,1.291835860652e-01,1.291834098416e-01
3.935250503355e-03,1.290544670494e-01,1.290542910020e-01
3.936192176125e-03,1.289254770881e-01,1.289253012166e-01
3.937133848894e-03,1.287966160522e-01,1.287964403565e-01
3.938075521663e-03,1.286678838130e-01,1.286677082930e-01
3.939017194433e-03,1.285392802417e-01,1.285391048971e-01
3.939958867202e-03,1.284108052097e-01,1.284106300403e-01
3.940900539972e-03,1.282824585885e-01,1.282822835942e-01
3.941842212741e-03,1.281542402498e-01,1.281540654304e-01
3.942783885510e-03,1.280261500653e-01,1.280259754206e-01
3.943725558280e-03,1.278981879070e-01,1.278980134368e-01
3.944667231049e-03,1.277703536468e-01,1.277701793511e-01
3.945608903819e-03,1.276426471571e-01,1.276424730356e-01
3.946550576588e-03,1.275150683100e-01,1.275148943625e-01
3.947492249357e-03,1.273876169779e-01,1.273874432043e-01
3.948433922127e-03,1.272602930335e-01,1.272601194336e-01
3.949375594896e-03,1.271330963495e-01,1.271329229230e-01
3.950317267666e-03,1.270060267985e-01,1.270058535454e-01
3.951258940435e-03,1.268790842535e-01,1.268789111736e-01
3.952200613204e-03,1.267522685877e-01,1.267520956808e-01
3.953142285974e-03,1.266255796741e-01,1.266254069400e-01
3.954083958743e-03,1.264990173861e-01,1.264988448247e-01
3.955025631513e-03,1.263725815972e-01,1.263724092082e-01
3.955967304282e-03,1.262462721808e-01,1.262460999641e-01
3.956908977052e-03,1.261200890107e-01,1.261199169662e-01
3.957850649821e-03,1.259940319607e-01,1.259938600882e-01
3.958792322590e-03,1.258681009048e-01,1.258679292040e-01
3.959733995360e-03,1.257422957170e-01,1.257421241878e-01
3.960675668129e-03,1.256166162714e-01,1.256164449137e-01
3.961617340899e-03,1.254910624426e-01,1.254908912561e-01
3.962559013668e-03,1.253656341047e-01,1.253654630894e-01
3.963500686437e-03,1.252403311326e-01,1.252401602881e-01
3.964442359207e-03,1.251151534007e-01,1.251149827270e-01
3.965384031976e-03,1.249901007841e-01,1.249899302810e-01
3.966325704746e-03,1.248651731575e-01,1.248650028248e-01
3.967267377515e-03,1.247403703961e-01,1.247402002337e-01
3.968209050284e-03,1.246156923751e-01,1.246155223828e-01
3.969150723054e-03,1.244911389698e-01,1.244909691474e-01
3.970092395823e-03,1.243667100557e-01,1.243665404030e-01
3.971034068593e-03,1.242424055083e-01,1.242422360251e-01
3.971975741362e-03,1.241182252033e-01,1.241180558895e-01
3.972917414131e-03,1.239941690165e-01,1.239939998720e-01
3.973859086901e-03,1.238702368239e-01,1.238700678484e-01
3.974800759670e-03,1.237464285015e-01,1.237462596950e-01
3.975742432440e-03,1.236227439256e-01,1.236225752878e-01
3.976684105209e-03,1.234991829725e-01,1.234990145032e-01
3.977625777978e-03,1.233757455185e-01,1.233755772176e-01
3.978567450748e-03,1.232524314403e-01,1.232522633076e-01
3.979509123517e-03,1.231292406146e-01,1.231290726499e-01
3.980450796287e-03,1.230061729180e-01,1.230060051213e-01
3.981392469056e-03,1.228832282277e-01,1.228830605987e-01
3.982334141826e-03,1.227604064206e-01,1.227602389591e-01
3.983275814595e-03,1.226377073740e-01,1.226375400798e-01
3.984217487364e-03,1.225151309650e-01,1.225149638381e-01
3.985159160134e-03,1.223926770712e-01,1.223925101113e-01
3.986100832903e-03,1.222703455701e-01,1.222701787771e-01
3.987042505673e-03,1.221481363393e-01,1.221479697130e-01
3.987984178442e-03,1.220260492567e-01,1.220258827969e-01
3.988925851211e-03,1.219040842001e-01,1.219039179068e-01
3.989867523981e-03,1.217822410476e-01,1.217820749205e-01
3.990809196750e-03,1.216605196774e-01,1.216603537163e-01
3.991750869520e-03,1.215389199677e-01,1.215387541725e-01
3.992692542289e-03,1.214174417970e-01,1.214172761675e-01
3.993634215058e-03,1.212960850437e-01,1.212959195797e-01
3.994575887828e-03,1.211748495864e-01,1.211746842879e-01
3.995517560597e-03,1.210537353041e-01,1.210535701707e-01
3.996459233367e-03,1.209327420755e-01,1.209325771072e-01
3.997400906136e-03,1.208118697796e-01,1.208117049762e-01
3.998342578905e-03,1.206911182957e-01,1.206909536570e-01
3.999284251675e-03,1.205704875028e-01,1.205703230287e-01
4.000225924444e-03,1.204499772805e-01,1.204498129707e-01
4.001167597214e-03,1.203295875081e-01,1.203294233626e-01
4.002109269983e-03,1.202093180653e-01,1.202091540839e-01
4.003050942753e-03,1.200891688319e-01,1.200890050143e-01
4.003992615522e-03,1.199691396876e-01,1.199689760338e-01
4.004934288291e-03,1.198492305125e-01,1.198490670223e-01
4.005875961061e-03,1.197294411867e-01,1.197292778598e-01
4.006817633830e-03,1.196097715903e-01,1.196096084266e-01
4.007759306600e-03,1.194902216036e-01,1.194900586031e-01
4.008700979369e-03,1.193707911072e-01,1.193706282696e-01
4.009642652138e-03,1.192514799816e-01,1.192513173068e-01
4.010584324908e-03,1.191322881075e-01,1.191321255952e-01
4.011525997677e-03,1.190132153657e-01,1.190130530159e-01
4.012467670447e-03,1.188942616371e-01,1.188940994495e-01
4.013409343216e-03,1.187754268028e-01,1.187752647773e-01
4.014351015985e-03,1.186567107439e-01,1.186565488804e-01
4.015292688755e-03,1.185381133417e-01,1.185379516400e-01
4.016234361524e-03,1.184196344777e-01,1.184194729376e-01
4.017176034294e-03,1.183012740333e-01,1.183011126547e-01
4.018117707063e-03,1.181830318902e-01,1.181828706729e-01
4.019059379832e-03,1.180649079301e-01,1.180647468739e-01
4.020001052602e-03,1.179469020350e-01,1.179467411398e-01
4.020942725371e-03,1.178290140868e-01,1.178288533523e-01
4.021884398141e-03,1.177112439675e-01,1.177110833938e-01
4.022826070910e-03,1.175935915596e-01,1.175934311463e-01
4.023767743679e-03,1.174760567452e-01,1.174758964923e-01
4.024709416449e-03,1.173586394069e-01,1.173584793142e-01
4.025651089218e-03,1.172413394273e-01,1.172411794945e-01
4.026592761988e-03,1.171241566890e-01,1.171239969161e-01
4.027534434757e-03,1.170070910749e-01,1.170069314617e-01
4.028476107527e-03,1.168901424678e-01,1.168899830142e-01
4.029417780296e-03,1.167733107510e-01,1.167731514567e-01
4.030359453065e-03,1.166565958074e-01,1.166564366723e-01
4.031301125835e-03,1.165399975205e-01,1.165398385444e-01
4.032242798604e-03,1.164235157735e-01,1.164233569564e-01
4.033184471374e-03,1.163071504501e-01,1.163069917917e-01
4.034126144143e-03,1.161909014339e-01,1.161907429340e-01
4.035067816912e-03,1.160747686085e-01,1.160746102671e-01
4.036009489682e-03,1.159587518580e-01,1.159585936748e-01
4.036951162451e-03,1.158428510661e-01,1.158426930411e-01
4.037892835221e-03,1.157270661172e-01,1.157269082501e-01
4.038834507990e-03,1.156113968953e-01,1.156112391860e-01
4.039776180759e-03,1.154958432849e-01,1.154956857332e-01
4.040717853529e-03,1.153804051703e-01,1.153802477761e-01
4.041659526298e-03,1.152650824361e-01,1.152649251992e-01
4.042601199068e-03,1.151498749670e-01,1.151497178873e-01
4.043542871837e-03,1.150347826478e-01,1.150346257250e-01
4.044484544606e-03,1.149198053633e-01,1.149196485975e-01
4.045426217376e-03,1.148049429987e-01,1.148047863895e-01
4.046367890145e-03,1.146901954391e-01,1.146900389864e-01
4.047309562915e-03,1.145755625696e-01,1.145754062733e-01
4.048251235684e-03,1.144610442757e-01,1.144608881357e-01
4.049192908453e-03,1.143466404429e-01,1.143464844589e-01
4.050134581223e-03,1.142323509567e-01,1.142321951286e-01
4.051076253992e-03,1.141181757029e-01,1.141180200306e-01
4.052017926762e-03,1.140041145673e-01,1.140039590505e-01
4.052959599531e-03,1.138901674358e-01,1.138900120745e-01
4.053901272301e-03,1.137763341945e-01,1.137761789884e-01
4.054842945070e-03,1.136626147295e-01,1.136624596786e-01
4.055784617839e-03,1.135490089271e-01,1.135488540312e-01
4.056726290609e-03,1.134355166738e-01,1.134353619327e-01
4.057667963378e-03,1.133221378560e-01,1.133219832695e-01
4.058609636148e-03,1.132088723603e-01,1.132087179284e-01
4.059551308917e-03,1.130957200735e-01,1.130955657959e-01
4.060492981686e-03,1.129826808824e-01,1.129825267591e-01
4.061434654456e-03,1.128697546741e-01,1.128696007047e-01
4.062376327225e-03,1.127569413355e-01,1.127567875200e-01
4.063317999995e-03,1.126442407538e-01,1.126440870921e-01
4.064259672764e-03,1.125316528164e-01,1.125314993083e-01
4.065201345533e-03,1.124191774107e-01,1.124190240560e-01
4.066143018303e-03,1.123068144241e-01,1.123066612227e-01
4.067084691072e-03,1.121945637444e-01,1.121944106961e-01
4.068026363842e-03,1.120824252592e-01,1.120822723639e-01
4.068968036611e-03,1.119703988565e-01,1.119702461140e-01
4.069909709380e-03,1.118584844242e-01,1.118583318344e-01
4.070851382150e-03,1.117466818504e-01,1.117465294131e-01
4.071793054919e-03,1.116349910232e-01,1.116348387383e-01
4.072734727689e-03,1.115234118311e-01,1.115232596984e-01
4.073676400458e-03,1.114119441624e-01,1.114117921817e-01
4.074618073227e-03,1.113005879057e-01,1.113004360769e-01
4.075559745997e-03,1.111893429495e-01,1.111891912725e-01
4.076501418766e-03,1.110782091827e-01,1.110780576573e-01
4.077443091536e-03,1.109671864941e-01,1.109670351201e-01
4.078384764305e-03,1.108562747727e-01,1.108561235500e-01
4.079326437075e-03,1.107454739076e-01,1.107453228361e-01
4.080268109844e-03,1.106347837880e-01,1.106346328674e-01
4.081209782613e-03,1.105242043032e-01,1.105240535335e-01
4.082151455383e-03,1.104137353425e-01,1.104135847235e-01
4.083093128152e-03,1.103033767957e-01,1.103032263272e-01
4.084034800922e-03,1.101931285522e-01,1.101929782341e-01
4.084976473691e-03,1.100829905018e-01,1.100828403340e-01
4.085918146460e-03,1.099729625345e-01,1.099728125168e-01
4.086859819230e-03,1.098630445401e-01,1.098628946723e-01
4.087801491999e-03,1.097532364088e-01,1.097530866908e-01
4.088743164769e-03,1.096435380307e-01,1.096433884624e-01
4.089684837538e-03,1.095339492962e-01,1.095337998773e-01
4.090626510307e-03,1.094244700956e-01,1.094243208261e-01
4.091568183077e-03,1.093151003195e-01,1.093149511992e-01
4.092509855846e-03,1.092058398585e-01,1.092056908873e-01
4.093451528616e-03,1.090966886034e-01,1.090965397810e-01
4.094393201385e-03,1.089876464449e-01,1.089874977713e-01
4.095334874154e-03,1.088787132742e-01,1.088785647491e-01
4.096276546924e-03,1.087698889821e-01,1.087697406055e-01
4.097218219693e-03,1.086611734599e-01,1.086610252317e-01
4.098159892463e-03,1.085525665990e-01,1.085524185189e-01
4.099101565232e-03,1.084440682906e-01,1.084439203585e-01
4.100043238002e-03,1.083356784262e-01,1.083355306420e-01
4.100984910771e-03,1.082273968976e-01,1.082272492611e-01
4.101926583540e-03,1.081192235964e-01,1.081190761074e-01
4.102868256310e-03,1.080111584144e-01,1.080110110728e-01
4.103809929079e-03,1.079032012435e-01,1.079030540492e-01
4.104751601849e-03,1.077953519759e-01,1.077952049287e-01
4.105693274618e-03,1.076876105036e-01,1.076874636034e-01
4.106634947387e-03,1.075799767190e-01,1.075798299656e-01
4.107576620157e-03,1.074724505143e-01,1.074723039077e-01
4.108518292926e-03,1.073650317822e-01,1.073648853220e-01
4.109459965696e-03,1.072577204150e-01,1.072575741012e-01
4.110401638465e-03,1.071505163056e-01,1.071503701380e-01
4.111343311234e-03,1.070434193467e-01,1.070432733252e-01
4.112284984004e-03,1.069364294312e-01,1.069362835557e-01
4.113226656773e-03,1.068295464522e-01,1.068294007225e-01
4.114168329543e-03,1.067227703027e-01,1.067226247187e-01
4.115110002312e-03,1.066161008760e-01,1.066159554375e-01
4.116051675081e-03,1.065095380654e-01,1.065093927722e-01
4.116993347851e-03,1.064030817643e-01,1.064029366164e-01
4.117935020620e-03,1.062967318664e-01,1.062965868635e-01
4.118876693390e-03,1.061904882652e-01,1.061903434073e-01
4.119818366159e-03,1.060843508545e-01,1.060842061413e-01
4.120760038928e-03,1.059783195281e-01,1.059781749596e-01
4.121701711698e-03,1.058723941801e-01,1.058722497561e-01
4.122643384467e-03,1.057665747045e-01,1.057664304248e-01
4.123585057237e-03,1.056608609954e-01,1.056607168600e-01
4.124526730006e-03,1.055552529472e-01,1.055551089559e-01
4.125468402776e-03,1.054497504543e-01,1.054496066069e-01
4.126410075545e-03,1.053443534112e-01,1.053442097075e-01
4.127351748314e-03,1.052390617124e-01,1.052389181524e-01
4.128293421084e-03,1.051338752527e-01,1.051337318361e-01
4.129235093853e-03,1.050287939269e-01,1.050286506536e-01
4.130176766623e-03,1.049238176298e-01,1.049236744998e-01
4.131118439392e-03,1.048189462566e-01,1.048188032697e-01
4.132060112161e-03,1.047141797024e-01,1.047140368583e-01
4.133001784931e-03,1.046095178623e-01,1.046093751610e-01
4.133943457700e-03,1.045049606318e-01,1.045048180731e-01
4.134885130470e-03,1.044005079062e-01,1.044003654901e-01
4.135826803239e-03,1.042961595812e-01,1.042960173074e-01
4.136768476008e-03,1.041919155523e-01,1.041917734207e-01
4.137710148778e-03,1.040877757153e-01,1.040876337258e-01
4.138651821547e-03,1.039837399662e-01,1.039835981185e-01
4.139593494317e-03,1.038798082007e-01,1.038796664949e-01
4.140535167086e-03,1.037759803151e-01,1.037758387509e-01
4.141476839855e-03,1.036722562055e-01,1.036721147828e-01
4.142418512625e-03,1.035686357682e-01,1.035684944868e-01
4.143360185394e-03,1.034651188995e-01,1.034649777593e-01
4.144301858164e-03,1.033617054959e-01,1.033615644968e-01
4.145243530933e-03,1.032583954540e-01,1.032582545958e-01
4.146185203702e-03,1.031551886705e-01,1.031550479532e-01
4.147126876472e-03,1.030520850423e-01,1.030519444656e-01
4.148068549241e-03,1.029490844661e-01,1.029489440299e-01
4.149010222011e-03,1.028461868390e-01,1.028460465432e-01
4.149951894780e-03,1.027433920581e-01,1.027432519025e-01
4.150893567550e-03,1.026407000207e-01,1.026405600051e-01
4.151835240319e-03,1.025381106239e-01,1.025379707483e-01
4.152776913088e-03,1.024356237652e-01,1.024354840295e-01
4.153718585858e-03,1.023332393422e-01,1.023330997461e-01
4.154660258627e-03,1.022309572524e-01,1.022308177958e-01
4.155601931397e-03,1.021287773936e-01,1.021286380764e-01
4.156543604166e-03,1.020266996636e-01,1.020265604857e-01
4.157485276935e-03,1.019247239603e-01,1.019245849214e-01
4.158426949705e-03,1.018228501817e-01,1.018227112818e-01
4.159368622474e-03,1.017210782260e-01,1.017209394649e-01
4.160310295244e-03,1.016194079914e-01,1.016192693690e-01
4.161251968013e-03,1.015178393761e-01,1.015177008923e-01
4.162193640782e-03,1.014163722788e-01,1.014162339334e-01
4.163135313552e-03,1.013150065978e-01,1.013148683907e-01
4.164076986321e-03,1.012137422318e-01,1.012136041628e-01
4.165018659091e-03,1.011125790796e-01,1.011124411486e-01
4.165960331860e-03,1.010115170399e-01,1.010113792468e-01
4.166902004629e-03,1.009105560118e-01,1.009104183564e-01
4.167843677399e-03,1.008096958943e-01,1.008095583765e-01
4.168785350168e-03,1.007089365864e-01,1.007087992061e-01
4.169727022938e-03,1.006082779875e-01,1.006081407445e-01
4.170668695707e-03,1.005077199969e-01,1.005075828910e-01
4.171610368476e-03,1.004072625140e-01,1.004071255452e-01
4.172552041246e-03,1.003069054384e-01,1.003067686065e-01
4.173493714015e-03,1.002066486697e-01,1.002065119746e-01
4.174435386785e-03,1.001064921077e-01,1.001063555491e-01
4.175377059554e-03,1.000064356521e-01,1.000062992301e-01
4.176318732324e-03,9.990647920304e-02,9.990634291734e-02
4.177260405093e-03,9.980662266043e-02,9.980648651095e-02
4.178202077862e-03,9.970686592445e-02,9.970672991105e-02
4.179143750632e-03,9.960720889535e-02,9.960707301789e-02
4.180085423401e-03,9.950765147346e-02,9.950751573181e-02
4.181027096171e-03,9.940819355923e-02,9.940805795326e-02
4.181968768940e-03,9.930883505321e-02,9.930869958277e-02
4.182910441709e-03,9.920957585602e-02,9.920944052099e-02
4.183852114479e-03,9.911041586842e-02,9.911028066866e-02
4.184793787248e-03,9.901135499125e-02,9.901121992662e-02
4.185735460018e-03,9.891239312544e-02,9.891225819580e-02
4.186677132787e-03,9.881353017203e-02,9.881339537726e-02
4.187618805556e-03,9.871476603216e-02,9.871463137211e-02
4.188560478326e-03,9.861610060706e-02,9.861596608161e-02
4.189502151095e-03,9.851753379807e-02,9.851739940708e-02
4.190443823865e-03,9.841906550662e-02,9.841893124995e-02
4.191385496634e-03,9.832069563425e-02,9.832056151177e-02
4.192327169403e-03,9.822242408258e-02,9.822229009416e-02
4.193268842173e-03,9.812425075334e-02,9.812411689884e-02
4.194210514942e-03,9.802617554837e-02,9.802604182765e-02
4.195152187712e-03,9.792819836957e-02,9.792806478251e-02
4.196093860481e-03,9.783031911898e-02,9.783018566544e-02
4.197035533251e-03,9.773253769872e-02,9.773240437857e-02
4.197977206020e-03,9.763485401101e-02,9.763472082411e-02
4.198918878789e-03,9.753726795816e-02,9.753713490438e-02
4.199860551559e-03,9.743977944258e-02,9.743964652179e-02
4.200802224328e-03,9.734238836679e-02,9.734225557885e-02
4.201743897098e-03,9.724509463340e-02,9.724496197818e-02
4.202685569867e-03,9.714789814511e-02,9.714776562248e-02
4.203627242636e-03,9.705079880473e-02,9.705066641455e-02
4.204568915406e-03,9.695379651515e-02,9.695366425730e-02
4.205510588175e-03,9.685689117938e-02,9.685675905372e-02
4.206452260945e-03,9.676008270051e-02,9.675995070691e-02
4.207393933714e-03,9.666337098172e-02,9.666323912005e-02
4.208335606483e-03,9.656675592632e-02,9.656662419645e-02
4.209277279253e-03,9.647023743768e-02,9.647010583947e-02
4.210218952022e-03,9.637381541929e-02,9.637368395261e-02
4.211160624792e-03,9.627748977472e-02,9.627735843944e-02
4.212102297561e-03,9.618126040765e-02,9.618112920364e-02
4.213043970330e-03,9.608512722184e-02,9.608499614898e-02
4.213985643100e-03,9.598909012118e-02,9.598895917931e-02
4.214927315869e-03,9.589314900961e-02,9.589301819862e-02
4.215868988639e-03,9.579730379119e-02,9.579717311095e-02
4.216810661408e-03,9.570155437009e-02,9.570142382047e-02
4.217752334177e-03,9.560590065055e-02,9.560577023141e-02
4.218694006947e-03,9.551034253692e-02,9.551021224813e-02
4.219635679716e-03,9.541487993364e-02,9.541474977508e-02
4.220577352486e-03,9.531951274525e-02,9.531938271678e-02
4.221519025255e-03,9.522424087638e-02,9.522411097787e-02
4.222460698025e-03,9.512906423175e-02,9.512893446308e-02
4.223402370794e-03,9.503398271620e-02,9.503385307724e-02
4.224344043563e-03,9.493899623464e-02,9.493886672525e-02
4.225285716333e-03,9.484410469209e-02,9.484397531214e-02
4.226227389102e-03,9.474930799364e-02,9.474917874301e-02
4.227169061872e-03,9.465460604452e-02,9.465447692307e-02
4.228110734641e-03,9.455999875000e-02,9.455986975761e-02
4.229052407410e-03,9.446548601550e-02,9.446535715203e-02
4.229994080180e-03,9.437106774648e-02,9.437093901182e-02
4.230935752949e-03,9.427674384855e-02,9.427661524255e-02
4.231877425719e-03,9.418251422736e-02,9.418238574991e-02
4.232819098488e-03,9.408837878870e-02,9.408825043966e-02
4.233760771257e-03,9.399433743842e-02,9.399420921767e-02
4.234702444027e-03,9.390039008249e-02,9.390026198989e-02
4.235644116796e-03,9.380653662696e-02,9.380640866239e-02
4.236585789566e-03,9.371277697797e-02,9.371264914130e-02
4.237527462335e-03,9.361911104176e-02,9.361898333287e-02
4.238469135104e-03,9.352553872468e-02,9.352541114343e-02
4.239410807874e-03,9.343205993314e-02,9.343193247941e-02
4.240352480643e-03,9.333867457367e-02,9.333854724732e-02
4.241294153413e-03,9.324538255288e-02,9.324525535380e-02
4.242235826182e-03,9.315218377748e-02,9.315205670554e-02
4.243177498951e-03,9.305907815427e-02,9.305895120934e-02
4.244119171721e-03,9.296606559015e-02,9.296593877210e-02
4.245060844490e-03,9.287314599210e-02,9.287301930080e-02
4.246002517260e-03,9.278031926721e-02,9.278019270254e-02
4.246944190029e-03,9.268758532264e-02,9.268745888447e-02
4.247885862799e-03,9.259494406567e-02,9.259481775387e-02
4.248827535568e-03,9.250239540365e-02,9.250226921810e-02
4.249769208337e-03,9.240993924403e-02,9.240981318460e-02
4.250710881107e-03,9.231757549435e-02,9.231744956093e-02
4.251652553876e-03,9.222530406227e-02,9.222517825471e-02
4.252594226646e-03,9.213312485549e-02,9.213299917368e-02
4.253535899415e-03,9.204103778184e-02,9.204091222565e-02
4.254477572184e-03,9.194904274924e-02,9.194891731854e-02
4.255419244954e-03,9.185713966570e-02,9.185701436036e-02
4.256360917723e-03,9.176532843929e-02,9.176520325920e-02
4.257302590493e-03,9.167360897823e-02,9.167348392326e-02
4.258244263262e-03,9.158198119078e-02,9.158185626080e-02
4.259185936031e-03,9.149044498532e-02,9.149032018021e-02
4.260127608801e-03,9.139900027031e-02,9.139887558994e-02
4.261069281570e-03,9.130764695431e-02,9.130752239856e-02
4.262010954340e-03,9.121638494597e-02,9.121626051471e-02
4.262952627109e-03,9.112521415402e-02,9.112508984713e-02
4.263894299878e-03,9.103413448728e-02,9.103401030464e-02
4.264835972648e-03,9.094314585470e-02,9.094302179617e-02
4.265777645417e-03,9.085224816526e-02,9.085212423073e-02
4.266719318187e-03,9.076144132808e-02,9.076131751743e-02
4.267660990956e-03,9.067072525235e-02,9.067060156545e-02
4.268602663725e-03,9.058009984735e-02,9.057997628407e-02
4.269544336495e-03,9.048956502246e-02,9.048944158268e-02
4.270486009264e-03,9.039912068715e-02,9.039899737074e-02
4.271427682034e-03,9.030876675096e-02,9.030864355781e-02
4.272369354803e-03,9.021850312354e-02,9.021838005353e-02
4.273311027573e-03,9.012832971464e-02,9.012820676763e-02
4.274252700342e-03,9.003824643407e-02,9.003812360995e-02
4.275194373111e-03,8.994825319175e-02,8.994813049040e-02
4.276136045881e-03,8.985834989770e-02,8.985822731898e-02
4.277077718650e-03,8.976853646201e-02,8.976841400581e-02
4.278019391420e-03,8.967881279486e-02,8.967869046105e-02
4.278961064189e-03,8.958917880652e-02,8.958905659499e-02
4.279902736958e-03,8.949963440738e-02,8.949951231800e-02
4.280844409728e-03,8.941017950788e-02,8.941005754052e-02
4.281786082497e-03,8.932081401856e-02,8.932069217311e-02
4.282727755267e-03,8.923153785007e-02,8.923141612640e-02
4.283669428036e-03,8.914235091312e-02,8.914222931112e-02
4.284611100805e-03,8.905325311852e-02,8.905313163807e-02
4.285552773575e-03,8.896424437719e-02,8.896412301816e-02
4.286494446344e-03,8.887532460012e-02,8.887520336238e-02
4.287436119114e-03,8.878649369837e-02,8.878637258181e-02
4.288377791883e-03,8.869775158312e-02,8.869763058762e-02
4.289319464652e-03,8.860909816564e-02,8.860897729106e-02
4.290261137422e-03,8.852053335726e-02,8.852041260350e-02
4.291202810191e-03,8.843205706942e-02,8.843193643635e-02
4.292144482961e-03,8.834366921364e-02,8.834354870115e-02
4.293086155730e-03,8.825536970154e-02,8.825524930950e-02
4.294027828500e-03,8.816715844482e-02,8.816703817311e-02
4.294969501269e-03,8.807903535526e-02,8.807891520377e-02
4.295911174038e-03,8.799100034475e-02,8.799088031334e-02
4.296852846808e-03,8.790305332524e-02,8.790293341381e-02
4.297794519577e-03,8.781519420880e-02,8.781507441721e-02
4.298736192347e-03,8.772742290755e-02,8.772730323570e-02
4.299677865116e-03,8.763973933374e-02,8.763961978150e-02
4.300619537885e-03,8.755214339967e-02,8.755202396693e-02
4.301561210655e-03,8.746463501776e-02,8.746451570438e-02
4.302502883424e-03,8.737721410048e-02,8.737709490636e-02
4.303444556194e-03,8.728988056043e-02,8.728976148544e-02
4.304386228963e-03,8.720263431026e-02,8.720251535429e-02
4.305327901732e-03,8.711547526274e-02,8.711535642567e-02
4.306269574502e-03,8.702840333070e-02,8.702828461240e-02
4.307211247271e-03,8.694141842707e-02,8.694129982743e-02
4.308152920041e-03,8.685452046487e-02,8.685440198377e-02
4.309094592810e-03,8.676770935719e-02,8.676759099451e-02
4.310036265579e-03,8.668098501723e-02,8.668086677286e-02
4.310977938349e-03,8.659434735826e-02,8.659422923208e-02
4.311919611118e-03,8.650779629365e-02,8.650767828553e-02
4.312861283888e-03,8.642133173684e-02,8.642121384667e-02
4.313802956657e-03,8.633495360137e-02,8.633483582903e-02
4.314744629426e-03,8.624866180086e-02,8.624854414623e-02
4.315686302196e-03,8.616245624902e-02,8.616233871199e-02
4.316627974965e-03,8.607633685964e-02,8.607621944009e-02
4.317569647735e-03,8.599030354660e-02,8.599018624441e-02
4.318511320504e-03,8.590435622388e-02,8.590423903894e-02
4.319452993274e-03,8.581849480552e-02,8.581837773770e-02
4.320394666043e-03,8.573271920566e-02,8.573260225485e-02
4.321336338812e-03,8.564702933853e-02,8.564691250461e-02
4.322278011582e-03,8.556142511844e-02,8.556130840130e-02
4.323219684351e-03,8.547590645977e-02,8.547578985929e-02
4.324161357121e-03,8.539047327703e-02,8.539035679308e-02
4.325103029890e-03,8.530512548476e-02,8.530500911724e-02
4.326044702659e-03,8.521986299762e-02,8.521974674642e-02
4.326986375429e-03,8.513468573036e-02,8.513456959534e-02
4.327928048198e-03,8.504959359778e-02,8.504947757885e-02
4.328869720968e-03,8.496458651481e-02,8.496447061184e-02
4.329811393737e-03,8.487966439643e-02,8.487954860930e-02
4.330753066506e-03,8.479482715772e-02,8.479471148632e-02
4.331694739276e-03,8.471007471385e-02,8.470995915806e-02
4.332636412045e-03,8.462540698006e-02,8.462529153977e-02
4.333578084815e-03,8.454082387168e-02,8.454070854678e-02
4.334519757584e-03,8.445632530414e-02,8.445621009450e-02
4.335461430353e-03,8.437191119292e-02,8.437179609843e-02
4.336403103123e-03,8.428758145363e-02,8.428746647418e-02
4.337344775892e-03,8.420333600192e-02,8.420322113739e-02
4.338286448662e-03,8.411917475355e-02,8.411906000383e-02
4.339228121431e-03,8.403509762437e-02,8.403498298934e-02
4.340169794200e-03,8.395110453029e-02,8.395099000984e-02
4.341111466970e-03,8.386719538733e-02,8.386708098134e-02
4.342053139739e-03,8.378337011156e-02,8.378325581992e-02
4.342994812509e-03,8.369962861918e-02,8.369951444177e-02
4.343936485278e-03,8.361597082643e-02,8.361585676314e-02
4.344878158048e-03,8.353239664965e-02,8.353228270037e-02
4.345819830817e-03,8.344890600528e-02,8.344879216990e-02
4.346761503586e-03,8.336549880983e-02,8.336538508822e-02
4.347703176356e-03,8.328217497987e-02,8.328206137193e-02
4.348644849125e-03,8.319893443210e-02,8.319882093771e-02
4.349586521895e-03,8.311577708328e-02,8.311566370232e-02
4.350528194664e-03,8.303270285023e-02,8.303258958260e-02
4.351469867433e-03,8.294971164990e-02,8.294959849548e-02
4.352411540203e-03,8.286680339928e-02,8.286669035796e-02
4.353353212972e-03,8.278397801548e-02,8.278386508714e-02
4.354294885742e-03,8.270123541566e-02,8.270112260019e-02
4.355236558511e-03,8.261857551708e-02,8.261846281437e-02
4.356178231280e-03,8.253599823708e-02,8.253588564703e-02
4.357119904050e-03,8.245350349309e-02,8.245339101557e-02
4.358061576819e-03,8.237109120261e-02,8.237097883751e-02
4.359003249589e-03,8.228876128323e-02,8.228864903044e-02
4.359944922358e-03,8.220651365262e-02,8.220640151202e-02
4.360886595127e-03,8.212434822852e-02,8.212423620001e-02
4.361828267897e-03,8.204226492879e-02,8.204215301224e-02
4.362769940666e-03,8.196026367132e-02,8.196015186664e-02
4.363711613436e-03,8.187834437412e-02,8.187823268119e-02
4.364653286205e-03,8.179650695528e-02,8.179639537398e-02
4.365594958975e-03,8.171475133295e-02,8.171463986318e-02
4.366536631744e-03,8.163307742537e-02,8.163296606702e-02
4.367478304513e-03,8.155148515088e-02,8.155137390383e-02
4.368419977283e-03,8.146997442789e-02,8.146986329203e-02
4.369361650052e-03,8.138854517487e-02,8.138843415009e-02
4.370303322822e-03,8.130719731041e-02,8.130708639660e-02
4.371244995591e-03,8.122593075315e-02,8.122581995020e-02
4.372186668360e-03,8.114474542183e-02,8.114463472962e-02
4.373128341130e-03,8.106364123526e-02,8.106353065369e-02
4.374070013899e-03,8.098261811234e-02,8.098250764129e-02
4.375011686669e-03,8.090167597204e-02,8.090156561141e-02
4.375953359438e-03,8.082081473342e-02,8.082070448310e-02
4.376895032207e-03,8.074003431563e-02,8.073992417551e-02
4.377836704977e-03,8.065933463788e-02,8.065922460784e-02
4.378778377746e-03,8.057871561947e-02,8.057860569940e-02
4.379720050516e-03,8.049817717978e-02,8.049806736958e-02
4.380661723285e-03,8.041771923828e-02,8.041760953783e-02
4.381603396054e-03,8.033734171450e-02,8.033723212370e-02
4.382545068824e-03,8.025704452807e-02,8.025693504681e-02
4.383486741593e-03,8.017682759869e-02,8.017671822685e-02
4.384428414363e-03,8.009669084615e-02,8.009658158363e-02
4.385370087132e-03,8.001663419030e-02,8.001652503699e-02
4.386311759901e-03,7.993665755109e-02,7.993654850688e-02
4.387253432671e-03,7.985676084855e-02,7.985665191333e-02
4.388195105440e-03,7.977694400278e-02,7.977683517643e-02
4.389136778210e-03,7.969720693395e-02,7.969709821638e-02
4.390078450979e-03,7.961754956234e-02,7.961744095344e-02
4.391020123749e-03,7.953797180829e-02,7.953786330794e-02
4.391961796518e-03,7.945847359221e-02,7.945836520031e-02
4.392903469287e-03,7.937905483462e-02,7.937894655105e-02
4.393845142057e-03,7.929971545608e-02,7.929960728075e-02
4.394786814826e-03,7.922045537727e-02,7.922034731006e-02
4.395728487596e-03,7.914127451892e-02,7.914116655972e-02
4.396670160365e-03,7.906217280185e-02,7.906206495056e-02
4.397611833134e-03,7.898315014697e-02,7.898304240346e-02
4.398553505904e-03,7.890420647523e-02,7.890409883942e-02
4.399495178673e-03,7.882534170771e-02,7.882523417948e-02
4.400436851443e-03,7.874655576554e-02,7.874644834479e-02
4.401378524212e-03,7.866784856993e-02,7.866774125655e-02
4.402320196981e-03,7.858922004218e-02,7.858911283605e-02
4.403261869751e-03,7.851067010365e-02,7.851056300468e-02
4.404203542520e-03,7.843219867580e-02,7.843209168387e-02
4.405145215290e-03,7.835380568016e-02,7.835369879517e-02
4.406086888059e-03,7.827549103832e-02,7.827538426016e-02
4.407028560828e-03,7.819725467199e-02,7.819714800055e-02
4.407970233598e-03,7.811909650291e-02,7.811898993810e-02
4.408911906367e-03,7.804101645294e-02,7.804090999464e-02
4.409853579137e-03,7.796301444400e-02,7.796290809209e-02
4.410795251906e-03,7.788509039807e-02,7.788498415247e-02
4.411736924675e-03,7.780724423724e-02,7.780713809783e-02
4.412678597445e-03,7.772947588366e-02,7.772936985033e-02
4.413620270214e-03,7.765178525956e-02,7.765167933222e-02
4.414561942984e-03,7.757417228725e-02,7.757406646579e-02
4.415503615753e-03,7.749663688913e-02,7.749653117343e-02
4.416445288523e-03,7.741917898764e-02,7.741907337761e-02
4.417386961292e-03,7.734179850535e-02,7.734169300087e-02
4.418328634061e-03,7.726449536485e-02,7.726438996582e-02
4.419270306831e-03,7.718726948886e-02,7.718716419518e-02
4.420211979600e-03,7.711012080015e-02,7.711001561170e-02
4.421153652370e-03,7.703304922156e-02,7.703294413825e-02
4.422095325139e-03,7.695605467603e-02,7.695594969775e-02
4.423036997908e-03,7.687913708655e-02,7.687903221321e-02
4.423978670678e-03,7.680229637623e-02,7.680219160770e-02
4.424920343447e-03,7.672553246820e-02,7.672542780439e-02
4.425862016217e-03,7.664884528571e-02,7.664874072651e-02
4.426803688986e-03,7.657223475208e-02,7.657213029739e-02
4.427745361755e-03,7.649570079069e-02,7.649559644040e-02
4.428687034525e-03,7.641924332500e-02,7.641913907901e-02
4.429628707294e-03,7.634286227856e-02,7.634275813676e-02
4.430570380064e-03,7.626655757499e-02,7.626645353729e-02
4.431512052833e-03,7.619032913799e-02,7.619022520427e-02
4.432453725602e-03,7.611417689132e-02,7.611407306148e-02
4.433395398372e-03,7.603810075884e-02,7.603799703277e-02
4.434337071141e-03,7.596210066446e-02,7.596199704207e-02
4.435278743911e-03,7.588617653219e-02,7.588607301337e-02
4.436220416680e-03,7.581032828610e-02,7.581022487075e-02
4.437162089449e-03,7.573455585034e-02,7.573445253836e-02
4.438103762219e-03,7.565885914915e-02,7.565875594043e-02
4.439045434988e-03,7.558323810683e-02,7.558313500126e-02
4.439987107758e-03,7.550769264774e-02,7.550758964523e-02
4.440928780527e-03,7.543222269636e-02,7.543211979680e-02
4.441870453297e-03,7.535682817721e-02,7.535672538049e-02
4.442812126066e-03,7.528150901489e-02,7.528140632092e-02
4.443753798835e-03,7.520626513408e-02,7.520616254276e-02
4.444695471605e-03,7.513109645955e-02,7.513099397076e-02
4.445637144374e-03,7.505600291612e-02,7.505590052977e-02
4.446578817144e-03,7.498098442870e-02,7.498088214468e-02
4.447520489913e-03,7.490604092227e-02,7.490593874049e-02
4.448462162682e-03,7.483117232189e-02,7.483107024223e-02
4.449403835452e-03,7.475637855268e-02,7.475627657506e-02
4.450345508221e-03,7.468165953986e-02,7.468155766417e-02
4.451287180991e-03,7.460701520871e-02,7.460691343484e-02
4.452228853760e-03,7.453244548458e-02,7.453234381243e-02
4.453170526529e-03,7.445795029290e-02,7.445784872237e-02
4.454112199299e-03,7.438352955917e-02,7.438342809016e-02
4.455053872068e-03,7.430918320898e-02,7.430908184139e-02
4.455995544838e-03,7.423491116798e-02,7.423480990171e-02
4.456937217607e-03,7.416071336190e-02,7.416061219684e-02
4.457878890376e-03,7.408658971654e-02,7.408648865260e-02
4.458820563146e-03,7.401254015777e-02,7.401243919484e-02
4.459762235915e-03,7.393856461155e-02,7.393846374954e-02
4.460703908685e-03,7.386466300390e-02,7.386456224270e-02
4.461645581454e-03,7.379083526092e-02,7.379073460043e-02
4.462587254224e-03,7.371708130879e-02,7.371698074890e-02
4.463528926993e-03,7.364340107373e-02,7.364330061436e-02
4.464470599762e-03,7.356979448209e-02,7.356969412312e-02
4.465412272532e-03,7.349626146025e-02,7.349616120159e-02
4.466353945301e-03,7.342280193467e-02,7.342270177622e-02
4.467295618071e-03,7.334941583190e-02,7.334931577356e-02
4.468237290840e-03,7.327610307856e-02,7.327600312023e-02
4.469178963609e-03,7.320286360132e-02,7.320276374290e-02
4.470120636379e-03,7.312969732695e-02,7.312959756834e-02
4.471062309148e-03,7.305660418229e-02,7.305650452338e-02
4.472003981918e-03,7.298358409424e-02,7.298348453494e-02
4.472945654687e-03,7.291063698977e-02,7.291053752999e-02
4.473887327456e-03,7.283776279595e-02,7.283766343558e-02
4.474829000226e-03,7.276496143990e-02,7.276486217884e-02
4.475770672995e-03,7.269223284882e-02,7.269213368696e-02
4.476712345765e-03,7.261957694997e-02,7.261947788723e-02
4.477654018534e-03,7.254699367071e-02,7.254689470698e-02
4.478595691303e-03,7.247448293845e-02,7.247438407364e-02
4.479537364073e-03,7.240204468068e-02,7.240194591468e-02
4.480479036842e-03,7.232967882496e-02,7.232958015767e-02
4.481420709612e-03,7.225738529892e-02,7.225728673025e-02
4.482362382381e-03,7.218516403027e-02,7.218506556013e-02
4.483304055150e-03,7.211301494680e-02,7.211291657507e-02
4.484245727920e-03,7.204093797634e-02,7.204083970294e-02
4.485187400689e-03,7.196893304683e-02,7.196883487165e-02
4.486129073459e-03,7.189700008626e-02,7.189690200920e-02
4.487070746228e-03,7.182513902269e-02,7.182504104367e-02
4.488012418998e-03,7.175334978427e-02,7.175325190318e-02
4.488954091767e-03,7.168163229920e-02,7.168153451594e-02
4.489895764536e-03,7.160998649578e-02,7.160988881025e-02
4.490837437306e-03,7.153841230234e-02,7.153831471445e-02
4.491779110075e-03,7.146690964733e-02,7.146681215698e-02
4.492720782845e-03,7.139547845923e-02,7.139538106632e-02
4.493662455614e-03,7.132411866661e-02,7.132402137104e-02
4.494604128383e-03,7.125283019812e-02,7.125273299980e-02
4.495545801153e-03,7.118161298246e-02,7.118151588129e-02
4.496487473922e-03,7.111046694843e-02,7.111036994431e-02
4.497429146692e-03,7.103939202486e-02,7.103929511770e-02
4.498370819461e-03,7.096838814070e-02,7.096829133039e-02
4.499312492230e-03,7.089745522492e-02,7.089735851138e-02
4.500254165000e-03,7.082659320661e-02,7.082649658974e-02
4.501195837769e-03,7.075580201490e-02,7.075570549460e-02
4.502137510539e-03,7.068508157900e-02,7.068498515516e-02
4.503079183308e-03,7.061443182818e-02,7.061433550072e-02
4.504020856077e-03,7.054385269180e-02,7.054375646063e-02
4.504962528847e-03,7.047334409928e-02,7.047324796429e-02
4.505904201616e-03,7.040290598012e-02,7.040280994121e-02
4.506845874386e-03,7.033253826386e-02,7.033244232094e-02
4.507787547155e-03,7.026224088014e-02,7.026214503312e-02
4.508729219924e-03,7.019201375868e-02,7.019191800745e-02
4.509670892694e-03,7.012185682923e-02,7.012176117371e-02
4.510612565463e-03,7.005177002164e-02,7.005167446173e-02
4.511554238233e-03,6.998175326583e-02,6.998165780143e-02
4.512495911002e-03,6.991180649178e-02,6.991171112280e-02
4.513437583772e-03,6.984192962955e-02,6.984183435588e-02
4.514379256541e-03,6.977212260924e-02,6.977202743081e-02
4.515320929310e-03,6.970238536107e-02,6.970229027776e-02
4.516262602080e-03,6.963271781529e-02,6.963262282702e-02
4.517204274849e-03,6.956311990223e-02,6.956302500890e-02
4.518145947619e-03,6.949359155230e-02,6.949349675381e-02
4.519087620388e-03,6.942413269596e-02,6.942403799223e-02
4.520029293157e-03,6.935474326376e-02,6.935464865469e-02
4.520970965927e-03,6.928542318631e-02,6.928532867180e-02
4.521912638696e-03,6.921617239430e-02,6.921607797425e-02
4.522854311466e-03,6.914699081845e-02,6.914689649278e-02
4.523795984235e-03,6.907787838961e-02,6.907778415821e-02
4.524737657004e-03,6.900883503865e-02,6.900874090144e-02
4.525679329774e-03,6.893986069653e-02,6.893976665341e-02
4.526621002543e-03,6.887095529428e-02,6.887086134515e-02
4.527562675313e-03,6.880211876298e-02,6.880202490776e-02
4.528504348082e-03,6.873335103382e-02,6.873325727240e-02
4.529446020851e-03,6.866465203800e-02,6.866455837030e-02
4.530387693621e-03,6.859602170685e-02,6.859592813277e-02
4.531329366390e-03,6.852745997173e-02,6.852736649117e-02
4.532271039160e-03,6.845896676407e-02,6.845887337695e-02
4.533212711929e-03,6.839054201538e-02,6.839044872160e-02
4.534154384698e-03,6.832218565724e-02,6.832209245671e-02
4.535096057468e-03,6.825389762129e-02,6.825380451391e-02
4.536037730237e-03,6.818567783924e-02,6.818558482493e-02
4.536979403007e-03,6.811752624288e-02,6.811743332153e-02
4.537921075776e-03,6.804944276405e-02,6.804934993558e-02
4.538862748546e-03,6.798142733467e-02,6.798133459898e-02
4.539804421315e-03,6.791347988672e-02,6.791338724372e-02
4.540746094084e-03,6.784560035226e-02,6.784550780185e-02
4.541687766854e-03,6.777778866340e-02,6.777769620550e-02
4.542629439623e-03,6.771004475234e-02,6.770995238685e-02
4.543571112393e-03,6.764236855133e-02,6.764227627816e-02
4.544512785162e-03,6.757475999269e-02,6.757466781175e-02
4.545454457931e-03,6.750721900882e-02,6.750712692001e-02
4.546396130701e-03,6.743974553217e-02,6.743965353541e-02
4.547337803470e-03,6.737233949527e-02,6.737224759046e-02
4.548279476240e-03,6.730500083072e-02,6.730490901777e-02
4.549221149009e-03,6.723772947118e-02,6.723763774999e-02
4.550162821778e-03,6.717052534937e-02,6.717043371985e-02
4.551104494548e-03,6.710338839809e-02,6.710329686016e-02
4.552046167317e-03,6.703631855020e-02,6.703622710377e-02
4.552987840087e-03,6.696931573864e-02,6.696922438361e-02
4.553929512856e-03,6.690237989640e-02,6.690228863268e-02
4.554871185625e-03,6.683551095655e-02,6.683541978404e-02
4.555812858395e-03,6.676870885221e-02,6.676861777083e-02
4.556754531164e-03,6.670197351659e-02,6.670188252624e-02
4.557696203934e-03,6.663530488294e-02,6.663521398354e-02
4.558637876703e-03,6.656870288461e-02,6.656861207606e-02
4.559579549473e-03,6.650216745499e-02,6.650207673720e-02
4.560521222242e-03,6.643569852753e-02,6.643560790042e-02
4.561462895011e-03,6.636929603579e-02,6.636920549926e-02
4.562404567781e-03,6.630295991334e-02,6.630286946730e-02
4.563346240550e-03,6.623669009386e-02,6.623659973822e-02
4.564287913320e-03,6.617048651107e-02,6.617039624574e-02
4.565229586089e-03,6.610434909878e-02,6.610425892367e-02
4.566171258858e-03,6.603827779084e-02,6.603818770586e-02
4.567112931628e-03,6.597227252118e-02,6.597218252625e-02
4.568054604397e-03,6.590633322381e-02,6.590624331882e-02
4.568996277167e-03,6.584045983277e-02,6.584037001764e-02
4.569937949936e-03,6.577465228219e-02,6.577456255684e-02
4.570879622705e-03,6.570891050628e-02,6.570882087060e-02
4.571821295475e-03,6.564323443928e-02,6.564314489319e-02
4.572762968244e-03,6.557762401552e-02,6.557753455893e-02
4.573704641014e-03,6.551207916939e-02,6.551198980222e-02
4.574646313783e-03,6.544659983534e-02,6.544651055749e-02
4.575587986552e-03,6.538118594790e-02,6.538109675929e-02
4.576529659322e-03,6.531583744165e-02,6.531574834218e-02
4.577471332091e-03,6.525055425125e-02,6.525046524083e-02
4.578413004861e-03,6.518533631140e-02,6.518524738995e-02
4.579354677630e-03,6.512018355690e-02,6.512009472432e-02
4.580296350399e-03,6.505509592258e-02,6.505500717879e-02
4.581238023169e-03,6.499007334337e-02,6.498998468828e-02
4.582179695938e-03,6.492511575423e-02,6.492502718775e-02
4.583121368708e-03,6.486022309022e-02,6.486013461226e-02
4.584063041477e-03,6.479539528643e-02,6.479530689691e-02
4.585004714247e-03,6.473063227804e-02,6.473054397687e-02
4.585946387016e-03,6.466593400030e-02,6.466584578738e-02
4.586888059785e-03,6.460130038849e-02,6.460121226374e-02
4.587829732555e-03,6.453673137799e-02,6.453664334132e-02
4.588771405324e-03,6.447222690422e-02,6.447213895554e-02
4.589713078094e-03,6.440778690269e-02,6.440769904192e-02
4.590654750863e-03,6.434341130895e-02,6.434332353599e-02
4.591596423632e-03,6.427910005862e-02,6.427901237340e-02
4.592538096402e-03,6.421485308740e-02,6.421476548982e-02
4.593479769171e-03,6.415067033104e-02,6.415058282101e-02
4.594421441941e-03,6.408655172536e-02,6.408646430279e-02
4.595363114710e-03,6.402249720623e-02,6.402240987104e-02
4.596304787479e-03,6.395850670960e-02,6.395841946171e-02
4.597246460249e-03,6.389458017149e-02,6.389449301080e-02
4.598188133018e-03,6.383071752796e-02,6.383063045439e-02
4.599129805788e-03,6.376691871516e-02,6.376683172861e-02
4.600071478557e-03,6.370318366928e-02,6.370309676968e-02
4.601013151326e-03,6.363951232658e-02,6.363942551384e-02
4.601954824096e-03,6.357590462341e-02,6.357581789744e-02
4.602896496865e-03,6.351236049614e-02,6.351227385685e-02
4.603838169635e-03,6.344887988125e-02,6.344879332855e-02
4.604779842404e-03,6.338546271523e-02,6.338537624905e-02
4.605721515173e-03,6.332210893469e-02,6.332202255492e-02
4.606663187943e-03,6.325881847626e-02,6.325873218283e-02
4.607604860712e-03,6.319559127665e-02,6.319550506947e-02
4.608546533482e-03,6.313242727264e-02,6.313234115163e-02
4.609488206251e-03,6.306932640106e-02,6.306924036613e-02
4.610429879021e-03,6.300628859881e-02,6.300620264987e-02
4.611371551790e-03,6.294331380286e-02,6.294322793982e-02
4.612313224559e-03,6.288040195023e-02,6.288031617301e-02
4.613254897329e-03,6.281755297800e-02,6.281746728652e-02
4.614196570098e-03,6.275476682333e-02,6.275468121750e-02
4.615138242868e-03,6.269204342343e-02,6.269195790316e-02
4.616079915637e-03,6.262938271559e-02,6.262929728079e-02
4.617021588406e-03,6.256678463713e-02,6.256669928773e-02
4.617963261176e-03,6.250424912546e-02,6.250416386136e-02
4.618904933945e-03,6.244177611804e-02,6.244169093917e-02
4.619846606715e-03,6.237936555241e-02,6.237928045867e-02
4.620788279484e-03,6.231701736614e-02,6.231693235746e-02
4.621729952253e-03,6.225473149690e-02,6.225464657318e-02
4.622671625023e-03,6.219250788240e-02,6.219242304356e-02
4.623613297792e-03,6.213034646041e-02,6.213026170637e-02
4.624554970562e-03,6.206824716877e-02,6.206816249944e-02
4.625496643331e-03,6.200620994538e-02,6.200612536068e-02
4.626438316100e-03,6.194423472821e-02,6.194415022805e-02
4.627379988870e-03,6.188232145527e-02,6.188223703957e-02
4.628321661639e-03,6.182047006467e-02,6.182038573334e-02
4.629263334409e-03,6.175868049454e-02,6.175859624750e-02
4.630205007178e-03,6.169695268309e-02,6.169686852026e-02
4.631146679947e-03,6.163528656861e-02,6.163520248989e-02
4.632088352717e-03,6.157368208941e-02,6.157359809474e-02
4.633030025486e-03,6.151213918390e-02,6.151205527318e-02
4.633971698256e-03,6.145065779054e-02,6.145057396368e-02
4.634913371025e-03,6.138923784784e-02,6.138915410477e-02
4.635855043795e-03,6.132787929438e-02,6.132779563501e-02
4.636796716564e-03,6.126658206881e-02,6.126649849306e-02
4.637738389333e-03,6.120534610982e-02,6.120526261760e-02
4.638680062103e-03,6.114417135619e-02,6.114408794742e-02
4.639621734872e-03,6.108305774673e-02,6.108297442133e-02
4.640563407642e-03,6.102200522033e-02,6.102192197822e-02
4.641505080411e-03,6.096101371595e-02,6.096093055703e-02
4.642446753180e-03,6.090008317258e-02,6.090000009678e-02
4.643388425950e-03,6.083921352930e-02,6.083913053654e-02
4.644330098719e-03,6.077840472524e-02,6.077832181543e-02
4.645271771489e-03,6.071765669959e-02,6.071757387265e-02
4.646213444258e-03,6.065696939160e-02,6.065688664744e-02
4.647155117027e-03,6.059634274059e-02,6.059626007913e-02
4.648096789797e-03,6.053577668592e-02,6.053569410709e-02
4.649038462566e-03,6.047527116704e-02,6.047518867074e-02
4.649980135336e-03,6.041482612343e-02,6.041474370959e-02
4.650921808105e-03,6.035444149465e-02,6.035435916318e-02
4.651863480874e-03,6.029411722032e-02,6.029403497114e-02
4.652805153644e-03,6.023385324011e-02,6.023377107314e-02
4.653746826413e-03,6.017364949376e-02,6.017356740892e-02
4.654688499183e-03,6.011350592107e-02,6.011342391827e-02
4.655630171952e-03,6.005342246188e-02,6.005334054104e-02
4.656571844722e-03,5.999339905613e-02,5.999331721717e-02
4.657513517491e-03,5.993343564377e-02,5.993335388661e-02
4.658455190260e-03,5.987353216486e-02,5.987345048942e-02
4.659396863030e-03,5.981368855949e-02,5.981360696568e-02
4.660338535799e-03,5.975390476780e-02,5.975382325555e-02
4.661280208569e-03,5.969418073003e-02,5.969409929925e-02
4.662221881338e-03,5.963451638645e-02,5.963443503705e-02
4.663163554107e-03,5.957491167738e-02,5.957483040929e-02
4.664105226877e-03,5.951536654323e-02,5.951528535637e-02
4.665046899646e-03,5.945588092446e-02,5.945579981874e-02
4.665988572416e-03,5.939645476157e-02,5.939637373692e-02
4.666930245185e-03,5.933708799514e-02,5.933700705147e-02
4.667871917954e-03,5.927778056580e-02,5.927769970304e-02
4.668813590724e-03,5.921853241424e-02,5.921845163230e-02
4.669755263493e-03,5.915934348123e-02,5.915926278003e-02
4.670696936263e-03,5.910021370756e-02,5.910013308703e-02
4.671638609032e-03,5.904114303411e-02,5.904106249416e-02
4.672580281801e-03,5.898213140181e-02,5.898205094236e-02
4.673521954571e-03,5.892317875165e-02,5.892309837261e-02
4.674463627340e-03,5.886428502467e-02,5.886420472597e-02
4.675405300110e-03,5.880545016198e-02,5.880536994354e-02
4.676346972879e-03,5.874667410474e-02,5.874659396648e-02
4.677288645648e-03,5.868795679419e-02,5.868787673602e-02
4.678230318418e-03,5.862929817159e-02,5.862921819345e-02
4.679171991187e-03,5.857069817830e-02,5.857061828009e-02
4.680113663957e-03,5.851215675571e-02,5.851207693736e-02
4.681055336726e-03,5.845367384529e-02,5.845359410671e-02
4.681997009496e-03,5.839524938854e-02,5.839516972966e-02
4.682938682265e-03,5.833688332704e-02,5.833680374779e-02
4.683880355034e-03,5.827857560244e-02,5.827849610272e-02
4.684822027804e-03,5.822032615641e-02,5.822024673616e-02
4.685763700573e-03,5.816213493072e-02,5.816205558984e-02
4.686705373343e-03,5.810400186716e-02,5.810392260559e-02
4.687647046112e-03,5.804592690762e-02,5.804584772527e-02
4.688588718881e-03,5.798790999400e-02,5.798783089079e-02
4.689530391651e-03,5.792995106830e-02,5.792987204415e-02
4.690472064420e-03,5.787205007255e-02,5.787197112739e-02
4.691413737190e-03,5.781420694886e-02,5.781412808261e-02
4.692355409959e-03,5.775642163938e-02,5.775634285196e-02
4.693297082728e-03,5.769869408633e-02,5.769861537765e-02
4.694238755498e-03,5.764102423198e-02,5.764094560197e-02
4.695180428267e-03,5.758341201865e-02,5.758333346724e-02
4.696122101037e-03,5.752585738875e-02,5.752577891584e-02
4.697063773806e-03,5.746836028470e-02,5.746828189023e-02
4.698005446575e-03,5.741092064902e-02,5.741084233290e-02
4.698947119345e-03,5.735353842427e-02,5.735346018643e-02
4.699888792114e-03,5.729621355305e-02,5.729613539341e-02
4.700830464884e-03,5.723894597806e-02,5.723886789654e-02
4.701772137653e-03,5.718173564202e-02,5.718165763854e-02
4.702713810422e-03,5.712458248772e-02,5.712450456220e-02
4.703655483192e-03,5.706748645800e-02,5.706740861037e-02
4.704597155961e-03,5.701044749578e-02,5.701036972596e-02
4.705538828731e-03,5.695346554401e-02,5.695338785192e-02
4.706480501500e-03,5.689654054571e-02,5.689646293127e-02
4.707422174270e-03,5.683967244395e-02,5.683959490709e-02
4.708363847039e-03,5.678286118187e-02,5.678278372251e-02
4.709305519808e-03,5.672610670266e-02,5.672602932072e-02
4.710247192578e-03,5.666940894956e-02,5.666933164496e-02
4.711188865347e-03,5.661276786587e-02,5.661269063854e-02
4.712130538117e-03,5.655618339495e-02,5.655610624481e-02
4.713072210886e-03,5.649965548023e-02,5.649957840720e-02
4.714013883655e-03,5.644318406516e-02,5.644310706916e-02
4.714955556425e-03,5.638676909328e-02,5.638669217424e-02
4.715897229194e-03,5.633041050818e-02,5.633033366602e-02
4.716838901964e-03,5.627410825349e-02,5.627403148814e-02
4.717780574733e-03,5.621786227291e-02,5.621778558429e-02
4.718722247502e-03,5.616167251020e-02,5.616159589823e-02
4.719663920272e-03,5.610553890917e-02,5.610546237377e-02
4.720605593041e-03,5.604946141368e-02,5.604938495478e-02
4.721547265811e-03,5.599343996766e-02,5.599336358518e-02
4.722488938580e-03,5.593747451508e-02,5.593739820894e-02
4.723430611349e-03,5.588156499999e-02,5.588148877011e-02
4.724372284119e-03,5.582571136646e-02,5.582563521278e-02
4.725313956888e-03,5.576991355864e-02,5.576983748108e-02
4.726255629658e-03,5.571417152075e-02,5.571409551922e-02
4.727197302427e-03,5.565848519703e-02,5.565840927147e-02
4.728138975196e-03,5.560285453180e-02,5.560277868213e-02
4.729080647966e-03,5.554727946943e-02,5.554720369557e-02
4.730022320735e-03,5.549175995435e-02,5.549168425622e-02
4.730963993505e-03,5.543629593103e-02,5.543622030856e-02
4.731905666274e-03,5.538088734401e-02,5.538081179713e-02
4.732847339044e-03,5.532553413788e-02,5.532545866651e-02
4.733789011813e-03,5.527023625729e-02,5.527016086135e-02
4.734730684582e-03,5.521499364694e-02,5.521491832636e-02
4.735672357352e-03,5.515980625159e-02,5.515973100629e-02
4.736614030121e-03,5.510467401605e-02,5.510459884596e-02
4.737555702891e-03,5.504959688519e-02,5.504952179023e-02
4.738497375660e-03,5.499457480393e-02,5.499449978403e-02
4.739439048429e-03,5.493960771725e-02,5.493953277233e-02
4.740380721199e-03,5.488469557018e-02,5.488462070017e-02
4.741322393968e-03,5.482983830782e-02,5.482976351264e-02
4.742264066738e-03,5.477503587529e-02,5.477496115487e-02
4.743205739507e-03,5.472028821781e-02,5.472021357207e-02
4.744147412276e-03,5.466559528062e-02,5.466552070949e-02
4.745089085046e-03,5.461095700902e-02,5.461088251243e-02
4.746030757815e-03,5.455637334839e-02,5.455629892626e-02
4.746972430585e-03,5.450184424414e-02,5.450176989639e-02
4.747914103354e-03,5.444736964174e-02,5.444729536830e-02
4.748855776123e-03,5.439294948671e-02,5.439287528751e-02
4.749797448893e-03,5.433858372463e-02,5.433850959959e-02
4.750739121662e-03,5.428427230115e-02,5.428419825019e-02
4.751680794432e-03,5.423001516194e-02,5.422994118500e-02
4.752622467201e-03,5.417581225275e-02,5.417573834975e-02
4.753564139971e-03,5.412166351937e-02,5.412158969024e-02
4.754505812740e-03,5.406756890767e-02,5.406749515233e-02
4.755447485509e-03,5.401352836353e-02,5.401345468191e-02
4.756389158279e-03,5.395954183294e-02,5.395946822496e-02
4.757330831048e-03,5.390560926188e-02,5.390553572748e-02
4.758272503818e-03,5.385173059644e-02,5.385165713553e-02
4.759214176587e-03,5.379790578274e-02,5.379783239525e-02
4.760155849356e-03,5.374413476695e-02,5.374406145281e-02
4.761097522126e-03,5.369041749529e-02,5.369034425443e-02
4.762039194895e-03,5.363675391406e-02,5.363668074641e-02
4.762980867665e-03,5.358314396958e-02,5.358307087506e-02
4.763922540434e-03,5.352958760826e-02,5.352951458679e-02
4.764864213203e-03,5.347608477652e-02,5.347601182805e-02
4.765805885973e-03,5.342263542088e-02,5.342256254531e-02
4.766747558742e-03,5.336923948787e-02,5.336916668515e-02
4.767689231512e-03,5.331589692411e-02,5.331582419415e-02
4.768630904281e-03,5.326260767625e-02,5.326253501899e-02
4.769572577050e-03,5.320937169101e-02,5.320929910636e-02
4.770514249820e-03,5.315618891514e-02,5.315611640304e-02
4.771455922589e-03,5.310305929546e-02,5.310298685584e-02
4.772397595359e-03,5.304998277884e-02,5.304991041163e-02
4.773339268128e-03,5.299695931222e-02,5.299688701733e-02
4.774280940897e-03,5.294398884255e-02,5.294391661992e-02
4.775222613667e-03,5.289107131688e-02,5.289099916644e-02
4.776164286436e-03,5.283820668229e-02,5.283813460396e-02
4.777105959206e-03,5.278539488591e-02,5.278532287962e-02
4.778047631975e-03,5.273263587492e-02,5.273256394061e-02
4.778989304745e-03,5.267992959658e-02,5.267985773416e-02
4.779930977514e-03,5.262727599817e-02,5.262720420758e-02
4.780872650283e-03,5.257467502704e-02,5.257460330820e-02
4.781814323053e-03,5.252212663059e-02,5.252205498344e-02
4.782755995822e-03,5.246963075627e-02,5.246955918073e-02
4.783697668592e-03,5.241718735159e-02,5.241711584759e-02
4.784639341361e-03,5.236479636410e-02,5.236472493156e-02
4.785581014130e-03,5.231245774141e-02,5.231238638027e-02
4.786522686900e-03,5.226017143118e-02,5.226010014136e-02
4.787464359669e-03,5.220793738112e-02,5.220786616257e-02
4.788406032439e-03,5.215575553901e-02,5.215568439164e-02
4.789347705208e-03,5.210362585266e-02,5.210355477640e-02
4.790289377977e-03,5.205154826994e-02,5.205147726472e-02
4.791231050747e-03,5.199952273877e-02,5.199945180452e-02
4.792172723516e-03,5.194754920713e-02,5.194747834377e-02
4.793114396286e-03,5.189562762304e-02,5.189555683051e-02
4.794056069055e-03,5.184375793458e-02,5.184368721281e-02
4.794997741824e-03,5.179194008989e-02,5.179186943881e-02
4.795939414594e-03,5.174017403714e-02,5.174010345667e-02
4.796881087363e-03,5.168845972457e-02,5.168838921465e-02
4.797822760133e-03,5.163679710046e-02,5.163672666101e-02
4.798764432902e-03,5.158518611315e-02,5.158511574411e-02
4.799706105671e-03,5.153362671104e-02,5.153355641233e-02
4.800647778441e-03,5.148211884255e-02,5.148204861411e-02
4.801589451210e-03,5.143066245619e-02,5.143059229794e-02
4.802531123980e-03,5.137925750050e-02,5.137918741237e-02
4.803472796749e-03,5.132790392407e-02,5.132783390599e-02
4.804414469519e-03,5.127660167554e-02,5.127653172745e-02
4.805356142288e-03,5.122535070362e-02,5.122528082544e-02
4.806297815057e-03,5.117415095706e-02,5.117408114872e-02
4.807239487827e-03,5.112300238465e-02,5.112293264609e-02
4.808181160596e-03,5.107190493525e-02,5.107183526639e-02
4.809122833366e-03,5.102085855776e-02,5.102078895853e-02
4.810064506135e-03,5.096986320113e-02,5.096979367147e-02
4.811006178904e-03,5.091891881436e-02,5.091884935420e-02
4.811947851674e-03,5.086802534652e-02,5.086795595578e-02
4.812889524443e-03,5.081718274671e-02,5.081711342533e-02
4.813831197213e-03,5.076639096409e-02,5.076632171200e-02
4.814772869982e-03,5.071564994786e-02,5.071558076499e-02
4.815714542751e-03,5.066495964729e-02,5.066489053356e-02
4.816656215521e-03,5.061432001168e-02,5.061425096703e-02
4.817597888290e-03,5.056373099040e-02,5.056366201475e-02
4.818539561060e-03,5.051319253285e-02,5.051312362615e-02
4.819481233829e-03,5.046270458849e-02,5.046263575066e-02
4.820422906598e-03,5.041226710685e-02,5.041219833782e-02
4.821364579368e-03,5.036188003747e-02,5.036181133718e-02
4.822306252137e-03,5.031154332999e-02,5.031147469836e-02
4.823247924907e-03,5.026125693404e-02,5.026118837102e-02
4.824189597676e-03,5.021102079936e-02,5.021095230487e-02
4.825131270446e-03,5.016083487571e-02,5.016076644967e-02
4.826072943215e-03,5.011069911289e-02,5.011063075525e-02
4.827014615984e-03,5.006061346078e-02,5.006054517146e-02
4.827956288754e-03,5.001057786928e-02,5.001050964822e-02
4.828897961523e-03,4.996059228837e-02,4.996052413549e-02
4.829839634293e-03,4.991065666805e-02,4.991058858329e-02
4.830781307062e-03,4.986077095840e-02,4.986070294169e-02
4.831722979831e-03,4.981093510952e-02,4.981086716079e-02
4.832664652601e-03,4.976114907157e-02,4.976108119076e-02
4.833606325370e-03,4.971141279479e-02,4.971134498182e-02
4.834547998140e-03,4.966172622941e-02,4.966165848423e-02
4.835489670909e-03,4.961208932577e-02,4.961202164830e-02
4.836431343678e-03,4.956250203423e-02,4.956243442439e-02
4.837373016448e-03,4.951296430518e-02,4.951289676293e-02
4.838314689217e-03,4.946347608911e-02,4.946340861436e-02
4.839256361987e-03,4.941403733652e-02,4.941396992921e-02
4.840198034756e-03,4.936464799797e-02,4.936458065803e-02
4.841139707525e-03,4.931530802407e-02,4.931524075144e-02
4.842081380295e-03,4.926601736548e-02,4.926595016009e-02
4.843023053064e-03,4.921677597291e-02,4.921670883470e-02
4.843964725834e-03,4.916758379713e-02,4.916751672602e-02
4.844906398603e-03,4.911844078893e-02,4.911837378486e-02
4.845848071372e-03,4.906934689918e-02,4.906927996207e-02
4.846789744142e-03,4.902030207878e-02,4.902023520858e-02
4.847731416911e-03,4.897130627868e-02,4.897123947532e-02
4.848673089681e-03,4.892235944989e-02,4.892229271330e-02
4.849614762450e-03,4.887346154347e-02,4.887339487358e-02
4.850556435220e-03,4.882461251052e-02,4.882454590726e-02
4.851498107989e-03,4.877581230218e-02,4.877574576549e-02
4.852439780758e-03,4.872706086965e-02,4.872699439947e-02
4.853381453528e-03,4.867835816420e-02,4.867829176045e-02
4.854323126297e-03,4.862970413710e-02,4.862963779973e-02
4.855264799067e-03,4.858109873971e-02,4.858103246864e-02
4.856206471836e-03,4.853254192343e-02,4.853247571860e-02
4.857148144605e-03,4.848403363969e-02,4.848396750103e-02
4.858089817375e-03,4.843557383999e-02,4.843550776743e-02
4.859031490144e-03,4.838716247586e-02,4.838709646935e-02
4.859973162914e-03,4.833879949890e-02,4.833873355837e-02
4.860914835683e-03,4.829048486075e-02,4.829041898612e-02
4.861856508452e-03,4.824221851309e-02,4.824215270430e-02
4.862798181222e-03,4.819400040764e-02,4.819393466463e-02
4.863739853991e-03,4.814583049621e-02,4.814576481890e-02
4.864681526761e-03,4.809770873060e-02,4.809764311894e-02
4.865623199530e-03,4.804963506271e-02,4.804956951663e-02
4.866564872299e-03,4.800160944446e-02,4.800154396389e-02
4.867506545069e-03,4.795363182782e-02,4.795356641270e-02
4.868448217838e-03,4.790570216482e-02,4.790563681508e-02
4.869389890608e-03,4.785782040753e-02,4.785775512311e-02
4.870331563377e-03,4.780998650805e-02,4.780992128889e-02
4.871273236146e-03,4.776220041857e-02,4.776213526459e-02
4.872214908916e-03,4.771446209130e-02,4.771439700244e-02
4.873156581685e-03,4.766677147848e-02,4.766670645468e-02
4.874098254455e-03,4.761912853245e-02,4.761906357364e-02
4.875039927224e-03,4.757153320555e-02,4.757146831166e-02
4.875981599994e-03,4.752398545018e-02,4.752392062116e-02
4.876923272763e-03,4.747648521881e-02,4.747642045458e-02
4.877864945532e-03,4.742903246392e-02,4.742896776442e-02
4.878806618302e-03,4.738162713807e-02,4.738156250324e-02
4.879748291071e-03,4.733426919385e-02,4.733420462362e-02
4.880689963841e-03,4.728695858390e-02,4.728689407821e-02
4.881631636610e-03,4.723969526092e-02,4.723963081970e-02
4.882573309379e-03,4.719247917763e-02,4.719241480083e-02
4.883514982149e-03,4.714531028683e-02,4.714524597437e-02
4.884456654918e-03,4.709818854134e-02,4.709812429316e-02
4.885398327688e-03,4.705111389405e-02,4.705104971008e-02
4.886340000457e-03,4.700408629787e-02,4.700402217806e-02
4.887281673226e-03,4.695710570579e-02,4.695704165006e-02
4.888223345996e-03,4.691017207081e-02,4.691010807911e-02
4.889165018765e-03,4.686328534601e-02,4.686322141827e-02
4.890106691535e-03,4.681644548450e-02,4.681638162065e-02
4.891048364304e-03,4.676965243943e-02,4.676958863942e-02
4.891990037073e-03,4.672290616403e-02,4.672284242778e-02
4.892931709843e-03,4.667620661153e-02,4.667614293899e-02
4.893873382612e-03,4.662955373525e-02,4.662949012634e-02
4.894815055382e-03,4.658294748852e-02,4.658288394319e-02
4.895756728151e-03,4.653638782474e-02,4.653632434293e-02
4.896698400920e-03,4.648987469736e-02,4.648981127900e-02
4.897640073690e-03,4.644340805985e-02,4.644334470488e-02
4.898581746459e-03,4.639698786575e-02,4.639692457410e-02
4.899523419229e-03,4.635061406865e-02,4.635055084026e-02
4.900465091998e-03,4.630428662217e-02,4.630422345697e-02
4.901406764768e-03,4.625800547997e-02,4.625794237791e-02
4.902348437537e-03,4.621177059579e-02,4.621170755680e-02
4.903290110306e-03,4.616558192338e-02,4.616551894740e-02
4.904231783076e-03,4.611943941655e-02,4.611937650352e-02
4.905173455845e-03,4.607334302917e-02,4.607328017902e-02
4.906115128615e-03,4.602729271514e-02,4.602722992780e-02
4.907056801384e-03,4.598128842840e-02,4.598122570382e-02
4.907998474153e-03,4.593533012295e-02,4.593526746106e-02
4.908940146923e-03,4.588941775284e-02,4.588935515358e-02
4.909881819692e-03,4.584355127215e-02,4.584348873546e-02
4.910823492462e-03,4.579773063502e-02,4.579766816083e-02
4.911765165231e-03,4.575195579561e-02,4.575189338387e-02
4.912706838000e-03,4.570622670817e-02,4.570616435881e-02
4.913648510770e-03,4.566054332696e-02,4.566048103992e-02
4.914590183539e-03,4.561490560630e-02,4.561484338151e-02
4.915531856309e-03,4.556931350055e-02,4.556925133795e-02
4.916473529078e-03,4.552376696411e-02,4.552370486365e-02
4.917415201847e-03,4.547826595144e-02,4.547820391305e-02
4.918356874617e-03,4.543281041705e-02,4.543274844066e-02
4.919298547386e-03,4.538740031546e-02,4.538733840103e-02
4.920240220156e-03,4.534203560129e-02,4.534197374873e-02
4.921181892925e-03,4.529671622915e-02,4.529665443841e-02
4.922123565695e-03,4.525144215373e-02,4.525138042475e-02
4.923065238464e-03,4.520621332976e-02,4.520615166248e-02
4.924006911233e-03,4.516102971200e-02,4.516096810636e-02
4.924948584003e-03,4.511589125528e-02,4.511582971121e-02
4.925890256772e-03,4.507079791445e-02,4.507073643190e-02
4.926831929542e-03,4.502574964443e-02,4.502568822333e-02
4.927773602311e-03,4.498074640015e-02,4.498068504044e-02
4.928715275080e-03,4.493578813663e-02,4.493572683825e-02
4.929656947850e-03,4.489087480890e-02,4.489081357179e-02
4.930598620619e-03,4.484600637205e-02,4.484594519614e-02
4.931540293389e-03,4.480118278121e-02,4.480112166645e-02
4.932481966158e-03,4.475640399155e-02,4.475634293788e-02
4.933423638927e-03,4.471166995831e-02,4.471160896565e-02
4.934365311697e-03,4.466698063673e-02,4.466691970504e-02
4.935306984466e-03,4.462233598215e-02,4.462227511136e-02
4.936248657236e-03,4.457773594990e-02,4.457767513995e-02
4.937190330005e-03,4.453318049539e-02,4.453311974622e-02
4.938132002774e-03,4.448866957406e-02,4.448860888561e-02
4.939073675544e-03,4.444420314141e-02,4.444414251362e-02
4.940015348313e-03,4.439978115296e-02,4.439972058577e-02
4.940957021083e-03,4.435540356430e-02,4.435534305764e-02
4.941898693852e-03,4.431107033105e-02,4.431100988487e-02
4.942840366621e-03,4.426678140887e-02,4.426672102310e-02
4.943782039391e-03,4.422253675348e-02,4.422247642807e-02
4.944723712160e-03,4.417833632062e-02,4.417827605551e-02
4.945665384930e-03,4.413418006611e-02,4.413411986123e-02
4.946607057699e-03,4.409006794578e-02,4.409000780107e-02
4.947548730469e-03,4.404599991552e-02,4.404593983093e-02
4.948490403238e-03,4.400197593127e-02,4.400191590673e-02
4.949432076007e-03,4.395799594899e-02,4.395793598445e-02
4.950373748777e-03,4.391405992471e-02,4.391400002011e-02
4.951315421546e-03,4.387016781450e-02,4.387010796977e-02
4.952257094316e-03,4.382631957446e-02,4.382625978954e-02
4.953198767085e-03,4.378251516075e-02,4.378245543558e-02
4.954140439854e-03,4.373875452955e-02,4.373869486408e-02
4.955082112624e-03,4.369503763711e-02,4.369497803127e-02
4.956023785393e-03,4.365136443971e-02,4.365130489345e-02
4.956965458163e-03,4.360773489368e-02,4.360767540694e-02
4.957907130932e-03,4.356414895538e-02,4.356408952810e-02
4.958848803701e-03,4.352060658124e-02,4.352054721336e-02
4.959790476471e-03,4.347710772772e-02,4.347704841917e-02
4.960732149240e-03,4.343365235130e-02,4.343359310203e-02
4.961673822010e-03,4.339024040853e-02,4.339018121849e-02
4.962615494779e-03,4.334687185602e-02,4.334681272513e-02
4.963557167548e-03,4.330354665037e-02,4.330348757859e-02
4.964498840318e-03,4.326026474828e-02,4.326020573554e-02
4.965440513087e-03,4.321702610646e-02,4.321696715270e-02
4.966382185857e-03,4.317383068166e-02,4.317377178683e-02
4.967323858626e-03,4.313067843070e-02,4.313061959473e-02
4.968265531395e-03,4.308756931042e-02,4.308751053326e-02
4.969207204165e-03,4.304450327772e-02,4.304444455930e-02
4.970148876934e-03,4.300148028952e-02,4.300142162979e-02
4.971090549704e-03,4.295850030281e-02,4.295844170171e-02
4.972032222473e-03,4.291556327460e-02,4.291550473207e-02
4.972973895243e-03,4.287266916195e-02,4.287261067794e-02
4.973915568012e-03,4.282981792198e-02,4.282975949642e-02
4.974857240781e-03,4.278700951183e-02,4.278695114467e-02
4.975798913551e-03,4.274424388869e-02,4.274418557987e-02
4.976740586320e-03,4.270152100981e-02,4.270146275926e-02
4.977682259090e-03,4.265884083244e-02,4.265878264012e-02
4.978623931859e-03,4.261620331392e-02,4.261614517976e-02
4.979565604628e-03,4.257360841161e-02,4.257355033555e-02
4.980507277398e-03,4.253105608291e-02,4.253099806490e-02
4.981448950167e-03,4.248854628527e-02,4.248848832525e-02
4.982390622937e-03,4.244607897617e-02,4.244602107409e-02
4.983332295706e-03,4.240365411316e-02,4.240359626895e-02
4.984273968475e-03,4.236127165381e-02,4.236121386741e-02
4.985215641245e-03,4.231893155574e-02,4.231887382710e-02
4.986157314014e-03,4.227663377659e-02,4.227657610565e-02
4.987098986784e-03,4.223437827409e-02,4.223432066079e-02
4.988040659553e-03,4.219216500597e-02,4.219210745025e-02
4.988982332322e-03,4.214999393001e-02,4.214993643183e-02
4.989924005092e-03,4.210786500406e-02,4.210780756334e-02
4.990865677861e-03,4.206577818597e-02,4.206572080267e-02
4.991807350631e-03,4.202373343366e-02,4.202367610771e-02
4.992749023400e-03,4.198173070510e-02,4.198167343644e-02
4.993690696169e-03,4.193976995826e-02,4.193971274685e-02
4.994632368939e-03,4.189785115120e-02,4.189779399697e-02
4.995574041708e-03,4.185597424199e-02,4.185591714489e-02
4.996515714478e-03,4.181413918876e-02,4.181408214873e-02
4.997457387247e-03,4.177234594968e-02,4.177228896665e-02
4.998399060017e-03,4.173059448294e-02,4.173053755687e-02
4.999340732786e-03,4.168888474680e-02,4.168882787763e-02
5.000282405555e-03,4.164721669955e-02,4.164715988722e-02
5.001224078325e-03,4.160559029952e-02,4.160553354397e-02
5.002165751094e-03,4.156400550508e-02,4.156394880626e-02
5.003107423864e-03,4.152246227465e-02,4.152240563250e-02
5.004049096633e-03,4.148096056669e-02,4.148090398116e-02
5.004990769402e-03,4.143950033969e-02,4.143944381071e-02
5.005932442172e-03,4.139808155220e-02,4.139802507972e-02
5.006874114941e-03,4.135670416279e-02,4.135664774676e-02
5.007815787711e-03,4.131536813009e-02,4.131531177044e-02
5.008757460480e-03,4.127407341276e-02,4.127401710944e-02
5.009699133249e-03,4.123281996950e-02,4.123276372246e-02
5.010640806019e-03,4.119160775907e-02,4.119155156825e-02
5.011582478788e-03,4.115043674026e-02,4.115038060560e-02
5.012524151558e-03,4.110930687188e-02,4.110925079333e-02
5.013465824327e-03,4.106821811281e-02,4.106816209031e-02
5.014407497096e-03,4.102717042196e-02,4.102711445546e-02
5.015349169866e-03,4.098616375829e-02,4.098610784772e-02
5.016290842635e-03,4.094519808078e-02,4.094514222610e-02
5.017232515405e-03,4.090427334848e-02,4.090421754962e-02
5.018174188174e-03,4.086338952045e-02,4.086333377736e-02
5.019115860944e-03,4.082254655582e-02,4.082249086844e-02
5.020057533713e-03,4.078174441373e-02,4.078168878202e-02
5.020999206482e-03,4.074098305340e-02,4.074092747729e-02
5.021940879252e-03,4.070026243405e-02,4.070020691348e-02
5.022882552021e-03,4.065958251496e-02,4.065952704989e-02
5.023824224791e-03,4.061894325546e-02,4.061888784583e-02
5.024765897560e-03,4.057834461491e-02,4.057828926066e-02
5.025707570329e-03,4.053778655271e-02,4.053773125378e-02
5.026649243099e-03,4.049726902829e-02,4.049721378464e-02
5.027590915868e-03,4.045679200115e-02,4.045673681272e-02
5.028532588638e-03,4.041635543080e-02,4.041630029753e-02
5.029474261407e-03,4.037595927682e-02,4.037590419865e-02
5.030415934176e-03,4.033560349879e-02,4.033554847567e-02
5.031357606946e-03,4.029528805637e-02,4.029523308825e-02
5.032299279715e-03,4.025501290925e-02,4.025495799607e-02
5.033240952485e-03,4.021477801714e-02,4.021472315884e-02
5.034182625254e-03,4.017458333981e-02,4.017452853634e-02
5.035124298023e-03,4.013442883707e-02,4.013437408838e-02
5.036065970793e-03,4.009431446876e-02,4.009425977479e-02
5.037007643562e-03,4.005424019476e-02,4.005418555546e-02
5.037949316332e-03,4.001420597502e-02,4.001415139033e-02
5.038890989101e-03,3.997421176948e-02,3.997415723934e-02
5.039832661870e-03,3.993425753815e-02,3.993420306252e-02
5.040774334640e-03,3.989434324109e-02,3.989428881991e-02
5.041716007409e-03,3.985446883837e-02,3.985441447159e-02
5.042657680179e-03,3.981463429013e-02,3.981457997768e-02
5.043599352948e-03,3.977483955652e-02,3.977478529836e-02
5.044541025718e-03,3.973508459776e-02,3.973503039383e-02
5.045482698487e-03,3.969536937408e-02,3.969531522433e-02
5.046424371256e-03,3.965569384578e-02,3.965563975014e-02
5.047366044026e-03,3.961605797317e-02,3.961600393161e-02
5.048307716795e-03,3.957646171662e-02,3.957640772908e-02
5.049249389565e-03,3.953690503654e-02,3.953685110296e-02
5.050191062334e-03,3.949738789337e-02,3.949733401369e-02
5.051132735103e-03,3.945791024759e-02,3.945785642176e-02
5.052074407873e-03,3.941847205972e-02,3.941841828770e-02
5.053016080642e-03,3.937907329033e-02,3.937901957205e-02
5.053957753412e-03,3.933971390002e-02,3.933966023542e-02
5.054899426181e-03,3.930039384942e-02,3.930034023846e-02
5.055841098950e-03,3.926111309922e-02,3.926105954185e-02
5.056782771720e-03,3.922187161013e-02,3.922181810629e-02
5.057724444489e-03,3.918266934292e-02,3.918261589256e-02
5.058666117259e-03,3.914350625839e-02,3.914345286145e-02
5.059607790028e-03,3.910438231736e-02,3.910432897379e-02
5.060549462797e-03,3.906529748072e-02,3.906524419047e-02
5.061491135567e-03,3.902625170938e-02,3.902619847239e-02
5.062432808336e-03,3.898724496429e-02,3.898719178051e-02
5.063374481106e-03,3.894827720645e-02,3.894822407583e-02
5.064316153875e-03,3.890934839689e-02,3.890929531938e-02
5.065257826644e-03,3.887045849669e-02,3.887040547222e-02
5.066199499414e-03,3.883160746694e-02,3.883155449548e-02
5.067141172183e-03,3.879279526881e-02,3.879274235029e-02
5.068082844953e-03,3.875402186348e-02,3.875396899784e-02
5.069024517722e-03,3.871528721217e-02,3.871523439937e-02
5.069966190492e-03,3.867659127615e-02,3.867653851614e-02
5.070907863261e-03,3.863793401672e-02,3.863788130945e-02
5.071849536030e-03,3.859931539523e-02,3.859926274064e-02
5.072791208800e-03,3.856073537306e-02,3.856068277110e-02
5.073732881569e-03,3.852219391163e-02,3.852214136225e-02
5.074674554339e-03,3.848369097240e-02,3.848363847554e-02
5.075616227108e-03,3.844522651686e-02,3.844517407247e-02
5.076557899877e-03,3.840680050655e-02,3.840674811458e-02
5.077499572647e-03,3.836841290305e-02,3.836836056344e-02
5.078441245416e-03,3.833006366796e-02,3.833001138066e-02
5.079382918186e-03,3.829175276293e-02,3.829170052790e-02
5.080324590955e-03,3.825348014967e-02,3.825342796684e-02
5.081266263724e-03,3.821524578988e-02,3.821519365921e-02
5.082207936494e-03,3.817704964535e-02,3.817699756678e-02
5.083149609263e-03,3.813889167787e-02,3.813883965135e-02
5.084091282033e-03,3.810077184928e-02,3.810071987477e-02
5.085032954802e-03,3.806269012147e-02,3.806263819890e-02
5.085974627571e-03,3.802464645635e-02,3.802459458568e-02
5.086916300341e-03,3.798664081588e-02,3.798658899706e-02
5.087857973110e-03,3.794867316205e-02,3.794862139503e-02
5.088799645880e-03,3.791074345691e-02,3.791069174162e-02
5.089741318649e-03,3.787285166250e-02,3.787279999891e-02
5.090682991418e-03,3.783499774096e-02,3.783494612900e-02
5.091624664188e-03,3.779718165441e-02,3.779713009404e-02
5.092566336957e-03,3.775940336505e-02,3.775935185621e-02
5.093508009727e-03,3.772166283509e-02,3.772161137774e-02
5.094449682496e-03,3.768396002680e-02,3.768390862088e-02
5.095391355266e-03,3.764629490248e-02,3.764624354793e-02
5.096333028035e-03,3.760866742445e-02,3.760861612124e-02
5.097274700804e-03,3.757107755509e-02,3.757102630316e-02
5.098216373574e-03,3.753352525682e-02,3.753347405611e-02
5.099158046343e-03,3.749601049207e-02,3.749595934253e-02
5.100099719113e-03,3.745853322333e-02,3.745848212492e-02
5.101041391882e-03,3.742109341314e-02,3.742104236580e-02
5.101983064651e-03,3.738369102403e-02,3.738364002772e-02
5.102924737421e-03,3.734632601863e-02,3.734627507328e-02
5.103866410190e-03,3.730899835955e-02,3.730894746512e-02
5.104808082960e-03,3.727170800947e-02,3.727165716591e-02
5.105749755729e-03,3.723445493111e-02,3.723440413837e-02
5.106691428498e-03,3.719723908720e-02,3.719718834523e-02
5.107633101268e-03,3.716006044053e-02,3.716000974928e-02
5.108574774037e-03,3.712291895393e-02,3.712286831334e-02
5.109516446807e-03,3.708581459025e-02,3.708576400028e-02
5.110458119576e-03,3.704874731239e-02,3.704869677298e-02
5.111399792345e-03,3.701171708328e-02,3.701166659438e-02
5.112341465115e-03,3.697472386588e-02,3.697467342745e-02
5.113283137884e-03,3.693776762322e-02,3.693771723520e-02
5.114224810654e-03,3.690084831832e-02,3.690079798067e-02
5.115166483423e-03,3.686396591428e-02,3.686391562694e-02
5.116108156193e-03,3.682712037421e-02,3.682707013713e-02
5.117049828962e-03,3.679031166126e-02,3.679026147439e-02
5.117991501731e-03,3.675353973862e-02,3.675348960191e-02
5.118933174501e-03,3.671680456953e-02,3.671675448293e-02
5.119874847270e-03,3.668010611724e-02,3.668005608071e-02
5.120816520040e-03,3.664344434507e-02,3.664339435855e-02
5.121758192809e-03,3.660681921634e-02,3.660676927978e-02
5.122699865578e-03,3.657023069443e-02,3.657018080778e-02
5.123641538348e-03,3.653367874276e-02,3.653362890597e-02
5.124583211117e-03,3.649716332477e-02,3.649711353779e-02
5.125524883887e-03,3.646068440395e-02,3.646063466673e-02
5.126466556656e-03,3.642424194381e-02,3.642419225631e-02
5.127408229425e-03,3.638783590792e-02,3.638778627008e-02
5.128349902195e-03,3.635146625986e-02,3.635141667164e-02
5.129291574964e-03,3.631513296328e-02,3.631508342462e-02
5.130233247734e-03,3.627883598183e-02,3.627878649268e-02
5.131174920503e-03,3.624257527922e-02,3.624252583954e-02
5.132116593272e-03,3.620635081919e-02,3.620630142892e-02
5.133058266042e-03,3.617016256552e-02,3.617011322461e-02
5.133999938811e-03,3.613401048200e-02,3.613396119042e-02
5.134941611581e-03,3.609789453251e-02,3.609784529019e-02
5.135883284350e-03,3.606181468091e-02,3.606176548780e-02
5.136824957119e-03,3.602577089112e-02,3.602572174719e-02
5.137766629889e-03,3.598976312712e-02,3.598971403230e-02
5.138708302658e-03,3.595379135287e-02,3.595374230713e-02
5.139649975428e-03,3.591785553243e-02,3.591780653570e-02
5.140591648197e-03,3.588195562984e-02,3.588190668209e-02
5.141533320967e-03,3.584609160921e-02,3.584604271038e-02
5.142474993736e-03,3.581026343467e-02,3.581021458472e-02
5.143416666505e-03,3.577447107040e-02,3.577442226927e-02
5.144358339275e-03,3.573871448060e-02,3.573866572825e-02
5.145300012044e-03,3.570299362952e-02,3.570294492590e-02
5.146241684814e-03,3.566730848144e-02,3.566725982650e-02
5.147183357583e-03,3.563165900067e-02,3.563161039436e-02
5.148125030352e-03,3.559604515156e-02,3.559599659383e-02
5.149066703122e-03,3.556046689850e-02,3.556041838931e-02
5.150008375891e-03,3.552492420591e-02,3.552487574520e-02
5.150950048661e-03,3.548941703825e-02,3.548936862598e-02
5.151891721430e-03,3.545394536001e-02,3.545389699612e-02
5.152833394199e-03,3.541850913571e-02,3.541846082016e-02
5.153775066969e-03,3.538310832993e-02,3.538306006267e-02
5.154716739738e-03,3.534774290726e-02,3.534769468825e-02
5.155658412508e-03,3.531241283233e-02,3.531236466151e-02
5.156600085277e-03,3.527711806982e-02,3.527706994715e-02
5.157541758046e-03,3.524185858443e-02,3.524181050986e-02
5.158483430816e-03,3.520663434091e-02,3.520658631438e-02
5.159425103585e-03,3.517144530402e-02,3.517139732550e-02
5.160366776355e-03,3.513629143858e-02,3.513624350801e-02
5.161308449124e-03,3.510117270943e-02,3.510112482677e-02
5.162250121893e-03,3.506608908146e-02,3.506604124666e-02
5.163191794663e-03,3.503104051958e-02,3.503099273259e-02
5.164133467432e-03,3.499602698874e-02,3.499597924951e-02
5.165075140202e-03,3.496104845393e-02,3.496100076242e-02
5.166016812971e-03,3.492610488018e-02,3.492605723633e-02
5.166958485741e-03,3.489119623253e-02,3.489114863631e-02
5.167900158510e-03,3.485632247608e-02,3.485627492743e-02
5.168841831279e-03,3.482148357596e-02,3.482143607483e-02
5.169783504049e-03,3.478667949732e-02,3.478663204368e-02
5.170725176818e-03,3.475191020537e-02,3.475186279915e-02
5.171666849588e-03,3.471717566533e-02,3.471712830649e-02
5.172608522357e-03,3.468247584247e-02,3.468242853097e-02
5.173550195126e-03,3.464781070208e-02,3.464776343787e-02
5.174491867896e-03,3.461318020951e-02,3.461313299254e-02
5.175433540665e-03,3.457858433013e-02,3.457853716035e-02
5.176375213435e-03,3.454402302933e-02,3.454397590669e-02
5.177316886204e-03,3.450949627255e-02,3.450944919702e-02
5.178258558973e-03,3.447500402528e-02,3.447495699680e-02
5.179200231743e-03,3.444054625301e-02,3.444049927153e-02
5.180141904512e-03,3.440612292129e-02,3.440607598677e-02
5.181083577282e-03,3.437173399570e-02,3.437168710809e-02
5.182025250051e-03,3.433737944184e-02,3.433733260110e-02
5.182966922820e-03,3.430305922537e-02,3.430301243144e-02
5.183908595590e-03,3.426877331196e-02,3.426872656480e-02
5.184850268359e-03,3.423452166732e-02,3.423447496689e-02
5.185791941129e-03,3.420030425721e-02,3.420025760346e-02
5.186733613898e-03,3.416612104741e-02,3.416607444028e-02
5.187675286667e-03,3.413197200373e-02,3.413192544319e-02
5.188616959437e-03,3.409785709202e-02,3.409781057802e-02
5.189558632206e-03,3.406377627818e-02,3.406372981067e-02
5.190500304976e-03,3.402972952811e-02,3.402968310704e-02
5.191441977745e-03,3.399571680778e-02,3.399567043311e-02
5.192383650515e-03,3.396173808317e-02,3.396169175485e-02
5.193325323284e-03,3.392779332029e-02,3.392774703828e-02
5.194266996053e-03,3.389388248522e-02,3.389383624946e-02
5.195208668823e-03,3.386000554402e-02,3.385995935448e-02
5.196150341592e-03,3.382616246284e-02,3.382611631947e-02
5.197092014362e-03,3.379235320782e-02,3.379230711057e-02
5.198033687131e-03,3.375857774516e-02,3.375853169398e-02
5.198975359900e-03,3.372483604108e-02,3.372479003593e-02
5.199917032670e-03,3.369112806184e-02,3.369108210267e-02
5.200858705439e-03,3.365745377373e-02,3.365740786049e-02
5.201800378209e-03,3.362381314307e-02,3.362376727573e-02
5.202742050978e-03,3.359020613623e-02,3.359016031473e-02
5.203683723747e-03,3.355663271960e-02,3.355658694390e-02
5.204625396517e-03,3.352309285961e-02,3.352304712966e-02
5.205567069286e-03,3.348958652271e-02,3.348954083847e-02
5.206508742056e-03,3.345611367540e-02,3.345606803682e-02
5.207450414825e-03,3.342267428421e-02,3.342262869124e-02
5.208392087594e-03,3.338926831569e-02,3.338922276829e-02
5.209333760364e-03,3.335589573644e-02,3.335585023457e-02
5.210275433133e-03,3.332255651310e-02,3.332251105671e-02
5.211217105903e-03,3.328925061231e-02,3.328920520135e-02
5.212158778672e-03,3.325597800078e-02,3.325593263521e-02
5.213100451442e-03,3.322273864522e-02,3.322269332500e-02
5.214042124211e-03,3.318953251241e-02,3.318948723748e-02
5.214983796980e-03,3.315635956914e-02,3.315631433946e-02
5.215925469750e-03,3.312321978222e-02,3.312317459775e-02
5.216867142519e-03,3.309011311853e-02,3.309006797922e-02
5.217808815289e-03,3.305703954495e-02,3.305699445076e-02
5.218750488058e-03,3.302399902842e-02,3.302395397930e-02
5.219692160827e-03,3.299099153589e-02,3.299094653180e-02
5.220633833597e-03,3.295801703435e-02,3.295797207524e-02
5.221575506366e-03,3.292507549083e-02,3.292503057666e-02
5.222517179136e-03,3.289216687240e-02,3.289212200311e-02
5.223458851905e-03,3.285929114613e-02,3.285924632169e-02
5.224400524674e-03,3.282644827915e-02,3.282640349952e-02
5.225342197444e-03,3.279363823863e-02,3.279359350375e-02
5.226283870213e-03,3.276086099174e-02,3.276081630158e-02
5.227225542983e-03,3.272811650572e-02,3.272807186023e-02
5.228167215752e-03,3.269540474782e-02,3.269536014695e-02
5.229108888521e-03,3.266272568533e-02,3.266268112903e-02
5.230050561291e-03,3.263007928556e-02,3.263003477380e-02
5.230992234060e-03,3.259746551588e-02,3.259742104861e-02
5.231933906830e-03,3.256488434367e-02,3.256483992084e-02
5.232875579599e-03,3.253233573634e-02,3.253229135791e-02
5.233817252368e-03,3.249981966135e-02,3.249977532728e-02
5.234758925138e-03,3.246733608618e-02,3.246729179643e-02
5.235700597907e-03,3.243488497835e-02,3.243484073286e-02
5.236642270677e-03,3.240246630541e-02,3.240242210415e-02
5.237583943446e-03,3.237008003494e-02,3.237003587786e-02
5.238525616216e-03,3.233772613455e-02,3.233768202160e-02
5.239467288985e-03,3.230540457189e-02,3.230536050303e-02
5.240408961754e-03,3.227311531464e-02,3.227307128983e-02
5.241350634524e-03,3.224085833051e-02,3.224081434970e-02
5.242292307293e-03,3.220863358723e-02,3.220858965038e-02
5.243233980063e-03,3.217644105260e-02,3.217639715966e-02
5.244175652832e-03,3.214428069440e-02,3.214423684534e-02
5.245117325601e-03,3.211215248049e-02,3.211210867525e-02
5.246058998371e-03,3.208005637874e-02,3.208001261728e-02
5.247000671140e-03,3.204799235704e-02,3.204794863933e-02
5.247942343910e-03,3.201596038334e-02,3.201591670932e-02
5.248884016679e-03,3.198396042560e-02,3.198391679524e-02
5.249825689448e-03,3.195199245183e-02,3.195194886507e-02
5.250767362218e-03,3.192005643005e-02,3.192001288685e-02
5.251709034987e-03,3.188815232833e-02,3.188810882866e-02
5.252650707757e-03,3.185628011476e-02,3.185623665857e-02
5.253592380526e-03,3.182443975748e-02,3.182439634472e-02
5.254534053295e-03,3.179263122464e-02,3.179258785527e-02
5.255475726065e-03,3.176085448443e-02,3.176081115841e-02
5.256417398834e-03,3.172910950508e-02,3.172906622237e-02
5.257359071604e-03,3.169739625485e-02,3.169735301539e-02
5.258300744373e-03,3.166571470201e-02,3.166567150577e-02
5.259242417142e-03,3.163406481489e-02,3.163402166182e-02
5.260184089912e-03,3.160244656183e-02,3.160240345190e-02
5.261125762681e-03,3.157085991123e-02,3.157081684439e-02
5.262067435451e-03,3.153930483149e-02,3.153926180769e-02
5.263009108220e-03,3.150778129105e-02,3.150773831026e-02
5.263950780990e-03,3.147628925840e-02,3.147624632057e-02
5.264892453759e-03,3.144482870204e-02,3.144478580712e-02
5.265834126528e-03,3.141339959052e-02,3.141335673847e-02
5.266775799298e-03,3.138200189239e-02,3.138195908318e-02
5.267717472067e-03,3.135063557627e-02,3.135059280984e-02
5.268659144837e-03,3.131930061079e-02,3.131925788711e-02
5.269600817606e-03,3.128799696461e-02,3.128795428363e-02
5.270542490375e-03,3.125672460643e-02,3.125668196811e-02
5.271484163145e-03,3.122548350498e-02,3.122544090927e-02
5.272425835914e-03,3.119427362901e-02,3.119423107588e-02
5.273367508684e-03,3.116309494732e-02,3.116305243672e-02
5.274309181453e-03,3.113194742873e-02,3.113190496062e-02
5.275250854222e-03,3.110083104209e-02,3.110078861643e-02
5.276192526992e-03,3.106974575628e-02,3.106970337302e-02
5.277134199761e-03,3.103869154022e-02,3.103864919932e-02
5.278075872531e-03,3.100766836285e-02,3.100762606428e-02
5.279017545300e-03,3.097667619316e-02,3.097663393686e-02
5.279959218069e-03,3.094571500014e-02,3.094567278608e-02
5.280900890839e-03,3.091478475284e-02,3.091474258097e-02
5.281842563608e-03,3.088388542033e-02,3.088384329061e-02
5.282784236378e-03,3.085301697171e-02,3.085297488410e-02
5.283725909147e-03,3.082217937610e-02,3.082213733056e-02
5.284667581917e-03,3.079137260268e-02,3.079133059916e-02
5.285609254686e-03,3.076059662063e-02,3.076055465910e-02
5.286550927455e-03,3.072985139919e-02,3.072980947959e-02
5.287492600225e-03,3.069913690759e-02,3.069909502989e-02
5.288434272994e-03,3.066845311514e-02,3.066841127930e-02
5.289375945764e-03,3.063779999114e-02,3.063775819711e-02
5.290317618533e-03,3.060717750494e-02,3.060713575269e-02
5.291259291302e-03,3.057658562593e-02,3.057654391540e-02
5.292200964072e-03,3.054602432350e-02,3.054598265467e-02
5.293142636841e-03,3.051549356710e-02,3.051545193991e-02
5.294084309611e-03,3.048499332619e-02,3.048495174061e-02
5.295025982380e-03,3.045452357028e-02,3.045448202627e-02
5.295967655149e-03,3.042408426890e-02,3.042404276641e-02
5.296909327919e-03,3.039367539160e-02,3.039363393060e-02
5.297851000688e-03,3.036329690799e-02,3.036325548842e-02
5.298792673458e-03,3.033294878767e-02,3.033290740950e-02
5.299734346227e-03,3.030263100030e-02,3.030258966349e-02
5.300676018996e-03,3.027234351557e-02,3.027230222007e-02
5.301617691766e-03,3.024208630318e-02,3.024204504896e-02
5.302559364535e-03,3.021185933288e-02,3.021181811989e-02
5.303501037305e-03,3.018166257444e-02,3.018162140265e-02
5.304442710074e-03,3.015149599767e-02,3.015145486703e-02
5.305384382843e-03,3.012135957240e-02,3.012131848286e-02
5.306326055613e-03,3.009125326848e-02,3.009121222002e-02
5.307267728382e-03,3.006117705583e-02,3.006113604839e-02
5.308209401152e-03,3.003113090435e-02,3.003108993790e-02
5.309151073921e-03,3.000111478401e-02,3.000107385851e-02
5.310092746691e-03,2.997112866478e-02,2.997108778018e-02
5.311034419460e-03,2.994117251669e-02,2.994113167295e-02
5.311976092229e-03,2.991124630977e-02,2.991120550686e-02
5.312917764999e-03,2.988135001410e-02,2.988130925197e-02
5.313859437768e-03,2.985148359978e-02,2.985144287839e-02
5.314801110538e-03,2.982164703695e-02,2.982160635626e-02
5.315742783307e-03,2.979184029577e-02,2.979179965574e-02
5.316684456076e-03,2.976206334643e-02,2.976202274702e-02
5.317626128846e-03,2.973231615915e-02,2.973227560033e-02
5.318567801615e-03,2.970259870420e-02,2.970255818591e-02
5.319509474385e-03,2.967291095184e-02,2.967287047405e-02
5.320451147154e-03,2.964325287240e-02,2.964321243507e-02
5.321392819923e-03,2.961362443622e-02,2.961358403930e-02
5.322334492693e-03,2.958402561366e-02,2.958398525712e-02
5.323276165462e-03,2.955445637513e-02,2.955441605893e-02
5.324217838232e-03,2.952491669106e-02,2.952487641515e-02
5.325159511001e-03,2.949540653191e-02,2.949536629626e-02
5.326101183770e-03,2.946592586816e-02,2.946588567273e-02
5.327042856540e-03,2.943647467035e-02,2.943643451509e-02
5.327984529309e-03,2.940705290901e-02,2.940701279389e-02
5.328926202079e-03,2.937766055473e-02,2.937762047970e-02
5.329867874848e-03,2.934829757811e-02,2.934825754313e-02
5.330809547617e-03,2.931896394979e-02,2.931892395483e-02
5.331751220387e-03,2.928965964043e-02,2.928961968545e-02
5.332692893156e-03,2.926038462074e-02,2.926034470569e-02
5.333634565926e-03,2.923113886144e-02,2.923109898629e-02
5.334576238695e-03,2.920192233328e-02,2.920188249798e-02
5.335517911465e-03,2.917273500704e-02,2.917269521156e-02
5.336459584234e-03,2.914357685354e-02,2.914353709783e-02
5.337401257003e-03,2.911444784362e-02,2.911440812765e-02
5.338342929773e-03,2.908534794815e-02,2.908530827187e-02
5.339284602542e-03,2.905627713803e-02,2.905623750141e-02
5.340226275312e-03,2.902723538418e-02,2.902719578718e-02
5.341167948081e-03,2.899822265758e-02,2.899818310016e-02
5.342109620850e-03,2.896923892920e-02,2.896919941132e-02
5.343051293620e-03,2.894028417007e-02,2.894024469168e-02
5.343992966389e-03,2.891135835122e-02,2.891131891229e-02
5.344934639159e-03,2.888246144373e-02,2.888242204422e-02
5.345876311928e-03,2.885359341870e-02,2.885355405857e-02
5.346817984697e-03,2.882475424727e-02,2.882471492648e-02
5.347759657467e-03,2.879594390060e-02,2.879590461911e-02
5.348701330236e-03,2.876716234987e-02,2.876712310764e-02
5.349643003006e-03,2.873840956631e-02,2.873837036330e-02
5.350584675775e-03,2.870968552116e-02,2.870964635734e-02
5.351526348544e-03,2.868099018570e-02,2.868095106102e-02
5.352468021314e-03,2.865232353123e-02,2.865228444566e-02
5.353409694083e-03,2.862368552908e-02,2.862364648258e-02
5.354351366853e-03,2.859507615063e-02,2.859503714315e-02
5.355293039622e-03,2.856649536725e-02,2.856645639876e-02
5.356234712391e-03,2.853794315037e-02,2.853790422083e-02
5.357176385161e-03,2.850941947144e-02,2.850938058081e-02
5.358118057930e-03,2.848092430193e-02,2.848088545016e-02
5.359059730700e-03,2.845245761334e-02,2.845241880041e-02
5.360001403469e-03,2.842401937722e-02,2.842398060308e-02
5.360943076239e-03,2.839560956511e-02,2.839557082973e-02
5.361884749008e-03,2.836722814862e-02,2.836718945196e-02
5.362826421777e-03,2.833887509936e-02,2.833883644137e-02
5.363768094547e-03,2.831055038898e-02,2.831051176963e-02
5.364709767316e-03,2.828225398914e-02,2.828221540840e-02
5.365651440086e-03,2.825398587157e-02,2.825394732938e-02
5.366593112855e-03,2.822574600798e-02,2.822570750432e-02
5.367534785624e-03,2.819753437014e-02,2.819749590496e-02
5.368476458394e-03,2.816935092984e-02,2.816931250311e-02
5.369418131163e-03,2.814119565890e-02,2.814115727057e-02
5.370359803933e-03,2.811306852915e-02,2.811303017919e-02
5.371301476702e-03,2.808496951247e-02,2.808493120084e-02
5.372243149471e-03,2.805689858076e-02,2.805686030742e-02
5.373184822241e-03,2.802885570595e-02,2.802881747087e-02
5.374126495010e-03,2.800084086000e-02,2.800080266314e-02
5.375068167780e-03,2.797285401490e-02,2.797281585621e-02
5.376009840549e-03,2.794489514265e-02,2.794485702210e-02
5.376951513318e-03,2.791696421530e-02,2.791692613285e-02
5.377893186088e-03,2.788906120491e-02,2.788902316053e-02
5.378834858857e-03,2.786118608359e-02,2.786114807724e-02
5.379776531627e-03,2.783333882346e-02,2.783330085509e-02
5.380718204396e-03,2.780551939667e-02,2.780548146625e-02
5.381659877166e-03,2.777772777540e-02,2.777768988289e-02
5.382601549935e-03,2.774996393186e-02,2.774992607722e-02
5.383543222704e-03,2.772222783828e-02,2.772219002148e-02
5.384484895474e-03,2.769451946694e-02,2.769448168794e-02
5.385426568243e-03,2.766683879012e-02,2.766680104888e-02
5.386368241013e-03,2.763918578014e-02,2.763914807662e-02
5.387309913782e-03,2.761156040934e-02,2.761152274351e-02
5.388251586551e-03,2.758396265012e-02,2.758392502193e-02
5.389193259321e-03,2.755639247485e-02,2.755635488427e-02
5.390134932090e-03,2.752884985598e-02,2.752881230297e-02
5.391076604860e-03,2.750133476596e-02,2.750129725049e-02
5.392018277629e-03,2.747384717728e-02,2.747380969931e-02
5.392959950398e-03,2.744638706245e-02,2.744634962193e-02
5.393901623168e-03,2.741895439401e-02,2.741891699091e-02
5.394843295937e-03,2.739154914452e-02,2.739151177881e-02
5.395784968707e-03,2.736417128659e-02,2.736413395823e-02
5.396726641476e-03,2.733682079283e-02,2.733678350177e-02
5.397668314245e-03,2.730949763589e-02,2.730946038211e-02
5.398609987015e-03,2.728220178845e-02,2.728216457191e-02
5.399551659784e-03,2.725493322322e-02,2.725489604387e-02
5.400493332554e-03,2.722769191292e-02,2.722765477073e-02
5.401435005323e-03,2.720047783032e-02,2.720044072525e-02
5.402376678092e-03,2.717329094819e-02,2.717325388022e-02
5.403318350862e-03,2.714613123936e-02,2.714609420844e-02
5.404260023631e-03,2.711899867667e-02,2.711896168275e-02
5.405201696401e-03,2.709189323297e-02,2.709185627603e-02
5.406143369170e-03,2.706481488117e-02,2.706477796117e-02
5.407085041940e-03,2.703776359419e-02,2.703772671109e-02
5.408026714709e-03,2.701073934497e-02,2.701070249873e-02
5.408968387478e-03,2.698374210649e-02,2.698370529709e-02
5.409910060248e-03,2.695677185176e-02,2.695673507915e-02
5.410851733017e-03,2.692982855380e-02,2.692979181794e-02
5.411793405787e-03,2.690291218568e-02,2.690287548653e-02
5.412735078556e-03,2.687602272046e-02,2.687598605800e-02
5.413676751325e-03,2.684916013128e-02,2.684912350546e-02
5.414618424095e-03,2.682232439125e-02,2.682228780204e-02
5.415560096864e-03,2.679551547355e-02,2.679547892091e-02
5.416501769634e-03,2.676873335137e-02,2.676869683527e-02
5.417443442403e-03,2.674197799793e-02,2.674194151832e-02
5.418385115172e-03,2.671524938646e-02,2.671521294332e-02
5.419326787942e-03,2.668854749025e-02,2.668851108353e-02
5.420268460711e-03,2.666187228259e-02,2.666183591225e-02
5.421210133481e-03,2.663522373680e-02,2.663518740282e-02
5.422151806250e-03,2.660860182623e-02,2.660856552857e-02
5.423093479019e-03,2.658200652428e-02,2.658197026289e-02
5.424035151789e-03,2.655543780433e-02,2.655540157918e-02
5.424976824558e-03,2.652889563982e-02,2.652885945088e-02
5.425918497328e-03,2.650238000420e-02,2.650234385144e-02
5.426860170097e-03,2.647589087097e-02,2.647585475434e-02
5.427801842866e-03,2.644942821364e-02,2.644939213310e-02
5.428743515636e-03,2.642299200573e-02,2.642295596126e-02
5.429685188405e-03,2.639658222082e-02,2.639654621237e-02
5.430626861175e-03,2.637019883249e-02,2.637016286004e-02
5.431568533944e-03,2.634384181436e-02,2.634380587786e-02
5.432510206714e-03,2.631751114008e-02,2.631747523950e-02
5.433451879483e-03,2.629120678331e-02,2.629117091861e-02
5.434393552252e-03,2.626492871775e-02,2.626489288890e-02
5.435335225022e-03,2.623867691712e-02,2.623864112408e-02
5.436276897791e-03,2.621245135517e-02,2.621241559790e-02
5.437218570561e-03,2.618625200567e-02,2.618621628415e-02
5.438160243330e-03,2.616007884243e-02,2.616004315661e-02
5.439101916099e-03,2.613393183927e-02,2.613389618911e-02
5.440043588869e-03,2.610781097004e-02,2.610777535552e-02
5.440985261638e-03,2.608171620862e-02,2.608168062970e-02
5.441926934408e-03,2.605564752893e-02,2.605561198556e-02
5.442868607177e-03,2.602960490488e-02,2.602956939704e-02
5.443810279946e-03,2.600358831044e-02,2.600355283809e-02
5.444751952716e-03,2.597759771959e-02,2.597756228270e-02
5.445693625485e-03,2.595163310634e-02,2.595159770487e-02
5.446635298255e-03,2.592569444473e-02,2.592565907864e-02
5.447576971024e-03,2.589978170881e-02,2.589974637807e-02
5.448518643793e-03,2.587389487268e-02,2.587385957725e-02
5.449460316563e-03,2.584803391044e-02,2.584799865029e-02
5.450401989332e-03,2.582219879624e-02,2.582216357133e-02
5.451343662102e-03,2.579638950424e-02,2.579635431454e-02
5.452285334871e-03,2.577060600863e-02,2.577057085411e-02
5.453227007640e-03,2.574484828363e-02,2.574481316424e-02
5.454168680410e-03,2.571911630348e-02,2.571908121919e-02
5.455110353179e-03,2.569341004245e-02,2.569337499323e-02
5.456052025949e-03,2.566772947483e-02,2.566769446064e-02
5.456993698718e-03,2.564207457495e-02,2.564203959575e-02
5.457935371488e-03,2.561644531714e-02,2.561641037291e-02
5.458877044257e-03,2.559084167577e-02,2.559080676647e-02
5.459818717026e-03,2.556526362526e-02,2.556522875084e-02
5.460760389796e-03,2.553971114000e-02,2.553967630045e-02
5.461702062565e-03,2.551418419446e-02,2.551414938973e-02
5.462643735335e-03,2.548868276311e-02,2.548864799316e-02
5.463585408104e-03,2.546320682044e-02,2.546317208525e-02
5.464527080873e-03,2.543775634098e-02,2.543772164050e-02
5.465468753643e-03,2.541233129928e-02,2.541229663349e-02
5.466410426412e-03,2.538693166991e-02,2.538689703877e-02
5.467352099182e-03,2.536155742748e-02,2.536152283095e-02
5.468293771951e-03,2.533620854660e-02,2.533617398465e-02
5.469235444720e-03,2.531088500194e-02,2.531085047453e-02
5.470177117490e-03,2.528558676816e-02,2.528555227526e-02
5.471118790259e-03,2.526031381997e-02,2.526027936155e-02
5.472060463029e-03,2.523506613210e-02,2.523503170812e-02
5.473002135798e-03,2.520984367930e-02,2.520980928972e-02
5.473943808567e-03,2.518464643634e-02,2.518461208114e-02
5.474885481337e-03,2.515947437803e-02,2.515944005717e-02
5.475827154106e-03,2.513432747920e-02,2.513429319264e-02
5.476768826876e-03,2.510920571469e-02,2.510917146240e-02
5.477710499645e-03,2.508410905940e-02,2.508407484134e-02
5.478652172415e-03,2.505903748821e-02,2.505900330436e-02
5.479593845184e-03,2.503399097607e-02,2.503395682638e-02
5.480535517953e-03,2.500896949792e-02,2.500893538236e-02
5.481477190723e-03,2.498397302874e-02,2.498393894728e-02
5.482418863492e-03,2.495900154353e-02,2.495896749614e-02
5.483360536262e-03,2.493405501733e-02,2.493402100397e-02
5.484302209031e-03,2.490913342518e-02,2.490909944582e-02
5.485243881800e-03,2.488423674218e-02,2.488420279677e-02
5.486185554570e-03,2.485936494341e-02,2.485933103193e-02
5.487127227339e-03,2.483451800400e-02,2.483448412642e-02
5.488068900109e-03,2.480969589912e-02,2.480966205540e-02
5.489010572878e-03,2.478489860393e-02,2.478486479404e-02
5.489952245647e-03,2.476012609365e-02,2.476009231755e-02
5.490893918417e-03,2.473537834349e-02,2.473534460115e-02
5.491835591186e-03,2.471065532872e-02,2.471062162010e-02
5.492777263956e-03,2.468595702460e-02,2.468592334968e-02
5.493718936725e-03,2.466128340644e-02,2.466124976518e-02
5.494660609494e-03,2.463663444957e-02,2.463660084193e-02
5.495602282264e-03,2.461201012933e-02,2.461197655528e-02
5.496543955033e-03,2.458741042110e-02,2.458737688061e-02
5.497485627803e-03,2.456283530029e-02,2.456280179332e-02
5.498427300572e-03,2.453828474231e-02,2.453825126884e-02
5.499368973341e-03,2.451375872263e-02,2.451372528261e-02
5.500310646111e-03,2.448925721670e-02,2.448922381010e-02
5.501252318880e-03,2.446478020003e-02,2.446474682682e-02
5.502193991650e-03,2.444032764814e-02,2.444029430829e-02
5.503135664419e-03,2.441589953659e-02,2.441586623006e-02
5.504077337189e-03,2.439149584093e-02,2.439146256769e-02
5.505019009958e-03,2.436711653677e-02,2.436708329679e-02
5.505960682727e-03,2.434276159974e-02,2.434272839298e-02
5.506902355497e-03,2.431843100546e-02,2.431839783189e-02
5.507844028266e-03,2.429412472962e-02,2.429409158921e-02
5.508785701036e-03,2.426984274790e-02,2.426980964062e-02
5.509727373805e-03,2.424558503603e-02,2.424555196184e-02
5.510669046574e-03,2.422135156975e-02,2.422131852861e-02
5.511610719344e-03,2.419714232482e-02,2.419710931671e-02
5.512552392113e-03,2.417295727703e-02,2.417292430191e-02
5.513494064883e-03,2.414879640221e-02,2.414876346004e-02
5.514435737652e-03,2.412465967618e-02,2.412462676694e-02
5.515377410421e-03,2.410054707481e-02,2.410051419847e-02
5.516319083191e-03,2.407645857400e-02,2.407642573051e-02
5.517260755960e-03,2.405239414964e-02,2.405236133898e-02
5.518202428730e-03,2.402835377768e-02,2.402832099982e-02
5.519144101499e-03,2.400433743408e-02,2.400430468897e-02
5.520085774268e-03,2.398034509481e-02,2.398031238244e-02
5.521027447038e-03,2.395637673589e-02,2.395634405621e-02
5.521969119807e-03,2.393243233335e-02,2.393239968634e-02
5.522910792577e-03,2.390851186325e-02,2.390847924886e-02
5.523852465346e-03,2.388461530166e-02,2.388458271987e-02
5.524794138115e-03,2.386074262468e-02,2.386071007546e-02
5.525735810885e-03,2.383689380845e-02,2.383686129177e-02
5.526677483654e-03,2.381306882912e-02,2.381303634493e-02
5.527619156424e-03,2.378926766286e-02,2.378923521114e-02
5.528560829193e-03,2.376549028587e-02,2.376545786658e-02
5.529502501963e-03,2.374173667436e-02,2.374170428748e-02
5.530444174732e-03,2.371800680460e-02,2.371797445009e-02
5.531385847501e-03,2.369430065285e-02,2.369426833068e-02
5.532327520271e-03,2.367061819540e-02,2.367058590553e-02
5.533269193040e-03,2.364695940857e-02,2.364692715098e-02
5.534210865810e-03,2.362332426870e-02,2.362329204335e-02
5.535152538579e-03,2.359971275216e-02,2.359968055902e-02
5.536094211348e-03,2.357612483533e-02,2.357609267436e-02
5.537035884118e-03,2.355256049463e-02,2.355252836581e-02
5.537977556887e-03,2.352901970649e-02,2.352898760978e-02
5.538919229657e-03,2.350550244737e-02,2.350547038275e-02
5.539860902426e-03,2.348200869376e-02,2.348197666118e-02
5.540802575195e-03,2.345853842216e-02,2.345850642160e-02
5.541744247965e-03,2.343509160909e-02,2.343505964052e-02
5.542685920734e-03,2.341166823113e-02,2.341163629450e-02
5.543627593504e-03,2.338826826483e-02,2.338823636013e-02
5.544569266273e-03,2.336489168680e-02,2.336485981399e-02
5.545510939042e-03,2.334153847367e-02,2.334150663271e-02
5.546452611812e-03,2.331820860207e-02,2.331817679294e-02
5.547394284581e-03,2.329490204869e-02,2.329487027135e-02
5.548335957351e-03,2.327161879021e-02,2.327158704463e-02
5.549277630120e-03,2.324835880335e-02,2.324832708950e-02
5.550219302889e-03,2.322512206485e-02,2.322509038271e-02
5.551160975659e-03,2.320190855148e-02,2.320187690100e-02
5.552102648428e-03,2.317871824002e-02,2.317868662117e-02
5.553044321198e-03,2.315555110727e-02,2.315551952003e-02
5.553985993967e-03,2.313240713008e-02,2.313237557441e-02
5.554927666737e-03,2.310928628530e-02,2.310925476117e-02
5.555869339506e-03,2.308618854981e-02,2.308615705719e-02
5.556811012275e-03,2.306311390051e-02,2.306308243936e-02
5.557752685045e-03,2.304006231432e-02,2.304003088462e-02
5.558694357814e-03,2.301703376820e-02,2.301700236991e-02
5.559636030584e-03,2.299402823911e-02,2.299399687221e-02
5.560577703353e-03,2.297104570406e-02,2.297101436850e-02
5.561519376122e-03,2.294808614005e-02,2.294805483581e-02
5.562461048892e-03,2.292514952413e-02,2.292511825118e-02
5.563402721661e-03,2.290223583336e-02,2.290220459167e-02
5.564344394431e-03,2.287934504483e-02,2.287931383436e-02
5.565286067200e-03,2.285647713564e-02,2.285644595637e-02
5.566227739969e-03,2.283363208294e-02,2.283360093483e-02
5.567169412739e-03,2.281080986387e-02,2.281077874689e-02
5.568111085508e-03,2.278801045561e-02,2.278797936973e-02
5.569052758278e-03,2.276523383536e-02,2.276520278056e-02
5.569994431047e-03,2.274247998035e-02,2.274244895658e-02
5.570936103816e-03,2.271974886782e-02,2.271971787506e-02
5.571877776586e-03,2.269704047504e-02,2.269700951326e-02
5.572819449355e-03,2.267435477930e-02,2.267432384847e-02
5.573761122125e-03,2.265169175792e-02,2.265166085801e-02
5.574702794894e-03,2.262905138823e-02,2.262902051920e-02
5.575644467664e-03,2.260643364760e-02,2.260640280942e-02
5.576586140433e-03,2.258383851340e-02,2.258380770605e-02
5.577527813202e-03,2.256126596305e-02,2.256123518648e-02
5.578469485972e-03,2.253871597396e-02,2.253868522816e-02
5.579411158741e-03,2.251618852359e-02,2.251615780852e-02
5.580352831511e-03,2.249368358940e-02,2.249365290503e-02
5.581294504280e-03,2.247120114891e-02,2.247117049521e-02
5.582236177049e-03,2.244874117962e-02,2.244871055655e-02
5.583177849819e-03,2.242630365907e-02,2.242627306661e-02
5.584119522588e-03,2.240388856482e-02,2.240385800294e-02
5.585061195358e-03,2.238149587447e-02,2.238146534314e-02
5.586002868127e-03,2.235912556561e-02,2.235909506480e-02
5.586944540896e-03,2.233677761588e-02,2.233674714556e-02
5.587886213666e-03,2.231445200294e-02,2.231442156306e-02
5.588827886435e-03,2.229214870444e-02,2.229211829499e-02
5.589769559205e-03,2.226986769810e-02,2.226983731904e-02
5.590711231974e-03,2.224760896162e-02,2.224757861293e-02
5.591652904743e-03,2.222537247276e-02,2.222534215440e-02
5.592594577513e-03,2.220315820927e-02,2.220312792121e-02
5.593536250282e-03,2.218096614894e-02,2.218093589116e-02
5.594477923052e-03,2.215879626958e-02,2.215876604204e-02
5.595419595821e-03,2.213664854901e-02,2.213661835169e-02
5.596361268590e-03,2.211452296510e-02,2.211449279795e-02
5.597302941360e-03,2.209241949571e-02,2.209238935872e-02
5.598244614129e-03,2.207033811874e-02,2.207030801187e-02
5.599186286899e-03,2.204827881212e-02,2.204824873534e-02
5.600127959668e-03,2.202624155377e-02,2.202621150705e-02
5.601069632438e-03,2.200422632167e-02,2.200419630498e-02
5.602011305207e-03,2.198223309379e-02,2.198220310711e-02
5.602952977976e-03,2.196026184815e-02,2.196023189144e-02
5.603894650746e-03,2.193831256278e-02,2.193828263600e-02
5.604836323515e-03,2.191638521571e-02,2.191635531885e-02
5.605777996285e-03,2.189447978504e-02,2.189444991806e-02
5.606719669054e-03,2.187259624885e-02,2.187256641172e-02
5.607661341823e-03,2.185073458525e-02,2.185070477795e-02
5.608603014593e-03,2.182889477239e-02,2.182886499488e-02
5.609544687362e-03,2.180707678843e-02,2.180704704068e-02
5.610486360132e-03,2.178528061155e-02,2.178525089353e-02
5.611428032901e-03,2.176350621994e-02,2.176347653163e-02
5.612369705670e-03,2.174175359185e-02,2.174172393321e-02
5.613311378440e-03,2.172002270551e-02,2.171999307652e-02
5.614253051209e-03,2.169831353920e-02,2.169828393982e-02
5.615194723979e-03,2.167662607120e-02,2.167659650141e-02
5.616136396748e-03,2.165496027983e-02,2.165493073959e-02
5.617078069517e-03,2.163331614342e-02,2.163328663271e-02
5.618019742287e-03,2.161169364033e-02,2.161166415911e-02
5.618961415056e-03,2.159009274894e-02,2.159006329719e-02
5.619903087826e-03,2.156851344764e-02,2.156848402532e-02
5.620844760595e-03,2.154695571485e-02,2.154692632195e-02
5.621786433364e-03,2.152541952903e-02,2.152539016550e-02
5.622728106134e-03,2.150390486862e-02,2.150387553444e-02
5.623669778903e-03,2.148241171212e-02,2.148238240726e-02
5.624611451673e-03,2.146094003804e-02,2.146091076247e-02
5.625553124442e-03,2.143948982489e-02,2.143946057858e-02
5.626494797212e-03,2.141806105124e-02,2.141803183416e-02
5.627436469981e-03,2.139665369565e-02,2.139662450777e-02
5.628378142750e-03,2.137526773672e-02,2.137523857801e-02
5.629319815520e-03,2.135390315305e-02,2.135387402349e-02
5.630261488289e-03,2.133255992329e-02,2.133253082285e-02
5.631203161059e-03,2.131123802609e-02,2.131120895474e-02
5.632144833828e-03,2.128993744014e-02,2.128990839784e-02
5.633086506597e-03,2.126865814412e-02,2.126862913084e-02
5.634028179367e-03,2.124740011676e-02,2.124737113248e-02
5.634969852136e-03,2.122616333680e-02,2.122613438150e-02
5.635911524906e-03,2.120494778301e-02,2.120491885665e-02
5.636853197675e-03,2.118375343417e-02,2.118372453672e-02
5.637794870444e-03,2.116258026908e-02,2.116255140051e-02
5.638736543214e-03,2.114142826657e-02,2.114139942686e-02
5.639678215983e-03,2.112029740550e-02,2.112026859461e-02
5.640619888753e-03,2.109918766472e-02,2.109915888263e-02
5.641561561522e-03,2.107809902314e-02,2.107807026981e-02
5.642503234291e-03,2.105703145965e-02,2.105700273507e-02
5.643444907061e-03,2.103598495320e-02,2.103595625732e-02
5.644386579830e-03,2.101495948273e-02,2.101493081554e-02
5.645328252600e-03,2.099395502723e-02,2.099392638869e-02
5.646269925369e-03,2.097297156568e-02,2.097294295576e-02
5.647211598138e-03,2.095200907711e-02,2.095198049578e-02
5.648153270908e-03,2.093106754054e-02,2.093103898779e-02
5.649094943677e-03,2.091014693505e-02,2.091011841083e-02
5.650036616447e-03,2.088924723970e-02,2.088921874400e-02
